case_id,source_group,region_sido,region_sigungu,deposit_range,contract_status,housing_type,senior_rights,guarantee_raw,dispute_type,progress_stage,situation_summary_safe,special_notes_safe,guarantee_product_type,search_text,source_type
CASE-0001,G01,서울,동작구,1억~2억,계약중(종료예정),다세대주택,근저당설정,가입,경매·공매,HUG이행청구,"다세대주택이며, 9개호실이 근저당 공동담보로 설정되어 있습니다. 새마을금고 552,000,000원 퇴실 후 보증금을 받지 못한 임차인이 경매신청을 했고, 9/30 강제경매개시결정으로 등기부에 기재되었습니다. (경매사건) 이 경매에 대해서 근저당권자인 새마을금고에서 나머지 호실에 대해서도 같이 경매를 신청할 수도 있는건가요?",1. 공동담보설정 상태에서 계약하여 후순위임차인,unknown,"보증상품 보증상품 미확인 | 주택유형 다세대주택 | 보증금구간 1억~2억 | 계약상태 계약중(종료예정) | 선순위권리 근저당설정 | 반환보증 가입 | 분쟁유형 경매·공매 | 진행단계 HUG이행청구 | 상황 다세대주택이며, 9개호실이 근저당 공동담보로 설정되어 있습니다. 새마을금고 552,000,000원 퇴실 후 보증금을 받지 못한 임차인이 경매신청을 했고, 9/30 강제경매개시결정으로 등기부에 기재되었습니다. (경매사건) 이 경매에 대해서 근저당권자인 새마을금고에서 나머지 호실에 대해서도 같이 경매를 신청할 수도 있는건가요? | 특이사항 1. 공동담보설정 상태에서 계약하여 후순위임차인",provided_synthetic_consultations
CASE-0002,G01,부산,강서구,3억 이상,계약종료,미상,압류·가압류,미상,기타·일반문의,임차권등기,계약만료일이 24년 5월 18일이 만기였는데 그날부터 원래 보증금인 3억4500을 받지 못하였고 임차권등기설정을 했습니다 그러던 와중 집을 매수하는 사람이 생겨서 매도인과 매수인이 계약을 하고 매수인이 매도인에게 준계약금중에 일부분인 1500만원을 임차인인 저희에게주었습니다 그런데 10월31일이 잔금날이라 저희는 집도 다 구해놨고 잔금날 맞춰서 이사일정도 다 잡아놨는데 잔금날 전에 임차권등기설정을 해제해줘야 대출이 나온다며 만기일 3일전에 임차권등기설정해제를 해달라고 하면서 매도인 매수인 부동산중개업자 이렇게 3명에서 31일에 잔금을 치루지 못하면 그 3명이 임차인의 보증금과 임차인의 이사에 관련된것들을 책임지겠다는 내용의 확인서 같은걸 인감증명서와 법무사와 함께 적어서 저희에게 종이서류를 준다는데 이게 법적으로 보증금과 이사갈집에대한 계약금등 이런걸 보상받을수있는지가 궁금하고 지금 매도인 상황이 개인회생 신청을 해서 저희도 부산회생법원에서 회생 결정문도 받은 상황입니다 지금같은 상황에 저희가 임차권등기설정 해제를 하면 지금 매도인이 매수인과 계약이 된 매물이지만 채권이나 압류가 될수도 있는지 저희에게 피해가 오는지 정확하게 돈을 받을수 있는상황인지,,unknown,보증상품 보증상품 미확인 | 주택유형 미상 | 보증금구간 3억 이상 | 계약상태 계약종료 | 선순위권리 압류·가압류 | 반환보증 미상 | 분쟁유형 기타·일반문의 | 진행단계 임차권등기 | 상황 계약만료일이 24년 5월 18일이 만기였는데 그날부터 원래 보증금인 3억4500을 받지 못하였고 임차권등기설정을 했습니다 그러던 와중 집을 매수하는 사람이 생겨서 매도인과 매수인이 계약을 하고 매수인이 매도인에게 준계약금중에 일부분인 1500만원을 임차인인 저희에게주었습니다 그런데 10월31일이 잔금날이라 저희는 집도 다 구해놨고 잔금날 맞춰서 이사일정도 다 잡아놨는데 잔금날 전에 임차권등기설정을 해제해줘야 대출이 나온다며 만기일 3일전에 임차권등기설정해제를 해달라고 하면서 매도인 매수인 부동산중개업자 이렇게 3명에서 31일에 잔금을 치루지 못하면 그 3명이 임차인의 보증금과 임차인의 이사에 관련된것들을 책임지겠다는 내용의 확인서 같은걸 인감증명서와 법무사와 함께 적어서 저희에게 종이서류를 준다는데 이게 법적으로 보증금과 이사갈집에대한 계약금등 이런걸 보상받을수있는지가 궁금하고 지금 매도인 상황이 개인회생 신청을 해서 저희도 부산회생법원에서 회생 결정문도 받은 상황입니다 지금같은 상황에 저희가 임차권등기설정 해제를 하면 지금 매도인이 매수인과 계약이 된 매물이지만 채권이나 압류가 될수도 있는지 저희에게 피해가 오는지 정확하게 돈을 받을수 있는상황인지,provided_synthetic_consultations
CASE-0003,G01,충남,서산시,1억 미만,계약중(종료예정),아파트,미상,가입,묵시적갱신분쟁,상담·검토,"전세 보증 관련해서 몇가지 최초 계약 및 보증보험 기간 21/04/19~23/04/19 묵시적연장 및 추가 보증보험 기간 23/04/19~25/04/19 1.제 명의로 계약했고 (전입신고,확정일자,전세보증보험)세가지 를 진행하고 살고있는데 현시점에 아내만 다른 집 구해서 전세로 계약해서 나가려고 하는데 그러면 세대분리를 하고 와이프가 다른 아파트 전세계약으로 나가도 저는 여기에 남아있기 때문에 보증보험 반환 진행에 문제가 없을까요? 2. 현재 기준 6개월 남은 상황이고 되면서 보증보험도 동일하게 2년 추가 하였는데 묵시적 연장이니 이때 보험상 정해놓은 기간 전에 나가려고하면 기존 반환절차대로 먼저 진행 해도되는걸까요? 아래 문자로 먼저통보하려고 하는데 워딩문제 없는지도 확인 부탁드립니다. 안녕하세요. 서산시 21년 4월 19일 ~ 23년 4월 19일 까지 거주후 그리고 현재 묵시적 갱신 연장으로 거주중입니다만, 개인 사정으로 인해 25년 2월 7일 에 계약 해지 통보 하오니 확인 부탁드리며 해당 일정에 맞춰서 전세 보증금 반환",,jeonse_return,"보증상품 전세보증금반환보증 | 주택유형 아파트 | 보증금구간 1억 미만 | 계약상태 계약중(종료예정) | 선순위권리 미상 | 반환보증 가입 | 분쟁유형 묵시적갱신분쟁 | 진행단계 상담·검토 | 상황 전세 보증 관련해서 몇가지 최초 계약 및 보증보험 기간 21/04/19~23/04/19 묵시적연장 및 추가 보증보험 기간 23/04/19~25/04/19 1.제 명의로 계약했고 (전입신고,확정일자,전세보증보험)세가지 를 진행하고 살고있는데 현시점에 아내만 다른 집 구해서 전세로 계약해서 나가려고 하는데 그러면 세대분리를 하고 와이프가 다른 아파트 전세계약으로 나가도 저는 여기에 남아있기 때문에 보증보험 반환 진행에 문제가 없을까요? 2. 현재 기준 6개월 남은 상황이고 되면서 보증보험도 동일하게 2년 추가 하였는데 묵시적 연장이니 이때 보험상 정해놓은 기간 전에 나가려고하면 기존 반환절차대로 먼저 진행 해도되는걸까요? 아래 문자로 먼저통보하려고 하는데 워딩문제 없는지도 확인 부탁드립니다. 안녕하세요. 서산시 21년 4월 19일 ~ 23년 4월 19일 까지 거주후 그리고 현재 묵시적 갱신 연장으로 거주중입니다만, 개인 사정으로 인해 25년 2월 7일 에 계약 해지 통보 하오니 확인 부탁드리며 해당 일정에 맞춰서 전세 보증금 반환",provided_synthetic_consultations
CASE-0004,G01,부산,연제구,1억~2억,계약종료,미상,선순위존재,가입,경매·공매,소송제기,"25년 11월 25일까지 계약이었으나 24년 5월 중도해지 합의서 작성 24년 4월 말 임대인 보증보험 만료 24년 5월 허그 임대인 보증보험 연장 신청 24년 9월 초 허그 보증보험 취소 결정문 - 임대인의 허위서류제출 *현재 24년 1월 경매가 넘어가 있는 상황이며, 10월 13일 전세피해자결정 신청 접수 된 상황입니다. 허그 상대로 민사소송을 하고 싶은데 비용 및 절차가",1. 19.11 최초계약 / 선순위공동담보 29억설정상태 / 공인중개사통해서 계약,rental_deposit,"보증상품 임대보증금보증 | 주택유형 미상 | 보증금구간 1억~2억 | 계약상태 계약종료 | 선순위권리 선순위존재 | 반환보증 가입 | 분쟁유형 경매·공매 | 진행단계 소송제기 | 상황 25년 11월 25일까지 계약이었으나 24년 5월 중도해지 합의서 작성 24년 4월 말 임대인 보증보험 만료 24년 5월 허그 임대인 보증보험 연장 신청 24년 9월 초 허그 보증보험 취소 결정문 - 임대인의 허위서류제출 *현재 24년 1월 경매가 넘어가 있는 상황이며, 10월 13일 전세피해자결정 신청 접수 된 상황입니다. 허그 상대로 민사소송을 하고 싶은데 비용 및 절차가 | 특이사항 1. 19.11 최초계약 / 선순위공동담보 29억설정상태 / 공인중개사통해서 계약",provided_synthetic_consultations
CASE-0005,G01,경기,안성시,1억 미만,계약종료,빌라,압류·가압류,미상,기타·일반문의,상담·검토,1. 22년 8월 빌라 계약(부동산 / 1년) 2. 23년 8월 재계약 (계약서만 보내줌) 3. 24년 7월 1.5룸 자리 있을시 변경 해달라고 하고 계약서 미작성 4. 24년 10월 연락이 없어서 나간다고 말하니 가압류로 전세금 반환 불가 (2-5개월만 기다려달라고 함) 5. 가압류 확인시 23.6월 확인 문자나 이런건 안남기고 전화로 했는데 ㅠㅠ 어떻게 처리 해야할지 막막합니다,1. 임대인이 건축주,unknown,보증상품 보증상품 미확인 | 주택유형 빌라 | 보증금구간 1억 미만 | 계약상태 계약종료 | 선순위권리 압류·가압류 | 반환보증 미상 | 분쟁유형 기타·일반문의 | 진행단계 상담·검토 | 상황 1. 22년 8월 빌라 계약(부동산 / 1년) 2. 23년 8월 재계약 (계약서만 보내줌) 3. 24년 7월 1.5룸 자리 있을시 변경 해달라고 하고 계약서 미작성 4. 24년 10월 연락이 없어서 나간다고 말하니 가압류로 전세금 반환 불가 (2-5개월만 기다려달라고 함) 5. 가압류 확인시 23.6월 확인 문자나 이런건 안남기고 전화로 했는데 ㅠㅠ 어떻게 처리 해야할지 막막합니다 | 특이사항 1. 임대인이 건축주,provided_synthetic_consultations
CASE-0006,G01,경기,안산시,1억~2억,계약중(종료예정),미상,미상,미상,전세사기,상담·검토,"집주인이 돈을 갚지 못해 집주인 소유의 건물이 경매로 넘어갔습니다 저희가 무엇을 어떻게 대처해야 하는지 보증금을 받을 수 있는건지, 가능하다면 방법을 알고 싶습니다",1. 해당 주택외로 다수의 주택을 전세사기침,unknown,"보증상품 보증상품 미확인 | 주택유형 미상 | 보증금구간 1억~2억 | 계약상태 계약중(종료예정) | 선순위권리 미상 | 반환보증 미상 | 분쟁유형 전세사기 | 진행단계 상담·검토 | 상황 집주인이 돈을 갚지 못해 집주인 소유의 건물이 경매로 넘어갔습니다 저희가 무엇을 어떻게 대처해야 하는지 보증금을 받을 수 있는건지, 가능하다면 방법을 알고 싶습니다 | 특이사항 1. 해당 주택외로 다수의 주택을 전세사기침",provided_synthetic_consultations
CASE-0007,G01,서울,강서구,1억~2억,계약종료,미상,근저당설정,가입,경매·공매,임차권등기,먼저 무료 상담에 감사드립니다 2024년 9월28일 기준으로 전세계약이 만료되었습니다. 전세금 2억9천5백 중 1억9천5백은 \\ 9월30일에 받은상태이며 나머지 1억원은 세입자가 들어올시 반환할수있다 합니다. 다른 이사갈집 잔금도 끝나고 이사날짜 까지 잡혀있고 생애 최초 취득세 감면관련 12월28일까지 전입신고를 해야 하는상황입니다. 전세잔금 1억원을 주기전까지는 전출신고를 할수없다 집주인한테 말하였습니다. 집주인은 저희가 전출신고를 하는 차 공증 해드린다 했지만 거부 했고 2차 : 집주인이 임대 사업자이기에 거주하고 있는 주택을 근저당 을 잡아줄테니 전출신고를 요청합니다. 9월30일에 지급한 1억9천5백을 세입자가 들어오는 조건으로 삼성생명에 빌렸기에(이부분은 확인됬습니다) 전출을 부탁한다고 합니다. 다른 주택에 근저당을 잡는다 하여도 전출신고를 하게되면 전세잔금 1억원에 대한 보장이 안되는걸로 알고있습니다. *근저당 만기 날짜를 12월27일로 한다고 한다면 종료후에도 1억원을 받지 못한다면 경매를 통해 금액을 받는건지 지금 상황에 근저당 조차 해줄필요없이 임차권등기 후 이사를 맘편히 가면되는건지,1. 임대사업자 / hug보험가입 / 24.09.28 계약만료라 hug에서는 묵시적갱신이 되었으니 이행청구 거절!!,unknown,보증상품 보증상품 미확인 | 주택유형 미상 | 보증금구간 1억~2억 | 계약상태 계약종료 | 선순위권리 근저당설정 | 반환보증 가입 | 분쟁유형 경매·공매 | 진행단계 임차권등기 | 상황 먼저 무료 상담에 감사드립니다 2024년 9월28일 기준으로 전세계약이 만료되었습니다. 전세금 2억9천5백 중 1억9천5백은 \\ 9월30일에 받은상태이며 나머지 1억원은 세입자가 들어올시 반환할수있다 합니다. 다른 이사갈집 잔금도 끝나고 이사날짜 까지 잡혀있고 생애 최초 취득세 감면관련 12월28일까지 전입신고를 해야 하는상황입니다. 전세잔금 1억원을 주기전까지는 전출신고를 할수없다 집주인한테 말하였습니다. 집주인은 저희가 전출신고를 하는 차 공증 해드린다 했지만 거부 했고 2차 : 집주인이 임대 사업자이기에 거주하고 있는 주택을 근저당 을 잡아줄테니 전출신고를 요청합니다. 9월30일에 지급한 1억9천5백을 세입자가 들어오는 조건으로 삼성생명에 빌렸기에(이부분은 확인됬습니다) 전출을 부탁한다고 합니다. 다른 주택에 근저당을 잡는다 하여도 전출신고를 하게되면 전세잔금 1억원에 대한 보장이 안되는걸로 알고있습니다. *근저당 만기 날짜를 12월27일로 한다고 한다면 종료후에도 1억원을 받지 못한다면 경매를 통해 금액을 받는건지 지금 상황에 근저당 조차 해줄필요없이 임차권등기 후 이사를 맘편히 가면되는건지 | 특이사항 1. 임대사업자 / hug보험가입 / 24.09.28 계약만료라 hug에서는 묵시적갱신이 되었으니 이행청구 거절!!,provided_synthetic_consultations
CASE-0008,G01,대전,서구,1억~2억,계약중(종료예정),다가구주택,근저당설정,미상,경매·공매,상담·검토,다음 달 계약 종료인데 돈을 못주겠다는 상황이고 피해자들이 엄청 많습니다. 다가구에 거주하고 있고 경매 진행시 제가 돈을 받을 수 있을지가,1. 다가구주택 18.11월 최초계약 / 선순위근저당13억 설정상태였음,unknown,보증상품 보증상품 미확인 | 주택유형 다가구주택 | 보증금구간 1억~2억 | 계약상태 계약중(종료예정) | 선순위권리 근저당설정 | 반환보증 미상 | 분쟁유형 경매·공매 | 진행단계 상담·검토 | 상황 다음 달 계약 종료인데 돈을 못주겠다는 상황이고 피해자들이 엄청 많습니다. 다가구에 거주하고 있고 경매 진행시 제가 돈을 받을 수 있을지가 | 특이사항 1. 다가구주택 18.11월 최초계약 / 선순위근저당13억 설정상태였음,provided_synthetic_consultations
CASE-0009,G01,대전,서구,2억~3억,계약종료,미상,미상,가입,보증금미반환,임차권등기,"계약기간 22.10.12~ 24.10.11 보증금 2억6천만원, 보증보험 가입 24.6.3 이사 나가겠다고 임대인께 연락함. 임대인: 매매 내놓고, 매매 안되면 대출 받아서 주신다함. 24.8.19 임대인으로부터 집앞 부동산에서 만나자고 연락이 옴. 임대인: 전세퇴거자금대출해도 보증금 전액이 안 나오니, 매매될 때 까지 기다려달라고 함. 세입자: 매매될때 까지 기다릴 수 없고, 보증보험 받아서 나가겠다고 함. 임대인도 동의하심. 보증보험 이행청구하여 반환까지 시간이 걸리기 때문에 이사갈 집에 계약도 못하고 기다림. 24.8.29 임대인께서는 임차권등기는 안되겠다고, 보증금 마련을 위해 전세(2억4천만원)도 내놓으심. 계약만료 지나도 자동연장은 안하기로 함. 24.10.9 세입자는 임대인께 이사가겠다고한 후, 보증금이 보증보험으로 반환될것을 우려하여 섣불리 이사갈집 계약도 못 했고, 8월 29일 전세 내 놓으신다기에 급하게 집을 구하려 했지만, 마땅한 집을 구하지 못하여 임대인께 전세 내 놓으실꺼면 저희와 재연장하시고, 매매하시면 매매하실때까지 기다려드리겠다고 연락드림. 24.10.15 임대인께서 전세 연장은 거절하셨고, 세입자가 매매될때까지 기다려준다고해서 매매로 진행하신다고 연락이 옴. 요즘 매매 거래가 안되니 매매가 될때까지 편하게 살라고하심. 24.10.16 임대인께 매매될때까지 기다리긴 힘들고, 전세보증보험 받아서 나가겠다고 전달한 상황.... 이런 상황에서 궁금한 점은 저희가 6월3일, 이사나가겠다고 전달했고, 10월9일, 전세 재연장 또는 매매될때까지 살겠다고 제안드렸더니 10월15일, 전세 연장없이 세입자가 매매해도 기다려준다고했기에 매매하시겠다고 하십니다. 10월16일,세입자는 매매할때까지 기다리긴 힘들다고 번복했고, 전세보증보험 반환받고 나가겠다고 전달한 상황이예요. 전세 재연장 또는 매매될때까지 살겠다고 제안드렸던 부분이 전세보증보험 보증금반환 청구할 때,세입자의 귀책사유가 될까요?",1. 이행청구예정,jeonse_return,"보증상품 전세보증금반환보증 | 주택유형 미상 | 보증금구간 2억~3억 | 계약상태 계약종료 | 선순위권리 미상 | 반환보증 가입 | 분쟁유형 보증금미반환 | 진행단계 임차권등기 | 상황 계약기간 22.10.12~ 24.10.11 보증금 2억6천만원, 보증보험 가입 24.6.3 이사 나가겠다고 임대인께 연락함. 임대인: 매매 내놓고, 매매 안되면 대출 받아서 주신다함. 24.8.19 임대인으로부터 집앞 부동산에서 만나자고 연락이 옴. 임대인: 전세퇴거자금대출해도 보증금 전액이 안 나오니, 매매될 때 까지 기다려달라고 함. 세입자: 매매될때 까지 기다릴 수 없고, 보증보험 받아서 나가겠다고 함. 임대인도 동의하심. 보증보험 이행청구하여 반환까지 시간이 걸리기 때문에 이사갈 집에 계약도 못하고 기다림. 24.8.29 임대인께서는 임차권등기는 안되겠다고, 보증금 마련을 위해 전세(2억4천만원)도 내놓으심. 계약만료 지나도 자동연장은 안하기로 함. 24.10.9 세입자는 임대인께 이사가겠다고한 후, 보증금이 보증보험으로 반환될것을 우려하여 섣불리 이사갈집 계약도 못 했고, 8월 29일 전세 내 놓으신다기에 급하게 집을 구하려 했지만, 마땅한 집을 구하지 못하여 임대인께 전세 내 놓으실꺼면 저희와 재연장하시고, 매매하시면 매매하실때까지 기다려드리겠다고 연락드림. 24.10.15 임대인께서 전세 연장은 거절하셨고, 세입자가 매매될때까지 기다려준다고해서 매매로 진행하신다고 연락이 옴. 요즘 매매 거래가 안되니 매매가 될때까지 편하게 살라고하심. 24.10.16 임대인께 매매될때까지 기다리긴 힘들고, 전세보증보험 받아서 나가겠다고 전달한 상황.... 이런 상황에서 궁금한 점은 저희가 6월3일, 이사나가겠다고 전달했고, 10월9일, 전세 재연장 또는 매매될때까지 살겠다고 제안드렸더니 10월15일, 전세 연장없이 세입자가 매매해도 기다려준다고했기에 매매하시겠다고 하십니다. 10월16일,세입자는 매매할때까지 기다리긴 힘들다고 번복했고, 전세보증보험 반환받고 나가겠다고 전달한 상황이예요. 전세 재연장 또는 매매될때까지 살겠다고 제안드렸던 부분이 전세보증보험 보증금반환 청구할 때,세입자의 귀책사유가 될까요? | 특이사항 1. 이행청구예정",provided_synthetic_consultations
CASE-0010,G01,서울,영등포구,1억~2억,계약중(종료예정),미상,근저당설정,가입,기타·일반문의,상담·검토,"7월 27일 임대인에게 중도퇴실을 한다고 얘기를 하고 임대인이 허락을 하고, 지금과 똑같은 계약 조건으로 부동산에 중개를 내놓은 상황이였고, 오늘 (10/19) 집을 보러와서 집이 마음에 들어서 계약을 하려고 하는데, 임대인이 갑자기 보증보험 가입이 안되서 지금과 같은 조건으로 계약을 안하겠다고 하는데 이게 말이 되는건지 계약해지가 되는건지 확인 부탁드립니다. 임대인측에서는 오늘 통화한 부동산측이랑 통화를 하라고 하는데 이미 제가 몇번을 중도퇴실을 하겠다라고 말씀을 드렸고, 알겠다라고 얘기를 하고, 부동산 여러군데에 중개를 내놨는데 저한테 한마디 상의도 없이 갑자기 이렇게 보증보험 가입이 안되서 계약을 못한다고 하는건 아니라고 봅니다. 주택임대사업자인데다가 지금 제가 살고있는 집이 근저당이 잡혀있어서 보증보험가입을 하는데 몇개월이 걸린다고 하는데 그거는 임대인측 사정이라고 보고 저는 분명히 중도퇴실을 몇번을 얘기했고, 알겠다라는 답변을 받았으며 그에 대한 문자 내용도 있습니다.",10/21 부재중,unknown,"보증상품 보증상품 미확인 | 주택유형 미상 | 보증금구간 1억~2억 | 계약상태 계약중(종료예정) | 선순위권리 근저당설정 | 반환보증 가입 | 분쟁유형 기타·일반문의 | 진행단계 상담·검토 | 상황 7월 27일 임대인에게 중도퇴실을 한다고 얘기를 하고 임대인이 허락을 하고, 지금과 똑같은 계약 조건으로 부동산에 중개를 내놓은 상황이였고, 오늘 (10/19) 집을 보러와서 집이 마음에 들어서 계약을 하려고 하는데, 임대인이 갑자기 보증보험 가입이 안되서 지금과 같은 조건으로 계약을 안하겠다고 하는데 이게 말이 되는건지 계약해지가 되는건지 확인 부탁드립니다. 임대인측에서는 오늘 통화한 부동산측이랑 통화를 하라고 하는데 이미 제가 몇번을 중도퇴실을 하겠다라고 말씀을 드렸고, 알겠다라고 얘기를 하고, 부동산 여러군데에 중개를 내놨는데 저한테 한마디 상의도 없이 갑자기 이렇게 보증보험 가입이 안되서 계약을 못한다고 하는건 아니라고 봅니다. 주택임대사업자인데다가 지금 제가 살고있는 집이 근저당이 잡혀있어서 보증보험가입을 하는데 몇개월이 걸린다고 하는데 그거는 임대인측 사정이라고 보고 저는 분명히 중도퇴실을 몇번을 얘기했고, 알겠다라는 답변을 받았으며 그에 대한 문자 내용도 있습니다. | 특이사항 10/21 부재중",provided_synthetic_consultations
CASE-0011,G01,서울,동작구,1억 미만,계약중(종료예정),미상,미상,미상,기타·일반문의,상담·검토,11월 23일이 전세 계약 만료일이고.(집주인에게는 이미 통보) 새롭게 이사할 집 계약서를 작성했는데 12월6일이 계약서 상 이사하게 될 날짜입니다. 현재 집주인이 11월 23일까지 보증금을 최대한 주겠다고는 하나 부득이하게 12월 초로 밀릴 수 있다고 하는데 이런경우 제가 불안해서 11월25일(월)에 임차권 등기 신청을 해 두려고 합니다. 그리고 등기가 등재된 이후 새로운 집에 짐을 옮길 예정입니다. 이때 새로운 집에 전세자금 대출이 필요하여 계약서 작성 및 확정일자를 받아야 하는데 (은행 대출을 위해) 기존 집 임차권 등기 신청 이전에 새로운 집에 대한 확정일자를 먼저 받아 두었을 경우 임차권 등기 신청에 문제가 발생할 수 있나요? 새로운 집에 대한 전입신고 및 실제 짐 옮기는 이사는 임차권 등기가 완료된 이후에 하려고 합니다,단순문의,unknown,보증상품 보증상품 미확인 | 주택유형 미상 | 보증금구간 1억 미만 | 계약상태 계약중(종료예정) | 선순위권리 미상 | 반환보증 미상 | 분쟁유형 기타·일반문의 | 진행단계 상담·검토 | 상황 11월 23일이 전세 계약 만료일이고.(집주인에게는 이미 통보) 새롭게 이사할 집 계약서를 작성했는데 12월6일이 계약서 상 이사하게 될 날짜입니다. 현재 집주인이 11월 23일까지 보증금을 최대한 주겠다고는 하나 부득이하게 12월 초로 밀릴 수 있다고 하는데 이런경우 제가 불안해서 11월25일(월)에 임차권 등기 신청을 해 두려고 합니다. 그리고 등기가 등재된 이후 새로운 집에 짐을 옮길 예정입니다. 이때 새로운 집에 전세자금 대출이 필요하여 계약서 작성 및 확정일자를 받아야 하는데 (은행 대출을 위해) 기존 집 임차권 등기 신청 이전에 새로운 집에 대한 확정일자를 먼저 받아 두었을 경우 임차권 등기 신청에 문제가 발생할 수 있나요? 새로운 집에 대한 전입신고 및 실제 짐 옮기는 이사는 임차권 등기가 완료된 이후에 하려고 합니다 | 특이사항 단순문의,provided_synthetic_consultations
CASE-0012,G01,서울,양천구,3억 이상,계약중(종료예정),아파트,미상,가입,보증금미반환,판결·집행,"21년 2월10일 전세로 입주 후 곧 특약사항 그대로 집주인 바뀜 22년 12월 3일 (계약종료 2개월전) 전세계약연장에 대해 임대인에게 카톡옴 -> 연장하겠다고 답변 후 대출상담 후에 확답드린다고 함. 1월 4일에 대출 상담결과(은행에서 너무 이른시기엔 상담이 안된다고 지체됨) 이자가 너무나 높아져 연장 못하겠다고 의사 전달하였으나, 문자로 연장한다고 말한 것도 계약이라며 이행하라고 압박하여 23년 1월 11일? 재계약서 작성 (특약에 2년뒤에 갱신하지 않고 퇴거하겠다고 넣음) 24년 10월5일 갱신의사없음을 전달. 임대인에게 도달 (10월14일 내용증명도 도달함) 임대인이 세입자를 못받게 막혀있으니, HUG를 통해 보증금을 받으라며 과정을 카톡으로 보냄 계약종료일(25년2월9일) 이후 2개월+1일 되는 때에 HUG에 신청하고 4개월 걸리면 보증금 나온다고 함 에 25년 2월에 입주해야함, 못하면 연체이자 지출+지연이자+인테리어계약금 피해액이 상당함. 이에 대한 설명 후 임대인에게 중도계약해지 쌍방 합의서를 요청드림. [임대인 답변] 이미 여러차례 제가 계약중도해지서 못써준다(안써준다고 아님)고 의사표현까지 했습니다. 1. 중도계약해지서(의무가 아님)를 통해 임차권등기명령 판사님께 못받을수 있습니다(이미 작년부터 시작된 임차권등기명령 안되는 사례 쏟아져 나왔습니다-당사자간 개인정보로 판례로 나오는게 아니고 남부법원 북부법원등 임대인 임차인의 사례로 나옵니다-이건 법원에 확인해도 당사자간 개인정보라 밝혀줄수도 없습니다. 임대인협회 임대인임차인피해협회에서 다 공유된 내용). 이런 위험을 감수하고 임대인과 임차인이 중도계약해지서를 HUG측에 제출해서는 안됩니다(허그는 법원의 임차권등기거절에 따른 어떤 책임도 안집니다. 신청당사자들 책임) 2. 배상청구를 말씀하셨는데 저는 이런 유사한 사례로 분쟁사례를 몇년째 조사하고 확인했습니다(허그에서 안전하게 전세금 빠른 반환을 위한 최선의 방법을 정석대로 밟겠다는 임대인 상대로 소송을 해서 실익이 있는지 확인해봐야 합니다- 그 실익은 소송을 부추기고 권유한 변호사만 있습니다. 변호사는 의뢰인에게 비용처리등 수백 수천 돈만 챙기면 그만이라 재판승소패소와는 아무관심없음). 소송이 진행되고 있는 임대인과 임차인에게 HUG측에서 전세금반환 안해준다고 들었음(이것도 직접 HUG측 확인해보시면 됩니다-제가 알고 확인한 결과 HUG에서는 임대인 임차인 전세금 반환대기 상태에서 소송진행되는데 전세금 반환해줄 수 없다고 알고 있음). 결국 소송 끝날 때까지 보증금 반환받는 기간만 더 늘어나는 상황이됨. 비용과 시간측면에서 전혀 방법이 아님. 3. 중도계약해지를 못해주는 이유가 임차권등기거절에 대한 위험을 확률로 도박하듯이 신청해서 실제 거절당하면 그에 따른 책임은 임차인 혼자 지는게 아니라 임대인 임차인 모두 지게 되었고 후순위로 몇개월이 아니라 몇년뒤에 전세금 반환될지도 미지수임(이에 따른 보증금을 내주는 전제로 중도해지 하는 것은 결국 HUG의 책임을 앞당기는 것이 되기에 HUG재정악화의 주범이라는 등식으로 재판부가 판단여지가 큼). 결론: 저는 제 임차인이 무조건 안전하게 전세금을 가장 빠르게 받기를 간절히 바라는 마음에서 지금까지 최선의 노력을 하고 있습니다. 등기명령 거절 위험부담을 안고 특정 판사의 재량에 기대는 무리수는 현 HUG와 재판부의 분위기상 거절이 거의 확실히 된다고 판단합니다. 제 글을 가지고 무료 변호사 상담을 알아보시면 좋을거 같습니다(허그측에서는 책임진다는 말을 절대하지 않습니다. 신청가능은 하다고 두루뭉실하게 원론적인 말만합니다). 저는 이미 이 사안을 몇십만원 상담료 다 내고 전세 임차 분쟁 전문 변호사에게 다 자문받고 드리는 내용입니다. 호객행위를 하는 돈만 챙기려는 변호사에게 잘못걸려서 소송으로 갔다가 전세금도 못받고 수년째 소송에 휩싸여서 고통받는 사람 여럿봤습니다. 질문) 저희 임차권등기명령을 판사님이 안해주실까요? 임대인에게 합의서 요청을 어찌해야할지요 변호사를 선임해야 할까요?","1. 계약내용의 변동이 전혀없는 갱신계약이지만 계약서를 다시 작성했다 / 문제없나요? ox로 찍을수는 없으나, 변동사항없는 갱신계약으로 보임",unknown,"보증상품 보증상품 미확인 | 주택유형 아파트 | 보증금구간 3억 이상 | 계약상태 계약중(종료예정) | 선순위권리 미상 | 반환보증 가입 | 분쟁유형 보증금미반환 | 진행단계 판결·집행 | 상황 21년 2월10일 전세로 입주 후 곧 특약사항 그대로 집주인 바뀜 22년 12월 3일 (계약종료 2개월전) 전세계약연장에 대해 임대인에게 카톡옴 -> 연장하겠다고 답변 후 대출상담 후에 확답드린다고 함. 1월 4일에 대출 상담결과(은행에서 너무 이른시기엔 상담이 안된다고 지체됨) 이자가 너무나 높아져 연장 못하겠다고 의사 전달하였으나, 문자로 연장한다고 말한 것도 계약이라며 이행하라고 압박하여 23년 1월 11일? 재계약서 작성 (특약에 2년뒤에 갱신하지 않고 퇴거하겠다고 넣음) 24년 10월5일 갱신의사없음을 전달. 임대인에게 도달 (10월14일 내용증명도 도달함) 임대인이 세입자를 못받게 막혀있으니, HUG를 통해 보증금을 받으라며 과정을 카톡으로 보냄 계약종료일(25년2월9일) 이후 2개월+1일 되는 때에 HUG에 신청하고 4개월 걸리면 보증금 나온다고 함 에 25년 2월에 입주해야함, 못하면 연체이자 지출+지연이자+인테리어계약금 피해액이 상당함. 이에 대한 설명 후 임대인에게 중도계약해지 쌍방 합의서를 요청드림. [임대인 답변] 이미 여러차례 제가 계약중도해지서 못써준다(안써준다고 아님)고 의사표현까지 했습니다. 1. 중도계약해지서(의무가 아님)를 통해 임차권등기명령 판사님께 못받을수 있습니다(이미 작년부터 시작된 임차권등기명령 안되는 사례 쏟아져 나왔습니다-당사자간 개인정보로 판례로 나오는게 아니고 남부법원 북부법원등 임대인 임차인의 사례로 나옵니다-이건 법원에 확인해도 당사자간 개인정보라 밝혀줄수도 없습니다. 임대인협회 임대인임차인피해협회에서 다 공유된 내용). 이런 위험을 감수하고 임대인과 임차인이 중도계약해지서를 HUG측에 제출해서는 안됩니다(허그는 법원의 임차권등기거절에 따른 어떤 책임도 안집니다. 신청당사자들 책임) 2. 배상청구를 말씀하셨는데 저는 이런 유사한 사례로 분쟁사례를 몇년째 조사하고 확인했습니다(허그에서 안전하게 전세금 빠른 반환을 위한 최선의 방법을 정석대로 밟겠다는 임대인 상대로 소송을 해서 실익이 있는지 확인해봐야 합니다- 그 실익은 소송을 부추기고 권유한 변호사만 있습니다. 변호사는 의뢰인에게 비용처리등 수백 수천 돈만 챙기면 그만이라 재판승소패소와는 아무관심없음). 소송이 진행되고 있는 임대인과 임차인에게 HUG측에서 전세금반환 안해준다고 들었음(이것도 직접 HUG측 확인해보시면 됩니다-제가 알고 확인한 결과 HUG에서는 임대인 임차인 전세금 반환대기 상태에서 소송진행되는데 전세금 반환해줄 수 없다고 알고 있음). 결국 소송 끝날 때까지 보증금 반환받는 기간만 더 늘어나는 상황이됨. 비용과 시간측면에서 전혀 방법이 아님. 3. 중도계약해지를 못해주는 이유가 임차권등기거절에 대한 위험을 확률로 도박하듯이 신청해서 실제 거절당하면 그에 따른 책임은 임차인 혼자 지는게 아니라 임대인 임차인 모두 지게 되었고 후순위로 몇개월이 아니라 몇년뒤에 전세금 반환될지도 미지수임(이에 따른 보증금을 내주는 전제로 중도해지 하는 것은 결국 HUG의 책임을 앞당기는 것이 되기에 HUG재정악화의 주범이라는 등식으로 재판부가 판단여지가 큼). 결론: 저는 제 임차인이 무조건 안전하게 전세금을 가장 빠르게 받기를 간절히 바라는 마음에서 지금까지 최선의 노력을 하고 있습니다. 등기명령 거절 위험부담을 안고 특정 판사의 재량에 기대는 무리수는 현 HUG와 재판부의 분위기상 거절이 거의 확실히 된다고 판단합니다. 제 글을 가지고 무료 변호사 상담을 알아보시면 좋을거 같습니다(허그측에서는 책임진다는 말을 절대하지 않습니다. 신청가능은 하다고 두루뭉실하게 원론적인 말만합니다). 저는 이미 이 사안을 몇십만원 상담료 다 내고 전세 임차 분쟁 전문 변호사에게 다 자문받고 드리는 내용입니다. 호객행위를 하는 돈만 챙기려는 변호사에게 잘못걸려서 소송으로 갔다가 전세금도 못받고 수년째 소송에 휩싸여서 고통받는 사람 여럿봤습니다. 질문) 저희 임차권등기명령을 판사님이 안해주실까요? 임대인에게 합의서 요청을 어찌해야할지요 변호사를 선임해야 할까요? | 특이사항 1. 계약내용의 변동이 전혀없는 갱신계약이지만 계약서를 다시 작성했다 / 문제없나요? ox로 찍을수는 없으나, 변동사항없는 갱신계약으로 보임",provided_synthetic_consultations
CASE-0013,G01,경기,광명시,1억~2억,계약중(종료예정),미상,미상,가입,기타·일반문의,내용증명·공시송달,241209일자로 계약 만료인데 집주인과 연락이 닿지 않았고 외국인 임대인이 사망했다는 사실을 전해 받았습니다. 지금 살고 있는 집을 상속 받을 사람이 없다고 합니다. 공시송달 진행 중이며 허그 보증보험은 전액 가입되어 있는 상태입니다.,,unknown,보증상품 보증상품 미확인 | 주택유형 미상 | 보증금구간 1억~2억 | 계약상태 계약중(종료예정) | 선순위권리 미상 | 반환보증 가입 | 분쟁유형 기타·일반문의 | 진행단계 내용증명·공시송달 | 상황 241209일자로 계약 만료인데 집주인과 연락이 닿지 않았고 외국인 임대인이 사망했다는 사실을 전해 받았습니다. 지금 살고 있는 집을 상속 받을 사람이 없다고 합니다. 공시송달 진행 중이며 허그 보증보험은 전액 가입되어 있는 상태입니다.,provided_synthetic_consultations
CASE-0014,G01,세종,미상,1억 미만,계약종료,미상,미상,미상,묵시적갱신분쟁,임차권등기,"전세금 반환 문제로 연락드립니다. 전세 계약은 2022.01월~2024.01월로 했습니다. 5천만원에서 4천만원을 버팀목대출로 받았습니다. 합의하에 6개월을 묵시적 계약을 했고 대출도 6개월 연장을 했습니다. 방을 빼고 싶다고 연락도 드렸고 부동산에 집도 내놨습니다. 근데 집은 빠지지 않았고 집주인 측에서는 돈이 없어서 세입자가 들어오기전까지 주기 어렵다고 해서 결국 8월달에 대출 2년을 연장하고 9월 27일까지 전세금을 돌려받는다는 내용증명을 보냈습니다. 그런데 날짜가 지나도 돈이없다고 해서 10월20일까지 기다려 달라고 하셔서 또 기다렸는데 여전히 돈을 줄 수가 없다면서 500만원을 미리 주고 대출이자도 대신 내주겠다는 연락을 받았습니다. 대신 임차권등기를 설정하면 다음세집자와 매매도 어려우니까 하지않았으면 좋겠고 만약 한다면 500만원가 대출이자를 대신 내주는것도 안하겠다고 협박아닌 협박을 하더라구요 그리고 계약서를 하나 보내왔는데 오백만원 선입금가 월이자 45만원을 전세금 반환할때 일계산하여 전세금과 이자를 같이 상환한다라는 내용의 계약서 입니다, 이 계약서가 법적 효력이 있을까요,?",,unknown,"보증상품 보증상품 미확인 | 주택유형 미상 | 보증금구간 1억 미만 | 계약상태 계약종료 | 선순위권리 미상 | 반환보증 미상 | 분쟁유형 묵시적갱신분쟁 | 진행단계 임차권등기 | 상황 전세금 반환 문제로 연락드립니다. 전세 계약은 2022.01월~2024.01월로 했습니다. 5천만원에서 4천만원을 버팀목대출로 받았습니다. 합의하에 6개월을 묵시적 계약을 했고 대출도 6개월 연장을 했습니다. 방을 빼고 싶다고 연락도 드렸고 부동산에 집도 내놨습니다. 근데 집은 빠지지 않았고 집주인 측에서는 돈이 없어서 세입자가 들어오기전까지 주기 어렵다고 해서 결국 8월달에 대출 2년을 연장하고 9월 27일까지 전세금을 돌려받는다는 내용증명을 보냈습니다. 그런데 날짜가 지나도 돈이없다고 해서 10월20일까지 기다려 달라고 하셔서 또 기다렸는데 여전히 돈을 줄 수가 없다면서 500만원을 미리 주고 대출이자도 대신 내주겠다는 연락을 받았습니다. 대신 임차권등기를 설정하면 다음세집자와 매매도 어려우니까 하지않았으면 좋겠고 만약 한다면 500만원가 대출이자를 대신 내주는것도 안하겠다고 협박아닌 협박을 하더라구요 그리고 계약서를 하나 보내왔는데 오백만원 선입금가 월이자 45만원을 전세금 반환할때 일계산하여 전세금과 이자를 같이 상환한다라는 내용의 계약서 입니다, 이 계약서가 법적 효력이 있을까요,?",provided_synthetic_consultations
CASE-0015,G01,경기,이천시,1억~2억,계약중(종료예정),원룸·도시형,미상,미상,기타·일반문의,상담·검토,하나부터 열까지 모르는게 많고 궁굼한게 많습니다,1. 도시형생활주택 / 최초 1.2억 / 2년뒤 1.3억(0.1억증액),unknown,보증상품 보증상품 미확인 | 주택유형 원룸·도시형 | 보증금구간 1억~2억 | 계약상태 계약중(종료예정) | 선순위권리 미상 | 반환보증 미상 | 분쟁유형 기타·일반문의 | 진행단계 상담·검토 | 상황 하나부터 열까지 모르는게 많고 궁굼한게 많습니다 | 특이사항 1. 도시형생활주택 / 최초 1.2억 / 2년뒤 1.3억(0.1억증액),provided_synthetic_consultations
CASE-0016,G01,미상,미상,1억~2억,계약종료,공공임대,근저당설정,미상,전세사기,상담·검토,지금현재 2024년 5월28일 만기예정인데 다음 세입자가 안나타나 보증금을 못받고 전세자금때문에 대출연장 2달2달 1달 1달 차입니다 11월28일날 이번에는 무족건 다른 건물lh매각되니 무족건 돌려준다고 마지막 통보를 받은상태입니다 연장계약서는 집주인한테 따로 작성후 일부러 다안준상태입니다. 전세사기의심이 많이되는데 어떻게 하는방법이 좋을가요.,1. [호수] 거주 / 선순위근저당설정상태에서 계약,unknown,보증상품 보증상품 미확인 | 주택유형 공공임대 | 보증금구간 1억~2억 | 계약상태 계약종료 | 선순위권리 근저당설정 | 반환보증 미상 | 분쟁유형 전세사기 | 진행단계 상담·검토 | 상황 지금현재 2024년 5월28일 만기예정인데 다음 세입자가 안나타나 보증금을 못받고 전세자금때문에 대출연장 2달2달 1달 1달 차입니다 11월28일날 이번에는 무족건 다른 건물lh매각되니 무족건 돌려준다고 마지막 통보를 받은상태입니다 연장계약서는 집주인한테 따로 작성후 일부러 다안준상태입니다. 전세사기의심이 많이되는데 어떻게 하는방법이 좋을가요. | 특이사항 1. [호수] 거주 / 선순위근저당설정상태에서 계약,provided_synthetic_consultations
CASE-0017,G01,부산,강서구,3억 이상,계약종료,미상,압류·가압류,미상,기타·일반문의,임차권등기,계약만료일이 24년 5월 18일이 만기였는데 그날부터 원래 보증금인 3억4500을 받지 못하였고 임차권등기설정을 했습니다 그러던 와중 집을 매수하는 사람이 생겨서 매도인과 매수인이 계약을 하고 매수인이 매도인에게 준계약금중에 일부분인 1500만원을 임차인인 저희에게주었습니다 그런데 10월31일에 잔금날이라 저희는 집도 다 구해놨고 잔금날 맞춰서 이사일정도 다 잡아놨는데 잔금날 전에 임차권등기설정을 해제해줘야 대출이 나온다며 만기일 3일전에 임차권등기설정해제를 해달라고 하면서 매도인 매수인 부동산중개업자 이렇게 3명에서 31일에 잔금을 치루지 못하면 그 3명이 임차인의 보증금과 임차인의 이사에 관련된것들을 책임지겠다는 내용의 확인서 같은걸 인감증명서와 법무사와 함께 적어서 저희에게 종이서류를 준다는데 이게 법적으로 보증금과 이사갈집에대한 계약금등 이런걸 보상받을수있는지가 궁금하고 지금 매도인 상황이 개인회생 신청을 했는지 저희도 부산회생법원에서 회생 결정문도 받은 상황입니다 지금같은 상황에 저희가 임차권등기설정 해제를 하면 지금 매도인이 매수인과 계약이 된 매물이지만 채권이나 압류가 될수도 있는지 저희에게 피해가 오는지 정확하게 돈을 받을수 있는상황인지,,unknown,보증상품 보증상품 미확인 | 주택유형 미상 | 보증금구간 3억 이상 | 계약상태 계약종료 | 선순위권리 압류·가압류 | 반환보증 미상 | 분쟁유형 기타·일반문의 | 진행단계 임차권등기 | 상황 계약만료일이 24년 5월 18일이 만기였는데 그날부터 원래 보증금인 3억4500을 받지 못하였고 임차권등기설정을 했습니다 그러던 와중 집을 매수하는 사람이 생겨서 매도인과 매수인이 계약을 하고 매수인이 매도인에게 준계약금중에 일부분인 1500만원을 임차인인 저희에게주었습니다 그런데 10월31일에 잔금날이라 저희는 집도 다 구해놨고 잔금날 맞춰서 이사일정도 다 잡아놨는데 잔금날 전에 임차권등기설정을 해제해줘야 대출이 나온다며 만기일 3일전에 임차권등기설정해제를 해달라고 하면서 매도인 매수인 부동산중개업자 이렇게 3명에서 31일에 잔금을 치루지 못하면 그 3명이 임차인의 보증금과 임차인의 이사에 관련된것들을 책임지겠다는 내용의 확인서 같은걸 인감증명서와 법무사와 함께 적어서 저희에게 종이서류를 준다는데 이게 법적으로 보증금과 이사갈집에대한 계약금등 이런걸 보상받을수있는지가 궁금하고 지금 매도인 상황이 개인회생 신청을 했는지 저희도 부산회생법원에서 회생 결정문도 받은 상황입니다 지금같은 상황에 저희가 임차권등기설정 해제를 하면 지금 매도인이 매수인과 계약이 된 매물이지만 채권이나 압류가 될수도 있는지 저희에게 피해가 오는지 정확하게 돈을 받을수 있는상황인지,provided_synthetic_consultations
CASE-0018,G01,경기,고양시,1억 미만,계약종료,미상,미상,미상,묵시적갱신분쟁,임차권등기,"반전세 5천 /5만원 살고있습니다. 계약서상 계약 종료시점 8월 22일이지만, 그전에 재계약 여부 없어서 8월 2일에 전화로 퇴거 통보 집주인이 세입자 구해야 전세금 줄 수 있다고 부동산에 올려달라고 함 이후 월세 세입자로 살고 싶다고 오신분들 모두 전세금 한푼 없어서 똑같은 전세금 아니면 세입자 받을 수 없다고하셔서 계속해서 세입자 구하고있습니다. 8월 2일 아이폰이라 녹음은없음 카톡으로 지인과 대화 내역 첨부 (월2일 통화한 것 증거제출예정) 9월 20일 월 초 입주라 10월 말까지 전세금 요청 퇴거 정확한 날짜가 없어서 월 16일날 8월 2일에 재계약 안했다고 통보드렸다고 묵시적갱신때문에 3개월까지만 시간드린다고 그이후 안주시면 임차권등기 신청할예정이라고 통보 *궁금한점은 해당 월2일에 임차권등기 신청가능한지, 현재 건물이 판매중으로 건물주(임대인)가 바뀌어도 재계약없이 바로 퇴거 가능한지",1. 계약해지의 의사표시가 상대방에게 도달하였는가? 내용증명이 좋으니 다시 보내는게 좋겠다 / 문자를 보냈지만 상대방은 읽씹,unknown,"보증상품 보증상품 미확인 | 주택유형 미상 | 보증금구간 1억 미만 | 계약상태 계약종료 | 선순위권리 미상 | 반환보증 미상 | 분쟁유형 묵시적갱신분쟁 | 진행단계 임차권등기 | 상황 반전세 5천 /5만원 살고있습니다. 계약서상 계약 종료시점 8월 22일이지만, 그전에 재계약 여부 없어서 8월 2일에 전화로 퇴거 통보 집주인이 세입자 구해야 전세금 줄 수 있다고 부동산에 올려달라고 함 이후 월세 세입자로 살고 싶다고 오신분들 모두 전세금 한푼 없어서 똑같은 전세금 아니면 세입자 받을 수 없다고하셔서 계속해서 세입자 구하고있습니다. 8월 2일 아이폰이라 녹음은없음 카톡으로 지인과 대화 내역 첨부 (월2일 통화한 것 증거제출예정) 9월 20일 월 초 입주라 10월 말까지 전세금 요청 퇴거 정확한 날짜가 없어서 월 16일날 8월 2일에 재계약 안했다고 통보드렸다고 묵시적갱신때문에 3개월까지만 시간드린다고 그이후 안주시면 임차권등기 신청할예정이라고 통보 *궁금한점은 해당 월2일에 임차권등기 신청가능한지, 현재 건물이 판매중으로 건물주(임대인)가 바뀌어도 재계약없이 바로 퇴거 가능한지 | 특이사항 1. 계약해지의 의사표시가 상대방에게 도달하였는가? 내용증명이 좋으니 다시 보내는게 좋겠다 / 문자를 보냈지만 상대방은 읽씹",provided_synthetic_consultations
CASE-0019,G01,부산,동구,1억~2억,계약중(종료예정),오피스텔,근저당설정,가입,전세사기,임차권등기,"법인소유 오피스텔 계약 종료 1개월 남긴 시점에 경매개시됐다는 우편이 어제 와있었습니다. (종료 3개월전 계약 종료 의사 밝혔고, 법인 대리자도 확인했다는 문자답변을 받았습니다) 해당 전세 계약을 위해서 2년전에 우리은행에서 버팀목전세대출 받아서 전세보증금 납입했고 입주 당시에는 근저당이 없는 상태였습니다. 어제 급히 등기부등본 조회해보니 9월30억 근저당이 잡혀있더라구요. 제가 볼땐 법인이 갖고있는 오피스텔들을 담보로 또 대출을 받았는데 채무변제를 하지못해서 채권자가 경매신청을 해서 경매가 개시된것으로 생각됩니다. 법인 대표자가 따로 적은 서신에는 임차인의 보증금은 보호될 것이니 해결될때까지 기다려달라고 했습니다. 그리고 법원에 가서 배당요구 신청과 권리신고를 꼭 하라고 하더군요. 일단은 내일 부산 전세사기피해자지원센터에 가서 피해자 인정받기 위한 업무와 임차권등기명령 접수하러 갈 예정입니다. 현재까지 제가 말씀드린 정황으로 비춰봤을때 정확히 어떤 상황인지, 제가 보증금을 돌려받을 수 있는 확률이 있는지, 제가 해야할 일들을 알려주시면 감사하겠습니다.",1. 대항력있는 선순위임차인,unknown,"보증상품 보증상품 미확인 | 주택유형 오피스텔 | 보증금구간 1억~2억 | 계약상태 계약중(종료예정) | 선순위권리 근저당설정 | 반환보증 가입 | 분쟁유형 전세사기 | 진행단계 임차권등기 | 상황 법인소유 오피스텔 계약 종료 1개월 남긴 시점에 경매개시됐다는 우편이 어제 와있었습니다. (종료 3개월전 계약 종료 의사 밝혔고, 법인 대리자도 확인했다는 문자답변을 받았습니다) 해당 전세 계약을 위해서 2년전에 우리은행에서 버팀목전세대출 받아서 전세보증금 납입했고 입주 당시에는 근저당이 없는 상태였습니다. 어제 급히 등기부등본 조회해보니 9월30억 근저당이 잡혀있더라구요. 제가 볼땐 법인이 갖고있는 오피스텔들을 담보로 또 대출을 받았는데 채무변제를 하지못해서 채권자가 경매신청을 해서 경매가 개시된것으로 생각됩니다. 법인 대표자가 따로 적은 서신에는 임차인의 보증금은 보호될 것이니 해결될때까지 기다려달라고 했습니다. 그리고 법원에 가서 배당요구 신청과 권리신고를 꼭 하라고 하더군요. 일단은 내일 부산 전세사기피해자지원센터에 가서 피해자 인정받기 위한 업무와 임차권등기명령 접수하러 갈 예정입니다. 현재까지 제가 말씀드린 정황으로 비춰봤을때 정확히 어떤 상황인지, 제가 보증금을 돌려받을 수 있는 확률이 있는지, 제가 해야할 일들을 알려주시면 감사하겠습니다. | 특이사항 1. 대항력있는 선순위임차인",provided_synthetic_consultations
CASE-0020,G01,서울,미상,1억~2억,계약중(종료예정),오피스텔,압류·가압류,미가입,묵시적갱신분쟁,소송제기,"제가 현재 캐나다에 거주 중이라 문자 혹은 카톡으로 먼저 연락주시면 감사하겠습니다. 이메일 로 연락주셔도 됩니다. 저는 임차인이며 집주인의 연락 두절로 난항을 겪고 있습니다. - 전세 계약: 2018년 11월 9일 - 전입신고: 2018년 11월 30일 - 묵시적 연장 2회 - 보증보험 x - 대출 O - 계약 만료: 2024년 11월 30일 올해 6월 임대인에게 계약 해지 의사를 문자로 밝혔고, 답장을 받았습니다. 보증금을 제 때 반환하겠다고는 얘기하지 않았으나 어쨌든 답장은 했기 때문에 제 의사는 도달했다고 생각하고 있습니다. 하지만 몇 달 후부터 지금까지 제 연락과 부동산 연락을 모두 피하고 있습니다. 저는 1억 2천에 계약을 했는데, 현재는 전세집의 시세가 1억 8백으로 떨어졌습니다. 다음 세입자가 보증보험을 끼고 반전세로 들어가더라도 나머지 1200만원의 금액을 임대인이 제게 상환해야합니다. 임대인과 연락이 닿았을 당시, 이 이야기를 부동산 통해 듣고 집주인이 다음 세입자와 계약을 체결할 것처럼 말하면서 1200만원은 천천히 갚을테니 계좌번호를 달라고 해서 줬더니 그 때부터 지금까지 매달 제게 100만원씩 입금하고 있는 상황입니다. 공증 받자는, 이제 연락도 안받으면서 매달 돈을 상환해서 현재까지 총 500만원을 보냈습니다. 저는 계약 해지 의사를 밝힌 후 이미 3개월이 지났지만 공식 계약 만료일까지는 기다려보자는 입장과 더불어, 집주인이 돈을 입금하고 있기 때문에 다음 세입자와의 계약의사가 있다고 보고 긍정적으로 기다리고 있었습니다. 하지만 계약 만료가 한 달 남은 지금 이 시점까지도 계속 연락을 무시해서 혹시 몰라 며칠 전 내용증명까지 보냈습니다 (수취 거절, 반송). 이 시점에서 제가 할 수 있는 게 무엇인지 방향이 잡히질 않아 소송까지 당연히 생각 중인데 그 전까지 공시송달, 가압류, 혹은 임차권등기명령 등 많은 방법들 중 제가 무엇을 해야하는지 잘 모르겠습니다. 대출까지 껴있어서 너무 골치가 아픕니다 집주인이 제게 100만원씩 보내고 있는게 추후 문제가 될 소지가 있는지, 제가 현재 해외에 있어 부득이하게 친오빠가 해당 오피스텔에 거주하고 있는데 이것도 문제가 될지, 소송을 진행한다면 나중에 강제 집행 절차를 통해 100% 보증금을 회수할 수 있는지 등 궁금한 게 많습니다. 제가 상황을 잘 설명드렸는지 모르겠네요. 그럼 연락 기다리고 있겠습니다.",추후 한국들어오거나 방문상담이 가능하다고 연락이 오면 회신하는것으로~,unknown,"보증상품 보증상품 미확인 | 주택유형 오피스텔 | 보증금구간 1억~2억 | 계약상태 계약중(종료예정) | 선순위권리 압류·가압류 | 반환보증 미가입 | 분쟁유형 묵시적갱신분쟁 | 진행단계 소송제기 | 상황 제가 현재 캐나다에 거주 중이라 문자 혹은 카톡으로 먼저 연락주시면 감사하겠습니다. 이메일 로 연락주셔도 됩니다. 저는 임차인이며 집주인의 연락 두절로 난항을 겪고 있습니다. - 전세 계약: 2018년 11월 9일 - 전입신고: 2018년 11월 30일 - 묵시적 연장 2회 - 보증보험 x - 대출 O - 계약 만료: 2024년 11월 30일 올해 6월 임대인에게 계약 해지 의사를 문자로 밝혔고, 답장을 받았습니다. 보증금을 제 때 반환하겠다고는 얘기하지 않았으나 어쨌든 답장은 했기 때문에 제 의사는 도달했다고 생각하고 있습니다. 하지만 몇 달 후부터 지금까지 제 연락과 부동산 연락을 모두 피하고 있습니다. 저는 1억 2천에 계약을 했는데, 현재는 전세집의 시세가 1억 8백으로 떨어졌습니다. 다음 세입자가 보증보험을 끼고 반전세로 들어가더라도 나머지 1200만원의 금액을 임대인이 제게 상환해야합니다. 임대인과 연락이 닿았을 당시, 이 이야기를 부동산 통해 듣고 집주인이 다음 세입자와 계약을 체결할 것처럼 말하면서 1200만원은 천천히 갚을테니 계좌번호를 달라고 해서 줬더니 그 때부터 지금까지 매달 제게 100만원씩 입금하고 있는 상황입니다. 공증 받자는, 이제 연락도 안받으면서 매달 돈을 상환해서 현재까지 총 500만원을 보냈습니다. 저는 계약 해지 의사를 밝힌 후 이미 3개월이 지났지만 공식 계약 만료일까지는 기다려보자는 입장과 더불어, 집주인이 돈을 입금하고 있기 때문에 다음 세입자와의 계약의사가 있다고 보고 긍정적으로 기다리고 있었습니다. 하지만 계약 만료가 한 달 남은 지금 이 시점까지도 계속 연락을 무시해서 혹시 몰라 며칠 전 내용증명까지 보냈습니다 (수취 거절, 반송). 이 시점에서 제가 할 수 있는 게 무엇인지 방향이 잡히질 않아 소송까지 당연히 생각 중인데 그 전까지 공시송달, 가압류, 혹은 임차권등기명령 등 많은 방법들 중 제가 무엇을 해야하는지 잘 모르겠습니다. 대출까지 껴있어서 너무 골치가 아픕니다 집주인이 제게 100만원씩 보내고 있는게 추후 문제가 될 소지가 있는지, 제가 현재 해외에 있어 부득이하게 친오빠가 해당 오피스텔에 거주하고 있는데 이것도 문제가 될지, 소송을 진행한다면 나중에 강제 집행 절차를 통해 100% 보증금을 회수할 수 있는지 등 궁금한 게 많습니다. 제가 상황을 잘 설명드렸는지 모르겠네요. 그럼 연락 기다리고 있겠습니다. | 특이사항 추후 한국들어오거나 방문상담이 가능하다고 연락이 오면 회신하는것으로~",provided_synthetic_consultations
CASE-0021,G01,부산,미상,1억~2억,계약종료,오피스텔,근저당설정,미가입,경매·공매,내용증명·공시송달,"2022년 11월 25일 법인으로 전세계약을 한 ! (중기청) 계약당시 7천만원 근저당이 있었지만 제가 들어감으로 말소조건으로 체결했습니다 집은 오피스텔입니다 전세권 보증보험 x 전입 확정일자O 들어가면서 힘들게 들어가서 살면서 주기적으로 등기부등본을 때는데 압류 및 공매가 잡혀 집주인에게 해결하라고 통보하였습니다 공매랑 압류는 말소되었습니다 법인도 해산간주인 상태에서 제만기일은 24.11.24일인데 한달남은 시점에서 집주인은 다음세입자 들어와 야 줄수있다는 이 임대인에게 어떤 조치를 해야할지 부탁드립니다 1. 법인주소지, 계약당시 등기된 사람의 주소지 둘다 내용증명 보내도 되나요? 2. 1번사항이 후에 보증금을 만기일에 안되서 못돌려줄시 대응할수있는법 3. 법인이라 임대인 거주지를 모를시 대응방법 4. 해당 부동산 해결전에 다른집 구해도 되는지",,unknown,"보증상품 보증상품 미확인 | 주택유형 오피스텔 | 보증금구간 1억~2억 | 계약상태 계약종료 | 선순위권리 근저당설정 | 반환보증 미가입 | 분쟁유형 경매·공매 | 진행단계 내용증명·공시송달 | 상황 2022년 11월 25일 법인으로 전세계약을 한 ! (중기청) 계약당시 7천만원 근저당이 있었지만 제가 들어감으로 말소조건으로 체결했습니다 집은 오피스텔입니다 전세권 보증보험 x 전입 확정일자O 들어가면서 힘들게 들어가서 살면서 주기적으로 등기부등본을 때는데 압류 및 공매가 잡혀 집주인에게 해결하라고 통보하였습니다 공매랑 압류는 말소되었습니다 법인도 해산간주인 상태에서 제만기일은 24.11.24일인데 한달남은 시점에서 집주인은 다음세입자 들어와 야 줄수있다는 이 임대인에게 어떤 조치를 해야할지 부탁드립니다 1. 법인주소지, 계약당시 등기된 사람의 주소지 둘다 내용증명 보내도 되나요? 2. 1번사항이 후에 보증금을 만기일에 안되서 못돌려줄시 대응할수있는법 3. 법인이라 임대인 거주지를 모를시 대응방법 4. 해당 부동산 해결전에 다른집 구해도 되는지",provided_synthetic_consultations
CASE-0022,G01,미상,미상,2억~3억,계약중(종료예정),미상,미상,가입,보증금미반환,내용증명·공시송달,"[계약 내용] - 임대차 목적물 : 번지 - 계약 체결일자 : 2022.12.02 - 확정일자 현황 : 2022.12.02 / 부여번호 : 0001828 - 전입 신고일자 : 2023.01.06 - 임대차 기간 : 2023.01.06 ~ 2025.01.05 - 보증금 : 금 290,000,000 [현재 상황] - 카톡참조 1. 1차 계약거절 통보 : 2024.10.05 2. 2차 계약거절 통보 : 2024.10.06 3. 임차인이 직접 당근과 피터팬 플랫폼에 매물 게재 4. 임대인 3억에서 2.9억으로 게재 부탁함 5. HF 전세지킴보증 갱신 X 통보 : 2024.10.15 [문의 사항] 제가 걱정하는 것이 계약기간 만료일에 임대인이 확실하게 보증금을 주겠다고 한번도 대답하지 않았으며, 협조를 부탁한다는 말만 반복하고 있는 상황입니다. 그리고 만약 계약기간 만료 후 새 임차인이 들어오지 않을 경우 제가 부담하고 있는 대출금의 일부를 지원해준다고 제의를 하였는데, 터무니 없는 금액을 이야기 하셔서 그 부분은 일단락 되었습니다.(카톡 상 24.10.05에 통화 나눔) 임대인이 이렇게 안일하게 생각하고 있는 중이라 확실하게 내용증명까지 보내놓아야 할거 같은데, 그런 상황이 맞을지에 대한 법적 판단이 필요하여 연락드려보았습니다",전세보증금반환보증가입 / 이행청구가능,jeonse_return,"보증상품 전세보증금반환보증 | 주택유형 미상 | 보증금구간 2억~3억 | 계약상태 계약중(종료예정) | 선순위권리 미상 | 반환보증 가입 | 분쟁유형 보증금미반환 | 진행단계 내용증명·공시송달 | 상황 [계약 내용] - 임대차 목적물 : 번지 - 계약 체결일자 : 2022.12.02 - 확정일자 현황 : 2022.12.02 / 부여번호 : 0001828 - 전입 신고일자 : 2023.01.06 - 임대차 기간 : 2023.01.06 ~ 2025.01.05 - 보증금 : 금 290,000,000 [현재 상황] - 카톡참조 1. 1차 계약거절 통보 : 2024.10.05 2. 2차 계약거절 통보 : 2024.10.06 3. 임차인이 직접 당근과 피터팬 플랫폼에 매물 게재 4. 임대인 3억에서 2.9억으로 게재 부탁함 5. HF 전세지킴보증 갱신 X 통보 : 2024.10.15 [문의 사항] 제가 걱정하는 것이 계약기간 만료일에 임대인이 확실하게 보증금을 주겠다고 한번도 대답하지 않았으며, 협조를 부탁한다는 말만 반복하고 있는 상황입니다. 그리고 만약 계약기간 만료 후 새 임차인이 들어오지 않을 경우 제가 부담하고 있는 대출금의 일부를 지원해준다고 제의를 하였는데, 터무니 없는 금액을 이야기 하셔서 그 부분은 일단락 되었습니다.(카톡 상 24.10.05에 통화 나눔) 임대인이 이렇게 안일하게 생각하고 있는 중이라 확실하게 내용증명까지 보내놓아야 할거 같은데, 그런 상황이 맞을지에 대한 법적 판단이 필요하여 연락드려보았습니다 | 특이사항 전세보증금반환보증가입 / 이행청구가능",provided_synthetic_consultations
CASE-0023,G01,경기,수원시,1억~2억,계약중(종료예정),미상,미상,미상,기타·일반문의,상담·검토,임대인의 파산(10월 14일)으로 파산관재인이 선임되었음 임대차계약 중도해지 작성 예정 (10월 중) 파산선고 등기에 면책신청에 대한 이의신청기간을 2024.11.27까지로 함. 이에 임대차계약 중도해지를 누구와 작성해야하는지 문의.,,unknown,보증상품 보증상품 미확인 | 주택유형 미상 | 보증금구간 1억~2억 | 계약상태 계약중(종료예정) | 선순위권리 미상 | 반환보증 미상 | 분쟁유형 기타·일반문의 | 진행단계 상담·검토 | 상황 임대인의 파산(10월 14일)으로 파산관재인이 선임되었음 임대차계약 중도해지 작성 예정 (10월 중) 파산선고 등기에 면책신청에 대한 이의신청기간을 2024.11.27까지로 함. 이에 임대차계약 중도해지를 누구와 작성해야하는지 문의.,provided_synthetic_consultations
CASE-0024,G01,인천,서구,2억~3억,계약종료,미상,미상,미상,기타·일반문의,임차권등기,임차권등기명령에 대해서 법원에 임대인이 이의제기를 했는데요 어떤 사유에 대해서 임차권등기명령이 말소될 수 있는지 알고 싶습니다.,,unknown,보증상품 보증상품 미확인 | 주택유형 미상 | 보증금구간 2억~3억 | 계약상태 계약종료 | 선순위권리 미상 | 반환보증 미상 | 분쟁유형 기타·일반문의 | 진행단계 임차권등기 | 상황 임차권등기명령에 대해서 법원에 임대인이 이의제기를 했는데요 어떤 사유에 대해서 임차권등기명령이 말소될 수 있는지 알고 싶습니다.,provided_synthetic_consultations
CASE-0025,G01,경기,부천시,2억~3억,계약중(종료예정),미상,미상,미가입,이중·다운계약,소송제기,"20.10.28 최초 전세계약시 계약서1. 보증금 217,000,000원(보증보험가입, 확정일자 발급) 계약서2. 보증금 8,000,000원(보증보험미가입, 확정일자 발급) - 총 225,000,000원에 전세계약 부동산의 권유로 계약서를 2개 작성 후 첫번째 계약서로 허그안심전세대출 진행했습니다. (이부분이 다운계약으로 보증이행거절이 될 수 있다는 부분을 이당시에는 몰랐습니다.) 22.10.28 전세 재계약시 계약서1에서 30,000,000원을 증액하여 247,000,000원(확정일자 발급)에 전세계약을 맺었고, 해당금액으로 보증보험에 가입하여 안심대출을 진행했습니다. 8,000,000원 계약서는 그대로 두었습니다. 계약종료일: 24.10.28이나 현대 임대인은 개인회생이나 파산을 진행중이고 보증보험을 받아 나가라는 상황입니다. 1. 허그보증이행청구 거절 시 - 허그에서 이체내역을 제출하라고 하면 이면계약(다운계약)인게 밝혀져 이행청구가 거절될 수 있음을 알게되었습니다. 이경우에 어떤방법으로 보증금 전액을 회수할 수 있을까요? - 현재 임대인은 변호사와 계약 후 비협조적 태도로 일관하고 있으며 개인회생이나 파산준비로 재산을 은닉하고 있을거라 생각합니다. 이경우에 제가 현재로서 어떻게 대처할 수 있을까요? - 형사고소로 임대인이 실형을 받을 가능성이 있을까요? 2. 허그보증이행청구 승인 시 - 이체내역 제출요구 없이 보증보험으로 보증금일부(247,000,000원) 회수 시 현재 집을 비우고 나가야해서 8,000,000원에 대한 대항력이 상실됩니다. 이 경우 8,000,000원을 회수하기 위한 방법은 뭐가 있을까요? - 보험금 수령 후 임대인이 이중계약임을 허그측에 고의로 알릴경우 수령했던 보험금을 다시 뱉어내야하나요? 3. 보증보험 이행승인과 상관없이 전액회수가 불가할경우 이면계약을 주도한 부동산을 상대로 일부 또는 전액 피해보상 청구소송을 진행할 수 있을까요?",,unknown,"보증상품 보증상품 미확인 | 주택유형 미상 | 보증금구간 2억~3억 | 계약상태 계약중(종료예정) | 선순위권리 미상 | 반환보증 미가입 | 분쟁유형 이중·다운계약 | 진행단계 소송제기 | 상황 20.10.28 최초 전세계약시 계약서1. 보증금 217,000,000원(보증보험가입, 확정일자 발급) 계약서2. 보증금 8,000,000원(보증보험미가입, 확정일자 발급) - 총 225,000,000원에 전세계약 부동산의 권유로 계약서를 2개 작성 후 첫번째 계약서로 허그안심전세대출 진행했습니다. (이부분이 다운계약으로 보증이행거절이 될 수 있다는 부분을 이당시에는 몰랐습니다.) 22.10.28 전세 재계약시 계약서1에서 30,000,000원을 증액하여 247,000,000원(확정일자 발급)에 전세계약을 맺었고, 해당금액으로 보증보험에 가입하여 안심대출을 진행했습니다. 8,000,000원 계약서는 그대로 두었습니다. 계약종료일: 24.10.28이나 현대 임대인은 개인회생이나 파산을 진행중이고 보증보험을 받아 나가라는 상황입니다. 1. 허그보증이행청구 거절 시 - 허그에서 이체내역을 제출하라고 하면 이면계약(다운계약)인게 밝혀져 이행청구가 거절될 수 있음을 알게되었습니다. 이경우에 어떤방법으로 보증금 전액을 회수할 수 있을까요? - 현재 임대인은 변호사와 계약 후 비협조적 태도로 일관하고 있으며 개인회생이나 파산준비로 재산을 은닉하고 있을거라 생각합니다. 이경우에 제가 현재로서 어떻게 대처할 수 있을까요? - 형사고소로 임대인이 실형을 받을 가능성이 있을까요? 2. 허그보증이행청구 승인 시 - 이체내역 제출요구 없이 보증보험으로 보증금일부(247,000,000원) 회수 시 현재 집을 비우고 나가야해서 8,000,000원에 대한 대항력이 상실됩니다. 이 경우 8,000,000원을 회수하기 위한 방법은 뭐가 있을까요? - 보험금 수령 후 임대인이 이중계약임을 허그측에 고의로 알릴경우 수령했던 보험금을 다시 뱉어내야하나요? 3. 보증보험 이행승인과 상관없이 전액회수가 불가할경우 이면계약을 주도한 부동산을 상대로 일부 또는 전액 피해보상 청구소송을 진행할 수 있을까요?",provided_synthetic_consultations
CASE-0026,G01,대구,대구,1억 미만,계약중(종료예정),미상,미상,미상,기타·일반문의,내용증명·공시송달,1) 8/17일경 임대인이 부동산을 통해 월세 계약 연장 여부를 물어봄. 연장할 시 월세 5프로 인상 및 년세를 요구함. 부동산을 통해 연장하지 않겠다고 이야기 함. 2) 9/26 집주인과 통화하며 혹시 11/14(계약 종료일) 꼭 맞춰서 이사 나가야 하는지 집 구해지는 상황에 따라 서로 조율이 가능한지에 대해 이야기함 이에 상황에 따라 유동성 있게 하자고 이야기 함 3) 10/22 이사가고 싶은 집이 공실이라 계약 기간을 맞출 수 있을 것 같아서 집 주인에게 14일에 나갈 거라고 이야기함 집 주인이 2-3달 더 살거라고 이야기하지 않았냐/ 세입자 구해져야 돈 줄 수 있다고 이야기하며 아님 돈 못준다며 대화거부(집주인이 부동산에 이야기하라고 함) 4) 10/23 이사 날짜 등 조율 하기 위해 통화를 시도하였으나 전화 3통 거부 집주인이 전화하지 말고 문자로 이야기하라고 함 이에 해당 부동산에 연락하여 집주인이 연락을 받지 않고 대화를 거부한다고 이야기하고 계속 이렇게 되면 내용증명 및 임차권 설정을 할 수 밖에 없을 거라고 이야기함 이후 저녁에는 집 주인이 법적으로 하세요 더이상 문자도 하지 마세요 라고 문자가 왔습니다 그런데 여기서 제일 걸리는게 저희가 8월에 나간다고 한게 문자나 통화 등 직접적 증거가 없습니다 이미 8월부터 집은 나와있는 상태였습니다. 이런 경우 제가 원래 계약 날짜에 나가고 임차권 설정을 할 수 있을까요?,,unknown,보증상품 보증상품 미확인 | 주택유형 미상 | 보증금구간 1억 미만 | 계약상태 계약중(종료예정) | 선순위권리 미상 | 반환보증 미상 | 분쟁유형 기타·일반문의 | 진행단계 내용증명·공시송달 | 상황 1) 8/17일경 임대인이 부동산을 통해 월세 계약 연장 여부를 물어봄. 연장할 시 월세 5프로 인상 및 년세를 요구함. 부동산을 통해 연장하지 않겠다고 이야기 함. 2) 9/26 집주인과 통화하며 혹시 11/14(계약 종료일) 꼭 맞춰서 이사 나가야 하는지 집 구해지는 상황에 따라 서로 조율이 가능한지에 대해 이야기함 이에 상황에 따라 유동성 있게 하자고 이야기 함 3) 10/22 이사가고 싶은 집이 공실이라 계약 기간을 맞출 수 있을 것 같아서 집 주인에게 14일에 나갈 거라고 이야기함 집 주인이 2-3달 더 살거라고 이야기하지 않았냐/ 세입자 구해져야 돈 줄 수 있다고 이야기하며 아님 돈 못준다며 대화거부(집주인이 부동산에 이야기하라고 함) 4) 10/23 이사 날짜 등 조율 하기 위해 통화를 시도하였으나 전화 3통 거부 집주인이 전화하지 말고 문자로 이야기하라고 함 이에 해당 부동산에 연락하여 집주인이 연락을 받지 않고 대화를 거부한다고 이야기하고 계속 이렇게 되면 내용증명 및 임차권 설정을 할 수 밖에 없을 거라고 이야기함 이후 저녁에는 집 주인이 법적으로 하세요 더이상 문자도 하지 마세요 라고 문자가 왔습니다 그런데 여기서 제일 걸리는게 저희가 8월에 나간다고 한게 문자나 통화 등 직접적 증거가 없습니다 이미 8월부터 집은 나와있는 상태였습니다. 이런 경우 제가 원래 계약 날짜에 나가고 임차권 설정을 할 수 있을까요?,provided_synthetic_consultations
CASE-0027,G01,서울,동작구,2억~3억,계약중(종료예정),미상,미상,가입,보증금미반환,상담·검토,전세 살고있는 집 주인이 바뀔 예정입니다. 집주인 바뀌면 저는 퇴거를 하기로 하였고요. 새로운 주인이 매매를 하는데 매매 자금 일부 1억을 대출 받아서 충당한다고 합니다. 그런데 대출 실행이 되려면 전 세입자인 제가 보증금 반환전 전출신고를 먼저 해야 가능하다고 하는데 이사 당일 전출신고를 먼저하면 그날 바로 전세금을 돌려준다고 합니다. 보증금 반환없이 전출신고를 하자니 너무 불안합니다 전세보증금 반환에 대한 공증을 받아달라고 요구해도 될까요? 혹시라도 전출했는데 새 주인이 전세금 돌려주지 않을때 공증이 효력이 있을까요???,1. 임대차종료는 24년4월 / 갑자기 매매를 한다고 해서 해지하고 나가겠다는 상황,unknown,보증상품 보증상품 미확인 | 주택유형 미상 | 보증금구간 2억~3억 | 계약상태 계약중(종료예정) | 선순위권리 미상 | 반환보증 가입 | 분쟁유형 보증금미반환 | 진행단계 상담·검토 | 상황 전세 살고있는 집 주인이 바뀔 예정입니다. 집주인 바뀌면 저는 퇴거를 하기로 하였고요. 새로운 주인이 매매를 하는데 매매 자금 일부 1억을 대출 받아서 충당한다고 합니다. 그런데 대출 실행이 되려면 전 세입자인 제가 보증금 반환전 전출신고를 먼저 해야 가능하다고 하는데 이사 당일 전출신고를 먼저하면 그날 바로 전세금을 돌려준다고 합니다. 보증금 반환없이 전출신고를 하자니 너무 불안합니다 전세보증금 반환에 대한 공증을 받아달라고 요구해도 될까요? 혹시라도 전출했는데 새 주인이 전세금 돌려주지 않을때 공증이 효력이 있을까요??? | 특이사항 1. 임대차종료는 24년4월 / 갑자기 매매를 한다고 해서 해지하고 나가겠다는 상황,provided_synthetic_consultations
CASE-0028,G01,경기,안성시,1억 미만,계약종료,미상,미상,미상,원상복구·정산,소송제기,장기수선충담금을 돌려받지 못해서 년만기를 채우고 이사를 나가는 임차인인데요 임대인이 벽지에 얼룩을 문제로 원상복구를 요구 하면서 장충금을 돌려주지 않네요. 처음 들어올때 도배를 새로해준것도 아니고 집내부가 그리좋은 상태는 아니었습니다. 그리고 문제 삼은 얼룩은 약품을 사용해서 깨끗이 요구하네요 집상태가 워낙좋지않아서 웬만한 소모품은 자체 해결했고요 월세도 한번도 그런데 2년이 지난 벽지에 약간의 얼룩이 있다고 해서 원상복구해달라고 장충금 50만구천원정도를 안돌려주네요 벽지는 소모품이라 만기를 채우고 나가는 임차인에게 원상복구를 요구할 권리가 없다고 법원 판례에도 나와 있는것을 본적이 있습니다. 일단 장충금 반환 내용증명을 보냈는데 반송되어 돌와 왔습니다. 다음단계 지급명령등 전자소송을 진행하려고 하는데 어떻게 해야하는지 해결 해주실수있는지,소액 & 단순문의,unknown,보증상품 보증상품 미확인 | 주택유형 미상 | 보증금구간 1억 미만 | 계약상태 계약종료 | 선순위권리 미상 | 반환보증 미상 | 분쟁유형 원상복구·정산 | 진행단계 소송제기 | 상황 장기수선충담금을 돌려받지 못해서 년만기를 채우고 이사를 나가는 임차인인데요 임대인이 벽지에 얼룩을 문제로 원상복구를 요구 하면서 장충금을 돌려주지 않네요. 처음 들어올때 도배를 새로해준것도 아니고 집내부가 그리좋은 상태는 아니었습니다. 그리고 문제 삼은 얼룩은 약품을 사용해서 깨끗이 요구하네요 집상태가 워낙좋지않아서 웬만한 소모품은 자체 해결했고요 월세도 한번도 그런데 2년이 지난 벽지에 약간의 얼룩이 있다고 해서 원상복구해달라고 장충금 50만구천원정도를 안돌려주네요 벽지는 소모품이라 만기를 채우고 나가는 임차인에게 원상복구를 요구할 권리가 없다고 법원 판례에도 나와 있는것을 본적이 있습니다. 일단 장충금 반환 내용증명을 보냈는데 반송되어 돌와 왔습니다. 다음단계 지급명령등 전자소송을 진행하려고 하는데 어떻게 해야하는지 해결 해주실수있는지 | 특이사항 소액 & 단순문의,provided_synthetic_consultations
CASE-0029,G01,대전,유성구,1억 미만,계약종료,다가구주택,미상,미상,경매·공매,임차권등기,저는 집주인의 동의하에 처음 계약했던 호수에서 다른 호수에서 실거주를 하고 있습니다. 그런데 집주인이 단기월세라하고 전세입자를 받아 이중으로 전입신고가 된 상태입니다. 경매에 넘어갔을때 계약기간이 빠른 저는 임차권등기설정을 마쳤으나 실제 이전 호수에 살고있는 사람은 본인의 임차권이 기각되어 실거주를 이야기하며 제 임차권을 점유상실 신청을 할것이니 그전에 경정신청을 해달라 라고 연락이 온 상태입니다. 경정 신청관련한 서류 및 전입신고를 다시 해야하는지 혹시나 변호사님의 다른 대안 방안이 있는지 궁금합니다 도움,1. 다가구주택이고 임대차계약서에 호실은 기재되어 있지 않고 지번만 기재되어 있음(임대할 부분은 뭐라고 표시를 해놨나? 모름),unknown,보증상품 보증상품 미확인 | 주택유형 다가구주택 | 보증금구간 1억 미만 | 계약상태 계약종료 | 선순위권리 미상 | 반환보증 미상 | 분쟁유형 경매·공매 | 진행단계 임차권등기 | 상황 저는 집주인의 동의하에 처음 계약했던 호수에서 다른 호수에서 실거주를 하고 있습니다. 그런데 집주인이 단기월세라하고 전세입자를 받아 이중으로 전입신고가 된 상태입니다. 경매에 넘어갔을때 계약기간이 빠른 저는 임차권등기설정을 마쳤으나 실제 이전 호수에 살고있는 사람은 본인의 임차권이 기각되어 실거주를 이야기하며 제 임차권을 점유상실 신청을 할것이니 그전에 경정신청을 해달라 라고 연락이 온 상태입니다. 경정 신청관련한 서류 및 전입신고를 다시 해야하는지 혹시나 변호사님의 다른 대안 방안이 있는지 궁금합니다 도움 | 특이사항 1. 다가구주택이고 임대차계약서에 호실은 기재되어 있지 않고 지번만 기재되어 있음(임대할 부분은 뭐라고 표시를 해놨나? 모름),provided_synthetic_consultations
CASE-0030,G01,경기,남양주시,2억~3억,계약종료,미상,미상,가입,기타·일반문의,임차권등기,HUG 이행통지 거절 사유 : 하나은행 전세대출 SGI질권설정 23.11.15 계약종료 임차권등기명령 승인 한달뒤 23.12.20 이행청구 신청 24.3월 이행청구 거절,,unknown,보증상품 보증상품 미확인 | 주택유형 미상 | 보증금구간 2억~3억 | 계약상태 계약종료 | 선순위권리 미상 | 반환보증 가입 | 분쟁유형 기타·일반문의 | 진행단계 임차권등기 | 상황 HUG 이행통지 거절 사유 : 하나은행 전세대출 SGI질권설정 23.11.15 계약종료 임차권등기명령 승인 한달뒤 23.12.20 이행청구 신청 24.3월 이행청구 거절,provided_synthetic_consultations
CASE-0031,G01,서울,미상,1억~2억,계약중(종료예정),미상,선순위존재,가입,기타·일반문의,HUG이행청구,집주인이 임대사업자 등록을 하고 건물자체에 허그 보증보험을 들려고 하시는데 기존 전세 계약 세입자들을 전부 24년 11월달로 재계약 시켜서 보증보험을 들려고 하십니다. 날짜가 뒤로 밀려나면 선순위가 바뀔거고11월 달로 계약하게 되면 그 사이에 집주인이 대출이라도 받으면 어쩌지 싶어서 상담 글 남깁니다.,,unknown,보증상품 보증상품 미확인 | 주택유형 미상 | 보증금구간 1억~2억 | 계약상태 계약중(종료예정) | 선순위권리 선순위존재 | 반환보증 가입 | 분쟁유형 기타·일반문의 | 진행단계 HUG이행청구 | 상황 집주인이 임대사업자 등록을 하고 건물자체에 허그 보증보험을 들려고 하시는데 기존 전세 계약 세입자들을 전부 24년 11월달로 재계약 시켜서 보증보험을 들려고 하십니다. 날짜가 뒤로 밀려나면 선순위가 바뀔거고11월 달로 계약하게 되면 그 사이에 집주인이 대출이라도 받으면 어쩌지 싶어서 상담 글 남깁니다.,provided_synthetic_consultations
CASE-0032,G01,경남,창원시,1억 미만,계약종료,미상,미상,미상,보증금미반환,소송제기,보증금반환 소송 후에도 집주인이 보증금을 돌려주지않았고 현재 연락이 두절된상태,,unknown,보증상품 보증상품 미확인 | 주택유형 미상 | 보증금구간 1억 미만 | 계약상태 계약종료 | 선순위권리 미상 | 반환보증 미상 | 분쟁유형 보증금미반환 | 진행단계 소송제기 | 상황 보증금반환 소송 후에도 집주인이 보증금을 돌려주지않았고 현재 연락이 두절된상태,provided_synthetic_consultations
CASE-0033,G01,미상,미상,1억 미만,계약중(종료예정),미상,미상,가입,기타·일반문의,상담·검토,"계약기간 중 일시 전출과 관련한 보증보험 청구 문의, 전세계약 중도해지를 통한 보증보험 청구 관련 문의",보험청구는 hug에 문의하세요.,unknown,"보증상품 보증상품 미확인 | 주택유형 미상 | 보증금구간 1억 미만 | 계약상태 계약중(종료예정) | 선순위권리 미상 | 반환보증 가입 | 분쟁유형 기타·일반문의 | 진행단계 상담·검토 | 상황 계약기간 중 일시 전출과 관련한 보증보험 청구 문의, 전세계약 중도해지를 통한 보증보험 청구 관련 문의 | 특이사항 보험청구는 hug에 문의하세요.",provided_synthetic_consultations
CASE-0034,G01,경남,김해시,1억 미만,계약종료,다가구주택,근저당설정,가입,경매·공매,임차권등기,"현 건물에서 4년을 살았으며 만기전 계약 종료하겠다고 통보했으나 24년 6월 25일 만기날 전세보증금을 주지 않았습니다. 전세 대출 이자를 내주겠으니 2달 정도 더 기다려 달라고 해서 침대 포함 큰 짐은 두고 나온 상황입니다. 대출 이자(월 10만원 정도)는 내 주고 있으나 현재 반환 가능한 시점이 내년 봄 정도라고 하며 이마저도 불확실한 상황입니다. 임대인은 부부 중 여자이지만 계약 당일에도 남자가 대리인으로 와서 계약했고, 건물 관리나 전세 갱신이라던지 보증금 못준다는 전화 등 모든 건 남자가 했고 현재도 하고 있습니다. 어제 일자로 임차권등기명령설정을 신청했는데 남자 임대인에게 이를 얘기하니 그걸 설정하면 본인은 대신 내주던 대출이자도 내 줄 수 없고 경매로 넘어가는 방법 밖에 없다고 합니다. 내년 초에 청약 아파트 입주가 예정되어 있어 전세 대출을 꼭 갚아야 하는데 천만원도 줄게 없다고 합니다. 2018년에 근저당이 7억1천만원 정도 설정되어 있었고 20년 4월 입주한 1순위 임차인의 보증금이 1억 4천만원 정도 입니다. 20년 6월 입주한 제가 2순위로 보증금 8천만웝니다. 제가 사는 건물 포함 해서 앞뒤 건물 4채가 부부 건물이며 뒷건물 2채는 여자, 앞건물 2채는 남자 건물이라고 합니다. 최근 남자랑 통화해보니 3채만 본인것이라고 합니다. 1채는 매매했을 가능성이 있습니다. 근처에서 인테리어 가게를 운영하고 있고 부동산 말로는 그 건물도 부부것이라고 했습니다. 현 건물을 경매로 넘긴다고 해도 받을 돈이 없다면 여자쪽 재산 뿐만 아니라 남자쪽 재산도 가압류하여 보증금을 회수할 방법이 있는지도 궁금합니다. 그리고 현재는 임차권등기 신청만 해둔 상태며 내용증명은 따로 보내지 않았습니다. 모든 연락은 남자에게만 했는데 서류상 임대인인 여자에게도 연락을 취해야 할까요? 그리고 내용증명을 꼭 보내야 하는지 보낸다면 여자와 남자 모두 앞으로 내용증명을 보내야 하는지도",1. 다가구주택 / 선순위근저당 7억설정된 상태에서 계약,unknown,"보증상품 보증상품 미확인 | 주택유형 다가구주택 | 보증금구간 1억 미만 | 계약상태 계약종료 | 선순위권리 근저당설정 | 반환보증 가입 | 분쟁유형 경매·공매 | 진행단계 임차권등기 | 상황 현 건물에서 4년을 살았으며 만기전 계약 종료하겠다고 통보했으나 24년 6월 25일 만기날 전세보증금을 주지 않았습니다. 전세 대출 이자를 내주겠으니 2달 정도 더 기다려 달라고 해서 침대 포함 큰 짐은 두고 나온 상황입니다. 대출 이자(월 10만원 정도)는 내 주고 있으나 현재 반환 가능한 시점이 내년 봄 정도라고 하며 이마저도 불확실한 상황입니다. 임대인은 부부 중 여자이지만 계약 당일에도 남자가 대리인으로 와서 계약했고, 건물 관리나 전세 갱신이라던지 보증금 못준다는 전화 등 모든 건 남자가 했고 현재도 하고 있습니다. 어제 일자로 임차권등기명령설정을 신청했는데 남자 임대인에게 이를 얘기하니 그걸 설정하면 본인은 대신 내주던 대출이자도 내 줄 수 없고 경매로 넘어가는 방법 밖에 없다고 합니다. 내년 초에 청약 아파트 입주가 예정되어 있어 전세 대출을 꼭 갚아야 하는데 천만원도 줄게 없다고 합니다. 2018년에 근저당이 7억1천만원 정도 설정되어 있었고 20년 4월 입주한 1순위 임차인의 보증금이 1억 4천만원 정도 입니다. 20년 6월 입주한 제가 2순위로 보증금 8천만웝니다. 제가 사는 건물 포함 해서 앞뒤 건물 4채가 부부 건물이며 뒷건물 2채는 여자, 앞건물 2채는 남자 건물이라고 합니다. 최근 남자랑 통화해보니 3채만 본인것이라고 합니다. 1채는 매매했을 가능성이 있습니다. 근처에서 인테리어 가게를 운영하고 있고 부동산 말로는 그 건물도 부부것이라고 했습니다. 현 건물을 경매로 넘긴다고 해도 받을 돈이 없다면 여자쪽 재산 뿐만 아니라 남자쪽 재산도 가압류하여 보증금을 회수할 방법이 있는지도 궁금합니다. 그리고 현재는 임차권등기 신청만 해둔 상태며 내용증명은 따로 보내지 않았습니다. 모든 연락은 남자에게만 했는데 서류상 임대인인 여자에게도 연락을 취해야 할까요? 그리고 내용증명을 꼭 보내야 하는지 보낸다면 여자와 남자 모두 앞으로 내용증명을 보내야 하는지도 | 특이사항 1. 다가구주택 / 선순위근저당 7억설정된 상태에서 계약",provided_synthetic_consultations
CASE-0035,G01,미상,미상,1억~2억,계약종료,다가구주택,미상,미상,경매·공매,판결·집행,"계약종료 후 1년 2개월 정도 되었습니다 보증금은 일부 1억원중 9200만원은 회수를 못한 상황입니다. 현재 보증금 반환소송은 판결문은 받은 상태인데 곧 대출이 끝나가서 경매하면서 추심 할지 회생을 할지 모르겠습니다. 추심을 한다면 자세한 설명 부탁드리고 싶고, 어느쪽으로 나아가야 이 고통에서 벗어날지 막막해 연락드렸습니다 *건물은다가구 입니다",1. 법무법인테혜란에서 보증금청구소송진행(300만원에 경매신청포함),unknown,"보증상품 보증상품 미확인 | 주택유형 다가구주택 | 보증금구간 1억~2억 | 계약상태 계약종료 | 선순위권리 미상 | 반환보증 미상 | 분쟁유형 경매·공매 | 진행단계 판결·집행 | 상황 계약종료 후 1년 2개월 정도 되었습니다 보증금은 일부 1억원중 9200만원은 회수를 못한 상황입니다. 현재 보증금 반환소송은 판결문은 받은 상태인데 곧 대출이 끝나가서 경매하면서 추심 할지 회생을 할지 모르겠습니다. 추심을 한다면 자세한 설명 부탁드리고 싶고, 어느쪽으로 나아가야 이 고통에서 벗어날지 막막해 연락드렸습니다 *건물은다가구 입니다 | 특이사항 1. 법무법인테혜란에서 보증금청구소송진행(300만원에 경매신청포함)",provided_synthetic_consultations
CASE-0036,G01,충북,청주시,1억 미만,계약중(종료예정),다가구주택,압류·가압류,미상,기타·일반문의,임차권등기,5800만원을 못받고 있는 상황입니다. 다가구 주택인데 동거인으로 구분되는 다른 계약자들에서 매우 뒷순위라 임차권등기조차 의미가 있나 싶은 상황입니다 주인이 가진 다른 주택으로 가압류를 걸고싶은데 가능한가요?,1. 중개한 중개사와 계약서에 서명 및 날인을 한 중개사가 다르다(중개한 중개사 자살) / 공제증서까지 있으니 괜찮을것 같다.,unknown,보증상품 보증상품 미확인 | 주택유형 다가구주택 | 보증금구간 1억 미만 | 계약상태 계약중(종료예정) | 선순위권리 압류·가압류 | 반환보증 미상 | 분쟁유형 기타·일반문의 | 진행단계 임차권등기 | 상황 5800만원을 못받고 있는 상황입니다. 다가구 주택인데 동거인으로 구분되는 다른 계약자들에서 매우 뒷순위라 임차권등기조차 의미가 있나 싶은 상황입니다 주인이 가진 다른 주택으로 가압류를 걸고싶은데 가능한가요? | 특이사항 1. 중개한 중개사와 계약서에 서명 및 날인을 한 중개사가 다르다(중개한 중개사 자살) / 공제증서까지 있으니 괜찮을것 같다.,provided_synthetic_consultations
CASE-0037,G01,경기,화성시,2억~3억,계약중(종료예정),미상,미상,가입,기타·일반문의,HUG이행청구,"임대차계약 해지 또는 종료 관련 서류로 첨부드린 문자 내용으로 제출하고자 하는데, 효력이 있을지 문의드리고자 합니다. 계약 종료 의사 전달한 문자는 집주인에게 위임장을 받은 사위에게 전달했습니다. 이 분이 임대 관련 업무를 대행으로 진행했으며 계약 시 확인한 위임장 사본 보유하고 있습니다. 최근에 집주인이 돌아가셔서 집주인의 딸 그러니깐 대리인의 와이프가 승계를 받았고 임대보증보험 또한 와이프 성함으로 새롭게 갱신 받았습니다. 배우자라는 가족관계증명서 및 주민등록증 사본 또한 보유하고 있습니다. 계약 만기 12월 4일보다 4~5개월 전인 1월 16일에 1번 첨부 파일과 같이 의견을 전달했습니다. 그 후 10월 3일 2개월 전 2번 첨부 파일과 같이 한번 더 전달했으며, 3번 파일과 같이 답장을 받았습니다. 해당 자료가 임대차 계약 종료 증빙에 사용 가능할지 문의드리고자 합니다. 만약 불가할 경우, 임대차(전세) 계약 종료 확인서를 작성하고자 합니다. 추가로 관련해서 문의드리고자 하는게 1. 집주인이 돌아가셔서 계약서 상 인감도장과 계약 종료 확인서 인감도장이 다를 것으로 예상됩니다. 이럴 경우, 임대인의 인감증명서도 같이 발급 받아야 하는 부분일까요?? 2. 계약 종료 확인서 작성 후 보증 이행 때가 아닌 계약 종료 전 HUG에 제출하면 되는걸까요? 제출해야한다면 우편으로 어디로 전달하면 되는건지 알려주시면 감사하겠습니다.","1. 대리인에게 계약해지통보는 hug가 인정안해준다 / 임대인본인에게 해지통보하거나, 중도해지합의서 작성하세요.",rental_deposit,"보증상품 임대보증금보증 | 주택유형 미상 | 보증금구간 2억~3억 | 계약상태 계약중(종료예정) | 선순위권리 미상 | 반환보증 가입 | 분쟁유형 기타·일반문의 | 진행단계 HUG이행청구 | 상황 임대차계약 해지 또는 종료 관련 서류로 첨부드린 문자 내용으로 제출하고자 하는데, 효력이 있을지 문의드리고자 합니다. 계약 종료 의사 전달한 문자는 집주인에게 위임장을 받은 사위에게 전달했습니다. 이 분이 임대 관련 업무를 대행으로 진행했으며 계약 시 확인한 위임장 사본 보유하고 있습니다. 최근에 집주인이 돌아가셔서 집주인의 딸 그러니깐 대리인의 와이프가 승계를 받았고 임대보증보험 또한 와이프 성함으로 새롭게 갱신 받았습니다. 배우자라는 가족관계증명서 및 주민등록증 사본 또한 보유하고 있습니다. 계약 만기 12월 4일보다 4~5개월 전인 1월 16일에 1번 첨부 파일과 같이 의견을 전달했습니다. 그 후 10월 3일 2개월 전 2번 첨부 파일과 같이 한번 더 전달했으며, 3번 파일과 같이 답장을 받았습니다. 해당 자료가 임대차 계약 종료 증빙에 사용 가능할지 문의드리고자 합니다. 만약 불가할 경우, 임대차(전세) 계약 종료 확인서를 작성하고자 합니다. 추가로 관련해서 문의드리고자 하는게 1. 집주인이 돌아가셔서 계약서 상 인감도장과 계약 종료 확인서 인감도장이 다를 것으로 예상됩니다. 이럴 경우, 임대인의 인감증명서도 같이 발급 받아야 하는 부분일까요?? 2. 계약 종료 확인서 작성 후 보증 이행 때가 아닌 계약 종료 전 HUG에 제출하면 되는걸까요? 제출해야한다면 우편으로 어디로 전달하면 되는건지 알려주시면 감사하겠습니다. | 특이사항 1. 대리인에게 계약해지통보는 hug가 인정안해준다 / 임대인본인에게 해지통보하거나, 중도해지합의서 작성하세요.",provided_synthetic_consultations
CASE-0038,G01,서울,서울구로구,2억~3억,계약종료,미상,미상,미상,기타·일반문의,임차권등기,임차권등기명령 신청 과정,"1. 20년 최초계약 / 2.7억 - 임대인변경(2.7억 매매, 같은날인지는 모름)",unknown,"보증상품 보증상품 미확인 | 주택유형 미상 | 보증금구간 2억~3억 | 계약상태 계약종료 | 선순위권리 미상 | 반환보증 미상 | 분쟁유형 기타·일반문의 | 진행단계 임차권등기 | 상황 임차권등기명령 신청 과정 | 특이사항 1. 20년 최초계약 / 2.7억 - 임대인변경(2.7억 매매, 같은날인지는 모름)",provided_synthetic_consultations
CASE-0039,G01,경기,수원시,1억~2억,계약중(종료예정),미상,미상,가입,보증금미반환,상담·검토,"보증 보험에 가입이 되어 있습니다. 11월 만기이며, 02월에 집을 미리 빼고 싶어 부동산에 올린 이력이 있습니다. 계약 연장 안한다는 말을 건물 관리인에게 전달 해 집주인까지 전달이 되었습니다. 10월 25일 전화 했었는데 돈이 없어 보증금 전액 반환이 어렵고 세입자 들어오기 전까지 달에 조금씩 주겠다고 합니다. 보증금 반환 가능 여부와 보증보험 활용이",,unknown,"보증상품 보증상품 미확인 | 주택유형 미상 | 보증금구간 1억~2억 | 계약상태 계약중(종료예정) | 선순위권리 미상 | 반환보증 가입 | 분쟁유형 보증금미반환 | 진행단계 상담·검토 | 상황 보증 보험에 가입이 되어 있습니다. 11월 만기이며, 02월에 집을 미리 빼고 싶어 부동산에 올린 이력이 있습니다. 계약 연장 안한다는 말을 건물 관리인에게 전달 해 집주인까지 전달이 되었습니다. 10월 25일 전화 했었는데 돈이 없어 보증금 전액 반환이 어렵고 세입자 들어오기 전까지 달에 조금씩 주겠다고 합니다. 보증금 반환 가능 여부와 보증보험 활용이",provided_synthetic_consultations
CASE-0040,G01,경기,고양시,2억~3억,계약종료,공공임대,미상,미가입,보증금미반환,임차권등기,"전세보증금미반환 문제로 어려움을 겪고 있습니다. 1.계약만기된 상태 2.임차권등기명령신청완료 후 등기부등본에 임차권설정 완료 3.보증보험 X 제가 궁금한 것은 LH행복주택에 당첨되어 11-1월중에 이사가려고 합니다. 임대인이 보증금 돌려줄 돈은 없고 제가 현 상황에 이사를 가게 되면 현재 살고 있는 집 전세대출이자+이사갈 집 월세, 이중으로 돈이 나가기 때문에 현재 살고 있는 집에 월세입자를 구해서 월세 받으면 저에게 전세대출이자 낼 수 있게 보내주겠다고 하더라고요. 1.이게 법적으로 문제가 되진 않는지? 2.같은 처지의 사람들이 임차권등기명령신청 후 이사를 가더라도 짐을 다 빼지 말고 이사가라고 하는데 월세입자가 입주하려면 짐을 다 빼고 이사가도 괜찮은지? 크게 두가지가",1. 임대사업자 / 보증보험가입 / 24년6월이 계약만료인데 이때 이행청구안하고 지금까지 가만히 있었던 상태,unknown,"보증상품 보증상품 미확인 | 주택유형 공공임대 | 보증금구간 2억~3억 | 계약상태 계약종료 | 선순위권리 미상 | 반환보증 미가입 | 분쟁유형 보증금미반환 | 진행단계 임차권등기 | 상황 전세보증금미반환 문제로 어려움을 겪고 있습니다. 1.계약만기된 상태 2.임차권등기명령신청완료 후 등기부등본에 임차권설정 완료 3.보증보험 X 제가 궁금한 것은 LH행복주택에 당첨되어 11-1월중에 이사가려고 합니다. 임대인이 보증금 돌려줄 돈은 없고 제가 현 상황에 이사를 가게 되면 현재 살고 있는 집 전세대출이자+이사갈 집 월세, 이중으로 돈이 나가기 때문에 현재 살고 있는 집에 월세입자를 구해서 월세 받으면 저에게 전세대출이자 낼 수 있게 보내주겠다고 하더라고요. 1.이게 법적으로 문제가 되진 않는지? 2.같은 처지의 사람들이 임차권등기명령신청 후 이사를 가더라도 짐을 다 빼지 말고 이사가라고 하는데 월세입자가 입주하려면 짐을 다 빼고 이사가도 괜찮은지? 크게 두가지가 | 특이사항 1. 임대사업자 / 보증보험가입 / 24년6월이 계약만료인데 이때 이행청구안하고 지금까지 가만히 있었던 상태",provided_synthetic_consultations
CASE-0041,G01,인천,서구,1억 미만,계약중(종료예정),미상,미상,미가입,묵시적갱신분쟁,상담·검토,"1. 당초 임대차 계약은 2023년 11월 6일부터 2024년 11월 6일까지입니자. 2. 임대인은 민간 임대사업자이며 보증금은 최우선 변제금 이하여서 계약당시 보증보험 미가입 동의서를 작성해주었습니다. 3. 그동안 계약에 관한 아무런 대화가 없었으며 오늘 2024년 10월 27개월 후 계약해지를 통보하였습니다. 4. 임대인이 문자 회신을 하지않아 전화 통화하였는데, 2년 미만 계약이므로 묵시적 갱신 대상이 아니라 무조건 2년을 채워야한다는 식으로 주장합니다. 5. 만약 임대인의 주장대로 묵시적갱신 대상이 아니라면 당초 계약만료일인 11월 6일자로 퇴거하고 보증금을 돌려받고 싶은데 정확한 계약 해지일을 언제로 봐야 하는지 알고싶습니다. 6. 작년 계약당시 작성한 보증보험 미가입 동의를 철회하고, 민간임대주택 특별법을 근거로 계약을 해지할 수 있을까요?",,unknown,"보증상품 보증상품 미확인 | 주택유형 미상 | 보증금구간 1억 미만 | 계약상태 계약중(종료예정) | 선순위권리 미상 | 반환보증 미가입 | 분쟁유형 묵시적갱신분쟁 | 진행단계 상담·검토 | 상황 1. 당초 임대차 계약은 2023년 11월 6일부터 2024년 11월 6일까지입니자. 2. 임대인은 민간 임대사업자이며 보증금은 최우선 변제금 이하여서 계약당시 보증보험 미가입 동의서를 작성해주었습니다. 3. 그동안 계약에 관한 아무런 대화가 없었으며 오늘 2024년 10월 27개월 후 계약해지를 통보하였습니다. 4. 임대인이 문자 회신을 하지않아 전화 통화하였는데, 2년 미만 계약이므로 묵시적 갱신 대상이 아니라 무조건 2년을 채워야한다는 식으로 주장합니다. 5. 만약 임대인의 주장대로 묵시적갱신 대상이 아니라면 당초 계약만료일인 11월 6일자로 퇴거하고 보증금을 돌려받고 싶은데 정확한 계약 해지일을 언제로 봐야 하는지 알고싶습니다. 6. 작년 계약당시 작성한 보증보험 미가입 동의를 철회하고, 민간임대주택 특별법을 근거로 계약을 해지할 수 있을까요?",provided_synthetic_consultations
CASE-0042,G01,경기,남양주시,1억~2억,계약중(종료예정),미상,미상,미가입,묵시적갱신분쟁,HUG이행청구,"10월31일 전세 계약종료 입니다. 허그에 가입중인데 몇 달 전 재연장 안한다고 전화,문자 통보 하였는데 여기 임대인이 나이가 많은 할머니인데 처음 계약할때도 자녀랑 했기에 통보도 자녀한테 했더니 허그에서는 지급을 못 한다고 합니다. 그래서 허그에서 전세종료확인서를 써 오라는데 임대인측에서 협조를 안 하는 상황입니다. 저희가 1억 9천에 계약을 했는데 현재는 1억5~6천에 거래되는 상황이고 묵시적연장을 하면 허그에서는 금액이높아 가입이 안된다고 합니다.(1억8천짜리 써와야지 가입된다함) 그래서 생각한게 두 가지 방법인데 1. 1억8천에 재계약을 쓴다(임대인이 1천만원 돌려준다함) - 이자가 부담스러워 더 저렴한 집으로 이사하려는 계획이였는데 2년연장 하면 이자등등 부담스럽다. - 매매가가 현재 2억이라 불안하다 - 임대인측 심보가 너무나빠서 억울하다 2. 묵시적연장 한다. - 허그가입안된다 - 대출연장이 6개월 밖에 안되서 불안하다 두가지 방법중에 1번으로 하려는 중 인데 이게 맞는건지 모르겠어서",,unknown,"보증상품 보증상품 미확인 | 주택유형 미상 | 보증금구간 1억~2억 | 계약상태 계약중(종료예정) | 선순위권리 미상 | 반환보증 미가입 | 분쟁유형 묵시적갱신분쟁 | 진행단계 HUG이행청구 | 상황 10월31일 전세 계약종료 입니다. 허그에 가입중인데 몇 달 전 재연장 안한다고 전화,문자 통보 하였는데 여기 임대인이 나이가 많은 할머니인데 처음 계약할때도 자녀랑 했기에 통보도 자녀한테 했더니 허그에서는 지급을 못 한다고 합니다. 그래서 허그에서 전세종료확인서를 써 오라는데 임대인측에서 협조를 안 하는 상황입니다. 저희가 1억 9천에 계약을 했는데 현재는 1억5~6천에 거래되는 상황이고 묵시적연장을 하면 허그에서는 금액이높아 가입이 안된다고 합니다.(1억8천짜리 써와야지 가입된다함) 그래서 생각한게 두 가지 방법인데 1. 1억8천에 재계약을 쓴다(임대인이 1천만원 돌려준다함) - 이자가 부담스러워 더 저렴한 집으로 이사하려는 계획이였는데 2년연장 하면 이자등등 부담스럽다. - 매매가가 현재 2억이라 불안하다 - 임대인측 심보가 너무나빠서 억울하다 2. 묵시적연장 한다. - 허그가입안된다 - 대출연장이 6개월 밖에 안되서 불안하다 두가지 방법중에 1번으로 하려는 중 인데 이게 맞는건지 모르겠어서",provided_synthetic_consultations
CASE-0043,G01,서울,은평구,3억 이상,계약종료,미상,미상,미상,보증금미반환,임차권등기,3일후 임대차 계약 종료일이라 계약 종료로 선택했습니다 사실상 퇴거 의사는 1년전 밝혔고 6개월전 3개월전에도 문자로 통보했으며 답도 받았습니다 그러나 임대인은 계속 집값을 올리며 집을 팔지 않았고 증거를 남기기 위해서인지 문자 답장으로는 매매에 노력한 척 하지만 새빨간 거짓말입니다 현재 임차권등기 작성중이며 임차권등기 완료후 이사 예정입니다 매매계약을 하였는데 보증금5억을 돌려받지못해 잔금을 치르느라 엄청난 고생과 금전적 피해를 보고있습니다,,unknown,보증상품 보증상품 미확인 | 주택유형 미상 | 보증금구간 3억 이상 | 계약상태 계약종료 | 선순위권리 미상 | 반환보증 미상 | 분쟁유형 보증금미반환 | 진행단계 임차권등기 | 상황 3일후 임대차 계약 종료일이라 계약 종료로 선택했습니다 사실상 퇴거 의사는 1년전 밝혔고 6개월전 3개월전에도 문자로 통보했으며 답도 받았습니다 그러나 임대인은 계속 집값을 올리며 집을 팔지 않았고 증거를 남기기 위해서인지 문자 답장으로는 매매에 노력한 척 하지만 새빨간 거짓말입니다 현재 임차권등기 작성중이며 임차권등기 완료후 이사 예정입니다 매매계약을 하였는데 보증금5억을 돌려받지못해 잔금을 치르느라 엄청난 고생과 금전적 피해를 보고있습니다,provided_synthetic_consultations
CASE-0044,G01,전남,여수시,1억 미만,계약종료,미상,미상,미상,기타·일반문의,소송제기,8월 중순 계약만료 후 9월 5일 임차권등기명령 신청한 상태입니다. 아직 반환이 안됐고 원래는 10월 말까지 안되면 소송 진행하려 했으나 소송은 참아달라며 2천만원씩 세번 나눠서 주겠다고 하는중입니다.,,unknown,보증상품 보증상품 미확인 | 주택유형 미상 | 보증금구간 1억 미만 | 계약상태 계약종료 | 선순위권리 미상 | 반환보증 미상 | 분쟁유형 기타·일반문의 | 진행단계 소송제기 | 상황 8월 중순 계약만료 후 9월 5일 임차권등기명령 신청한 상태입니다. 아직 반환이 안됐고 원래는 10월 말까지 안되면 소송 진행하려 했으나 소송은 참아달라며 2천만원씩 세번 나눠서 주겠다고 하는중입니다.,provided_synthetic_consultations
CASE-0045,G01,충북,청주시,1억 미만,계약중(종료예정),미상,선순위존재,미상,경매·공매,상담·검토,"제가 궁금한 점이 처음 계약할 때 선순위 보증금이 2억6천만원이였는데 저보다 먼저 계약한 월세 계약자들이 나중에 전세로 돌렸는데, 나중에 이 건물이 경매에 넘어갔을때 배당 낙찰받는게 저한테 피해가 있는거 아닌가요?",,unknown,"보증상품 보증상품 미확인 | 주택유형 미상 | 보증금구간 1억 미만 | 계약상태 계약중(종료예정) | 선순위권리 선순위존재 | 반환보증 미상 | 분쟁유형 경매·공매 | 진행단계 상담·검토 | 상황 제가 궁금한 점이 처음 계약할 때 선순위 보증금이 2억6천만원이였는데 저보다 먼저 계약한 월세 계약자들이 나중에 전세로 돌렸는데, 나중에 이 건물이 경매에 넘어갔을때 배당 낙찰받는게 저한테 피해가 있는거 아닌가요?",provided_synthetic_consultations
CASE-0046,G01,미상,미상,2억~3억,계약종료,미상,미상,미상,기타·일반문의,임차권등기,임차권등기명령 신청 후 문의,,unknown,보증상품 보증상품 미확인 | 주택유형 미상 | 보증금구간 2억~3억 | 계약상태 계약종료 | 선순위권리 미상 | 반환보증 미상 | 분쟁유형 기타·일반문의 | 진행단계 임차권등기 | 상황 임차권등기명령 신청 후 문의,provided_synthetic_consultations
CASE-0047,G01,서울,은평구,1억~2억,계약중(종료예정),원룸·도시형,근저당설정,미가입,보증금미반환,임차권등기,"보증보험은 가입하지 않았구요, 전세 1억 원룸에 거주하고 있는 건물 매매가는 15억 5천. 잡혀있는 근저당은 2억 2천입니다. 현재 다른 임차권등기명령은 안 잡혀있구요. 2024년 12월 12일이 만료일이라 8월 말 경에 전세계약 갱신하지 않겠다고 연락을 드렸고, 집주인에게 확인 문자도 받았습니다. 그런데, 10월 25일에 계약 만료 시 전세금반환에 대해 여쭤보니, 다음 세입자가 나와야 줄 수 있다면서 반환이행이 제때 이루어질 수 없다고 연락을 받았습니다. 현재 저 또한 여기저기 부동산에 방을 내 놓은 상황이고, 임대인과 전화도 하여 말씀을 재차 드렸는데요. 임대인은 여전히 자기 상황이 힘들다고 말하면서 전세금 반환에 대해 확답을 해주지 못하고 있어요. 아무래도 다음 세입자가 나타나지 않은 이상 돌려받지 못할 거 같은데 내용증명을 서둘러 보내야하는건지, 오늘 문자로 만기에 보증금 전환이 안 이루어진다면 임차권등기명령을 하겠다고 통보를 해야할 지 막막합니다. 이후에 일들도 고민이 많구요. 내용 한번 확인해 주시고",1. 23년에 임대인사망 - 아들이 상속,unknown,"보증상품 보증상품 미확인 | 주택유형 원룸·도시형 | 보증금구간 1억~2억 | 계약상태 계약중(종료예정) | 선순위권리 근저당설정 | 반환보증 미가입 | 분쟁유형 보증금미반환 | 진행단계 임차권등기 | 상황 보증보험은 가입하지 않았구요, 전세 1억 원룸에 거주하고 있는 건물 매매가는 15억 5천. 잡혀있는 근저당은 2억 2천입니다. 현재 다른 임차권등기명령은 안 잡혀있구요. 2024년 12월 12일이 만료일이라 8월 말 경에 전세계약 갱신하지 않겠다고 연락을 드렸고, 집주인에게 확인 문자도 받았습니다. 그런데, 10월 25일에 계약 만료 시 전세금반환에 대해 여쭤보니, 다음 세입자가 나와야 줄 수 있다면서 반환이행이 제때 이루어질 수 없다고 연락을 받았습니다. 현재 저 또한 여기저기 부동산에 방을 내 놓은 상황이고, 임대인과 전화도 하여 말씀을 재차 드렸는데요. 임대인은 여전히 자기 상황이 힘들다고 말하면서 전세금 반환에 대해 확답을 해주지 못하고 있어요. 아무래도 다음 세입자가 나타나지 않은 이상 돌려받지 못할 거 같은데 내용증명을 서둘러 보내야하는건지, 오늘 문자로 만기에 보증금 전환이 안 이루어진다면 임차권등기명령을 하겠다고 통보를 해야할 지 막막합니다. 이후에 일들도 고민이 많구요. 내용 한번 확인해 주시고 | 특이사항 1. 23년에 임대인사망 - 아들이 상속",provided_synthetic_consultations
CASE-0048,G01,서울,영등포구,3억 이상,계약종료,미상,미상,가입,기타·일반문의,임차권등기,"계약 만료전 재계약 의사 없음 전달 집값하락으로 인한 보증금 부족하다며 허그에 받으라함 동의 하고 언니집으로 이사감 계약 만료일 3일전 보증금 구했다며 세입자 구한다고함 일단 구해보라고 함 혹시 계약되면 허그 해지예정이었음 결론 안구해졌고 기다린 시간만큼 추가 시간으로 전세이자금 피해 늘어남 약 420만원을 집주인에게 청구하고자함 허그 진행당시 계약되지도 않았는데 계약 예정이라며 임차권등기 해제 요청했으나 임차인의 마지막 희망이라고 생각해 해지 안함, 허그 이행청구승인 이후에도 11월 계약 예정이라며 허그 취소 요청함 계약기간내 불성실하게 대처하여 모든일이 발생한점아 있으나 중간 통화시에도 임차인 탓을 하여 너무 괘씸해 대출이자에 대한 청구원함",,unknown,"보증상품 보증상품 미확인 | 주택유형 미상 | 보증금구간 3억 이상 | 계약상태 계약종료 | 선순위권리 미상 | 반환보증 가입 | 분쟁유형 기타·일반문의 | 진행단계 임차권등기 | 상황 계약 만료전 재계약 의사 없음 전달 집값하락으로 인한 보증금 부족하다며 허그에 받으라함 동의 하고 언니집으로 이사감 계약 만료일 3일전 보증금 구했다며 세입자 구한다고함 일단 구해보라고 함 혹시 계약되면 허그 해지예정이었음 결론 안구해졌고 기다린 시간만큼 추가 시간으로 전세이자금 피해 늘어남 약 420만원을 집주인에게 청구하고자함 허그 진행당시 계약되지도 않았는데 계약 예정이라며 임차권등기 해제 요청했으나 임차인의 마지막 희망이라고 생각해 해지 안함, 허그 이행청구승인 이후에도 11월 계약 예정이라며 허그 취소 요청함 계약기간내 불성실하게 대처하여 모든일이 발생한점아 있으나 중간 통화시에도 임차인 탓을 하여 너무 괘씸해 대출이자에 대한 청구원함",provided_synthetic_consultations
CASE-0049,G01,부산,남구,1억 미만,계약중(종료예정),미상,미상,가입,기타·일반문의,상담·검토,제가 12월 만기이고 5월 중도퇴실 얘기나누며 세입자를 구하던 와중에 세입자가 구해지지않아 9월에 다시 연락해 만기퇴실을 하겠다고 집주인과 얘기를 나눴으나 아직까지 보증금이 준비되어있지않고 본인 힘든 개인사 얘기하며 돈이 없다고 합니다. 저는 중기청 전세대출로 거주하고 있으나 개인보증보험과 집 보증보험은 가입되어있지않습니다 해결방안이 있을까요,,unknown,보증상품 보증상품 미확인 | 주택유형 미상 | 보증금구간 1억 미만 | 계약상태 계약중(종료예정) | 선순위권리 미상 | 반환보증 가입 | 분쟁유형 기타·일반문의 | 진행단계 상담·검토 | 상황 제가 12월 만기이고 5월 중도퇴실 얘기나누며 세입자를 구하던 와중에 세입자가 구해지지않아 9월에 다시 연락해 만기퇴실을 하겠다고 집주인과 얘기를 나눴으나 아직까지 보증금이 준비되어있지않고 본인 힘든 개인사 얘기하며 돈이 없다고 합니다. 저는 중기청 전세대출로 거주하고 있으나 개인보증보험과 집 보증보험은 가입되어있지않습니다 해결방안이 있을까요,provided_synthetic_consultations
CASE-0050,G01,경기,안산시,1억~2억,계약중(종료예정),미상,근저당설정,가입,경매·공매,상담·검토,8월 10일 경 일억 사천만원 전세 계약을 했습니다. 근저당 일억 이천관련하여 말소하는 조건의 특약을 넣고 계약을 진행했습니다 그러나 현시점까지 근저당 말소는 되고 있지 않으며 또한 10월 14일자로 가압류 일천만원 정도가 들어와 있는 상태입니다. 10월 19일 부동산 통해 본인 서류 지참하여 상황 설명한다고 했으나 잠적하였고 계속돤 연락을 통해 현재 연락은 되지만저의 전세금을 본인 차 수리비에 사용했다고 합니다. 말소가 안되었기에 보증보험 가입은 못하고 있는 상태이며 계약 불이행 관련 계약해제를 하고 싶으나 전세금을 다 받고 진행할 수 있는지 궁금합니다. 또한 본인이 공매대금 받으면 처리 가능하다고 하는데 몇번의 약속을 지키지 않았던 사람이라 미덥지 않습니다,,unknown,보증상품 보증상품 미확인 | 주택유형 미상 | 보증금구간 1억~2억 | 계약상태 계약중(종료예정) | 선순위권리 근저당설정 | 반환보증 가입 | 분쟁유형 경매·공매 | 진행단계 상담·검토 | 상황 8월 10일 경 일억 사천만원 전세 계약을 했습니다. 근저당 일억 이천관련하여 말소하는 조건의 특약을 넣고 계약을 진행했습니다 그러나 현시점까지 근저당 말소는 되고 있지 않으며 또한 10월 14일자로 가압류 일천만원 정도가 들어와 있는 상태입니다. 10월 19일 부동산 통해 본인 서류 지참하여 상황 설명한다고 했으나 잠적하였고 계속돤 연락을 통해 현재 연락은 되지만저의 전세금을 본인 차 수리비에 사용했다고 합니다. 말소가 안되었기에 보증보험 가입은 못하고 있는 상태이며 계약 불이행 관련 계약해제를 하고 싶으나 전세금을 다 받고 진행할 수 있는지 궁금합니다. 또한 본인이 공매대금 받으면 처리 가능하다고 하는데 몇번의 약속을 지키지 않았던 사람이라 미덥지 않습니다,provided_synthetic_consultations
CASE-0051,G01,대전,서구,1억~2억,계약중(종료예정),미상,미상,미상,경매·공매,상담·검토,8월쯤 경매 넘어갔다는 안내 받고 피해자 신청을 했었는데 인정도 안되고 뭐부터 해야 해결을 할수 있을지 모르겠어서 문의 남깁니다,,unknown,보증상품 보증상품 미확인 | 주택유형 미상 | 보증금구간 1억~2억 | 계약상태 계약중(종료예정) | 선순위권리 미상 | 반환보증 미상 | 분쟁유형 경매·공매 | 진행단계 상담·검토 | 상황 8월쯤 경매 넘어갔다는 안내 받고 피해자 신청을 했었는데 인정도 안되고 뭐부터 해야 해결을 할수 있을지 모르겠어서 문의 남깁니다,provided_synthetic_consultations
CASE-0052,G01,전남,순천시,1억 미만,계약중(종료예정),아파트,근저당설정,미상,경매·공매,상담·검토,저는 법인 임대인 소유 아파트 임차중입니다 해당 아파트 근저당 없는 제가 1순위인데 1. 임대인 소유권이전 접수일:21.12.28 임차인 전입신고일:21.12.27. 이런 상황에서 임대인이 만약 미납세금 및 임금체불이 있다면 경매에 갈시 제가 당해세와 미납체금 보다 후순위가 되는지,,unknown,보증상품 보증상품 미확인 | 주택유형 아파트 | 보증금구간 1억 미만 | 계약상태 계약중(종료예정) | 선순위권리 근저당설정 | 반환보증 미상 | 분쟁유형 경매·공매 | 진행단계 상담·검토 | 상황 저는 법인 임대인 소유 아파트 임차중입니다 해당 아파트 근저당 없는 제가 1순위인데 1. 임대인 소유권이전 접수일:21.12.28 임차인 전입신고일:21.12.27. 이런 상황에서 임대인이 만약 미납세금 및 임금체불이 있다면 경매에 갈시 제가 당해세와 미납체금 보다 후순위가 되는지,provided_synthetic_consultations
CASE-0053,G01,울산,울산남구,1억~2억,계약중(종료예정),미상,근저당설정,미상,경매·공매,상담·검토,선생님 제가 20년11월5일 2년계약 이사당일 전입신고 확정일자를 받았았습니다 (20년11월5일~22년11월4일까지) 2년뒤 22년11월3일날 1년연장 보증금 증액으로인해 새로운계약서에 확정일자받아두었습니다. (새계약서에 특약으로 기존계약서의효력을 그대로존속시키는조건으로 증액했다는 내용을 명시해놓음) 그리하여 또다시 23년10월13일 1년 연장하면서 새계약서에 확정일자받음 /보증금변동없음 새계약서 특약에 20년도 최초계약조건에따른다와 증액없이 재계약이며기존 계약서 효력을 존속시키는 조건으로 체결 계약이라 씌여있습니다 만기일이 도례한 24년11월05입니다 24년2월에근저당이 잡혀있습니다 묵시적갱신기간중에 퇴거통보를했고 3개월뒤 보증금환해달라고햐 한상태이며 몇몇개의 호수에 보증금반환이 이루어지지않아 임차인이직접 경매에올린 물건이 많습니다. 여기서 제가궁금한건 보증금반환이 어려울것으로보아 임차인이 경매진행을한다면 임대인의 당해세가 궁금합니다 당해세를 알수있는방법과 제 점유와 확정일자를보아 우선변제권 대항력에대한 날짜는 어느계약서기준인지,,unknown,보증상품 보증상품 미확인 | 주택유형 미상 | 보증금구간 1억~2억 | 계약상태 계약중(종료예정) | 선순위권리 근저당설정 | 반환보증 미상 | 분쟁유형 경매·공매 | 진행단계 상담·검토 | 상황 선생님 제가 20년11월5일 2년계약 이사당일 전입신고 확정일자를 받았았습니다 (20년11월5일~22년11월4일까지) 2년뒤 22년11월3일날 1년연장 보증금 증액으로인해 새로운계약서에 확정일자받아두었습니다. (새계약서에 특약으로 기존계약서의효력을 그대로존속시키는조건으로 증액했다는 내용을 명시해놓음) 그리하여 또다시 23년10월13일 1년 연장하면서 새계약서에 확정일자받음 /보증금변동없음 새계약서 특약에 20년도 최초계약조건에따른다와 증액없이 재계약이며기존 계약서 효력을 존속시키는 조건으로 체결 계약이라 씌여있습니다 만기일이 도례한 24년11월05입니다 24년2월에근저당이 잡혀있습니다 묵시적갱신기간중에 퇴거통보를했고 3개월뒤 보증금환해달라고햐 한상태이며 몇몇개의 호수에 보증금반환이 이루어지지않아 임차인이직접 경매에올린 물건이 많습니다. 여기서 제가궁금한건 보증금반환이 어려울것으로보아 임차인이 경매진행을한다면 임대인의 당해세가 궁금합니다 당해세를 알수있는방법과 제 점유와 확정일자를보아 우선변제권 대항력에대한 날짜는 어느계약서기준인지,provided_synthetic_consultations
CASE-0054,G01,부산,부산진구,1억 미만,계약종료,미상,미상,가입,기타·일반문의,소송제기,"오늘부로 전세계약 만료인데 집주인이 돈이 없다고 한달만 기다려 달라고 ㅠ 근데 제가 새로갈 집에 대출 때문에 이미 전출신고는 해둔 상황인데, 이런 상황에도 임차권등기설정이 가능할까요? 짐은 아직 그대로 있고, 새로운 세입자도 안들어오는 상황입니다. 대항력은 상실했어도 전세보증반환소송은 진행할수 있을까요?",,unknown,"보증상품 보증상품 미확인 | 주택유형 미상 | 보증금구간 1억 미만 | 계약상태 계약종료 | 선순위권리 미상 | 반환보증 가입 | 분쟁유형 기타·일반문의 | 진행단계 소송제기 | 상황 오늘부로 전세계약 만료인데 집주인이 돈이 없다고 한달만 기다려 달라고 ㅠ 근데 제가 새로갈 집에 대출 때문에 이미 전출신고는 해둔 상황인데, 이런 상황에도 임차권등기설정이 가능할까요? 짐은 아직 그대로 있고, 새로운 세입자도 안들어오는 상황입니다. 대항력은 상실했어도 전세보증반환소송은 진행할수 있을까요?",provided_synthetic_consultations
CASE-0055,G01,경기,성남시,1억~2억,계약종료,미상,선순위존재,미상,전세사기,소송제기,"전세사기 1.계약종료 의사전달 : 24-06-10(녹취) 2.계약종료 : 24-07-10 3.임차권설정 : 24-10-25(등기완료) 4.무보험 5.현재 등기상 법인에 가압류 설정된 상태 : 24-01-23 7월 통화 시 가압류를 풀어서 새로운 세입자가 들어와야 보증금 돌려줄 수 있다 답변 받았으나 현재까지 가압류 유지이며 돌려줄 돈이 없다고 합니다. 그 후 임차권등기 설정을 진행하였습니다. 계약종료 의사는 2달 전이 아닌 1달 전이라 묵시적 계약연장이 되는 것인가 걱정이 되는데요. 지금 임차권설정을 하는 것이 잘된 것인지, 반환소송에 들어가야 맞는 것인지 대처해야하는 방향이 궁금합니다. 또한 소송진행시 비용도 문의드리고 싶습니다.",1. 개인임대인 / 선순위권리 없는 상태에서 임대차계약,unknown,"보증상품 보증상품 미확인 | 주택유형 미상 | 보증금구간 1억~2억 | 계약상태 계약종료 | 선순위권리 선순위존재 | 반환보증 미상 | 분쟁유형 전세사기 | 진행단계 소송제기 | 상황 전세사기 1.계약종료 의사전달 : 24-06-10(녹취) 2.계약종료 : 24-07-10 3.임차권설정 : 24-10-25(등기완료) 4.무보험 5.현재 등기상 법인에 가압류 설정된 상태 : 24-01-23 7월 통화 시 가압류를 풀어서 새로운 세입자가 들어와야 보증금 돌려줄 수 있다 답변 받았으나 현재까지 가압류 유지이며 돌려줄 돈이 없다고 합니다. 그 후 임차권등기 설정을 진행하였습니다. 계약종료 의사는 2달 전이 아닌 1달 전이라 묵시적 계약연장이 되는 것인가 걱정이 되는데요. 지금 임차권설정을 하는 것이 잘된 것인지, 반환소송에 들어가야 맞는 것인지 대처해야하는 방향이 궁금합니다. 또한 소송진행시 비용도 문의드리고 싶습니다. | 특이사항 1. 개인임대인 / 선순위권리 없는 상태에서 임대차계약",provided_synthetic_consultations
CASE-0056,G01,서울,구로구,1억~2억,계약종료,미상,압류·가압류,가입,기타·일반문의,내용증명·공시송달,"전세 사고가 나서 보증보험 청구 준비 중인 청년입니다. 금일이 계약 만료일이라 임차원 등기 설정 준비 서류를 준비하던 중에 은행 전화를 받고 불안한 마음이 있어 상황 24년 10월 29일 전세집 계약 만료 22년 11월 전세 보증보험 가입 23년 3월 전세 집주인 연락 두절 시작(지금까지) 23년 8월 등기부등본 가압류 발생 24년 3월 집주인 자녀로 추정되는 사람에게 증여(현 임대인이라 칭함) 24년 4월 HUG에서 알림톡으로 임대인 변경 안내 / HUG 가입한 우리은행 담당자에게 통보 이후 전 임대인 명의(부모) 계약해지 통보 / 내용 증명 / 공시송달 까지 완료된 상황입니다. 그리고 오늘 갑자기 아래처럼 은행에서 전화가 온 상황입니다. 은행 : 전세 보증보험 청구 하실거죠? 저 : 네 공시송달까지 완료하고 내일 임차권 등기 설정 신청하려고 합니다. 은행 : 네네 임차권 등기 접수하시고 접수증 보내주시고요 어? 그런데 임대인이 변경되었는데 이건 문제가 없을까요? 저: 네? 변경되었다고 말씀드렸는데 은행 : 음 그래도 HUG 쪽에 문의해주셔야 하고 변호사,법무사 상담은 받아 보셔야 할 것 같아요 저 : 오 마이 갓 보증보험 청구 까지 하나 하나 모두 준비했다고 생각하는데 혹시나 제가 놓친 부분이 있을지 걱정이 앞서네요 ㅠㅠ 궁금한 부분은 다음입니다! 1. 임차권 등기 설정에 대한 내용은 현 임대인의 부모로 보이는 전 임대인(부모) 명의로 진행된 상태입니다. 정상적으로 임차권 등기가 설정될까요? 도움",,unknown,"보증상품 보증상품 미확인 | 주택유형 미상 | 보증금구간 1억~2억 | 계약상태 계약종료 | 선순위권리 압류·가압류 | 반환보증 가입 | 분쟁유형 기타·일반문의 | 진행단계 내용증명·공시송달 | 상황 전세 사고가 나서 보증보험 청구 준비 중인 청년입니다. 금일이 계약 만료일이라 임차원 등기 설정 준비 서류를 준비하던 중에 은행 전화를 받고 불안한 마음이 있어 상황 24년 10월 29일 전세집 계약 만료 22년 11월 전세 보증보험 가입 23년 3월 전세 집주인 연락 두절 시작(지금까지) 23년 8월 등기부등본 가압류 발생 24년 3월 집주인 자녀로 추정되는 사람에게 증여(현 임대인이라 칭함) 24년 4월 HUG에서 알림톡으로 임대인 변경 안내 / HUG 가입한 우리은행 담당자에게 통보 이후 전 임대인 명의(부모) 계약해지 통보 / 내용 증명 / 공시송달 까지 완료된 상황입니다. 그리고 오늘 갑자기 아래처럼 은행에서 전화가 온 상황입니다. 은행 : 전세 보증보험 청구 하실거죠? 저 : 네 공시송달까지 완료하고 내일 임차권 등기 설정 신청하려고 합니다. 은행 : 네네 임차권 등기 접수하시고 접수증 보내주시고요 어? 그런데 임대인이 변경되었는데 이건 문제가 없을까요? 저: 네? 변경되었다고 말씀드렸는데 은행 : 음 그래도 HUG 쪽에 문의해주셔야 하고 변호사,법무사 상담은 받아 보셔야 할 것 같아요 저 : 오 마이 갓 보증보험 청구 까지 하나 하나 모두 준비했다고 생각하는데 혹시나 제가 놓친 부분이 있을지 걱정이 앞서네요 ㅠㅠ 궁금한 부분은 다음입니다! 1. 임차권 등기 설정에 대한 내용은 현 임대인의 부모로 보이는 전 임대인(부모) 명의로 진행된 상태입니다. 정상적으로 임차권 등기가 설정될까요? 도움",provided_synthetic_consultations
CASE-0057,G01,서울,미상,3억 이상,계약중(종료예정),미상,미상,미상,기타·일반문의,상담·검토,"2023년 6월 30일부터 2년의 계약기간으로 전세계약을 하였고, 현재 계약중에 있습니다. 계약시 2024년까지 계약하길 희망하였으나 임대인이 계약은 2년으로 하고, 특약에 해당 내용을 게시하는 것으로 하자고 하여 특약사항에 \`임차인은 만기전 퇴실시 2024년 12월 31일까지 새로운 임차인과 계약서를 작성하는데 협조하기로하며 중개수수료를 부담하기로 한다\` 라는 문구를 작성하였습니다. 올해 9월에 중도 퇴실을 알렸고, 새로운 세입자를 구해달라고 하였으나 상생임대인 혜택을 받아야 한다며 세입자를 구할때 새롭게 계약할 2년 중 제가 채우지 않은 계약기간은 제가 계약한 전세 금액으로 하고, 남은 계약기간은 지금보다 1억원 정도 높은 금액으로 재계약해야 하는 조항을 달았으며 중도 계약변경이 있기 때문에 전세자금대출도 불가하다는 조항을 달아 새로운 세입자를 구할 수 없는 상황입니다. 임대인은 자신은 무조건 상생임대인 혜택을 봐야해서 새로운 임차인을 구하는 조건을 변경할 수 없다고 버티고 있습니다. 기존 계약의 특약사항에 맞게 계약을 종료할 수도 없고, 무리한 임대인의 전세 조건 때문에 새로운 임차인을 구할 수도 없는 상황입니다. 지금 현재 상황에서 법적으로 취할 수 있는 방법이 없을까요?",1. 임차인은 18개월만 거주하고 이사를 가야하는 사정을 알렸으나 무조건 2년계약해야 한다고 해서 23.6.30~25.6.29 / 2년 계약,unknown,"보증상품 보증상품 미확인 | 주택유형 미상 | 보증금구간 3억 이상 | 계약상태 계약중(종료예정) | 선순위권리 미상 | 반환보증 미상 | 분쟁유형 기타·일반문의 | 진행단계 상담·검토 | 상황 2023년 6월 30일부터 2년의 계약기간으로 전세계약을 하였고, 현재 계약중에 있습니다. 계약시 2024년까지 계약하길 희망하였으나 임대인이 계약은 2년으로 하고, 특약에 해당 내용을 게시하는 것으로 하자고 하여 특약사항에 \`임차인은 만기전 퇴실시 2024년 12월 31일까지 새로운 임차인과 계약서를 작성하는데 협조하기로하며 중개수수료를 부담하기로 한다\` 라는 문구를 작성하였습니다. 올해 9월에 중도 퇴실을 알렸고, 새로운 세입자를 구해달라고 하였으나 상생임대인 혜택을 받아야 한다며 세입자를 구할때 새롭게 계약할 2년 중 제가 채우지 않은 계약기간은 제가 계약한 전세 금액으로 하고, 남은 계약기간은 지금보다 1억원 정도 높은 금액으로 재계약해야 하는 조항을 달았으며 중도 계약변경이 있기 때문에 전세자금대출도 불가하다는 조항을 달아 새로운 세입자를 구할 수 없는 상황입니다. 임대인은 자신은 무조건 상생임대인 혜택을 봐야해서 새로운 임차인을 구하는 조건을 변경할 수 없다고 버티고 있습니다. 기존 계약의 특약사항에 맞게 계약을 종료할 수도 없고, 무리한 임대인의 전세 조건 때문에 새로운 임차인을 구할 수도 없는 상황입니다. 지금 현재 상황에서 법적으로 취할 수 있는 방법이 없을까요? | 특이사항 1. 임차인은 18개월만 거주하고 이사를 가야하는 사정을 알렸으나 무조건 2년계약해야 한다고 해서 23.6.30~25.6.29 / 2년 계약",provided_synthetic_consultations
CASE-0058,G01,경북,경주시,1억~2억,계약종료,아파트,선순위존재,미상,경매·공매,상담·검토,전세중에 경매진행중이구요 선순위,,unknown,보증상품 보증상품 미확인 | 주택유형 아파트 | 보증금구간 1억~2억 | 계약상태 계약종료 | 선순위권리 선순위존재 | 반환보증 미상 | 분쟁유형 경매·공매 | 진행단계 상담·검토 | 상황 전세중에 경매진행중이구요 선순위,provided_synthetic_consultations
CASE-0059,G01,인천,남동구,1억~2억,계약중(종료예정),미상,미상,가입,보증금미반환,HUG이행청구,"2020년 4월에 입주후 1회의 갱신 계약을 진행하였습니다. 올해 4월 만기 당시 전세 보증금에 대항 당장의 반환이 어렵다하여, 1년의 단기 연장을 진행하였습니다. 이후 허그의 전세보증보험 가입을 진행하였으나, 임대인의 보증금지대상으로 지정되어 보험 가입도 거절된 상태입니다. 현재 본 계약은 5개월 정도 남은 상황입니다. 현재 임대인은 본 건물에 다수의 집주인으로 등기되어 있으며, 아라트라움 건설 관계자입니다.",1. 단톡방에 동일한 임대인에 의한 피해자 10여명이 소통중이다.,jeonse_return,"보증상품 전세보증금반환보증 | 주택유형 미상 | 보증금구간 1억~2억 | 계약상태 계약중(종료예정) | 선순위권리 미상 | 반환보증 가입 | 분쟁유형 보증금미반환 | 진행단계 HUG이행청구 | 상황 2020년 4월에 입주후 1회의 갱신 계약을 진행하였습니다. 올해 4월 만기 당시 전세 보증금에 대항 당장의 반환이 어렵다하여, 1년의 단기 연장을 진행하였습니다. 이후 허그의 전세보증보험 가입을 진행하였으나, 임대인의 보증금지대상으로 지정되어 보험 가입도 거절된 상태입니다. 현재 본 계약은 5개월 정도 남은 상황입니다. 현재 임대인은 본 건물에 다수의 집주인으로 등기되어 있으며, 아라트라움 건설 관계자입니다. | 특이사항 1. 단톡방에 동일한 임대인에 의한 피해자 10여명이 소통중이다.",provided_synthetic_consultations
CASE-0060,G01,세종,미상,1억~2억,계약중(종료예정),미상,미상,미상,기타·일반문의,상담·검토,"재계약을 안하려고 부동산에 연락해보니 주인에게 문제가 생겼다며, 매매만 진행할거라고 하더라구요 저는 계약 끝나도 돈을 못 받을 수 있다고 하구요 버팀목 대출받아서 계약 진행했습니다",,unknown,"보증상품 보증상품 미확인 | 주택유형 미상 | 보증금구간 1억~2억 | 계약상태 계약중(종료예정) | 선순위권리 미상 | 반환보증 미상 | 분쟁유형 기타·일반문의 | 진행단계 상담·검토 | 상황 재계약을 안하려고 부동산에 연락해보니 주인에게 문제가 생겼다며, 매매만 진행할거라고 하더라구요 저는 계약 끝나도 돈을 못 받을 수 있다고 하구요 버팀목 대출받아서 계약 진행했습니다",provided_synthetic_consultations
CASE-0061,G01,미상,미상,미상,미상,미상,미상,미상,기타·일반문의,상담·검토,,,unknown,보증상품 보증상품 미확인 | 주택유형 미상 | 보증금구간 미상 | 계약상태 미상 | 선순위권리 미상 | 반환보증 미상 | 분쟁유형 기타·일반문의 | 진행단계 상담·검토,provided_synthetic_consultations
CASE-0062,G01,미상,미상,미상,미상,미상,미상,미상,기타·일반문의,상담·검토,,,unknown,보증상품 보증상품 미확인 | 주택유형 미상 | 보증금구간 미상 | 계약상태 미상 | 선순위권리 미상 | 반환보증 미상 | 분쟁유형 기타·일반문의 | 진행단계 상담·검토,provided_synthetic_consultations
CASE-0063,G01,미상,미상,미상,미상,미상,미상,미상,기타·일반문의,상담·검토,,,unknown,보증상품 보증상품 미확인 | 주택유형 미상 | 보증금구간 미상 | 계약상태 미상 | 선순위권리 미상 | 반환보증 미상 | 분쟁유형 기타·일반문의 | 진행단계 상담·검토,provided_synthetic_consultations
CASE-0064,G02,광주,미상,1억~2억,계약종료,다가구주택,미상,미상,기타·일반문의,임차권등기,다가구입니다 아랫집도 임차권등기 설정을 해놓은 상태구요 11월 3일 일날 저희도 임차권등기설정하려합니다 집주인은 세입자가 구해져야한다하는데 저희는 그 전에 나가고 싶어요 전세자금대출도 연장햇는데 그거에대한 이자도 받고싶어요,"1. 임대사업자 / 그러나 표준임대차계약서작성x, 그냥임대차계약서o",unknown,"보증상품 보증상품 미확인 | 주택유형 다가구주택 | 보증금구간 1억~2억 | 계약상태 계약종료 | 선순위권리 미상 | 반환보증 미상 | 분쟁유형 기타·일반문의 | 진행단계 임차권등기 | 상황 다가구입니다 아랫집도 임차권등기 설정을 해놓은 상태구요 11월 3일 일날 저희도 임차권등기설정하려합니다 집주인은 세입자가 구해져야한다하는데 저희는 그 전에 나가고 싶어요 전세자금대출도 연장햇는데 그거에대한 이자도 받고싶어요 | 특이사항 1. 임대사업자 / 그러나 표준임대차계약서작성x, 그냥임대차계약서o",provided_synthetic_consultations
CASE-0065,G02,서울,관악구,2억~3억,계약중(종료예정),미상,미상,미상,보증금미반환,상담·검토,"보증금 반환을 못 받은 전 세입자가 중도퇴거 후, 저희가 도배 교체를 작업하는 때를 틈타 집을 점유했다가 하루만에 저희가 점유권을 회복한 상태입니다. 하지만 전 세입자들이 들여놓은 몇 가지 짐이 있어요. 내일까지 현 세입자인 저희가 무상으로 보관해주고 그들이 짐을 가져갈 수 있도록 하는 내용으로 이행각서를 받아두긴 했는데, 내일 혹시라도 집에 들어누을까봐 너무 걱정이 됩니다. 이 경우 어떻게 해야 현명하게 처리할 수 있을까요? 집주인은 연락두절된 상황이라 전 세입자도 저도 이 집밖에 없는 막막한 상황입니다.",1. 24.10.31 입주,unknown,"보증상품 보증상품 미확인 | 주택유형 미상 | 보증금구간 2억~3억 | 계약상태 계약중(종료예정) | 선순위권리 미상 | 반환보증 미상 | 분쟁유형 보증금미반환 | 진행단계 상담·검토 | 상황 보증금 반환을 못 받은 전 세입자가 중도퇴거 후, 저희가 도배 교체를 작업하는 때를 틈타 집을 점유했다가 하루만에 저희가 점유권을 회복한 상태입니다. 하지만 전 세입자들이 들여놓은 몇 가지 짐이 있어요. 내일까지 현 세입자인 저희가 무상으로 보관해주고 그들이 짐을 가져갈 수 있도록 하는 내용으로 이행각서를 받아두긴 했는데, 내일 혹시라도 집에 들어누을까봐 너무 걱정이 됩니다. 이 경우 어떻게 해야 현명하게 처리할 수 있을까요? 집주인은 연락두절된 상황이라 전 세입자도 저도 이 집밖에 없는 막막한 상황입니다. | 특이사항 1. 24.10.31 입주",provided_synthetic_consultations
CASE-0066,G02,미상,미상,1억~2억,계약중(종료예정),미상,미상,미가입,경매·공매,상담·검토,"현재 상황 요약해드리겠습니다. 현재 상태 1. 22년 4월12일 확정일자 받고 입주완료 (계약서 작성 완료) 2. 24년 2월 재계약 연장 (퇴실 의사 없으면 자동연장이라 집주인과 소통한 메시지 보유 계약서 재작성 X) 3. 24년 10월 2일 3개월 전 퇴실 월 30일에 퇴실 하기로 협의 4. 24월 10월 23일 경매 설정으로 알림 받음 5. 위 내용으로 집주인과 연락하여, 현재 사정이 좋지않아 은행이자를 못내 은행에서 경매 신청을 했다고 함(등기부 등록에서도 동일내용) 6. 24년 11월 02일 서울 남부법원에서 권리 및 배당요구서 신청하라고 찾아옴 참고사항 1. 재계약 시 서류 작성하지 않고 재계약함 (문자 내용은 보유) 2. 현재 전세금 1억1천 중 9,900만원이 청년전세대출임 (재연장 내역도 있음) 3. 보증보험 가입 X, 계약 부동산 영업 종료 4. 현재 건물에서 2호실(14호실 보유) 비어있는 상태이며, 24년 10월 22일 임차인 한분이 4,000원으로 임차권 설정해놓은 상태 궁금한점 1. 지금 제가 지금 보증금을 지킬 수 있는 조치가 궁금합니다. 2. 재계약 시 서류를 재작성 하지않아서 어떻게 해야할지가 궁금합니다. (최초 계약서에는 해지하지 않을 경우 자동연장 명시) 3. 집주인은 해결해 본다고 한 상태인데, 계속 기다려야할지가",1. 배당요구종기일은 1월 / 오늘 배당신청완료,unknown,"보증상품 보증상품 미확인 | 주택유형 미상 | 보증금구간 1억~2억 | 계약상태 계약중(종료예정) | 선순위권리 미상 | 반환보증 미가입 | 분쟁유형 경매·공매 | 진행단계 상담·검토 | 상황 현재 상황 요약해드리겠습니다. 현재 상태 1. 22년 4월12일 확정일자 받고 입주완료 (계약서 작성 완료) 2. 24년 2월 재계약 연장 (퇴실 의사 없으면 자동연장이라 집주인과 소통한 메시지 보유 계약서 재작성 X) 3. 24년 10월 2일 3개월 전 퇴실 월 30일에 퇴실 하기로 협의 4. 24월 10월 23일 경매 설정으로 알림 받음 5. 위 내용으로 집주인과 연락하여, 현재 사정이 좋지않아 은행이자를 못내 은행에서 경매 신청을 했다고 함(등기부 등록에서도 동일내용) 6. 24년 11월 02일 서울 남부법원에서 권리 및 배당요구서 신청하라고 찾아옴 참고사항 1. 재계약 시 서류 작성하지 않고 재계약함 (문자 내용은 보유) 2. 현재 전세금 1억1천 중 9,900만원이 청년전세대출임 (재연장 내역도 있음) 3. 보증보험 가입 X, 계약 부동산 영업 종료 4. 현재 건물에서 2호실(14호실 보유) 비어있는 상태이며, 24년 10월 22일 임차인 한분이 4,000원으로 임차권 설정해놓은 상태 궁금한점 1. 지금 제가 지금 보증금을 지킬 수 있는 조치가 궁금합니다. 2. 재계약 시 서류를 재작성 하지않아서 어떻게 해야할지가 궁금합니다. (최초 계약서에는 해지하지 않을 경우 자동연장 명시) 3. 집주인은 해결해 본다고 한 상태인데, 계속 기다려야할지가 | 특이사항 1. 배당요구종기일은 1월 / 오늘 배당신청완료",provided_synthetic_consultations
CASE-0067,G02,경기,평택시,1억 미만,계약종료,미상,미상,미상,기타·일반문의,임차권등기,제가 계약종료 후에 이사 한 집에 전입신고를 한 이후인데 주소지를 뺀 상태에서 살던 집 임차권등기명령 신청을 할 수 있나요?,,unknown,보증상품 보증상품 미확인 | 주택유형 미상 | 보증금구간 1억 미만 | 계약상태 계약종료 | 선순위권리 미상 | 반환보증 미상 | 분쟁유형 기타·일반문의 | 진행단계 임차권등기 | 상황 제가 계약종료 후에 이사 한 집에 전입신고를 한 이후인데 주소지를 뺀 상태에서 살던 집 임차권등기명령 신청을 할 수 있나요?,provided_synthetic_consultations
CASE-0068,G02,부산,서구,1억 미만,계약종료,미상,미상,가입,보증금미반환,HUG이행청구,4월에 월세 계약이 끝났으나 임대인이 보증금을 돌려주지 않아 HUG를 통해 10월 30일 보증금을 받았습니다. 집주인은 월세계약이 끝났음에도 명도완료가 될때까지 월세를 요구했으나 계약종료 후 저는 그 집에 살지 않았고 짐도 점유용으로만 조금 두었기 때문에 월세를 내지 않았습니다. 집주인이 보증금을 받고 나면 밀린 월세를 내라며 HUG 제출용 완납증명서를 주었으나 저는 월세를 낼 이유가 없다 생각하여 주지 않을 생각입니다. 그러나 집주인은 계속하여 월세를 내라고 요구하고 있는데요 과연 이 밀린 월세를 내야할까요?,,unknown,보증상품 보증상품 미확인 | 주택유형 미상 | 보증금구간 1억 미만 | 계약상태 계약종료 | 선순위권리 미상 | 반환보증 가입 | 분쟁유형 보증금미반환 | 진행단계 HUG이행청구 | 상황 4월에 월세 계약이 끝났으나 임대인이 보증금을 돌려주지 않아 HUG를 통해 10월 30일 보증금을 받았습니다. 집주인은 월세계약이 끝났음에도 명도완료가 될때까지 월세를 요구했으나 계약종료 후 저는 그 집에 살지 않았고 짐도 점유용으로만 조금 두었기 때문에 월세를 내지 않았습니다. 집주인이 보증금을 받고 나면 밀린 월세를 내라며 HUG 제출용 완납증명서를 주었으나 저는 월세를 낼 이유가 없다 생각하여 주지 않을 생각입니다. 그러나 집주인은 계속하여 월세를 내라고 요구하고 있는데요 과연 이 밀린 월세를 내야할까요?,provided_synthetic_consultations
CASE-0069,G02,미상,안동시,1억 미만,계약종료,다가구주택,미상,미상,전세사기,판결·집행,다가구주택 후순위 세입자로 경매 종료후 배당을 아예 받지 못했습니다 전세사기 피해자 선정을 받았고 형사 처벌은 임대인이 다른 재산이 있어 변제할 능력이 없다고 보기 힘들다고 불송치가 나왔고 민사 승소했으나 임대인은 다른 재산 경매 끝나야줄 수 있다고만 하고 연락조차 받지 않습니다 실질적으로 할 수 있는 게 없어 제가 취할 수 있는 조치가 있을까요?,1. 전세사기피해자결정문有,unknown,보증상품 보증상품 미확인 | 주택유형 다가구주택 | 보증금구간 1억 미만 | 계약상태 계약종료 | 선순위권리 미상 | 반환보증 미상 | 분쟁유형 전세사기 | 진행단계 판결·집행 | 상황 다가구주택 후순위 세입자로 경매 종료후 배당을 아예 받지 못했습니다 전세사기 피해자 선정을 받았고 형사 처벌은 임대인이 다른 재산이 있어 변제할 능력이 없다고 보기 힘들다고 불송치가 나왔고 민사 승소했으나 임대인은 다른 재산 경매 끝나야줄 수 있다고만 하고 연락조차 받지 않습니다 실질적으로 할 수 있는 게 없어 제가 취할 수 있는 조치가 있을까요? | 특이사항 1. 전세사기피해자결정문有,provided_synthetic_consultations
CASE-0070,G02,서울,관악구,1억~2억,계약종료,미상,미상,미상,전세사기,임차권등기,2024.09.26 계약 만료일이었으나 계약 연장을 위해 24년 7월 연장의사 전달 후 24년 9월 전세대출 연장 상담 진행 -> 집값이 떨어져 전세금이 낮아졌고 낮아진 전세금과 원래 전세금의 차액을 상환 후 낮아진 전세금으로 새로 작성된 임대차 계약서 서류 요청 -> 개인 사정으로 차일피일 미뤘고 이후 연락두절 -> 2024.10.10 계약 해지 통보 내용증명 발송 후 2024.10.17 집주인 수령 전세대출은 개월 연장처리 완료 -> 내용증명 발송 이후 임차권등기명령 접수하였지만 묵시적 계약 갱신으로 내용증명 송달된 기준 3개월 후부터 접수가 가능하다고 합니다 그런데 문제는 집주인이 집을 매도하겠다고 연락이 왔고 매도되면 보증금을 돌려주겠다고 합니다 매도되면 집주인이 바뀌게 될 테고 더 보증금 받기가 어려워질 것 같은데 어떻게 대처해야 할까요?,1. 임대인이 내용증명 수령하였고 본인의 일방적인 의사전달만 하는 상태임.,unknown,보증상품 보증상품 미확인 | 주택유형 미상 | 보증금구간 1억~2억 | 계약상태 계약종료 | 선순위권리 미상 | 반환보증 미상 | 분쟁유형 전세사기 | 진행단계 임차권등기 | 상황 2024.09.26 계약 만료일이었으나 계약 연장을 위해 24년 7월 연장의사 전달 후 24년 9월 전세대출 연장 상담 진행 -> 집값이 떨어져 전세금이 낮아졌고 낮아진 전세금과 원래 전세금의 차액을 상환 후 낮아진 전세금으로 새로 작성된 임대차 계약서 서류 요청 -> 개인 사정으로 차일피일 미뤘고 이후 연락두절 -> 2024.10.10 계약 해지 통보 내용증명 발송 후 2024.10.17 집주인 수령 전세대출은 개월 연장처리 완료 -> 내용증명 발송 이후 임차권등기명령 접수하였지만 묵시적 계약 갱신으로 내용증명 송달된 기준 3개월 후부터 접수가 가능하다고 합니다 그런데 문제는 집주인이 집을 매도하겠다고 연락이 왔고 매도되면 보증금을 돌려주겠다고 합니다 매도되면 집주인이 바뀌게 될 테고 더 보증금 받기가 어려워질 것 같은데 어떻게 대처해야 할까요? | 특이사항 1. 임대인이 내용증명 수령하였고 본인의 일방적인 의사전달만 하는 상태임.,provided_synthetic_consultations
CASE-0071,G02,제주,제주시,1억~2억,계약종료,오피스텔,미상,미상,경매·공매,임차권등기,"11월1일 오늘 계약종료되었는데 제 전세집이 올해 2월17일에 강제경매가 되었습니다. 경매를 계속기다리고 있었는데 어제 집주인과 통화를해보니 경매 신청한 회사에서 1차에 낙찰이안되면 무잉여로 경매기각을 한다고 하더라구요. 그래서 경매기각이 되면 제가 오피스텔을 매매하려고하는데, 매매하는 방법과 임차권등기 후 셀프낙찰하는방법중 어떤방법으로 해결할지 고민입니다.",,unknown,"보증상품 보증상품 미확인 | 주택유형 오피스텔 | 보증금구간 1억~2억 | 계약상태 계약종료 | 선순위권리 미상 | 반환보증 미상 | 분쟁유형 경매·공매 | 진행단계 임차권등기 | 상황 11월1일 오늘 계약종료되었는데 제 전세집이 올해 2월17일에 강제경매가 되었습니다. 경매를 계속기다리고 있었는데 어제 집주인과 통화를해보니 경매 신청한 회사에서 1차에 낙찰이안되면 무잉여로 경매기각을 한다고 하더라구요. 그래서 경매기각이 되면 제가 오피스텔을 매매하려고하는데, 매매하는 방법과 임차권등기 후 셀프낙찰하는방법중 어떤방법으로 해결할지 고민입니다.",provided_synthetic_consultations
CASE-0072,G02,서울,구로구,1억~2억,계약종료,미상,미상,가입,기타·일반문의,상담·검토,"전세보증보험을 청구하고 있는 청년입니다. 계약 기간 중 임대인이 2019년생인 자녀에게 증여를 하였고 저는 계약 해지 통보를 부모인 전 임대인에게만 진행하여, 보증보험 지급 조건인 계약 해지 통보가 없었던 것으로 문제가 있습니다. 하여 현재 현 임대인의 모친인 전 임대인과 계약해지 합의서를 쓰는 과정입니다. 다만 전 임대인이 현재 이혼 조정 중이라 현 임대인인 부친과는 연락이 어려운 상황입니다. 이런 상황에서도 법적대리인인 부,모와 각각 계약해지합의서를 작성해야 하는지 민법 제 911조를 보면 제911조 (미성년자인 자의 법정대리인)친권을 행사하는 부 또는 모는 미성년자인 자의 법정대리인이 된다. 라고 인용이 되어 있는데요. 부 또는 모라고 인용되어 있어 둘 중 한명의 사람과 해지 합의서를 작성해도 되는지",,jeonse_return,"보증상품 전세보증금반환보증 | 주택유형 미상 | 보증금구간 1억~2억 | 계약상태 계약종료 | 선순위권리 미상 | 반환보증 가입 | 분쟁유형 기타·일반문의 | 진행단계 상담·검토 | 상황 전세보증보험을 청구하고 있는 청년입니다. 계약 기간 중 임대인이 2019년생인 자녀에게 증여를 하였고 저는 계약 해지 통보를 부모인 전 임대인에게만 진행하여, 보증보험 지급 조건인 계약 해지 통보가 없었던 것으로 문제가 있습니다. 하여 현재 현 임대인의 모친인 전 임대인과 계약해지 합의서를 쓰는 과정입니다. 다만 전 임대인이 현재 이혼 조정 중이라 현 임대인인 부친과는 연락이 어려운 상황입니다. 이런 상황에서도 법적대리인인 부,모와 각각 계약해지합의서를 작성해야 하는지 민법 제 911조를 보면 제911조 (미성년자인 자의 법정대리인)친권을 행사하는 부 또는 모는 미성년자인 자의 법정대리인이 된다. 라고 인용이 되어 있는데요. 부 또는 모라고 인용되어 있어 둘 중 한명의 사람과 해지 합의서를 작성해도 되는지",provided_synthetic_consultations
CASE-0073,G02,경기,경기도성남시수정구,1억 미만,계약중(종료예정),미상,미상,미상,기타·일반문의,상담·검토,중기청 100년째 살고 있습니다. 대출 만기 11/8일자로 연장해서 살 계획으로 은행에 얼마전에 서류를 넣었는데 은행으로부터 대출 연장 불가 통보를 받았슺니다. 물건지가 개인 소유가 아닌 지역개발조합 소유자로 변경 되엏기 때문에 대출이 붗가하다고하여 임대인에게 만기날 대출금 반환 요청을 하였는데 대출만기전 (10월10일) 계약서 작성 했으니 저보고 계약 위반으로 전세금을 줄 수 없다고 합니다. 새로운 세입자를 구해서 그 전세금으로 나가라는데 당장세입자를 구할수 없고 현재 이 물건지는 저 말고도 대출이 불가합니다. 이런 경우 어떺기 해야할까여,집주인 명의로 다시 변경하기로 하여 해결 완료.,unknown,보증상품 보증상품 미확인 | 주택유형 미상 | 보증금구간 1억 미만 | 계약상태 계약중(종료예정) | 선순위권리 미상 | 반환보증 미상 | 분쟁유형 기타·일반문의 | 진행단계 상담·검토 | 상황 중기청 100년째 살고 있습니다. 대출 만기 11/8일자로 연장해서 살 계획으로 은행에 얼마전에 서류를 넣었는데 은행으로부터 대출 연장 불가 통보를 받았슺니다. 물건지가 개인 소유가 아닌 지역개발조합 소유자로 변경 되엏기 때문에 대출이 붗가하다고하여 임대인에게 만기날 대출금 반환 요청을 하였는데 대출만기전 (10월10일) 계약서 작성 했으니 저보고 계약 위반으로 전세금을 줄 수 없다고 합니다. 새로운 세입자를 구해서 그 전세금으로 나가라는데 당장세입자를 구할수 없고 현재 이 물건지는 저 말고도 대출이 불가합니다. 이런 경우 어떺기 해야할까여 | 특이사항 집주인 명의로 다시 변경하기로 하여 해결 완료.,provided_synthetic_consultations
CASE-0074,G02,서울,동작구,1억~2억,계약중(종료예정),미상,압류·가압류,미상,경매·공매,소송제기,"계약 개시 : 21년 11월 11일 - 계약 만기: 25년 12월 12일(2년 연장 총 4년 계약) - 상담 목적 : 계약 해지 및 세입자 단체 소송, 건물 경매 진행 1) 등기 확인을 통해 현재 건물 압류 상태 확인, 집주인에게 24년 10월 7일부터 내용 증명 부탁하는 연락했으나 확인해보겠다는 연락 이후 2주 동안 회신 없음. 2) 부동산, 세입자 단톡방 등 여러 정황 토대로 집주인의 보증금 반환 의사가 없다고 확신, (기존 보증금 받지 못한 세입자가 내용 증명서 자택으로 보냈더니 반송됨. 그 외에도 4명에게 전세금 밀린 상황) 3) 계약일이 1년 이상남은 상황에서, 최대한 빨리 건물 매각 진행 후 보증금 반환 희망함. 부동산 법쪽으로 알고 있는 지식이 없고, 인터넷 검색을 해도 케이스에 따라 달라 정확한 정보가 필요한 상황입니다. 이 경우 최대한 빨리 내용증명을 보내야 하는지, 전세만기일까지 기다렸다가 임대차 신청을 하는것이 맞는지, 경매 신청을 하려면 어떻게 해야 하는지 등에 대한 (현재 소송 의사가 있는 세입자들과 단톡방을 통한 의견 소통 중입니다.) 혹시 참고가 될까 하여 건물에 대한 등기부, 집주인과의 문자 내용 등을 첨부 드리오니 확인 부탁 드리겠습니다. 바쁘실 텐데 귀한 시간 내어 주셔서 감사드립니다.",,unknown,"보증상품 보증상품 미확인 | 주택유형 미상 | 보증금구간 1억~2억 | 계약상태 계약중(종료예정) | 선순위권리 압류·가압류 | 반환보증 미상 | 분쟁유형 경매·공매 | 진행단계 소송제기 | 상황 계약 개시 : 21년 11월 11일 - 계약 만기: 25년 12월 12일(2년 연장 총 4년 계약) - 상담 목적 : 계약 해지 및 세입자 단체 소송, 건물 경매 진행 1) 등기 확인을 통해 현재 건물 압류 상태 확인, 집주인에게 24년 10월 7일부터 내용 증명 부탁하는 연락했으나 확인해보겠다는 연락 이후 2주 동안 회신 없음. 2) 부동산, 세입자 단톡방 등 여러 정황 토대로 집주인의 보증금 반환 의사가 없다고 확신, (기존 보증금 받지 못한 세입자가 내용 증명서 자택으로 보냈더니 반송됨. 그 외에도 4명에게 전세금 밀린 상황) 3) 계약일이 1년 이상남은 상황에서, 최대한 빨리 건물 매각 진행 후 보증금 반환 희망함. 부동산 법쪽으로 알고 있는 지식이 없고, 인터넷 검색을 해도 케이스에 따라 달라 정확한 정보가 필요한 상황입니다. 이 경우 최대한 빨리 내용증명을 보내야 하는지, 전세만기일까지 기다렸다가 임대차 신청을 하는것이 맞는지, 경매 신청을 하려면 어떻게 해야 하는지 등에 대한 (현재 소송 의사가 있는 세입자들과 단톡방을 통한 의견 소통 중입니다.) 혹시 참고가 될까 하여 건물에 대한 등기부, 집주인과의 문자 내용 등을 첨부 드리오니 확인 부탁 드리겠습니다. 바쁘실 텐데 귀한 시간 내어 주셔서 감사드립니다.",provided_synthetic_consultations
CASE-0075,G02,경기,화성시,1억~2억,계약종료,미상,선순위존재,미상,전세사기,소송제기,집주인은 30채 이상 매매했다가 전세금을 돌려줄 돈이없어 파산 직전에 있습니다. 저는 임차권등기완료하고 지급명령 중에 있습니다. 전세사기피해자듵 인정받았습니다. 다목 인정을 못받았구요. 피해자들을 4명모았는데 어떻게 대처할수있을까요 형사고소 가능할까요?,1. 깡통주택 / 대항력있는 선순위임차인,unknown,보증상품 보증상품 미확인 | 주택유형 미상 | 보증금구간 1억~2억 | 계약상태 계약종료 | 선순위권리 선순위존재 | 반환보증 미상 | 분쟁유형 전세사기 | 진행단계 소송제기 | 상황 집주인은 30채 이상 매매했다가 전세금을 돌려줄 돈이없어 파산 직전에 있습니다. 저는 임차권등기완료하고 지급명령 중에 있습니다. 전세사기피해자듵 인정받았습니다. 다목 인정을 못받았구요. 피해자들을 4명모았는데 어떻게 대처할수있을까요 형사고소 가능할까요? | 특이사항 1. 깡통주택 / 대항력있는 선순위임차인,provided_synthetic_consultations
CASE-0076,G02,서울,서울구로구구,미상,계약중(종료예정),미상,미상,미상,경매·공매,소송제기,"12/9일 계약종료이며 내용증명 송부하였고, 받앗습니다만 아무런 답이없고 현재 회사는 계약 종료맞춰 보증금 반환을 못할 가능성이큽니다 파산신청중이란 이야기가 있습니다 저의 경우는 전세금반환소송과 함께 강제경매를 통해 집을 낙찰받는게 다 낫다고하는데 국세를 제가 내야만 받아올수있나요? 저는 22년도에 계약한것인데도 ㅠ 왜 제가 국세를 납부해야만 되는건지 너무 억울하고 잘 이해가 되질 않습니다",,unknown,"보증상품 보증상품 미확인 | 주택유형 미상 | 보증금구간 미상 | 계약상태 계약중(종료예정) | 선순위권리 미상 | 반환보증 미상 | 분쟁유형 경매·공매 | 진행단계 소송제기 | 상황 12/9일 계약종료이며 내용증명 송부하였고, 받앗습니다만 아무런 답이없고 현재 회사는 계약 종료맞춰 보증금 반환을 못할 가능성이큽니다 파산신청중이란 이야기가 있습니다 저의 경우는 전세금반환소송과 함께 강제경매를 통해 집을 낙찰받는게 다 낫다고하는데 국세를 제가 내야만 받아올수있나요? 저는 22년도에 계약한것인데도 ㅠ 왜 제가 국세를 납부해야만 되는건지 너무 억울하고 잘 이해가 되질 않습니다",provided_synthetic_consultations
CASE-0077,G02,경기,의정부시,1억 미만,계약중(종료예정),미상,미상,미상,전세사기,임차권등기,"본 계약기간은 22.07.30~24.07.29입니다. 전화로 계약해지통보를 했는데 24.06.04에 통화 기록만 있습니다. 해지통보 당시에도 만료일에 못 주고 여유를 좀 달라며, 1~2개월 정도 더 살아줄 것을 요구했습니다. 일단은 1개월 정도 기다려주기로 하고 더 살기로 했습니다. 그런데 지금까지 보증금 반환을 안 해주고 있습니다. 이후 매달 보증금 반환 여부를 문자와 통화로 연락은 주고 받았는데 계속 보증금 반환을 미루고 있는 상황입니다. 이사를 가야해서 24.10.25에 더 이상 기다려줄 수 없음을 얘기하고 최종적으로 계약해지통보를 했습니다. 일단은 보증금은 바로 반환할 수 없다고 말하는 상태이고, 임차권등기명령신청을 하고 방을 정리하고 보증금반환을 기다릴 생각입니다. 이와 같은 일로 임차권등기명령 신청이유를 작성하는데 어려움이 있어 글을 남깁니다.",1. 임대인이 호실 대부분을 소유,unknown,"보증상품 보증상품 미확인 | 주택유형 미상 | 보증금구간 1억 미만 | 계약상태 계약중(종료예정) | 선순위권리 미상 | 반환보증 미상 | 분쟁유형 전세사기 | 진행단계 임차권등기 | 상황 본 계약기간은 22.07.30~24.07.29입니다. 전화로 계약해지통보를 했는데 24.06.04에 통화 기록만 있습니다. 해지통보 당시에도 만료일에 못 주고 여유를 좀 달라며, 1~2개월 정도 더 살아줄 것을 요구했습니다. 일단은 1개월 정도 기다려주기로 하고 더 살기로 했습니다. 그런데 지금까지 보증금 반환을 안 해주고 있습니다. 이후 매달 보증금 반환 여부를 문자와 통화로 연락은 주고 받았는데 계속 보증금 반환을 미루고 있는 상황입니다. 이사를 가야해서 24.10.25에 더 이상 기다려줄 수 없음을 얘기하고 최종적으로 계약해지통보를 했습니다. 일단은 보증금은 바로 반환할 수 없다고 말하는 상태이고, 임차권등기명령신청을 하고 방을 정리하고 보증금반환을 기다릴 생각입니다. 이와 같은 일로 임차권등기명령 신청이유를 작성하는데 어려움이 있어 글을 남깁니다. | 특이사항 1. 임대인이 호실 대부분을 소유",provided_synthetic_consultations
CASE-0078,G02,부산,남구,1억~2억,계약중(종료예정),미상,미상,가입,경매·공매,HUG이행청구,"법원 집행관사무소에서 임의경매 안내장(첨부)을 받은 상태인데 이런경우가 처음이라 불안한 마음에 계약서(첨부)상 지금 년 연장하여 살고 있는상태입니다. 추후 경매여부와 상관 없이 보증금을 돌려받을수 있는 상태일까요???? 아마 허그를 통해 받아야할텐데 제가 준비해야할 서류나 절차가 어떻게 될까요? 전문적인 지식이 없어 이곳저곳 찾아보다보니, 대응 일자에 따라 보증을 받지못하여 보증금을 못 돌려받을수도 있다고 하여 이런 경우가 처음이라 잘",,unknown,"보증상품 보증상품 미확인 | 주택유형 미상 | 보증금구간 1억~2억 | 계약상태 계약중(종료예정) | 선순위권리 미상 | 반환보증 가입 | 분쟁유형 경매·공매 | 진행단계 HUG이행청구 | 상황 법원 집행관사무소에서 임의경매 안내장(첨부)을 받은 상태인데 이런경우가 처음이라 불안한 마음에 계약서(첨부)상 지금 년 연장하여 살고 있는상태입니다. 추후 경매여부와 상관 없이 보증금을 돌려받을수 있는 상태일까요???? 아마 허그를 통해 받아야할텐데 제가 준비해야할 서류나 절차가 어떻게 될까요? 전문적인 지식이 없어 이곳저곳 찾아보다보니, 대응 일자에 따라 보증을 받지못하여 보증금을 못 돌려받을수도 있다고 하여 이런 경우가 처음이라 잘",provided_synthetic_consultations
CASE-0079,G02,경기,경기도김포시,1억~2억,계약중(종료예정),미상,미상,가입,기타·일반문의,임차권등기,11.6일 만기 이사가기로되어있습니다. 그런데 집주인이 전세보증금 전체는 못주고 새로 이사갈집 보증금8천 정도만 줄수있다합니다. 11.5일 당일에도 임대인대출승인이 아직안났다면서 저보고 전세대출연장해달라하여 임차권등기로 연장한다 통보한상태입니다. 만기 전 9.13일 퇴거하겠다하고 알겠다고 문자답장은 받은 상태였습니다,,unknown,보증상품 보증상품 미확인 | 주택유형 미상 | 보증금구간 1억~2억 | 계약상태 계약중(종료예정) | 선순위권리 미상 | 반환보증 가입 | 분쟁유형 기타·일반문의 | 진행단계 임차권등기 | 상황 11.6일 만기 이사가기로되어있습니다. 그런데 집주인이 전세보증금 전체는 못주고 새로 이사갈집 보증금8천 정도만 줄수있다합니다. 11.5일 당일에도 임대인대출승인이 아직안났다면서 저보고 전세대출연장해달라하여 임차권등기로 연장한다 통보한상태입니다. 만기 전 9.13일 퇴거하겠다하고 알겠다고 문자답장은 받은 상태였습니다,provided_synthetic_consultations
CASE-0080,G02,미상,과천시,3억 이상,계약중(종료예정),아파트,미상,미상,경매·공매,임차권등기,5/6계약만료전 집이 경매가 잡힘 5/21 아파트 입주때문에 임차권등기명령 해놓고 이사나감 아직까지 보증금 안주고있음 변호사 비용 경매가 걸려있는 상황에서 어떻게 보증금을 받을 수 있는지,1. 임차인은 잠실에서 일하고 있는 중개보조원,unknown,보증상품 보증상품 미확인 | 주택유형 아파트 | 보증금구간 3억 이상 | 계약상태 계약중(종료예정) | 선순위권리 미상 | 반환보증 미상 | 분쟁유형 경매·공매 | 진행단계 임차권등기 | 상황 5/6계약만료전 집이 경매가 잡힘 5/21 아파트 입주때문에 임차권등기명령 해놓고 이사나감 아직까지 보증금 안주고있음 변호사 비용 경매가 걸려있는 상황에서 어떻게 보증금을 받을 수 있는지 | 특이사항 1. 임차인은 잠실에서 일하고 있는 중개보조원,provided_synthetic_consultations
CASE-0081,G02,경기,미상,1억 미만,계약중(종료예정),미상,미상,가입,묵시적갱신분쟁,임차권등기,현상황 2020년 12월 1일 - 2022년 11월 30일 2022년 11월 30일 - 2023년 11월 30일 현재는 묵시적 갱신으로 거주중 본인이 주택공사에서 금융이자지원하는 대상에 선정되면서 24년 8월에 2024년 9월 26일 - 2026년 9월 27일 갱신계약 체결 ---> 이사를 해야하는 상황 발생하여 24년 9월 21일에 위 계약취소 함 (* 계약업무했던 법무법인에 계약취소서류 팩스 및 등기발송완) 11월 30일에 보증금 반환 요구할 예정이나 현재 집주인은 새로운 임차인이 구해지지 않았다며 일단 알아보겠다고함 본인 전세보증보험에 가입되어 있는 월 30일 보증금 미반환 시 12월 1일 임차권등기 설정 신청할 예정 집주인은 3개월 이전에 갱신거절을 했어야 한다고 주장중 임차권설정등기 및 보증보험신청에 문제가 없을지,,jeonse_return,보증상품 전세보증금반환보증 | 주택유형 미상 | 보증금구간 1억 미만 | 계약상태 계약중(종료예정) | 선순위권리 미상 | 반환보증 가입 | 분쟁유형 묵시적갱신분쟁 | 진행단계 임차권등기 | 상황 현상황 2020년 12월 1일 - 2022년 11월 30일 2022년 11월 30일 - 2023년 11월 30일 현재는 묵시적 갱신으로 거주중 본인이 주택공사에서 금융이자지원하는 대상에 선정되면서 24년 8월에 2024년 9월 26일 - 2026년 9월 27일 갱신계약 체결 ---> 이사를 해야하는 상황 발생하여 24년 9월 21일에 위 계약취소 함 (* 계약업무했던 법무법인에 계약취소서류 팩스 및 등기발송완) 11월 30일에 보증금 반환 요구할 예정이나 현재 집주인은 새로운 임차인이 구해지지 않았다며 일단 알아보겠다고함 본인 전세보증보험에 가입되어 있는 월 30일 보증금 미반환 시 12월 1일 임차권등기 설정 신청할 예정 집주인은 3개월 이전에 갱신거절을 했어야 한다고 주장중 임차권설정등기 및 보증보험신청에 문제가 없을지,provided_synthetic_consultations
CASE-0082,G02,부산,부산진구,미상,계약중(종료예정),미상,미상,미상,묵시적갱신분쟁,내용증명·공시송달,21.01.29~23.01.29 이후 묵시적갱신으로 연장하고 살던중 월 중순에 이사나가겠다 이사통보 드리고 부동산에 집내놨습니다.(10/8) 주인은 세입지가 구해져야 된다는 말만 하길래 이사날짜를 10월8일후 세달후인 1월8일로 변경하고 1월8일날 나갈테니 보증금 달라고 하니 그 말은 무시하고 계약날짜가 1월29일이네요 라는 말만 합니다 그럼 1.29날에 보증금 줄거냐 라고. 다시 정확하게 묵시적갱신중이고 10월8일날 이사통보 드렸으니 25.1.8일날 퇴거할테니 보증금 그날 달라고 카톡남겼고 읽기만 하고 무시하는 상황입니다. 전화했더니 집주인이 계약날짜를 물어보길래 제가 1월29일 인데 그 전에 말한 세달 뒤인 1월8일날 주셨으면 한다고했습니다. 그러자 집주인이 영수증확인해봐야 한다며 알겠다고만 하고 끊었습니다. 법인으로 임대계약을 한 상태이고 지금이라도 퇴거날짜를 1월8일로 한 내용증명을 보내야 할까요??? 법인등기부등본상 주소로 내용증명을 보내면 될까요,,unknown,보증상품 보증상품 미확인 | 주택유형 미상 | 보증금구간 미상 | 계약상태 계약중(종료예정) | 선순위권리 미상 | 반환보증 미상 | 분쟁유형 묵시적갱신분쟁 | 진행단계 내용증명·공시송달 | 상황 21.01.29~23.01.29 이후 묵시적갱신으로 연장하고 살던중 월 중순에 이사나가겠다 이사통보 드리고 부동산에 집내놨습니다.(10/8) 주인은 세입지가 구해져야 된다는 말만 하길래 이사날짜를 10월8일후 세달후인 1월8일로 변경하고 1월8일날 나갈테니 보증금 달라고 하니 그 말은 무시하고 계약날짜가 1월29일이네요 라는 말만 합니다 그럼 1.29날에 보증금 줄거냐 라고. 다시 정확하게 묵시적갱신중이고 10월8일날 이사통보 드렸으니 25.1.8일날 퇴거할테니 보증금 그날 달라고 카톡남겼고 읽기만 하고 무시하는 상황입니다. 전화했더니 집주인이 계약날짜를 물어보길래 제가 1월29일 인데 그 전에 말한 세달 뒤인 1월8일날 주셨으면 한다고했습니다. 그러자 집주인이 영수증확인해봐야 한다며 알겠다고만 하고 끊었습니다. 법인으로 임대계약을 한 상태이고 지금이라도 퇴거날짜를 1월8일로 한 내용증명을 보내야 할까요??? 법인등기부등본상 주소로 내용증명을 보내면 될까요,provided_synthetic_consultations
CASE-0083,G02,서울,강남구,3억 이상,계약중(종료예정),미상,미상,가입,기타·일반문의,내용증명·공시송달,"올해 11/15일 계약만료 예정이며 임대인이 사망했고 상속인들이 상속포기하여 법원에 상속재산 관리인을 선임요청하여 선임이된 상황입니다. 임대인의 사망을 알고 계약 만료 2개월 전인 9/2일에 2순위 상속인에게 내용증명을 도달시켜 계약해지 의사표시를 하였습니다. 질문입니다. 질문1. 이 상황에서 제가 임차권 등기명령을 신청하려고 하는데, 2순위 상속인을 피신청인으로 하고 계약 종료일 다음날 임차권 등기명령을 신청해도 될까요? 상속재산관리인을 피신청인으로 하면 계약해지의사전달 내용증명 발송 후 3개월 이후에야 임차권 신청가능한 거라고 나오는데 너무 늦을것 같아서 아니면 2순위상속인으로 신청하고 당사자표시 정정을 상속재산관리인으로 받는게 나을까요? 질문2 상속 재산관리인 신청시 만원정도를 법원에 냈는데, 이게 상속재산관리인 보수와는 다른건가요? 저는 허그에 보증보험 신청할꺼라 상속재산관리인에게 해지통보만 하면 될거같은데 보수내라고 이후에 법원에서 또 결정문이 오는건지",,unknown,"보증상품 보증상품 미확인 | 주택유형 미상 | 보증금구간 3억 이상 | 계약상태 계약중(종료예정) | 선순위권리 미상 | 반환보증 가입 | 분쟁유형 기타·일반문의 | 진행단계 내용증명·공시송달 | 상황 올해 11/15일 계약만료 예정이며 임대인이 사망했고 상속인들이 상속포기하여 법원에 상속재산 관리인을 선임요청하여 선임이된 상황입니다. 임대인의 사망을 알고 계약 만료 2개월 전인 9/2일에 2순위 상속인에게 내용증명을 도달시켜 계약해지 의사표시를 하였습니다. 질문입니다. 질문1. 이 상황에서 제가 임차권 등기명령을 신청하려고 하는데, 2순위 상속인을 피신청인으로 하고 계약 종료일 다음날 임차권 등기명령을 신청해도 될까요? 상속재산관리인을 피신청인으로 하면 계약해지의사전달 내용증명 발송 후 3개월 이후에야 임차권 신청가능한 거라고 나오는데 너무 늦을것 같아서 아니면 2순위상속인으로 신청하고 당사자표시 정정을 상속재산관리인으로 받는게 나을까요? 질문2 상속 재산관리인 신청시 만원정도를 법원에 냈는데, 이게 상속재산관리인 보수와는 다른건가요? 저는 허그에 보증보험 신청할꺼라 상속재산관리인에게 해지통보만 하면 될거같은데 보수내라고 이후에 법원에서 또 결정문이 오는건지",provided_synthetic_consultations
CASE-0084,G02,세종,미상,1억 미만,계약중(종료예정),미상,선순위존재,미상,경매·공매,소송제기,"2023.5.25 최초계약 (전세7,800만원) -2023.5.30 전입신고 및 확정일자 -2024.10.01 재계약 (전세7,100만원) -2024.10.24 전세입자 가압류 (가압류 2,000만원) -2024. 10.28 전입신고 및 확정일자 집값이 떨어져서 전세금을 낮추어 재계약하고 난 후 전세입자가 가압류를 건 상황입니다. 재계약일과 2번째 전입신고일 사이에 계약내용 변동이 있어 신고가 늦어졌습니다. 전세 금액 변동이 낮추어진 경우는 굳이 전입신고 및 확정일자 신고는 다시 할 필요가 없다고 들었는데 위와 같은 상황인 경우, 1. 가압류시점과 두번째 확정일자를 기준으로 경매 등 선순위가 결정되는건가요? 2. 현재 거주하고 있는 세입자(임차인)를 우선변제 및 보호해주는 법적제도가 있을까요? 3. 가압류가 걸리고, 집주인(임대인)이 전세금을 보장해주지 못한다고 하면 계약기간이 끝나고 임대차등기명령 절차를 진행해야 하나요? (또는 임차인 전세금을 보장해주는 다른 절차가 있나요?) 4. 또한, 재계약 사유가 임대인이 전세금을 빼주지 못한다고 하여서인데, 이 경우 임대인 개인 간 전세금에 대한 공증,현금보관증,소비대차 등을 체결하면 나중에 가압류, 소송 등 법적효력이 있나요?",,unknown,"보증상품 보증상품 미확인 | 주택유형 미상 | 보증금구간 1억 미만 | 계약상태 계약중(종료예정) | 선순위권리 선순위존재 | 반환보증 미상 | 분쟁유형 경매·공매 | 진행단계 소송제기 | 상황 2023.5.25 최초계약 (전세7,800만원) -2023.5.30 전입신고 및 확정일자 -2024.10.01 재계약 (전세7,100만원) -2024.10.24 전세입자 가압류 (가압류 2,000만원) -2024. 10.28 전입신고 및 확정일자 집값이 떨어져서 전세금을 낮추어 재계약하고 난 후 전세입자가 가압류를 건 상황입니다. 재계약일과 2번째 전입신고일 사이에 계약내용 변동이 있어 신고가 늦어졌습니다. 전세 금액 변동이 낮추어진 경우는 굳이 전입신고 및 확정일자 신고는 다시 할 필요가 없다고 들었는데 위와 같은 상황인 경우, 1. 가압류시점과 두번째 확정일자를 기준으로 경매 등 선순위가 결정되는건가요? 2. 현재 거주하고 있는 세입자(임차인)를 우선변제 및 보호해주는 법적제도가 있을까요? 3. 가압류가 걸리고, 집주인(임대인)이 전세금을 보장해주지 못한다고 하면 계약기간이 끝나고 임대차등기명령 절차를 진행해야 하나요? (또는 임차인 전세금을 보장해주는 다른 절차가 있나요?) 4. 또한, 재계약 사유가 임대인이 전세금을 빼주지 못한다고 하여서인데, 이 경우 임대인 개인 간 전세금에 대한 공증,현금보관증,소비대차 등을 체결하면 나중에 가압류, 소송 등 법적효력이 있나요?",provided_synthetic_consultations
CASE-0085,G02,경기,경기오산시,1억 미만,계약종료,미상,미상,가입,기타·일반문의,HUG이행청구,"허그에보증보험이행청구는접수상태이고 임대인이랑계약당시차용증걸림돌이네요 전세금은 한번에95000000이체한상태 1차계약 89250000 2차갱신계약93700000 1,차용증 5750000 2,차용증1300000 전세금이체내역,차용증2본접수상태",,unknown,"보증상품 보증상품 미확인 | 주택유형 미상 | 보증금구간 1억 미만 | 계약상태 계약종료 | 선순위권리 미상 | 반환보증 가입 | 분쟁유형 기타·일반문의 | 진행단계 HUG이행청구 | 상황 허그에보증보험이행청구는접수상태이고 임대인이랑계약당시차용증걸림돌이네요 전세금은 한번에95000000이체한상태 1차계약 89250000 2차갱신계약93700000 1,차용증 5750000 2,차용증1300000 전세금이체내역,차용증2본접수상태",provided_synthetic_consultations
CASE-0086,G02,미상,사천시,1억 미만,계약중(종료예정),다가구주택,근저당설정,미상,경매·공매,소송제기,"1) 상황 -. 2023년 8월 16일 건물주와 직접 부동산임대차계약함 -. 2024년 5월 9일 부동산임의 경매 고지서 받음. -. 건물주는 건물을 매매를 하여 돈을 상환하겠 함 (10월까지) -. 현 매매가 어려우니 경매를 하고 나머지 금액은 공증증서 작성하여 매달 갚아 나가겠다고함 2) 요점 -. 은행 (4.2억), 12명 올전세 (5.9억) -. 다가구 건물이며 12명중 후순위 변재 자임(9번) 3) 형사소송 가능한지 -. 2023년 8월 부터 3명은 건물주와 계약을 진행 (8월 2명, 24년 1월 1명, 약 1.5억) -. 2024년 2월 근저당 아자를 체납 함.",,unknown,"보증상품 보증상품 미확인 | 주택유형 다가구주택 | 보증금구간 1억 미만 | 계약상태 계약중(종료예정) | 선순위권리 근저당설정 | 반환보증 미상 | 분쟁유형 경매·공매 | 진행단계 소송제기 | 상황 1) 상황 -. 2023년 8월 16일 건물주와 직접 부동산임대차계약함 -. 2024년 5월 9일 부동산임의 경매 고지서 받음. -. 건물주는 건물을 매매를 하여 돈을 상환하겠 함 (10월까지) -. 현 매매가 어려우니 경매를 하고 나머지 금액은 공증증서 작성하여 매달 갚아 나가겠다고함 2) 요점 -. 은행 (4.2억), 12명 올전세 (5.9억) -. 다가구 건물이며 12명중 후순위 변재 자임(9번) 3) 형사소송 가능한지 -. 2023년 8월 부터 3명은 건물주와 계약을 진행 (8월 2명, 24년 1월 1명, 약 1.5억) -. 2024년 2월 근저당 아자를 체납 함.",provided_synthetic_consultations
CASE-0087,G02,대전,동구,1억 미만,계약중(종료예정),미상,압류·가압류,가입,보증금미반환,소송제기,"사건 개요로는 현재 집주인이 구속된 상황에서 세입자로서 전세금을 돌려받기 위한 법적 절차를 진행 중입니다. 이에 대응하기 위해 집주인의 구속 사실을 근거로 내용증명을 발송하고, 임차권 등기도 설정하였습니다. 이후 지급명령을 신청했으나, 법원에서 지급명령보다는 전세금 반환 소송을 권장하였습니다. 현재 해당 부동산에는 가압류가 걸려있어, 이 가압류가 전세금 반환 소송에 미칠 영향이 궁금합니다. 또한 현재 해당 집에 거주 중이며, 전세보증금을 담보로 받은 대출이 있어 이를 6개월 연장한 상태입니다. 이 상황에서 변호사님께 여쭙고 싶은 사항은 다음과 같습니다. 우선, 현재 부동산에 걸려 있는 가압류가 전세금 반환 소송에 미치는 영향이 있는지, 가압류로 인해 전세금 반환에 제약이 있을 가능성이 있는지 확인하고 싶습니다. 또한, 법원에서 권장한 대로 전세금 반환 소송을 진행할 경우 절차상 유의해야 할 점이나 필요한 서류가 무엇인지, 그리고 기존에 신청한 지급명령과 전세금 반환 소송을 어떻게 병행하여 처리해야 하는지 궁금합니다. 특히 지급명령과 전세금 반환 소송 중 어떤 절차를 우선 진행해야 할지 상담하고 싶습니다. 마지막으로, 은행 대출 상환과 관련하여 법적 절차 중 고려해야 할 사항이 있는지 변호사님의 조언을 구하고자 합니다.",1. 입주이후 가압류10억 설정,unknown,"보증상품 보증상품 미확인 | 주택유형 미상 | 보증금구간 1억 미만 | 계약상태 계약중(종료예정) | 선순위권리 압류·가압류 | 반환보증 가입 | 분쟁유형 보증금미반환 | 진행단계 소송제기 | 상황 사건 개요로는 현재 집주인이 구속된 상황에서 세입자로서 전세금을 돌려받기 위한 법적 절차를 진행 중입니다. 이에 대응하기 위해 집주인의 구속 사실을 근거로 내용증명을 발송하고, 임차권 등기도 설정하였습니다. 이후 지급명령을 신청했으나, 법원에서 지급명령보다는 전세금 반환 소송을 권장하였습니다. 현재 해당 부동산에는 가압류가 걸려있어, 이 가압류가 전세금 반환 소송에 미칠 영향이 궁금합니다. 또한 현재 해당 집에 거주 중이며, 전세보증금을 담보로 받은 대출이 있어 이를 6개월 연장한 상태입니다. 이 상황에서 변호사님께 여쭙고 싶은 사항은 다음과 같습니다. 우선, 현재 부동산에 걸려 있는 가압류가 전세금 반환 소송에 미치는 영향이 있는지, 가압류로 인해 전세금 반환에 제약이 있을 가능성이 있는지 확인하고 싶습니다. 또한, 법원에서 권장한 대로 전세금 반환 소송을 진행할 경우 절차상 유의해야 할 점이나 필요한 서류가 무엇인지, 그리고 기존에 신청한 지급명령과 전세금 반환 소송을 어떻게 병행하여 처리해야 하는지 궁금합니다. 특히 지급명령과 전세금 반환 소송 중 어떤 절차를 우선 진행해야 할지 상담하고 싶습니다. 마지막으로, 은행 대출 상환과 관련하여 법적 절차 중 고려해야 할 사항이 있는지 변호사님의 조언을 구하고자 합니다. | 특이사항 1. 입주이후 가압류10억 설정",provided_synthetic_consultations
CASE-0088,G02,서울,구로구,1억~2억,계약종료,미상,압류·가압류,가입,묵시적갱신분쟁,내용증명·공시송달,"서울시에서 전세로 살고 있으며 HUG 보증보험 이행 청구 준비중인 청년입니다. 청구 시 임대인 변경 관련해서 문제가 생겨 현재 상당히 곤혹스러운 상황인데요 나름 열심히 준비했다고 생각하는데 이런식으로 문제가 생겼습니다 상황 2022년 9월 22일 전세집 계약 날짜 2022년 10월 22일 확정일자 체득 2022년 10월 30일 계약 시작일자 (종료 : 2024 10월 29일) 2022년 10월 31일 전입신고 완료 2023년 8월 14일 전세집 가압류 등기 접수 2024년 3월 8일 임대인의 자녀에게 증여(2019년생) 2024년 4월 계약 해지 문자 통보 및 답장 받음(전 임대인 명의(모친) 연락처로) 2024년 6월 계약 해지 내용증명 통보(전 임대인 명의 및 주소지로) 2024년 9월 계약 해지 공시송달 통보(전 임대인 명의 및 주소지로) 2024년 10월 29일 전세 계약 만료 2024년 10월 31일 전세 보증보험 임대인 변경 접수 완료(1달 이상 소요됨) 2024년 11월 1일 전 임대인(모친)의 인감이 날인된 계약해지 합의서 수취 완료 문제 2024년 3월, 19년생인 현 임대인(5살)에게 계약 해지 통보를 하지 않았기 때문에 묵시적 계약 연장으로 처리되며 보증보험 청구가 불가능하다고 합니다. 문의사항 1. 현재 보증보험 측에서는 계약해지를 통보한 대상이 현 임대인이 아닌 법적대리인이기 때문에 보증보험 청구가 불가능하다고 하는 상황입니다. 2. 이에 따라서 계약해지 합의서를 법적 대리인인 전 임대인(모친)과 작성하였으나, 부친의 명의로 된 계약 해지 합의서도 함께 필요하다는 입장입니다. 3. 현재 현 임대인의 부친은 연락이 어려워 해당 서류 수취가 어려운 상황입니다. 4. 이에 대해서 로톡 등 변호사 상담을 통해 HUG 센터에 방문해 아래와 같이 주장해 봤지만 그래도 계속해서 부친 명의로 된 계약해지 합의서가 필요하다는 상황입니다 ㄱ. 민법911조를 보면 법적 대리인은 부 또는 모라고 되어 있는데 현재 상황처럼 친모의 계약해지 합의서 만으로는 계약해지가 원활히 이루어진 것으로 볼 수 있음 ㄴ. 애시당초 2019년생 자녀에게 계약 해지를 통보하는 것은 연락처 또한 등록되지 않은 상태라 불가했습니다, 이러한 경우 법적 대리인 연락처 및 주소로 문자,내용증명,공시송달의 과정을 거쳤다면 적법한 계약해지 통보임. 어찌되었든 현 임대인의 부친의 연락처를 수소문하여 합의서를 작성하려고 노력 중입니다만 혹시나 현재 상황에서 이행 청구를 요청할 수 있을지 다른 방법이 있을지 도움",1. 깡통주택,unknown,"보증상품 보증상품 미확인 | 주택유형 미상 | 보증금구간 1억~2억 | 계약상태 계약종료 | 선순위권리 압류·가압류 | 반환보증 가입 | 분쟁유형 묵시적갱신분쟁 | 진행단계 내용증명·공시송달 | 상황 서울시에서 전세로 살고 있으며 HUG 보증보험 이행 청구 준비중인 청년입니다. 청구 시 임대인 변경 관련해서 문제가 생겨 현재 상당히 곤혹스러운 상황인데요 나름 열심히 준비했다고 생각하는데 이런식으로 문제가 생겼습니다 상황 2022년 9월 22일 전세집 계약 날짜 2022년 10월 22일 확정일자 체득 2022년 10월 30일 계약 시작일자 (종료 : 2024 10월 29일) 2022년 10월 31일 전입신고 완료 2023년 8월 14일 전세집 가압류 등기 접수 2024년 3월 8일 임대인의 자녀에게 증여(2019년생) 2024년 4월 계약 해지 문자 통보 및 답장 받음(전 임대인 명의(모친) 연락처로) 2024년 6월 계약 해지 내용증명 통보(전 임대인 명의 및 주소지로) 2024년 9월 계약 해지 공시송달 통보(전 임대인 명의 및 주소지로) 2024년 10월 29일 전세 계약 만료 2024년 10월 31일 전세 보증보험 임대인 변경 접수 완료(1달 이상 소요됨) 2024년 11월 1일 전 임대인(모친)의 인감이 날인된 계약해지 합의서 수취 완료 문제 2024년 3월, 19년생인 현 임대인(5살)에게 계약 해지 통보를 하지 않았기 때문에 묵시적 계약 연장으로 처리되며 보증보험 청구가 불가능하다고 합니다. 문의사항 1. 현재 보증보험 측에서는 계약해지를 통보한 대상이 현 임대인이 아닌 법적대리인이기 때문에 보증보험 청구가 불가능하다고 하는 상황입니다. 2. 이에 따라서 계약해지 합의서를 법적 대리인인 전 임대인(모친)과 작성하였으나, 부친의 명의로 된 계약 해지 합의서도 함께 필요하다는 입장입니다. 3. 현재 현 임대인의 부친은 연락이 어려워 해당 서류 수취가 어려운 상황입니다. 4. 이에 대해서 로톡 등 변호사 상담을 통해 HUG 센터에 방문해 아래와 같이 주장해 봤지만 그래도 계속해서 부친 명의로 된 계약해지 합의서가 필요하다는 상황입니다 ㄱ. 민법911조를 보면 법적 대리인은 부 또는 모라고 되어 있는데 현재 상황처럼 친모의 계약해지 합의서 만으로는 계약해지가 원활히 이루어진 것으로 볼 수 있음 ㄴ. 애시당초 2019년생 자녀에게 계약 해지를 통보하는 것은 연락처 또한 등록되지 않은 상태라 불가했습니다, 이러한 경우 법적 대리인 연락처 및 주소로 문자,내용증명,공시송달의 과정을 거쳤다면 적법한 계약해지 통보임. 어찌되었든 현 임대인의 부친의 연락처를 수소문하여 합의서를 작성하려고 노력 중입니다만 혹시나 현재 상황에서 이행 청구를 요청할 수 있을지 다른 방법이 있을지 도움 | 특이사항 1. 깡통주택",provided_synthetic_consultations
CASE-0089,G02,서울,관악구,1억 미만,계약중(종료예정),다가구주택,선순위존재,미상,경매·공매,임차권등기,11월 9일 계약 종료 예정인데 현재 집주인이 대출 상환 의사가 없는 상황입니다. 원래는 계약 종료 이후 바로 임차권등기신청을 할 예정이었는데 찾아보니 이사를 나가지 않고 실거주를 할 경우 임차권등기신청이 별 의미가 없다고 하더라고요 (일단 임차권등기신청을 위해서 내용증명을 보낸 상황인데 이사불명으로 인한 반송이 된 상태긴합니다.) 그리고 집주인쪽에서 일단 연장이자같은 것들을 내줄테니 6개월이라도 계약연장을 해서 대출연장을 원하는 상황인데 이 경우 법적조치 대신 상환 협조의 의미로 계약과 대출연장을 한다면 추후에 생길 경매나 그런 법적인 부분에서 큰 문제가 없을까요?,1. 다가구주택 / 2018년도 최초입주 / 선순위임차인 있었으나 몇명이었는지는 모름,unknown,보증상품 보증상품 미확인 | 주택유형 다가구주택 | 보증금구간 1억 미만 | 계약상태 계약중(종료예정) | 선순위권리 선순위존재 | 반환보증 미상 | 분쟁유형 경매·공매 | 진행단계 임차권등기 | 상황 11월 9일 계약 종료 예정인데 현재 집주인이 대출 상환 의사가 없는 상황입니다. 원래는 계약 종료 이후 바로 임차권등기신청을 할 예정이었는데 찾아보니 이사를 나가지 않고 실거주를 할 경우 임차권등기신청이 별 의미가 없다고 하더라고요 (일단 임차권등기신청을 위해서 내용증명을 보낸 상황인데 이사불명으로 인한 반송이 된 상태긴합니다.) 그리고 집주인쪽에서 일단 연장이자같은 것들을 내줄테니 6개월이라도 계약연장을 해서 대출연장을 원하는 상황인데 이 경우 법적조치 대신 상환 협조의 의미로 계약과 대출연장을 한다면 추후에 생길 경매나 그런 법적인 부분에서 큰 문제가 없을까요? | 특이사항 1. 다가구주택 / 2018년도 최초입주 / 선순위임차인 있었으나 몇명이었는지는 모름,provided_synthetic_consultations
CASE-0090,G02,서울,관악구,2억~3억,계약종료,미상,압류·가압류,가입,보증금미반환,임차권등기,"저는 올해 9/24 전세계약만기였고, HF보증보험 들어놨습니다. 집주인 세금 미납으로 압류된 상태였고, 9월 초에 세금 납부하여 압류 풀리고 신규 세입자를 구하려 하였으나, 공시지가 하락으로 다음 세입자는 1억9700만원까지 보증보험이 가능하여 신규세입자의 보증금으로 제게 줄 돈을 마련하기에는 차액이 있었고, 집주인은 그 차액마저 마련을 못하겠다며 매매 손님을 찾거나 보증보험이 안 되어도 들어올 세입자를 찾느라고 시간이 걸렸습니다. 저는 보증보험 절차를 밟을 예정이었지만 집주인에게 도의적으로 약간의 말미를 주었고 10월 초까지 기다렸다가 보증보험 절차를 밟겠다고 고지했습니다. 그런데 10월 초에 계약하겠다는 사람이 나타났지만 11월 22일에 잔금을 치를 수 있다고 하였고(계약금을 저에게 주겠다고 함), 그 계약건만 믿고 기다렸다가는 제가 보증보험 측에 이행청구할 수 있는 기간이 지날 것 같아 너무 늦다고 임차권 말소조건으로 계약을 하든 알아서 하시라고 하고 저는 임차권등기를 진행하겠다고 하였습니다. 그렇게 보증보험측에 필요한 자료들을 모두 넘겼는데, 공사측에서 집주인에게 채권양도 통지를 보냈는데 집주인이 아닌 동거인(직계가족 아닌 직장동료)이 수령을 해서 본인에게 전달되지 않는다고, 이런 경우 보증보험을 통해서 돈을 못 돌려받을 수 있다고 합니다. 저는 이미 채권양도 계약서를 썼고, 집주인의 초본까지 넘긴 상황입니다. 공사측에서는 자신의 법률대리 회사측에 문의해보겠지만, 돈을 못 돌려받을 수 있으며 12월 23일까지 심사가 이루어져야 하는데 그때까지 심사가 이루어지지 않으면 반환은 어렵다고 제게 말했습니다. 그리고 그때까지 제가 할 수 있는 일은 그냥 기다리는 것 뿐이라고 하였습니다. 이 경우, 집주인에게 채권양도 통지가 도달한 것으로 인정이 될까요? 인정되지 않는다면 저는 지금 단계에서 보증금을 반환받기 위해 무엇을(어떤 법적 절차를) 준비할 수 있을 지",1. 깡통주택은 아닌 상태,unknown,"보증상품 보증상품 미확인 | 주택유형 미상 | 보증금구간 2억~3억 | 계약상태 계약종료 | 선순위권리 압류·가압류 | 반환보증 가입 | 분쟁유형 보증금미반환 | 진행단계 임차권등기 | 상황 저는 올해 9/24 전세계약만기였고, HF보증보험 들어놨습니다. 집주인 세금 미납으로 압류된 상태였고, 9월 초에 세금 납부하여 압류 풀리고 신규 세입자를 구하려 하였으나, 공시지가 하락으로 다음 세입자는 1억9700만원까지 보증보험이 가능하여 신규세입자의 보증금으로 제게 줄 돈을 마련하기에는 차액이 있었고, 집주인은 그 차액마저 마련을 못하겠다며 매매 손님을 찾거나 보증보험이 안 되어도 들어올 세입자를 찾느라고 시간이 걸렸습니다. 저는 보증보험 절차를 밟을 예정이었지만 집주인에게 도의적으로 약간의 말미를 주었고 10월 초까지 기다렸다가 보증보험 절차를 밟겠다고 고지했습니다. 그런데 10월 초에 계약하겠다는 사람이 나타났지만 11월 22일에 잔금을 치를 수 있다고 하였고(계약금을 저에게 주겠다고 함), 그 계약건만 믿고 기다렸다가는 제가 보증보험 측에 이행청구할 수 있는 기간이 지날 것 같아 너무 늦다고 임차권 말소조건으로 계약을 하든 알아서 하시라고 하고 저는 임차권등기를 진행하겠다고 하였습니다. 그렇게 보증보험측에 필요한 자료들을 모두 넘겼는데, 공사측에서 집주인에게 채권양도 통지를 보냈는데 집주인이 아닌 동거인(직계가족 아닌 직장동료)이 수령을 해서 본인에게 전달되지 않는다고, 이런 경우 보증보험을 통해서 돈을 못 돌려받을 수 있다고 합니다. 저는 이미 채권양도 계약서를 썼고, 집주인의 초본까지 넘긴 상황입니다. 공사측에서는 자신의 법률대리 회사측에 문의해보겠지만, 돈을 못 돌려받을 수 있으며 12월 23일까지 심사가 이루어져야 하는데 그때까지 심사가 이루어지지 않으면 반환은 어렵다고 제게 말했습니다. 그리고 그때까지 제가 할 수 있는 일은 그냥 기다리는 것 뿐이라고 하였습니다. 이 경우, 집주인에게 채권양도 통지가 도달한 것으로 인정이 될까요? 인정되지 않는다면 저는 지금 단계에서 보증금을 반환받기 위해 무엇을(어떤 법적 절차를) 준비할 수 있을 지 | 특이사항 1. 깡통주택은 아닌 상태",provided_synthetic_consultations
CASE-0091,G02,서울,양천구,2억~3억,계약중(종료예정),미상,압류·가압류,가입,경매·공매,HUG이행청구,"20년 5월 전세 입주 당시 등기부 등본은 깨끗 21년부터 22년까지 가압류1개 압류 4개가 걸림. 22년도 4월 이후로는 더 이상 압류 들어 온 게 없음. 주인이 보증금을 못 주는 상황이라 그냥 일단은 더 살고 있고 올해 5월 확인 했을 때도 위 상태 그대로였습니다. 그런데 어제 등기부등본을 확인하니, 위에 압류 중 1건이 압류등기말소가 된 게 있고(등기원인에 \`해제\`로 기재), 그 이후 아주 최근 자인 24년10월30일자로 또 새로운 압류가 되어있습니다. 한 집에 압류는 계속 들어오는건가요? 올 초 집주인과 통화 시 능력이 된다면 집을 경매 받으라고 최대한 도움을 주겠다고는 했습니다. 하지만 당시에는 22년도 이후로 더 압류 된 건이 없었고 제 돈 써가면서 변호사 상담 받고 경매를 진행 해야 하나 싶어서 일단은 계속 살고 있겠다고 결론 지었던거구요. 지금 가장 궁금증 한 점은, 한 집에 압류가 몇 개까지 들어올 수 있는 건지 이며 그 답변에 따라 더 문의 드릴 게 있을 것 같습니다.",1. 허그에서 가압류설정,unknown,"보증상품 보증상품 미확인 | 주택유형 미상 | 보증금구간 2억~3억 | 계약상태 계약중(종료예정) | 선순위권리 압류·가압류 | 반환보증 가입 | 분쟁유형 경매·공매 | 진행단계 HUG이행청구 | 상황 20년 5월 전세 입주 당시 등기부 등본은 깨끗 21년부터 22년까지 가압류1개 압류 4개가 걸림. 22년도 4월 이후로는 더 이상 압류 들어 온 게 없음. 주인이 보증금을 못 주는 상황이라 그냥 일단은 더 살고 있고 올해 5월 확인 했을 때도 위 상태 그대로였습니다. 그런데 어제 등기부등본을 확인하니, 위에 압류 중 1건이 압류등기말소가 된 게 있고(등기원인에 \`해제\`로 기재), 그 이후 아주 최근 자인 24년10월30일자로 또 새로운 압류가 되어있습니다. 한 집에 압류는 계속 들어오는건가요? 올 초 집주인과 통화 시 능력이 된다면 집을 경매 받으라고 최대한 도움을 주겠다고는 했습니다. 하지만 당시에는 22년도 이후로 더 압류 된 건이 없었고 제 돈 써가면서 변호사 상담 받고 경매를 진행 해야 하나 싶어서 일단은 계속 살고 있겠다고 결론 지었던거구요. 지금 가장 궁금증 한 점은, 한 집에 압류가 몇 개까지 들어올 수 있는 건지 이며 그 답변에 따라 더 문의 드릴 게 있을 것 같습니다. | 특이사항 1. 허그에서 가압류설정",provided_synthetic_consultations
CASE-0092,G02,미상,미상,1억~2억,계약종료,다가구주택,근저당설정,미상,기타·일반문의,임차권등기,2024.11.6일계약종료되었습니다 아직 보증금 일부를 받지못해 임차권등기를 신청했는데 2024.9.13일에 종료의사 표했더니 알았다는 집주인 문자를 받았습니다. 임차권등기하는데는 문제가있을까걱정됩니다,1. 다가구주택 / 12억선순위근저당 설정 상태에서 임대차계약,unknown,보증상품 보증상품 미확인 | 주택유형 다가구주택 | 보증금구간 1억~2억 | 계약상태 계약종료 | 선순위권리 근저당설정 | 반환보증 미상 | 분쟁유형 기타·일반문의 | 진행단계 임차권등기 | 상황 2024.11.6일계약종료되었습니다 아직 보증금 일부를 받지못해 임차권등기를 신청했는데 2024.9.13일에 종료의사 표했더니 알았다는 집주인 문자를 받았습니다. 임차권등기하는데는 문제가있을까걱정됩니다 | 특이사항 1. 다가구주택 / 12억선순위근저당 설정 상태에서 임대차계약,provided_synthetic_consultations
CASE-0093,G02,경기,의정부시,1억~2억,계약중(종료예정),아파트,압류·가압류,미상,보증금미반환,소송제기,"24.11.14 전세계약 만료이고 24.10.14에 캐피탈 1,200만원 가압류 걸렸습니다. 임대인과 연락이 두절된 상태이고 11월15일에 임차권등기명령 접수할 예정입니다. 임대인은 더 아파트 한 채 소유하고 있고 전세 임차인이 있습니다. 이런 상황에서 가압류, 보증금반환소송은 언제 하면 좋을까요? 그리고 가압류는 2군데 다 해야될까요?",,unknown,"보증상품 보증상품 미확인 | 주택유형 아파트 | 보증금구간 1억~2억 | 계약상태 계약중(종료예정) | 선순위권리 압류·가압류 | 반환보증 미상 | 분쟁유형 보증금미반환 | 진행단계 소송제기 | 상황 24.11.14 전세계약 만료이고 24.10.14에 캐피탈 1,200만원 가압류 걸렸습니다. 임대인과 연락이 두절된 상태이고 11월15일에 임차권등기명령 접수할 예정입니다. 임대인은 더 아파트 한 채 소유하고 있고 전세 임차인이 있습니다. 이런 상황에서 가압류, 보증금반환소송은 언제 하면 좋을까요? 그리고 가압류는 2군데 다 해야될까요?",provided_synthetic_consultations
CASE-0094,G02,경기,미상,1억 미만,계약중(종료예정),미상,근저당설정,가입,전세사기,상담·검토,"계약기간 : 2023년 3월13일~ 2025년 3월12일 전세계약 (2017년 3월13일에 입주해 계속 전세계약 연장), 재 계약시 마다 확정일자 받음 주변 지인을 통해 같은 부동산에서 전세사기를 당해, 등기부등본 확인 결과, 근저당으로 인해 “임의 경매개시 결정(24년 6월 12일)“ 계약기간이 남아 어떻게 전세 반환을 받아야 되는 지 명확하지 않아 (제가 따로 보증보험을 들지 않았음)",,unknown,"보증상품 보증상품 미확인 | 주택유형 미상 | 보증금구간 1억 미만 | 계약상태 계약중(종료예정) | 선순위권리 근저당설정 | 반환보증 가입 | 분쟁유형 전세사기 | 진행단계 상담·검토 | 상황 계약기간 : 2023년 3월13일~ 2025년 3월12일 전세계약 (2017년 3월13일에 입주해 계속 전세계약 연장), 재 계약시 마다 확정일자 받음 주변 지인을 통해 같은 부동산에서 전세사기를 당해, 등기부등본 확인 결과, 근저당으로 인해 “임의 경매개시 결정(24년 6월 12일)“ 계약기간이 남아 어떻게 전세 반환을 받아야 되는 지 명확하지 않아 (제가 따로 보증보험을 들지 않았음)",provided_synthetic_consultations
CASE-0095,G02,경기,수원시,2억~3억,계약중(종료예정),미상,미상,미상,보증금미반환,상담·검토,임대보증금 반환,,unknown,보증상품 보증상품 미확인 | 주택유형 미상 | 보증금구간 2억~3억 | 계약상태 계약중(종료예정) | 선순위권리 미상 | 반환보증 미상 | 분쟁유형 보증금미반환 | 진행단계 상담·검토 | 상황 임대보증금 반환,provided_synthetic_consultations
CASE-0096,G02,미상,관악구,1억~2억,계약종료,미상,압류·가압류,미상,전세사기,상담·검토,"건물 명의인은 명의만 가지고 있으며, 실질적인 사업주는 명의인의 아버지입니다. 아버지를 상대로 가압류 및 법적조치를 할 수 있는지 알고 싶습니다. 건물은 임의경매 결정이 난 상황인데 이후 대처할 수 있는 방안이 있을지",1. 중개사는 폐업했으나 손해배상청구가능할 것으로 추정,unknown,"보증상품 보증상품 미확인 | 주택유형 미상 | 보증금구간 1억~2억 | 계약상태 계약종료 | 선순위권리 압류·가압류 | 반환보증 미상 | 분쟁유형 전세사기 | 진행단계 상담·검토 | 상황 건물 명의인은 명의만 가지고 있으며, 실질적인 사업주는 명의인의 아버지입니다. 아버지를 상대로 가압류 및 법적조치를 할 수 있는지 알고 싶습니다. 건물은 임의경매 결정이 난 상황인데 이후 대처할 수 있는 방안이 있을지 | 특이사항 1. 중개사는 폐업했으나 손해배상청구가능할 것으로 추정",provided_synthetic_consultations
CASE-0097,G02,경기,화성시,1억~2억,계약중(종료예정),미상,미상,미상,전세사기,상담·검토,"전 현재 계약 종료 4개월 전인 상황이고, 미리 집을 빼려고 연락 시도했다가 집주인과 연락이 되지 않아서 조사하던 중 전세사기 피의자로 의심되어 조치를 취하고자 하고 있습니다. 알아보니 이미 이 임대인이 전세 관련해서 형사 고소 여러 건을 진행 중이라고 들었습니다 (동일 임대인에 대한 타 피해자들과 연락이 되어서 직접 들은 내용입니다). 이 경우, 저 역시 계약 종료 이전에 미리 형사 고소를 진행할 수 있는지",1. 21.03 최초임대차계약(1.4억) / 이후 1개월만에 임대인변경 / 중간에 염치없이 6백만원증액해서 받아감,unknown,"보증상품 보증상품 미확인 | 주택유형 미상 | 보증금구간 1억~2억 | 계약상태 계약중(종료예정) | 선순위권리 미상 | 반환보증 미상 | 분쟁유형 전세사기 | 진행단계 상담·검토 | 상황 전 현재 계약 종료 4개월 전인 상황이고, 미리 집을 빼려고 연락 시도했다가 집주인과 연락이 되지 않아서 조사하던 중 전세사기 피의자로 의심되어 조치를 취하고자 하고 있습니다. 알아보니 이미 이 임대인이 전세 관련해서 형사 고소 여러 건을 진행 중이라고 들었습니다 (동일 임대인에 대한 타 피해자들과 연락이 되어서 직접 들은 내용입니다). 이 경우, 저 역시 계약 종료 이전에 미리 형사 고소를 진행할 수 있는지 | 특이사항 1. 21.03 최초임대차계약(1.4억) / 이후 1개월만에 임대인변경 / 중간에 염치없이 6백만원증액해서 받아감",provided_synthetic_consultations
CASE-0098,G02,경기,광명시,1억~2억,계약중(종료예정),미상,미상,가입,기타·일반문의,HUG이행청구,"현재 HUG 전세 안심보증보험에 가입되어있는 이번달에 2년 계약이 만료될 예정인데, 임대인은 자금이 없어 지급이 어렵다는 입장입니다. 2개월 전에 이미 내용 증명(문자)는 받아놓았는데, 문제는 임대차계약서 상 임대인 전화번호가 실제 임대인 전화번호가 아닌 임대인 가족과 관련된 사람 연락처로 되어있었습니다. 내용 증명은 실제 임대인 전화번호로 문자를 보냈고, 이런 경우 신분증 사본 앞,뒤가 필요하다는 Hug 답변을 받았는데 임대인은 아직 묵묵부답입니다. 이런 경우 제가 할 수 있는 방법이 있을까요?",,unknown,"보증상품 보증상품 미확인 | 주택유형 미상 | 보증금구간 1억~2억 | 계약상태 계약중(종료예정) | 선순위권리 미상 | 반환보증 가입 | 분쟁유형 기타·일반문의 | 진행단계 HUG이행청구 | 상황 현재 HUG 전세 안심보증보험에 가입되어있는 이번달에 2년 계약이 만료될 예정인데, 임대인은 자금이 없어 지급이 어렵다는 입장입니다. 2개월 전에 이미 내용 증명(문자)는 받아놓았는데, 문제는 임대차계약서 상 임대인 전화번호가 실제 임대인 전화번호가 아닌 임대인 가족과 관련된 사람 연락처로 되어있었습니다. 내용 증명은 실제 임대인 전화번호로 문자를 보냈고, 이런 경우 신분증 사본 앞,뒤가 필요하다는 Hug 답변을 받았는데 임대인은 아직 묵묵부답입니다. 이런 경우 제가 할 수 있는 방법이 있을까요?",provided_synthetic_consultations
CASE-0099,G02,경기,군포시,2억~3억,계약중(종료예정),미상,미상,미상,기타·일반문의,소송제기,계약만료가 12월 30일 신규세입자가 없는 상태라 지금은 전세반환금을 돌려줄수없다는 입장이며 저는 전세대출건으로 연장이 필요하여 그럼 3월 30일 3개월 후 반환해주는 계약서를 쓰자고 하니 그것도 못해주겠다며 소송하라고 강경하게 나옵니다 1. 계약연장도 안된 상태라면 제가받은 전세대출은 어찌해야하며 2.소송하게되면 받을 수 있는 기간은 얼마나 걸릴까요 3. 임대인은 그럼 제가 3월 30일까지 배려하여 계약서를 쓰자하니 4월말 연장으로 계약서를 다시 쓰든지 싫음 지금이라도 소송걸던지 하라며 강경하게 나옵니다 4월말까지 저는 기다릴수 없는 상황이며 대출이자에 대한 부담도 있습니다 임대인의 갑질에 화가 나는데 소송후 전세자금반환만 해주면 끝나는건가요? 그에게 가는 불이익은 없는지요 4. 상속받은 집이며 집을 두채 소유하고 있어 세금문제로 누나명의로 집소유권 이전한 상태입니다 누나는 얼굴도 보지못했으며 저와 얘기나눈분은 대리인의 자격입니다,1. 어머니에서 딸로 상속 / 아들과 소통,unknown,보증상품 보증상품 미확인 | 주택유형 미상 | 보증금구간 2억~3억 | 계약상태 계약중(종료예정) | 선순위권리 미상 | 반환보증 미상 | 분쟁유형 기타·일반문의 | 진행단계 소송제기 | 상황 계약만료가 12월 30일 신규세입자가 없는 상태라 지금은 전세반환금을 돌려줄수없다는 입장이며 저는 전세대출건으로 연장이 필요하여 그럼 3월 30일 3개월 후 반환해주는 계약서를 쓰자고 하니 그것도 못해주겠다며 소송하라고 강경하게 나옵니다 1. 계약연장도 안된 상태라면 제가받은 전세대출은 어찌해야하며 2.소송하게되면 받을 수 있는 기간은 얼마나 걸릴까요 3. 임대인은 그럼 제가 3월 30일까지 배려하여 계약서를 쓰자하니 4월말 연장으로 계약서를 다시 쓰든지 싫음 지금이라도 소송걸던지 하라며 강경하게 나옵니다 4월말까지 저는 기다릴수 없는 상황이며 대출이자에 대한 부담도 있습니다 임대인의 갑질에 화가 나는데 소송후 전세자금반환만 해주면 끝나는건가요? 그에게 가는 불이익은 없는지요 4. 상속받은 집이며 집을 두채 소유하고 있어 세금문제로 누나명의로 집소유권 이전한 상태입니다 누나는 얼굴도 보지못했으며 저와 얘기나눈분은 대리인의 자격입니다 | 특이사항 1. 어머니에서 딸로 상속 / 아들과 소통,provided_synthetic_consultations
CASE-0100,G02,서울,서울시영등포구,1억~2억,계약종료,다세대주택,근저당설정,미상,기타·일반문의,소송제기,계약종료후 재계약의사없다고 했는데도 임대인(법인)이 세입자구해서 돈을준다고했지만4개월을 기다려도 전세금반환받지못하고있어서 전섹ㅁ반환소송을 알아보고있어요.계약기간은2022.7.9~2024.7.9입니다.원룸다세대주택에 거주.돈받지않고는 절대이사계획없어서 임차권설정은 안한상태입니다.다른임차인이 실거주하면서 임차권설정 해서 집 보러오는사람이 전혀없는상태입니다,1. 다중주택 / 17억근저당설정 상태에서 임대차계약 / 24가구 거주중,unknown,보증상품 보증상품 미확인 | 주택유형 다세대주택 | 보증금구간 1억~2억 | 계약상태 계약종료 | 선순위권리 근저당설정 | 반환보증 미상 | 분쟁유형 기타·일반문의 | 진행단계 소송제기 | 상황 계약종료후 재계약의사없다고 했는데도 임대인(법인)이 세입자구해서 돈을준다고했지만4개월을 기다려도 전세금반환받지못하고있어서 전섹ㅁ반환소송을 알아보고있어요.계약기간은2022.7.9~2024.7.9입니다.원룸다세대주택에 거주.돈받지않고는 절대이사계획없어서 임차권설정은 안한상태입니다.다른임차인이 실거주하면서 임차권설정 해서 집 보러오는사람이 전혀없는상태입니다 | 특이사항 1. 다중주택 / 17억근저당설정 상태에서 임대차계약 / 24가구 거주중,provided_synthetic_consultations
CASE-0101,G02,미상,미상,2억~3억,계약종료,미상,미상,가입,기타·일반문의,HUG이행청구,임대차등기명령 결정 후 내용,1. 이행청구신청완료,unknown,보증상품 보증상품 미확인 | 주택유형 미상 | 보증금구간 2억~3억 | 계약상태 계약종료 | 선순위권리 미상 | 반환보증 가입 | 분쟁유형 기타·일반문의 | 진행단계 HUG이행청구 | 상황 임대차등기명령 결정 후 내용 | 특이사항 1. 이행청구신청완료,provided_synthetic_consultations
CASE-0102,G02,경남,창원시,1억~2억,계약중(종료예정),미상,미상,미상,기타·일반문의,상담·검토,전세만기가 23년9.30일인데 23년9월에25년 9.30일 까지 은행대출계약 연장이되었습니다 그래서 암묵적 계약연장으로 이사가기 3개월전 24.3월에 이사의사 빍혔더니 은행 계약 연장자체가 계약서라서 암묵적 연장이 아니기때문에 전세금 반환 안된다하여 24.6월에 전입을빼고 이사할집으로 주소옮겼습니다 전입빼면서 여동생이 주소지 이전하고요 계약서를 새로 써야할것같은데 어떻게하는게 좋을까요 전입을 뺐기때문에 계약기간이 끝나도 계약금을 못돌려받나요?,,unknown,보증상품 보증상품 미확인 | 주택유형 미상 | 보증금구간 1억~2억 | 계약상태 계약중(종료예정) | 선순위권리 미상 | 반환보증 미상 | 분쟁유형 기타·일반문의 | 진행단계 상담·검토 | 상황 전세만기가 23년9.30일인데 23년9월에25년 9.30일 까지 은행대출계약 연장이되었습니다 그래서 암묵적 계약연장으로 이사가기 3개월전 24.3월에 이사의사 빍혔더니 은행 계약 연장자체가 계약서라서 암묵적 연장이 아니기때문에 전세금 반환 안된다하여 24.6월에 전입을빼고 이사할집으로 주소옮겼습니다 전입빼면서 여동생이 주소지 이전하고요 계약서를 새로 써야할것같은데 어떻게하는게 좋을까요 전입을 뺐기때문에 계약기간이 끝나도 계약금을 못돌려받나요?,provided_synthetic_consultations
CASE-0103,G02,서울,관악구,1억~2억,계약종료,다가구주택,선순위존재,미가입,경매·공매,판결·집행,"*보증보험x/다가구주택 *보증금 1억 4천(중기청 1억 대출) ㄴ2천만원만 반납받은 상태 *계약기간 : 2022.07.15 ~ 2024.07.15 *임차권등기 완료 *전세피해자 신청 아직 X, 곧 신청 예정 *2명의 공동임대인/임대사업자 *피해자들과 단톡방O, 선순위권 피해자분은 경매신청시기 조율중이라고 함 안녕하세요, 현재 보증금미반환소송 진행 후 판결선고기일(11/20)을 앞두고 있습니다. 제가 다가구주택 후순위권이라 경매에 들어간다쳐도 돈을 받을 수 있는 확률이 거의 없는걸로 알고 있는데요 이제 법무사와 함께 진행을 해야할것같은데 절차가 무엇일지, 어떤 절차로 나아가야 제 돈을 받을 수 있을지 압류,경매 등 제가 아직 지식이 많이 없어서요 ㅠ 법무사/변호사 비용 관련해서도",1. 셀프지급명령신청 - 소송으로 전환되었으나 - 24.11.20 선고기일,unknown,"보증상품 보증상품 미확인 | 주택유형 다가구주택 | 보증금구간 1억~2억 | 계약상태 계약종료 | 선순위권리 선순위존재 | 반환보증 미가입 | 분쟁유형 경매·공매 | 진행단계 판결·집행 | 상황 *보증보험x/다가구주택 *보증금 1억 4천(중기청 1억 대출) ㄴ2천만원만 반납받은 상태 *계약기간 : 2022.07.15 ~ 2024.07.15 *임차권등기 완료 *전세피해자 신청 아직 X, 곧 신청 예정 *2명의 공동임대인/임대사업자 *피해자들과 단톡방O, 선순위권 피해자분은 경매신청시기 조율중이라고 함 안녕하세요, 현재 보증금미반환소송 진행 후 판결선고기일(11/20)을 앞두고 있습니다. 제가 다가구주택 후순위권이라 경매에 들어간다쳐도 돈을 받을 수 있는 확률이 거의 없는걸로 알고 있는데요 이제 법무사와 함께 진행을 해야할것같은데 절차가 무엇일지, 어떤 절차로 나아가야 제 돈을 받을 수 있을지 압류,경매 등 제가 아직 지식이 많이 없어서요 ㅠ 법무사/변호사 비용 관련해서도 | 특이사항 1. 셀프지급명령신청 - 소송으로 전환되었으나 - 24.11.20 선고기일",provided_synthetic_consultations
CASE-0104,G02,미상,강서구,미상,계약종료,미상,미상,가입,기타·일반문의,판결·집행,"허그 통해서 전세금 변제 후 지연손해금 전자소송 중인데 피고가 승소하지 못할 가능성이 있는지, 소송을 취하하는게 더 나은 방향인건지?",,unknown,"보증상품 보증상품 미확인 | 주택유형 미상 | 보증금구간 미상 | 계약상태 계약종료 | 선순위권리 미상 | 반환보증 가입 | 분쟁유형 기타·일반문의 | 진행단계 판결·집행 | 상황 허그 통해서 전세금 변제 후 지연손해금 전자소송 중인데 피고가 승소하지 못할 가능성이 있는지, 소송을 취하하는게 더 나은 방향인건지?",provided_synthetic_consultations
CASE-0105,G02,대전,대전서구,1억~2억,계약중(종료예정),다가구주택,미상,미상,경매·공매,소송제기,다가구주택 주인이 지난달 10월에 간이회생신청 18년부터 묵시적갱신후 법원에서 회생신청등기를 받은후 집빼겠다고 주인에게 연락했더니 회생신청중이라 기다려야한다는 답변받음. 후순위라 경매시 받을돈 없음. 부동산계약서상 선임대보증금1억6천이라 하였는데 실제 확정일자 열람해보니 3억이 넘었음. 공인중개사 민사서성 접수한상태인데 집주인에게 어떻게 대처해야할지 조언바랍니다.,1. 셀프소송 중,unknown,보증상품 보증상품 미확인 | 주택유형 다가구주택 | 보증금구간 1억~2억 | 계약상태 계약중(종료예정) | 선순위권리 미상 | 반환보증 미상 | 분쟁유형 경매·공매 | 진행단계 소송제기 | 상황 다가구주택 주인이 지난달 10월에 간이회생신청 18년부터 묵시적갱신후 법원에서 회생신청등기를 받은후 집빼겠다고 주인에게 연락했더니 회생신청중이라 기다려야한다는 답변받음. 후순위라 경매시 받을돈 없음. 부동산계약서상 선임대보증금1억6천이라 하였는데 실제 확정일자 열람해보니 3억이 넘었음. 공인중개사 민사서성 접수한상태인데 집주인에게 어떻게 대처해야할지 조언바랍니다. | 특이사항 1. 셀프소송 중,provided_synthetic_consultations
CASE-0106,G02,미상,도봉구,2억~3억,계약중(종료예정),미상,미상,가입,전세사기,HUG이행청구,"보증보험에 가입되어 있으나 이행청구전에 확인차 센터에 방문했더니 계약상의 문제로 이행청구 거절이 될수도 있다고 합니다. 전세사기 피해자 신청이라도 할려면 이행청구거절이 됐다는 답변이 있어야하는데 전세사기 피해자 신청이 5월30일 까지인데,5월30일에 이행청구가 가능합니다. 그전에 계약종료하고 빨리 심사 받을 수 있을까요? 참고로 집주인 중도해지 합의서는 절대 안해줍니다.",1. 임대사업자(표준임대차계약서有),unknown,"보증상품 보증상품 미확인 | 주택유형 미상 | 보증금구간 2억~3억 | 계약상태 계약중(종료예정) | 선순위권리 미상 | 반환보증 가입 | 분쟁유형 전세사기 | 진행단계 HUG이행청구 | 상황 보증보험에 가입되어 있으나 이행청구전에 확인차 센터에 방문했더니 계약상의 문제로 이행청구 거절이 될수도 있다고 합니다. 전세사기 피해자 신청이라도 할려면 이행청구거절이 됐다는 답변이 있어야하는데 전세사기 피해자 신청이 5월30일 까지인데,5월30일에 이행청구가 가능합니다. 그전에 계약종료하고 빨리 심사 받을 수 있을까요? 참고로 집주인 중도해지 합의서는 절대 안해줍니다. | 특이사항 1. 임대사업자(표준임대차계약서有)",provided_synthetic_consultations
CASE-0107,G02,부산,부산진구,1억~2억,계약중(종료예정),미상,근저당설정,가입,경매·공매,상담·검토,임대인 보증보험이 가입이 안 된 상태로 경매에 넘어갔습니다.(임차인도 가입이 안되어있습니다) 계약서에 임대인 보증보험을 들어준다고 해서 계약했는데 그 건물에 제 호실만 빠져있었던 모양입니다. 경매에는 근저당이 먼저 잡혀있어 제가 선순위가 아닐 것 같습니다. 보증금 반환을 어떤 식으로 진행할 수 있을까요?,,rental_deposit,보증상품 임대보증금보증 | 주택유형 미상 | 보증금구간 1억~2억 | 계약상태 계약중(종료예정) | 선순위권리 근저당설정 | 반환보증 가입 | 분쟁유형 경매·공매 | 진행단계 상담·검토 | 상황 임대인 보증보험이 가입이 안 된 상태로 경매에 넘어갔습니다.(임차인도 가입이 안되어있습니다) 계약서에 임대인 보증보험을 들어준다고 해서 계약했는데 그 건물에 제 호실만 빠져있었던 모양입니다. 경매에는 근저당이 먼저 잡혀있어 제가 선순위가 아닐 것 같습니다. 보증금 반환을 어떤 식으로 진행할 수 있을까요?,provided_synthetic_consultations
CASE-0108,G02,충남,당진시,2억~3억,계약종료,아파트,근저당설정,미가입,경매·공매,판결·집행,"간단하게 쓰겠습니다 지방 아파트 전세 2억, 최근 실거래가 1.8억 역전세 다른 선순위 대출이나 근저당은 없음 24년 1월 계약만료, 묵시적 갱신 x 보증보험 x 임대인은 돈 마련한다고 하더니 연락두절 임차권등기 후 보증금반환소송 진행중 승소해도 임대인이 보증금을 반환하지 않으면 집행권원을 얻어서 경매진행 가능 하지만 매매 시세보다 높은 보증금이 걸려있으니 유찰될것이고 결국 임차인이 낙찰을 받을 수 밖에 없다고 하는데 대항력있는 선순위 임차인이 낙찰받을 경우에는 임대인의 채무와 혼동되어 임대인에게 더 이상 청구할 수 없다는 거 같음 (보증금을 전액 회수하지 못하더라도) 그렇다면 이사를 나가더라도 결국 지연이자나 변호사 하겠지만, 현실적으로 못받게 되면 실익이 없다고 판단되서 계속 거주중인 상태입니다 승소하고 경매 넘기기 전에 임대인의 다른 재산이 있거나 통장을 압류한다면 돈을 가져올 수 있는가요? 또 누구는 경매넘겨도 못받은 만큼은 임대인에게 청구할 수 있다고 하고 전문가라는 사람들도 말이 달라서 혼란스러운 상황입니다. 상담",1. 22년 임대차계약 / 23년 임대인변경,unknown,"보증상품 보증상품 미확인 | 주택유형 아파트 | 보증금구간 2억~3억 | 계약상태 계약종료 | 선순위권리 근저당설정 | 반환보증 미가입 | 분쟁유형 경매·공매 | 진행단계 판결·집행 | 상황 간단하게 쓰겠습니다 지방 아파트 전세 2억, 최근 실거래가 1.8억 역전세 다른 선순위 대출이나 근저당은 없음 24년 1월 계약만료, 묵시적 갱신 x 보증보험 x 임대인은 돈 마련한다고 하더니 연락두절 임차권등기 후 보증금반환소송 진행중 승소해도 임대인이 보증금을 반환하지 않으면 집행권원을 얻어서 경매진행 가능 하지만 매매 시세보다 높은 보증금이 걸려있으니 유찰될것이고 결국 임차인이 낙찰을 받을 수 밖에 없다고 하는데 대항력있는 선순위 임차인이 낙찰받을 경우에는 임대인의 채무와 혼동되어 임대인에게 더 이상 청구할 수 없다는 거 같음 (보증금을 전액 회수하지 못하더라도) 그렇다면 이사를 나가더라도 결국 지연이자나 변호사 하겠지만, 현실적으로 못받게 되면 실익이 없다고 판단되서 계속 거주중인 상태입니다 승소하고 경매 넘기기 전에 임대인의 다른 재산이 있거나 통장을 압류한다면 돈을 가져올 수 있는가요? 또 누구는 경매넘겨도 못받은 만큼은 임대인에게 청구할 수 있다고 하고 전문가라는 사람들도 말이 달라서 혼란스러운 상황입니다. 상담 | 특이사항 1. 22년 임대차계약 / 23년 임대인변경",provided_synthetic_consultations
CASE-0109,G02,서울,관악구,2억~3억,계약중(종료예정),미상,미상,미상,묵시적갱신분쟁,임차권등기,"계약서상 23년 12월 만기, 연장계약 24.09.30(문자 내용) 만기 이후 전화통화상으로 조금만 더 기다려달라는 요청으로 거주중. 보증금 반환 힘들다고 전달 받아 임차권등기 신청 가능여부 및 이후 절차에 대해 궁금해서 8월 6일 퇴거(09월 30일) 안내 문자 전달 - 답장 없음. 통화 : 세입자 열심히 구하겠다. 조금만 기다려달라. 10월 7일 퇴거(11월 30일) 통보 문자 재전달 - 답장 내역 없음(부동산 명함 사진 전달받음). 통화 : 부동산에 얘기하겠다. 협조 부탁. 10월 18일 통화 녹음 내용 : 부동산 방문 예정이니 집 정리 부탁. 제대로된 문자 내역, 전화 녹음 파일 등이 없어 임차권등기가 신청이 가능한지에 대한 상담 요청이 주 목적입니다!",1. 23.12 계약만료 / 24.09.30까지 계약연장 / 지금은 9개월 묵시적갱신이 되었다고 보는게 맞음,unknown,"보증상품 보증상품 미확인 | 주택유형 미상 | 보증금구간 2억~3억 | 계약상태 계약중(종료예정) | 선순위권리 미상 | 반환보증 미상 | 분쟁유형 묵시적갱신분쟁 | 진행단계 임차권등기 | 상황 계약서상 23년 12월 만기, 연장계약 24.09.30(문자 내용) 만기 이후 전화통화상으로 조금만 더 기다려달라는 요청으로 거주중. 보증금 반환 힘들다고 전달 받아 임차권등기 신청 가능여부 및 이후 절차에 대해 궁금해서 8월 6일 퇴거(09월 30일) 안내 문자 전달 - 답장 없음. 통화 : 세입자 열심히 구하겠다. 조금만 기다려달라. 10월 7일 퇴거(11월 30일) 통보 문자 재전달 - 답장 내역 없음(부동산 명함 사진 전달받음). 통화 : 부동산에 얘기하겠다. 협조 부탁. 10월 18일 통화 녹음 내용 : 부동산 방문 예정이니 집 정리 부탁. 제대로된 문자 내역, 전화 녹음 파일 등이 없어 임차권등기가 신청이 가능한지에 대한 상담 요청이 주 목적입니다! | 특이사항 1. 23.12 계약만료 / 24.09.30까지 계약연장 / 지금은 9개월 묵시적갱신이 되었다고 보는게 맞음",provided_synthetic_consultations
CASE-0110,G02,경기,수원시,1억 미만,계약종료,미상,미상,미상,기타·일반문의,임차권등기,현 상황 : 임차권등기명령 결정까지 완료 문의사항 1) 결정정보 송달 후 임차인이 취해야 할 후속 조치 문의사항 2) 보증금 지연 손해금 청구 요령 문의사항 3) 결정정본에 지급 명령 내용이 기입되게 하려면 어떻게 신청해야하는지 문의,,unknown,보증상품 보증상품 미확인 | 주택유형 미상 | 보증금구간 1억 미만 | 계약상태 계약종료 | 선순위권리 미상 | 반환보증 미상 | 분쟁유형 기타·일반문의 | 진행단계 임차권등기 | 상황 현 상황 : 임차권등기명령 결정까지 완료 문의사항 1) 결정정보 송달 후 임차인이 취해야 할 후속 조치 문의사항 2) 보증금 지연 손해금 청구 요령 문의사항 3) 결정정본에 지급 명령 내용이 기입되게 하려면 어떻게 신청해야하는지 문의,provided_synthetic_consultations
CASE-0111,G02,서울,송파구,2억~3억,계약중(종료예정),미상,선순위존재,가입,경매·공매,내용증명·공시송달,"거주중인 집에 임대인 국세 체납으로 압류가 걸린 상황입니다. 확정일자는 21년 7월, 전입신고는 21년 8월, 23년 8월 묵시적 갱신과 동시에 HF 지킴보증 가입 했습니다. 압류기입은 24년 6월에 되었습니다. 혹시나 계약기간 중 공매 진행이 될 경우 국세가 저보다 선순위라면 HF 보증보험 이행이 100프로 가능한게 맞을까요? HF에서 절차를 안내받기로는 배당요청 후 배당금을 제외한 차액에 대해 보증이행이 될 것이라고 하는데, 만약 공매가 계속 유찰이 된다면 어떻게 되나요? 조만간 묵시적갱신 해지통보를 위한 내용증명을 발송할 예정이나, 혹시 그 사이에 공매 진행이 될 것이 우려되어",,unknown,"보증상품 보증상품 미확인 | 주택유형 미상 | 보증금구간 2억~3억 | 계약상태 계약중(종료예정) | 선순위권리 선순위존재 | 반환보증 가입 | 분쟁유형 경매·공매 | 진행단계 내용증명·공시송달 | 상황 거주중인 집에 임대인 국세 체납으로 압류가 걸린 상황입니다. 확정일자는 21년 7월, 전입신고는 21년 8월, 23년 8월 묵시적 갱신과 동시에 HF 지킴보증 가입 했습니다. 압류기입은 24년 6월에 되었습니다. 혹시나 계약기간 중 공매 진행이 될 경우 국세가 저보다 선순위라면 HF 보증보험 이행이 100프로 가능한게 맞을까요? HF에서 절차를 안내받기로는 배당요청 후 배당금을 제외한 차액에 대해 보증이행이 될 것이라고 하는데, 만약 공매가 계속 유찰이 된다면 어떻게 되나요? 조만간 묵시적갱신 해지통보를 위한 내용증명을 발송할 예정이나, 혹시 그 사이에 공매 진행이 될 것이 우려되어",provided_synthetic_consultations
CASE-0112,G02,경기,화성시,2억~3억,계약중(종료예정),미상,근저당설정,미상,기타·일반문의,임차권등기,"1. 22년 8월 30일 최초계약 2. 24년 5월에 연장 요청하였으며, 25년 1월에 이사하기로 통보함 3. 24년 8월30일에 최초계약 만료되었으며, 연장상태 임 4. 24년 10월 8일에 구체적인 이사날짜 통보함. 25년 1월 3일에 이사를 가야하는 상황인데, 집주인은 돈을 돌려줄 마음이 없어보임 그에 따라 임차권등기 설정을 준비하고자함 미리 내용증명송달 하고, 임차권 등기 준비에 대하여",1. 선순위근저당 2.7억설정 상태에서 임대차계약 / 현재 호가7.8억,unknown,"보증상품 보증상품 미확인 | 주택유형 미상 | 보증금구간 2억~3억 | 계약상태 계약중(종료예정) | 선순위권리 근저당설정 | 반환보증 미상 | 분쟁유형 기타·일반문의 | 진행단계 임차권등기 | 상황 1. 22년 8월 30일 최초계약 2. 24년 5월에 연장 요청하였으며, 25년 1월에 이사하기로 통보함 3. 24년 8월30일에 최초계약 만료되었으며, 연장상태 임 4. 24년 10월 8일에 구체적인 이사날짜 통보함. 25년 1월 3일에 이사를 가야하는 상황인데, 집주인은 돈을 돌려줄 마음이 없어보임 그에 따라 임차권등기 설정을 준비하고자함 미리 내용증명송달 하고, 임차권 등기 준비에 대하여 | 특이사항 1. 선순위근저당 2.7억설정 상태에서 임대차계약 / 현재 호가7.8억",provided_synthetic_consultations
CASE-0113,G02,충북,청주시,1억~2억,계약종료,미상,미상,가입,경매·공매,상담·검토,9월23일 전세계약 종료되었는데 보증금 줄 돈이 없다고 지금까지 단 한푼도 못받은 상황입니다 보증보험 가입은 안되었고 전세권 설정은 해두었는데 임대인은 시세보다 더 높은 가격에 매매 반전세 개념 월세로 올려두었다 보니까 다음 세입자는 안구해지고 있습니다,1. 전세권에 의한 임의경매는 당장가능하다,unknown,보증상품 보증상품 미확인 | 주택유형 미상 | 보증금구간 1억~2억 | 계약상태 계약종료 | 선순위권리 미상 | 반환보증 가입 | 분쟁유형 경매·공매 | 진행단계 상담·검토 | 상황 9월23일 전세계약 종료되었는데 보증금 줄 돈이 없다고 지금까지 단 한푼도 못받은 상황입니다 보증보험 가입은 안되었고 전세권 설정은 해두었는데 임대인은 시세보다 더 높은 가격에 매매 반전세 개념 월세로 올려두었다 보니까 다음 세입자는 안구해지고 있습니다 | 특이사항 1. 전세권에 의한 임의경매는 당장가능하다,provided_synthetic_consultations
CASE-0114,G02,경기,용인시,1억 미만,계약중(종료예정),미상,미상,미상,묵시적갱신분쟁,상담·검토,"월세 묵시적 연장 관련하여 21.1월부터 23.1월까지 거주하였고, 계약갱신청구권 통해 23년 1월15일부터 25년 1월14일까지 연장 계약되어있습니다. 이전까지 아무런 연락없다 24년 11월 15일인 오늘 임대사업자인 집주인이 연장을 원한다면 기존 월세 49만원에서 77만원으로 올려야한다고 연락이 왔습니다. 여기서 질문이 두 가지 있습니다. 1. 6~2개월 전 연장에 대한 논의가 없으면 묵시적 갱신으로 알고 있는데, 11월 15일인 오늘 연락을 받았다면 이미 묵시적 갱신으로 적용된 것일까요? 2. 상대가 임대사업자라 5%씩 월세를 올릴 수 있는 것으로 알고 있는데, 2년+2년이 끝났다고 하더라고 5% 이상인 49->77만원으로 올릴 수 있는 걸까요? 답변 미리 감사드립니다.",,unknown,"보증상품 보증상품 미확인 | 주택유형 미상 | 보증금구간 1억 미만 | 계약상태 계약중(종료예정) | 선순위권리 미상 | 반환보증 미상 | 분쟁유형 묵시적갱신분쟁 | 진행단계 상담·검토 | 상황 월세 묵시적 연장 관련하여 21.1월부터 23.1월까지 거주하였고, 계약갱신청구권 통해 23년 1월15일부터 25년 1월14일까지 연장 계약되어있습니다. 이전까지 아무런 연락없다 24년 11월 15일인 오늘 임대사업자인 집주인이 연장을 원한다면 기존 월세 49만원에서 77만원으로 올려야한다고 연락이 왔습니다. 여기서 질문이 두 가지 있습니다. 1. 6~2개월 전 연장에 대한 논의가 없으면 묵시적 갱신으로 알고 있는데, 11월 15일인 오늘 연락을 받았다면 이미 묵시적 갱신으로 적용된 것일까요? 2. 상대가 임대사업자라 5%씩 월세를 올릴 수 있는 것으로 알고 있는데, 2년+2년이 끝났다고 하더라고 5% 이상인 49->77만원으로 올릴 수 있는 걸까요? 답변 미리 감사드립니다.",provided_synthetic_consultations
CASE-0115,G02,충남,천안시,1억~2억,계약중(종료예정),미상,미상,가입,보증금미반환,내용증명·공시송달,계약갱신청구권 행사하여 재계약햇고 저희는 중도퇴실을 원함. 중도퇴실의사 전달햇으나 임대인은 보증금반환 거절. 내용증명 보냇으나 법대로 하라고 말이 안통하는 상황.,1. 전세보증금반환보증 가입,jeonse_return,보증상품 전세보증금반환보증 | 주택유형 미상 | 보증금구간 1억~2억 | 계약상태 계약중(종료예정) | 선순위권리 미상 | 반환보증 가입 | 분쟁유형 보증금미반환 | 진행단계 내용증명·공시송달 | 상황 계약갱신청구권 행사하여 재계약햇고 저희는 중도퇴실을 원함. 중도퇴실의사 전달햇으나 임대인은 보증금반환 거절. 내용증명 보냇으나 법대로 하라고 말이 안통하는 상황. | 특이사항 1. 전세보증금반환보증 가입,provided_synthetic_consultations
CASE-0116,G02,서울,강남구,3억 이상,계약중(종료예정),미상,미상,가입,묵시적갱신분쟁,임차권등기,"저는 임대인이 사망한 케이스로 계약종료 날짜는 2024년 11월15일 입니다. 임대인 사망을 늦게알아서 9월초에 2순위 상속인에게 내용증명 발송했고(1순위는 이미 상속포기), 계약만료 2개월전 9/2일도달 완료 시켰습니다. 그후 상속인들은 상속포기를해서 저는 상속재산관리인 선임 신청을해서 11월초에 선임되어 11/7일 계약해지 의사 내용증명을 보냈는데요, 제가 임차권등기를 신청했는데(은행 대출땜에 몇일 빨리 신청해도된다해서 함) 피신청인을 상속재산관리인으로 신청하고 계약해지 소명자료를 2순위 상속인에게 보낸 내용증명으로 첨부했거든요. 이러면 기각될수 도 있을까요? 상재관에게 보낸 내용증명을 기준으로 한다면 묵시적 갱신 처리되어 11/7일의 3개월 이후인 2월달에 임차권 신청이가능하잖아요 그럼 보증보험도 못받을것 같아서요 12월내에는 무조건 임차권설정이 되어야해서 급해서 그리고 추가적으로 저에게 선임된 상속재산관리인에게 전세 계약 해지확인서를 요청했더니 내용증명이도달한 11/7일의 3개월 이후인 2/7일에 써 줄수 있다하네요. 법적으로 이렇게밖에 안되는건가요? 저는 12월에 필요하거든요 보증보험받으려면 저분한테 빌어도 절대안되는건지 직업윤리적으로 안된다고 하는건지 저분에게 무슨 피해가있는건지 아시면 답변 꼭",,unknown,"보증상품 보증상품 미확인 | 주택유형 미상 | 보증금구간 3억 이상 | 계약상태 계약중(종료예정) | 선순위권리 미상 | 반환보증 가입 | 분쟁유형 묵시적갱신분쟁 | 진행단계 임차권등기 | 상황 저는 임대인이 사망한 케이스로 계약종료 날짜는 2024년 11월15일 입니다. 임대인 사망을 늦게알아서 9월초에 2순위 상속인에게 내용증명 발송했고(1순위는 이미 상속포기), 계약만료 2개월전 9/2일도달 완료 시켰습니다. 그후 상속인들은 상속포기를해서 저는 상속재산관리인 선임 신청을해서 11월초에 선임되어 11/7일 계약해지 의사 내용증명을 보냈는데요, 제가 임차권등기를 신청했는데(은행 대출땜에 몇일 빨리 신청해도된다해서 함) 피신청인을 상속재산관리인으로 신청하고 계약해지 소명자료를 2순위 상속인에게 보낸 내용증명으로 첨부했거든요. 이러면 기각될수 도 있을까요? 상재관에게 보낸 내용증명을 기준으로 한다면 묵시적 갱신 처리되어 11/7일의 3개월 이후인 2월달에 임차권 신청이가능하잖아요 그럼 보증보험도 못받을것 같아서요 12월내에는 무조건 임차권설정이 되어야해서 급해서 그리고 추가적으로 저에게 선임된 상속재산관리인에게 전세 계약 해지확인서를 요청했더니 내용증명이도달한 11/7일의 3개월 이후인 2/7일에 써 줄수 있다하네요. 법적으로 이렇게밖에 안되는건가요? 저는 12월에 필요하거든요 보증보험받으려면 저분한테 빌어도 절대안되는건지 직업윤리적으로 안된다고 하는건지 저분에게 무슨 피해가있는건지 아시면 답변 꼭",provided_synthetic_consultations
CASE-0117,G02,광주,광산구,1억~2억,계약종료,미상,미상,미상,기타·일반문의,상고심,"임대법인대표의 사망으로 약 1년정도 대표가 부재중입니다. 확정일자를 받았었고, 전세권 설정은 완료되어있는 상태입니다. 계약기간 종료 3개월 전 보냈던 내용증명은 임대법인 주소로 보냈었으나, 반송되어 우체국에서 폐기된 상태입니다. 계약기간은 22년 8월~24년 8월까지입니다.",,unknown,"보증상품 보증상품 미확인 | 주택유형 미상 | 보증금구간 1억~2억 | 계약상태 계약종료 | 선순위권리 미상 | 반환보증 미상 | 분쟁유형 기타·일반문의 | 진행단계 상고심 | 상황 임대법인대표의 사망으로 약 1년정도 대표가 부재중입니다. 확정일자를 받았었고, 전세권 설정은 완료되어있는 상태입니다. 계약기간 종료 3개월 전 보냈던 내용증명은 임대법인 주소로 보냈었으나, 반송되어 우체국에서 폐기된 상태입니다. 계약기간은 22년 8월~24년 8월까지입니다.",provided_synthetic_consultations
CASE-0118,G02,울산,남구,1억~2억,계약중(종료예정),오피스텔,미상,가입,보증금미반환,소송제기,"1. 2024년 11월 23일 만기인 2년짜리 오피스텔 전세 들어와있는 중 2. 만기 한두달 전 임대인에게 재계약 없다 의사 밝힘 임대인은 알겠다 함 3. 갑자기 만기일 다가오니 다음 세입자 구해지면 돈 주겠다 지금은 돈 못준다고 함 4. 이미 나는 새로운 집을 매매해서 이사를 가야하는 상황 5. 집주인이 피해보상 (내가 전세금 때문에 대출받은 돈) 해줄테니 한두달만 기다려달라 하는데 신뢰가 가지 않아서 법적대응해서 돈 돌려받고 싶음 6. 나는 보증보험은 가입되어있는 상태고 전세만기일 지나면 임차권등기신청해서 새 집으로 전입신고 할 예정임 7. 현재 전세보증보험이 가입되어 있어서 전세만기일 한달 후 보증보험 신청을 할건데 만기전세금을 받지 못한 상황에서 집을 매매하느라 신용대출을 받은 금액의 이자를 집주인에게 청구할 수 있는지, 보험과 별개로 보증금반환소송을 진행해야 하는건지",,jeonse_return,"보증상품 전세보증금반환보증 | 주택유형 오피스텔 | 보증금구간 1억~2억 | 계약상태 계약중(종료예정) | 선순위권리 미상 | 반환보증 가입 | 분쟁유형 보증금미반환 | 진행단계 소송제기 | 상황 1. 2024년 11월 23일 만기인 2년짜리 오피스텔 전세 들어와있는 중 2. 만기 한두달 전 임대인에게 재계약 없다 의사 밝힘 임대인은 알겠다 함 3. 갑자기 만기일 다가오니 다음 세입자 구해지면 돈 주겠다 지금은 돈 못준다고 함 4. 이미 나는 새로운 집을 매매해서 이사를 가야하는 상황 5. 집주인이 피해보상 (내가 전세금 때문에 대출받은 돈) 해줄테니 한두달만 기다려달라 하는데 신뢰가 가지 않아서 법적대응해서 돈 돌려받고 싶음 6. 나는 보증보험은 가입되어있는 상태고 전세만기일 지나면 임차권등기신청해서 새 집으로 전입신고 할 예정임 7. 현재 전세보증보험이 가입되어 있어서 전세만기일 한달 후 보증보험 신청을 할건데 만기전세금을 받지 못한 상황에서 집을 매매하느라 신용대출을 받은 금액의 이자를 집주인에게 청구할 수 있는지, 보험과 별개로 보증금반환소송을 진행해야 하는건지",provided_synthetic_consultations
CASE-0119,G02,경기,화성시,1억~2억,계약중(종료예정),미상,미상,미상,보증금미반환,상담·검토,12/21일 계약만료예정 12/5일 이사예정으로 현재 거주중인 집의 세입자가 안구해진 상황에 21일 계약 만료 시점에 임대인이 세입자가 구해지지않아 재정이 어렵다며 보증금을 반환해주지 못하겠다고 하는 상황입니다. 현재 이사당일인 5일에 일부인 6천만원을 먼저 줄 수는 있으나 계약만료시점까지 세입자가 구해지지않는다면 나머지 보증금을 줄 수 없다고 하는 상황에서 대항력을 유지하려면 21일까지 이사갈 집으로 전입신고를 하지않고 있어야하는데 현재 이사할 집도 은행 전세대출을 받아야하는 상황으로 가족을 세대원으로 남겨놓고 가고자 하는데 궁금한 점이 있어 상담 신청합니다.,,unknown,보증상품 보증상품 미확인 | 주택유형 미상 | 보증금구간 1억~2억 | 계약상태 계약중(종료예정) | 선순위권리 미상 | 반환보증 미상 | 분쟁유형 보증금미반환 | 진행단계 상담·검토 | 상황 12/21일 계약만료예정 12/5일 이사예정으로 현재 거주중인 집의 세입자가 안구해진 상황에 21일 계약 만료 시점에 임대인이 세입자가 구해지지않아 재정이 어렵다며 보증금을 반환해주지 못하겠다고 하는 상황입니다. 현재 이사당일인 5일에 일부인 6천만원을 먼저 줄 수는 있으나 계약만료시점까지 세입자가 구해지지않는다면 나머지 보증금을 줄 수 없다고 하는 상황에서 대항력을 유지하려면 21일까지 이사갈 집으로 전입신고를 하지않고 있어야하는데 현재 이사할 집도 은행 전세대출을 받아야하는 상황으로 가족을 세대원으로 남겨놓고 가고자 하는데 궁금한 점이 있어 상담 신청합니다.,provided_synthetic_consultations
CASE-0120,G02,서울,구로구,2억~3억,계약종료,오피스텔,근저당설정,가입,보증금미반환,임차권등기,"[전세계약의 내용] 1. 전세금액 : 2억4천7백만 원 2. 계약기간 : 22.11.14.~24.11.13. 3. 계약서작성일자 : 22.10.15. 4. 확정일자 : 22.10.19. 5. 전입신고일자 : 22.11.15. 6. 점유일자(이사일자) : 22.11.16. 7. 전세 계약 종료 확인서 : 24.11.16.작성 8. 임차권등기 : 24.11.18.신청 예정 [보증보험] 1. 보증보험 가입 여부 : O 2. 보증서 보유 여부 : O 3. 보증기관 : HUG 4. 보증상품 : 전세보증보험 5. 보증 기간 : 22.11.14.~24.12.13 [등기부등본] 첨부 [대출] 1. 대출상품명/대출금액 : 청년전용 버팀목 전세자금대출 / 197,600,000원 2. 대출취급은행 : 국민은행 3. 신용보증사 : HUG [주택에 관한 내용] 1. 거주지역 :. 주택 구분 : (주거용)오피스텔 3. 공시가격(https://www.realtyprice.kr) : 조회안됨(기준시가 181,464,390원) 4. 전입신고전 근저당여부 : 근저당없음 [기타] 1. 계약, 전입 후 거주하는 중 집주인이 변경되었나요? : X 2. 피해상황에 대한 내용 기재 : 보증금 미반환(대놓고 HUG에다 받으라고 함) 3. 이하 본인의 상황 자유 기재 : 1) 10월 2일 계약 연장에 대해 문자로 다른 변동 사항 없다면 연장 가능할지 문의하였고 임대인 승낙함 2) 10월중에 국민은행으로 전세 대출 연장 문의 시 연장은 대출 만료 1개월 전에 가능하다 안내받음 3) 전세 대출 만료 1달 전인 11월 13일 국민은행 방문함. 은행에서 임대인 보증 금지가 걸려 있다며 허그쪽으로 알아보니 임대인에게 보증 사고 건수가 많아 보증보험 불가하다 함. 4) 허그에 전화하니 전세 계약 종료 확인서 임대인과 만나 작성하여 법원에 임차권등기 신청하라고 함. 한 달 지나서 은행에 보증 사고 알리고 6개월 대출 연장 신청해 두라고 함. => 허그로부터 안내 받은 절차대로만 하면 제 보증금 돌려 받을 수 있는 걸까요?ㅠㅠㅠㅠ",,jeonse_return,"보증상품 전세보증금반환보증 | 주택유형 오피스텔 | 보증금구간 2억~3억 | 계약상태 계약종료 | 선순위권리 근저당설정 | 반환보증 가입 | 분쟁유형 보증금미반환 | 진행단계 임차권등기 | 상황 [전세계약의 내용] 1. 전세금액 : 2억4천7백만 원 2. 계약기간 : 22.11.14.~24.11.13. 3. 계약서작성일자 : 22.10.15. 4. 확정일자 : 22.10.19. 5. 전입신고일자 : 22.11.15. 6. 점유일자(이사일자) : 22.11.16. 7. 전세 계약 종료 확인서 : 24.11.16.작성 8. 임차권등기 : 24.11.18.신청 예정 [보증보험] 1. 보증보험 가입 여부 : O 2. 보증서 보유 여부 : O 3. 보증기관 : HUG 4. 보증상품 : 전세보증보험 5. 보증 기간 : 22.11.14.~24.12.13 [등기부등본] 첨부 [대출] 1. 대출상품명/대출금액 : 청년전용 버팀목 전세자금대출 / 197,600,000원 2. 대출취급은행 : 국민은행 3. 신용보증사 : HUG [주택에 관한 내용] 1. 거주지역 :. 주택 구분 : (주거용)오피스텔 3. 공시가격(https://www.realtyprice.kr) : 조회안됨(기준시가 181,464,390원) 4. 전입신고전 근저당여부 : 근저당없음 [기타] 1. 계약, 전입 후 거주하는 중 집주인이 변경되었나요? : X 2. 피해상황에 대한 내용 기재 : 보증금 미반환(대놓고 HUG에다 받으라고 함) 3. 이하 본인의 상황 자유 기재 : 1) 10월 2일 계약 연장에 대해 문자로 다른 변동 사항 없다면 연장 가능할지 문의하였고 임대인 승낙함 2) 10월중에 국민은행으로 전세 대출 연장 문의 시 연장은 대출 만료 1개월 전에 가능하다 안내받음 3) 전세 대출 만료 1달 전인 11월 13일 국민은행 방문함. 은행에서 임대인 보증 금지가 걸려 있다며 허그쪽으로 알아보니 임대인에게 보증 사고 건수가 많아 보증보험 불가하다 함. 4) 허그에 전화하니 전세 계약 종료 확인서 임대인과 만나 작성하여 법원에 임차권등기 신청하라고 함. 한 달 지나서 은행에 보증 사고 알리고 6개월 대출 연장 신청해 두라고 함. => 허그로부터 안내 받은 절차대로만 하면 제 보증금 돌려 받을 수 있는 걸까요?ㅠㅠㅠㅠ",provided_synthetic_consultations
CASE-0121,G02,인천,부평구,1억~2억,계약중(종료예정),오피스텔,미상,미상,묵시적갱신분쟁,임차권등기,묵시적 계약 연장으로 은행 대출 연장 진행중에 반려되어 임대인과 연락해보니 파산 신청 진행중이라고 합니다. 은행 대출 연장이 한 달 밖에 남지 않아 임차권등기 신청하고 6개월 임시 연장을 할지 일단 2년 연장을 진행하여 임대인에게 중도해지 요청을 해야되는지 판단이 어렵습니다. 아직 파산 진행중이라 다른 기관에서도 뚜렷한 방법이 없다하여 저는 어떤 절차를 밟아야 할까요?,1. 4년 거주 / 1~5층은 오피스텔 / 6층부터 주상복합,unknown,보증상품 보증상품 미확인 | 주택유형 오피스텔 | 보증금구간 1억~2억 | 계약상태 계약중(종료예정) | 선순위권리 미상 | 반환보증 미상 | 분쟁유형 묵시적갱신분쟁 | 진행단계 임차권등기 | 상황 묵시적 계약 연장으로 은행 대출 연장 진행중에 반려되어 임대인과 연락해보니 파산 신청 진행중이라고 합니다. 은행 대출 연장이 한 달 밖에 남지 않아 임차권등기 신청하고 6개월 임시 연장을 할지 일단 2년 연장을 진행하여 임대인에게 중도해지 요청을 해야되는지 판단이 어렵습니다. 아직 파산 진행중이라 다른 기관에서도 뚜렷한 방법이 없다하여 저는 어떤 절차를 밟아야 할까요? | 특이사항 1. 4년 거주 / 1~5층은 오피스텔 / 6층부터 주상복합,provided_synthetic_consultations
CASE-0122,G02,경기,고양시,1억~2억,계약종료,미상,미상,가입,기타·일반문의,소송제기,"전세보증금 지연이자 관련 2022.06.17~2024.06.17 계약 만료 2024.04.09 계약 해지 통보 임대인 전세보증금 지급약속 전화와 문자로 전세보증금 미지급으로 인한 피해 보상금 300만원 지급 약속 2024.10.31 허그 통해 전세보증금 원금 회수 2024.11.16 임대인 제 전화번호를 차단하고 잠적 임차권등기설정, 계약종료일 명도, 공과금 및 관리비 납부완료 질문1. 계약 종료일 이후 일자부터 원금 회수 이전 일까지 법정이자 5% 계산시 2,570,547원 으로 확인됩니다 임대인이 보상해주기로한 300만원을 지급명령 신청이 가능한가요? 질문2. 내용증명 발송 일주일 후까지 입금이 안되면 변호사 선임해서 지연이자 및 피해보상에 대한 소송을 진행하려 합니다. 변호사 수임료까지 임대인에게 청구가 가능한가요?",1. 허그이행청구 받음,unknown,"보증상품 보증상품 미확인 | 주택유형 미상 | 보증금구간 1억~2억 | 계약상태 계약종료 | 선순위권리 미상 | 반환보증 가입 | 분쟁유형 기타·일반문의 | 진행단계 소송제기 | 상황 전세보증금 지연이자 관련 2022.06.17~2024.06.17 계약 만료 2024.04.09 계약 해지 통보 임대인 전세보증금 지급약속 전화와 문자로 전세보증금 미지급으로 인한 피해 보상금 300만원 지급 약속 2024.10.31 허그 통해 전세보증금 원금 회수 2024.11.16 임대인 제 전화번호를 차단하고 잠적 임차권등기설정, 계약종료일 명도, 공과금 및 관리비 납부완료 질문1. 계약 종료일 이후 일자부터 원금 회수 이전 일까지 법정이자 5% 계산시 2,570,547원 으로 확인됩니다 임대인이 보상해주기로한 300만원을 지급명령 신청이 가능한가요? 질문2. 내용증명 발송 일주일 후까지 입금이 안되면 변호사 선임해서 지연이자 및 피해보상에 대한 소송을 진행하려 합니다. 변호사 수임료까지 임대인에게 청구가 가능한가요? | 특이사항 1. 허그이행청구 받음",provided_synthetic_consultations
CASE-0123,G02,서울,마포구,3억 이상,계약중(종료예정),미상,미상,가입,묵시적갱신분쟁,상담·검토,"! 2년 전세계약 중 묵시적 년 더 지내던 중 애기가 생겨 24년 10월쯤 새로운 집을 찾아보겠다고 말씀드리고, 매물을 보던 중 맘에 들었던 집이 있어 24년 11월 초 계약(25년 5월말 잔금 예정)을 했습니다. 계약 후 임대인에게 연락했더니, 다음 세입자 계약금을 가지고 계약을 해야지, 왜 먼저 계약해버리면 어떡하냐 돈이 없는데 그렇게 얘기하네요 아직 시간이 남아 부동산에 매물을 올렸습니다. 계약 당시보다 공시지가와 전세보증보험 가입 요건이 강화되어 부동산에서는 전세금을 낮추고 월세로 받아야 한다고 하지만, 집주인은 강경하게 원 전세금으로 올려달라고 합니다… 우선 원 전세금으로 올렸지만 다음 세입자가 안구해질 것 같습니다… 집주인에게 협의해보려 하지만 기분이 많이 상했는지 연락을 안받으시네요 계약 당시, HF 전세금보증보험을 가입을 했는데, 계약이 안되면 5월말에 보증보험을 통해서라도 잔금을 맞추고 싶습니다. 관련해 어떻게 진행하면 좋을지 궁금해 문의 남깁니다.",,jeonse_return,"보증상품 전세보증금반환보증 | 주택유형 미상 | 보증금구간 3억 이상 | 계약상태 계약중(종료예정) | 선순위권리 미상 | 반환보증 가입 | 분쟁유형 묵시적갱신분쟁 | 진행단계 상담·검토 | 상황 ! 2년 전세계약 중 묵시적 년 더 지내던 중 애기가 생겨 24년 10월쯤 새로운 집을 찾아보겠다고 말씀드리고, 매물을 보던 중 맘에 들었던 집이 있어 24년 11월 초 계약(25년 5월말 잔금 예정)을 했습니다. 계약 후 임대인에게 연락했더니, 다음 세입자 계약금을 가지고 계약을 해야지, 왜 먼저 계약해버리면 어떡하냐 돈이 없는데 그렇게 얘기하네요 아직 시간이 남아 부동산에 매물을 올렸습니다. 계약 당시보다 공시지가와 전세보증보험 가입 요건이 강화되어 부동산에서는 전세금을 낮추고 월세로 받아야 한다고 하지만, 집주인은 강경하게 원 전세금으로 올려달라고 합니다… 우선 원 전세금으로 올렸지만 다음 세입자가 안구해질 것 같습니다… 집주인에게 협의해보려 하지만 기분이 많이 상했는지 연락을 안받으시네요 계약 당시, HF 전세금보증보험을 가입을 했는데, 계약이 안되면 5월말에 보증보험을 통해서라도 잔금을 맞추고 싶습니다. 관련해 어떻게 진행하면 좋을지 궁금해 문의 남깁니다.",provided_synthetic_consultations
CASE-0124,G02,경기,고양시,1억~2억,계약중(종료예정),오피스텔,미상,미상,전세사기,상담·검토,"12월 16일이 만료인데 집주인이 그때까지 돈을 못준다고합니다. 그래서, 전세사기로 넘어가보려고 합니다.",1. 깡통주택 / 오피스텔,unknown,"보증상품 보증상품 미확인 | 주택유형 오피스텔 | 보증금구간 1억~2억 | 계약상태 계약중(종료예정) | 선순위권리 미상 | 반환보증 미상 | 분쟁유형 전세사기 | 진행단계 상담·검토 | 상황 12월 16일이 만료인데 집주인이 그때까지 돈을 못준다고합니다. 그래서, 전세사기로 넘어가보려고 합니다. | 특이사항 1. 깡통주택 / 오피스텔",provided_synthetic_consultations
CASE-0125,G02,미상,홍천군,1억~2억,계약중(종료예정),다세대주택,선순위존재,미상,기타·일반문의,상담·검토,"2024-12-9 일 계약종료, 6월에 재계약 의사표시없다고 설명, 집주인 : 25년3월말에 보증금주겠다고 이야기함 새집 12월 22일까지 입주해야되서 12월 9일날 잔금 해결안되면 임대차등기 설정 후 나가겠다고 이야기함. 돈나가는데 굳이그렇게할필요없냐하면서도 그러라함 그리고 아직시간남아있으니 12월 때다시이야기하자고는하심",1. 대항력있는 선순위임차인 / 다세대,unknown,"보증상품 보증상품 미확인 | 주택유형 다세대주택 | 보증금구간 1억~2억 | 계약상태 계약중(종료예정) | 선순위권리 선순위존재 | 반환보증 미상 | 분쟁유형 기타·일반문의 | 진행단계 상담·검토 | 상황 2024-12-9 일 계약종료, 6월에 재계약 의사표시없다고 설명, 집주인 : 25년3월말에 보증금주겠다고 이야기함 새집 12월 22일까지 입주해야되서 12월 9일날 잔금 해결안되면 임대차등기 설정 후 나가겠다고 이야기함. 돈나가는데 굳이그렇게할필요없냐하면서도 그러라함 그리고 아직시간남아있으니 12월 때다시이야기하자고는하심 | 특이사항 1. 대항력있는 선순위임차인 / 다세대",provided_synthetic_consultations
CASE-0126,G02,대전,서구,1억~2억,계약종료,미상,미상,미상,묵시적갱신분쟁,내용증명·공시송달,임대인에게 2021년 12월 09일~2023년 12월 08일 계약기간 후 묵시적 갱신으로 연장하여 살다가 2025년 02월 17일 계약 종료를 희망한다는 연락을 하였으나 답변을 받지 못했습니다. 인대인은 현재 이사 간 상태라 주소를 알지 못하고 있습니다. 내용증명을 어떻게 보내야 할까요?? 내용엔 어떤것이 들어가야 할까요?? 내용증명이 도달 되도 보증금을 돌려받지 못하면 어떻게 해야하나요??,,unknown,보증상품 보증상품 미확인 | 주택유형 미상 | 보증금구간 1억~2억 | 계약상태 계약종료 | 선순위권리 미상 | 반환보증 미상 | 분쟁유형 묵시적갱신분쟁 | 진행단계 내용증명·공시송달 | 상황 임대인에게 2021년 12월 09일~2023년 12월 08일 계약기간 후 묵시적 갱신으로 연장하여 살다가 2025년 02월 17일 계약 종료를 희망한다는 연락을 하였으나 답변을 받지 못했습니다. 인대인은 현재 이사 간 상태라 주소를 알지 못하고 있습니다. 내용증명을 어떻게 보내야 할까요?? 내용엔 어떤것이 들어가야 할까요?? 내용증명이 도달 되도 보증금을 돌려받지 못하면 어떻게 해야하나요??,provided_synthetic_consultations
CASE-0127,G02,경남,창원시,1억~2억,계약종료,미상,미상,가입,원상복구·정산,내용증명·공시송달,전세계약 종료의사 내용증명 발송 후 임대인 보증금 반환 불가 통보 중도해지합의서 작성 요청 후 작성하여 보증공사(HUG 제출) 이행 청구 완료되어 보증금 반환 완료 (11월 14일 목 이사 완료) 명도 통지 시 목적물 반환과 관련하여 전셋집 내부상태(파손 등) 확인 요청하였으나 보증공사에 보증금만 받아가라고 답변하였습니다. 이후 보증공사 이행청구 승인되어 이사 완료 후 임대인이 전셋집 파손 복구비용 요청 (에어컨 철거 후 앙카 자국 및 도배) 목적물 반환 및 명도 통지 기완료된 건으로 복구 비용 요청 가능 여부 및 본 사유로 장기수선충당금 미반환 중입니다. 관련하여 특별손해비용 및 부당이득금 관련하여 비용 청구 가능할까요?,,unknown,보증상품 보증상품 미확인 | 주택유형 미상 | 보증금구간 1억~2억 | 계약상태 계약종료 | 선순위권리 미상 | 반환보증 가입 | 분쟁유형 원상복구·정산 | 진행단계 내용증명·공시송달 | 상황 전세계약 종료의사 내용증명 발송 후 임대인 보증금 반환 불가 통보 중도해지합의서 작성 요청 후 작성하여 보증공사(HUG 제출) 이행 청구 완료되어 보증금 반환 완료 (11월 14일 목 이사 완료) 명도 통지 시 목적물 반환과 관련하여 전셋집 내부상태(파손 등) 확인 요청하였으나 보증공사에 보증금만 받아가라고 답변하였습니다. 이후 보증공사 이행청구 승인되어 이사 완료 후 임대인이 전셋집 파손 복구비용 요청 (에어컨 철거 후 앙카 자국 및 도배) 목적물 반환 및 명도 통지 기완료된 건으로 복구 비용 요청 가능 여부 및 본 사유로 장기수선충당금 미반환 중입니다. 관련하여 특별손해비용 및 부당이득금 관련하여 비용 청구 가능할까요?,provided_synthetic_consultations
CASE-0128,G02,부산,미상,2억~3억,계약종료,아파트,미상,가입,기타·일반문의,임차권등기,11월6일날짜로 계약만료 임차권등기등재후 이사 나왔습니다 1명만 전입신고에 등록되있음 보증보험있음. 집주인이 도배를 해야할지 봐야겠다고 집비밀번호를 요구합니다. 현재 알려주지않았습니다 비밀번호를 알려줘야하는건지? 안알려주면 제가 불이익있는건지?(아파트 관리비등 등등),,unknown,보증상품 보증상품 미확인 | 주택유형 아파트 | 보증금구간 2억~3억 | 계약상태 계약종료 | 선순위권리 미상 | 반환보증 가입 | 분쟁유형 기타·일반문의 | 진행단계 임차권등기 | 상황 11월6일날짜로 계약만료 임차권등기등재후 이사 나왔습니다 1명만 전입신고에 등록되있음 보증보험있음. 집주인이 도배를 해야할지 봐야겠다고 집비밀번호를 요구합니다. 현재 알려주지않았습니다 비밀번호를 알려줘야하는건지? 안알려주면 제가 불이익있는건지?(아파트 관리비등 등등),provided_synthetic_consultations
CASE-0129,G02,서울,관악구,2억~3억,계약중(종료예정),다세대주택,근저당설정,미상,전세사기,상담·검토,"1)지난 10/16 갑작스럽게 임대인 파산 결정문? 같은 것이 도착했고 면책신청에 대한 이의신청은 11/27까지인 상황입니다. (21/10/01부터 2년 계약 후, 2년 연장 상태:25/10/01 종료예정) 2)다세대 개별등기이고 (총11세대) 근저당/국세 미납은 없고 임대인은 연락이 잘되는 상황이며 임대인도 파산 신청 대리인/파산관재인 모두 사기는 아니고 임대인 역시 역전세 피해자라고 합니다. 3)어떻게 하면 보증금을 돌려받을 수 있을지, 전세사기피해자로 인정 받을 수 있을지",1. 대항력있는 선순위임차인 / 다세대주택,unknown,"보증상품 보증상품 미확인 | 주택유형 다세대주택 | 보증금구간 2억~3억 | 계약상태 계약중(종료예정) | 선순위권리 근저당설정 | 반환보증 미상 | 분쟁유형 전세사기 | 진행단계 상담·검토 | 상황 1)지난 10/16 갑작스럽게 임대인 파산 결정문? 같은 것이 도착했고 면책신청에 대한 이의신청은 11/27까지인 상황입니다. (21/10/01부터 2년 계약 후, 2년 연장 상태:25/10/01 종료예정) 2)다세대 개별등기이고 (총11세대) 근저당/국세 미납은 없고 임대인은 연락이 잘되는 상황이며 임대인도 파산 신청 대리인/파산관재인 모두 사기는 아니고 임대인 역시 역전세 피해자라고 합니다. 3)어떻게 하면 보증금을 돌려받을 수 있을지, 전세사기피해자로 인정 받을 수 있을지 | 특이사항 1. 대항력있는 선순위임차인 / 다세대주택",provided_synthetic_consultations
CASE-0130,G02,부산,수영구,1억 미만,계약종료,미상,미상,미상,전세사기,소송제기,"임차권등기, 지급명령까지했는데 그 내용을 다시 한번 확인하고싶고, 은행에서 임차권 등기를 다시하라고해서 그게 유효기간이 있는건지 확인하고싶습니다. 그리고 전입신고가 아직 되어있는데 주소지를 변경해도 계속 임차인의 권리를 가지고있을 수 있는지도 확인하고싶습니다. 지금 이미 임대인은 감옥에서 형을 살고있는데 제가 더 할 수 있는 부분이 있는지도 알고싶습니다.",1. 전세사기피해자결정문有,unknown,"보증상품 보증상품 미확인 | 주택유형 미상 | 보증금구간 1억 미만 | 계약상태 계약종료 | 선순위권리 미상 | 반환보증 미상 | 분쟁유형 전세사기 | 진행단계 소송제기 | 상황 임차권등기, 지급명령까지했는데 그 내용을 다시 한번 확인하고싶고, 은행에서 임차권 등기를 다시하라고해서 그게 유효기간이 있는건지 확인하고싶습니다. 그리고 전입신고가 아직 되어있는데 주소지를 변경해도 계속 임차인의 권리를 가지고있을 수 있는지도 확인하고싶습니다. 지금 이미 임대인은 감옥에서 형을 살고있는데 제가 더 할 수 있는 부분이 있는지도 알고싶습니다. | 특이사항 1. 전세사기피해자결정문有",provided_synthetic_consultations
CASE-0131,G02,경기,성남시,1억~2억,계약종료,미상,미상,미상,기타·일반문의,소송제기,최초계약은 2020.10.23~2022.10.22 연장계약 2022.1023~2024.10.22 최초계약서에는 확정일자를 받았은나 재연장시 받지 않음(보증금 5%증액됨) 만기전 퇴거요청 하였으나 세입자가 구해져야 나갈 수 있다고 하여 기다리던 중 임대인 사망 임대인 자녀 9명 6명은 1/9 지분으로 공동상속을 원하고 1명이 단독상속을 원해 상속분쟁 중으로 새로운 세입자와 계약불가하다며 1/9 지분상속자를 저한테 설득을 시켜주든 단독상속하려는 사람을 1/9에 동의 설득을 하라며 저에게 중재를 하던 소송을 하든 알아서 하라고 함 상속인 중 주민번호 아는사람 1명 전화번호 직장 아는사람 1명 전화번호만 아는 사랑 1명입니다. 임차권등기 알아보던중 보증금증액시 확정일자가 필요한지를 오늘 알게되어 어떻게 해야하는지 사망한 임대인 앞으로 임차권등기 후 다음진행은 어떻게 해야하는지 궁금합니다. 임신중으로 빨리 퇴거하고 싶어요 도와주세요,,unknown,보증상품 보증상품 미확인 | 주택유형 미상 | 보증금구간 1억~2억 | 계약상태 계약종료 | 선순위권리 미상 | 반환보증 미상 | 분쟁유형 기타·일반문의 | 진행단계 소송제기 | 상황 최초계약은 2020.10.23~2022.10.22 연장계약 2022.1023~2024.10.22 최초계약서에는 확정일자를 받았은나 재연장시 받지 않음(보증금 5%증액됨) 만기전 퇴거요청 하였으나 세입자가 구해져야 나갈 수 있다고 하여 기다리던 중 임대인 사망 임대인 자녀 9명 6명은 1/9 지분으로 공동상속을 원하고 1명이 단독상속을 원해 상속분쟁 중으로 새로운 세입자와 계약불가하다며 1/9 지분상속자를 저한테 설득을 시켜주든 단독상속하려는 사람을 1/9에 동의 설득을 하라며 저에게 중재를 하던 소송을 하든 알아서 하라고 함 상속인 중 주민번호 아는사람 1명 전화번호 직장 아는사람 1명 전화번호만 아는 사랑 1명입니다. 임차권등기 알아보던중 보증금증액시 확정일자가 필요한지를 오늘 알게되어 어떻게 해야하는지 사망한 임대인 앞으로 임차권등기 후 다음진행은 어떻게 해야하는지 궁금합니다. 임신중으로 빨리 퇴거하고 싶어요 도와주세요,provided_synthetic_consultations
CASE-0132,G02,광주,미상,1억~2억,계약중(종료예정),다가구주택,근저당설정,가입,경매·공매,판결·집행,"저는 전세 2년 계약 (만료일 26.7)을 했습니다. - 다가구 총 12세대 금일 임대인으로 부터 장문의 카톡을 받았습니다. (하기 내용 참조) 해당 건의 경우 보증금 반환을 위해 어떤 과정을 거쳐야 하고, 이에 어떻게 대응해야할지 자문을 구하고자 내용을 남깁니다. 확인해주셔서 감사합니다. _________________________ 안녕하세요 임대인 류형진입니다. 갑자기 이런 말씀 전하게 되어 유감스럽지만, 단순히 결과만 말씀드리는 것보다 오픈해서 제대로 말씀드리는게 그나마 덜 불안하실 것 같아 연락드리게 됐습니다. 현재 맞은 편 단독주택에 살고 있는 저희 가족은 지금은 돌아가셨지만 약 37년간 제게는 할아버지 할머니인 조부모를 모시고 살았었는데요. 약 20여년전에 조부모님으로부터 저희 아버지, 고모들은 재산 및 현금증여를 받았었습니다. 저희 부모님의 경우 조부모님을 계속 모시고 살았고 앞으로도 그럴 계획이기에 더 많은 재산을 물려받았었어요. 아무튼 그러했었는데 2020년에는 할아버지께서 돌아가시고, 2022년에는 할머니께서 돌아가신뒤 고모들로부터 \`유류분반환청구\` 소송이 들어왔습니다. 약 2년 반 동안 소송을 했고 1심판결이 약 1달 여전에 나왔었습니다. 결론부터 말씀드리면 원고들 (고모 4명) 에게 피고 (저희 아버지) 가 약 5억여원씩 지급하라는 것입니다. 총 약 21억가량 되는 돈입니다. 변호사님 말로는 보통 이런 판결이 날 때 지급 액수가 큰 경우이기도 하고, 특히나 자산의 대부분이 현금이 아닌 부동산에 몰려 있는 저희 집 같은 경우, 현금지급이 아닌 부동산의 지분 지급 등(근저당이 없는 건물에 한함)도 가능한데 \`현금지급하라는 결정 그리고 실제 원고들에게 지급해야할 금액 그 이상의 모든 부동산에 압류조치\` 등 1심판결에서 원고쪽에 많이 유리하게, 또 과한 집행 판결이 나왔다는 게 주변 전문가들의 의견입니다. 일단 의 경우 토지 명의 : 류재행 (아버지) 건물의 경우 : 류형진 (본인) 으로 되어 있습니다. 1심 판결이 약 21억 (인당 약 5억씩 지급) 채권 지급하라는 명령이 나왔지만, 현재 토지 및 건물 포함 총 23개의 제 아버지 명의로 되어 있는 모든 부동산에 압류 신청이 들어 왔음. 즉, 원고에게 지급할 총 약 21억의 금액 그 이상으로 모든 부동산에 채권가압류 조치를 해놓은 상태입니다. 1심 판결 이전 및 이후에도 합의를 하려 했었으나, 원고측의 경우 4명이기도 하며 합의점 도출이 쉽지 않을 뿐더러 며칠 사이로 받을 금액을 변경하는 등 합의가 어렵다고 판단. 1심에서 적용되지 않은 몇 가지 부분과 오류에 이의제기를 하여 항소 접수. 즉, 2심 접수된 상태이며 2심 항소 신청을 하자마자 원고측에서 아버지 명의로 되어 있는 모든 재산에 압류조치를 건 상태. 요약하면 이렇습니다. 일단 현재 2심 항소 접수했고 진행중이지만, 1심 판결문에 따른 약 21억의 채권은 저희 아버지 재산을 모두 압류하지 않아도 충분히 확보가 가능한 금액입니다. 옆 나대지 땅 그리고 (부엉이네 건물) 요새 경기가 좋지 않아 시간이 좀 더 걸리겠지만, 두 개 부동산을 매각시에 근저당 말소 및 임차인 보증금을 포함, 양도세를 포함하면 현금 10억 후반대 확보 가능. 저희도 여러모로 주변 전문가들에게 자문을 구해본 결과, 1. 과잉 매각 (총 23개의 부동산에 전부 압류 조치) - 경매는 잉여주의 과잉매각 금지의 원칙이 있습니다. 채권자가 여러 부동산에 압류를 한 경우 일부 매각대금으로 모든 채권자의 채권 강제집행비용이 충분하다면 다른 재산까지 매각하는 걸 허락하지 않습니다. (과잉매각허가 금지의 원칙) 2. 강제집행정지신청 (보통 채권 금액 거의 전부를 현금 공탁해야 강제집행정정지 신청가능하긴 함. 압류를 항소심 청구소송 진행되는 동안까지 정지해달라는 신청. 현재 채권 지급할 약 21억의 부동산 가액은 이미 갖고 있으니 일부 또는 약 21억에 대한 부동산 가치를 보증보험에 넣는 대신 압류를 풀어주게 됨) -->> 두 방법 모두 법원 감정이 끝나는 11월 말~12월 초쯤부터 감정자료를 통해 법원에 증거로 신청할 수 있음. 위의 두 가지 방법은 현재 23개의 모든 부동산에 압류 조치를 넣은 원고측의 부당함에 맞서 저희쪽에서 준비하고 있는 내용입니다. 유류분 항소 소송은 2심으로 그대로 진행중이지만, 이와는 별개로 압류가 풀려야 현재 에도 \`강제경매개시결정\` 이라는 게 없어지기에 추가로 진행할 예정입니다. 상가 또는 토지에 압류를 걸게 하고 다가구 주택 (다수의 임차인 거주)은 압류가 풀어지게 하려고 하는 중이라는 말씀드립니다. 그리고 상가와 토지를 매도하고도 채권 지급할 약 21억이 안 된다면 추가로 이나 다른 다가구주택에 압류가 들어올 수도 있겠죠. 하지만 그렇지 않기에 법을 설명드리면서 장황하게 알려드립니다. 저희는 2심을 통해 채권비용을 더 낮추려고 대형로펌에 접수가 끝난 상태이고요, (기타 인정되지 않은 몇 가지 부분들 및 계산 오류) 이와는 별개로 저희도 임차인분들과 마찰을 일으키거나 책임 없는 임대인의 모습을 보여드리고 싶지 않기에 위에 말씀드린 사항 또한 추가로 진행중입니다. 다만, 당분간은 등기부등본을 떼면 강제경매개시결정이라는 문구가 계속 따라 다닐 것입니다. 그러면 혹시라도 이사를 나가신다고 집을 내놓아도 들어올 임차인이 없겠지요. 아무튼 토지 명의가 제 아버지로 되어 있기도 하고 1심 판결후 항소접수를 하자마자 아버지 명의로 된 모든 부동산에 압류조치가 걸렸기에 건물이 제 명의로 되어 있다고 해도 토지가 그렇기에 부동산 강제경매 관련 공문도 임차인분들께 발송이 되며, 경매개시절차도 따르게 된답니다. 이점 무척 유감스럽기도 하고 송구스럽지만 현재로서는 어쩔 수가 없네요 법원 경매쪽에서 임차인분들께 우편송달이 갔을지도 모르고 아니면 이번 주에 도착할 수도 있는데요, \`임차인 배당종기 신청\` 이라는 걸 하라고 할 것입니다. 실제로 에 얼마 금액에 거주중인 사람이라고 순위 신청 같은 걸 하는 건데요, 공지오면 그대로 따라 주시면 된답니다. 앞으로 절차에 대해 말씀드리면, 배당요구종기가 1월초쯤에 끝나고요, 빠르면 그 이후 3~4개월 정도에 매각기일이 잡히데 됩니다. 4~5월 정도 되겠네요. 매각기일이 잡히면 매각의 준비, 매각방법 등의 지정 공고 통지 등 여러 절차에 따라 또 공지가 가게 되며 이후 매각결정, 그리고 입찰을 하게 되겠고요. 그런 일이 발생하게 두진 않을거지만, 누군가가 입찰을 해서 낙찰을 받는다고 해도 워낙 부동산 하나 두 개에 경매 걸은 게 아닌 전체 부동산 23개를 모두 경매 신청을 넣었기에 덩어리도 클 뿐더러 쉽게 낙찰되지 않을 거라는 게 주변 전문가들의 의견이기도 합니다. 아무튼 시간이 좀 걸리는 문제인데, 저희는 위에 말씀드렸듯이 항소는 항소대로 진행을 할 것이며, (원고들이 2심항소 취하를 조건으로 약 4억씩에 합의하자고 하나 이마저도 의견 조율이 쉽지 않음. 다만, 서로 길은 열어두고 있습니다. 도중에 합치가 잘 되면 저희도 변호사 통해 항소 취하할 의향 있습니다) 위 두 가지 방법 1. 과잉매각금지 2. 부동산 집행금지신청 이 두 가지 방법을 통해 다가구 주택에 대한 압류 신청을 빼려고 노력중입니다. 다만, 위의 소를 신청하려면 채권 감정가액이 나와야 하므로 법원 감정이 끝나는 11월 말~12월 초쯤부터 신청이 가능합니다. 상당히 말씀이 길었는데요, 갑자기 날아온 \`강제 경매 개시결정\`에 너무 걱정하실까봐 진행상황을 말씀드리게 됐어요. 그리고 저희도 이렇게 노력중이라는 점 꼭 알아주십사 하고 좀 부끄러운 집안 사정이지만 길게 설명드리게 됐습니다. 혹시라도 불안해 하시거나, 믿지 못 하실 경우도 있을 수 있기에 사진 첨부해드립니다.",,unknown,"보증상품 보증상품 미확인 | 주택유형 다가구주택 | 보증금구간 1억~2억 | 계약상태 계약중(종료예정) | 선순위권리 근저당설정 | 반환보증 가입 | 분쟁유형 경매·공매 | 진행단계 판결·집행 | 상황 저는 전세 2년 계약 (만료일 26.7)을 했습니다. - 다가구 총 12세대 금일 임대인으로 부터 장문의 카톡을 받았습니다. (하기 내용 참조) 해당 건의 경우 보증금 반환을 위해 어떤 과정을 거쳐야 하고, 이에 어떻게 대응해야할지 자문을 구하고자 내용을 남깁니다. 확인해주셔서 감사합니다. _________________________ 안녕하세요 임대인 류형진입니다. 갑자기 이런 말씀 전하게 되어 유감스럽지만, 단순히 결과만 말씀드리는 것보다 오픈해서 제대로 말씀드리는게 그나마 덜 불안하실 것 같아 연락드리게 됐습니다. 현재 맞은 편 단독주택에 살고 있는 저희 가족은 지금은 돌아가셨지만 약 37년간 제게는 할아버지 할머니인 조부모를 모시고 살았었는데요. 약 20여년전에 조부모님으로부터 저희 아버지, 고모들은 재산 및 현금증여를 받았었습니다. 저희 부모님의 경우 조부모님을 계속 모시고 살았고 앞으로도 그럴 계획이기에 더 많은 재산을 물려받았었어요. 아무튼 그러했었는데 2020년에는 할아버지께서 돌아가시고, 2022년에는 할머니께서 돌아가신뒤 고모들로부터 \`유류분반환청구\` 소송이 들어왔습니다. 약 2년 반 동안 소송을 했고 1심판결이 약 1달 여전에 나왔었습니다. 결론부터 말씀드리면 원고들 (고모 4명) 에게 피고 (저희 아버지) 가 약 5억여원씩 지급하라는 것입니다. 총 약 21억가량 되는 돈입니다. 변호사님 말로는 보통 이런 판결이 날 때 지급 액수가 큰 경우이기도 하고, 특히나 자산의 대부분이 현금이 아닌 부동산에 몰려 있는 저희 집 같은 경우, 현금지급이 아닌 부동산의 지분 지급 등(근저당이 없는 건물에 한함)도 가능한데 \`현금지급하라는 결정 그리고 실제 원고들에게 지급해야할 금액 그 이상의 모든 부동산에 압류조치\` 등 1심판결에서 원고쪽에 많이 유리하게, 또 과한 집행 판결이 나왔다는 게 주변 전문가들의 의견입니다. 일단 의 경우 토지 명의 : 류재행 (아버지) 건물의 경우 : 류형진 (본인) 으로 되어 있습니다. 1심 판결이 약 21억 (인당 약 5억씩 지급) 채권 지급하라는 명령이 나왔지만, 현재 토지 및 건물 포함 총 23개의 제 아버지 명의로 되어 있는 모든 부동산에 압류 신청이 들어 왔음. 즉, 원고에게 지급할 총 약 21억의 금액 그 이상으로 모든 부동산에 채권가압류 조치를 해놓은 상태입니다. 1심 판결 이전 및 이후에도 합의를 하려 했었으나, 원고측의 경우 4명이기도 하며 합의점 도출이 쉽지 않을 뿐더러 며칠 사이로 받을 금액을 변경하는 등 합의가 어렵다고 판단. 1심에서 적용되지 않은 몇 가지 부분과 오류에 이의제기를 하여 항소 접수. 즉, 2심 접수된 상태이며 2심 항소 신청을 하자마자 원고측에서 아버지 명의로 되어 있는 모든 재산에 압류조치를 건 상태. 요약하면 이렇습니다. 일단 현재 2심 항소 접수했고 진행중이지만, 1심 판결문에 따른 약 21억의 채권은 저희 아버지 재산을 모두 압류하지 않아도 충분히 확보가 가능한 금액입니다. 옆 나대지 땅 그리고 (부엉이네 건물) 요새 경기가 좋지 않아 시간이 좀 더 걸리겠지만, 두 개 부동산을 매각시에 근저당 말소 및 임차인 보증금을 포함, 양도세를 포함하면 현금 10억 후반대 확보 가능. 저희도 여러모로 주변 전문가들에게 자문을 구해본 결과, 1. 과잉 매각 (총 23개의 부동산에 전부 압류 조치) - 경매는 잉여주의 과잉매각 금지의 원칙이 있습니다. 채권자가 여러 부동산에 압류를 한 경우 일부 매각대금으로 모든 채권자의 채권 강제집행비용이 충분하다면 다른 재산까지 매각하는 걸 허락하지 않습니다. (과잉매각허가 금지의 원칙) 2. 강제집행정지신청 (보통 채권 금액 거의 전부를 현금 공탁해야 강제집행정정지 신청가능하긴 함. 압류를 항소심 청구소송 진행되는 동안까지 정지해달라는 신청. 현재 채권 지급할 약 21억의 부동산 가액은 이미 갖고 있으니 일부 또는 약 21억에 대한 부동산 가치를 보증보험에 넣는 대신 압류를 풀어주게 됨) -->> 두 방법 모두 법원 감정이 끝나는 11월 말~12월 초쯤부터 감정자료를 통해 법원에 증거로 신청할 수 있음. 위의 두 가지 방법은 현재 23개의 모든 부동산에 압류 조치를 넣은 원고측의 부당함에 맞서 저희쪽에서 준비하고 있는 내용입니다. 유류분 항소 소송은 2심으로 그대로 진행중이지만, 이와는 별개로 압류가 풀려야 현재 에도 \`강제경매개시결정\` 이라는 게 없어지기에 추가로 진행할 예정입니다. 상가 또는 토지에 압류를 걸게 하고 다가구 주택 (다수의 임차인 거주)은 압류가 풀어지게 하려고 하는 중이라는 말씀드립니다. 그리고 상가와 토지를 매도하고도 채권 지급할 약 21억이 안 된다면 추가로 이나 다른 다가구주택에 압류가 들어올 수도 있겠죠. 하지만 그렇지 않기에 법을 설명드리면서 장황하게 알려드립니다. 저희는 2심을 통해 채권비용을 더 낮추려고 대형로펌에 접수가 끝난 상태이고요, (기타 인정되지 않은 몇 가지 부분들 및 계산 오류) 이와는 별개로 저희도 임차인분들과 마찰을 일으키거나 책임 없는 임대인의 모습을 보여드리고 싶지 않기에 위에 말씀드린 사항 또한 추가로 진행중입니다. 다만, 당분간은 등기부등본을 떼면 강제경매개시결정이라는 문구가 계속 따라 다닐 것입니다. 그러면 혹시라도 이사를 나가신다고 집을 내놓아도 들어올 임차인이 없겠지요. 아무튼 토지 명의가 제 아버지로 되어 있기도 하고 1심 판결후 항소접수를 하자마자 아버지 명의로 된 모든 부동산에 압류조치가 걸렸기에 건물이 제 명의로 되어 있다고 해도 토지가 그렇기에 부동산 강제경매 관련 공문도 임차인분들께 발송이 되며, 경매개시절차도 따르게 된답니다. 이점 무척 유감스럽기도 하고 송구스럽지만 현재로서는 어쩔 수가 없네요 법원 경매쪽에서 임차인분들께 우편송달이 갔을지도 모르고 아니면 이번 주에 도착할 수도 있는데요, \`임차인 배당종기 신청\` 이라는 걸 하라고 할 것입니다. 실제로 에 얼마 금액에 거주중인 사람이라고 순위 신청 같은 걸 하는 건데요, 공지오면 그대로 따라 주시면 된답니다. 앞으로 절차에 대해 말씀드리면, 배당요구종기가 1월초쯤에 끝나고요, 빠르면 그 이후 3~4개월 정도에 매각기일이 잡히데 됩니다. 4~5월 정도 되겠네요. 매각기일이 잡히면 매각의 준비, 매각방법 등의 지정 공고 통지 등 여러 절차에 따라 또 공지가 가게 되며 이후 매각결정, 그리고 입찰을 하게 되겠고요. 그런 일이 발생하게 두진 않을거지만, 누군가가 입찰을 해서 낙찰을 받는다고 해도 워낙 부동산 하나 두 개에 경매 걸은 게 아닌 전체 부동산 23개를 모두 경매 신청을 넣었기에 덩어리도 클 뿐더러 쉽게 낙찰되지 않을 거라는 게 주변 전문가들의 의견이기도 합니다. 아무튼 시간이 좀 걸리는 문제인데, 저희는 위에 말씀드렸듯이 항소는 항소대로 진행을 할 것이며, (원고들이 2심항소 취하를 조건으로 약 4억씩에 합의하자고 하나 이마저도 의견 조율이 쉽지 않음. 다만, 서로 길은 열어두고 있습니다. 도중에 합치가 잘 되면 저희도 변호사 통해 항소 취하할 의향 있습니다) 위 두 가지 방법 1. 과잉매각금지 2. 부동산 집행금지신청 이 두 가지 방법을 통해 다가구 주택에 대한 압류 신청을 빼려고 노력중입니다. 다만, 위의 소를 신청하려면 채권 감정가액이 나와야 하므로 법원 감정이 끝나는 11월 말~12월 초쯤부터 신청이 가능합니다. 상당히 말씀이 길었는데요, 갑자기 날아온 \`강제 경매 개시결정\`에 너무 걱정하실까봐 진행상황을 말씀드리게 됐어요. 그리고 저희도 이렇게 노력중이라는 점 꼭 알아주십사 하고 좀 부끄러운 집안 사정이지만 길게 설명드리게 됐습니다. 혹시라도 불안해 하시거나, 믿지 못 하실 경우도 있을 수 있기에 사진 첨부해드립니다.",provided_synthetic_consultations
CASE-0133,G02,서울,강북구,2억~3억,계약중(종료예정),다세대주택,선순위존재,미상,기타·일반문의,소송제기,소송을 준비하려고 합니다. 내용증명서 보낸적은 없습니다. 바로 소송 들어가려는데 그래도 괜찮을까요? 불리해지는지요 ㅠ 집주인 주소도 모르는데요(집주인이 중간에 바뀐상태요) 그래서 임대차계약서 전집주인 이름만 있습니다. 현집주인 이름 있는 임대차계약서가 없는데 주민센터에 가면 집주인 초본을 볼수 있을까요?,1. 다세대주택 선순위권리없는 상태에서 계약,unknown,보증상품 보증상품 미확인 | 주택유형 다세대주택 | 보증금구간 2억~3억 | 계약상태 계약중(종료예정) | 선순위권리 선순위존재 | 반환보증 미상 | 분쟁유형 기타·일반문의 | 진행단계 소송제기 | 상황 소송을 준비하려고 합니다. 내용증명서 보낸적은 없습니다. 바로 소송 들어가려는데 그래도 괜찮을까요? 불리해지는지요 ㅠ 집주인 주소도 모르는데요(집주인이 중간에 바뀐상태요) 그래서 임대차계약서 전집주인 이름만 있습니다. 현집주인 이름 있는 임대차계약서가 없는데 주민센터에 가면 집주인 초본을 볼수 있을까요? | 특이사항 1. 다세대주택 선순위권리없는 상태에서 계약,provided_synthetic_consultations
CASE-0134,G02,서울,관악구,1억~2억,계약중(종료예정),미상,근저당설정,미상,경매·공매,소송제기,"24년 4월부터 집을 빼기로 했으나 집에 임차권등기가 걸려서 계약이 안되는 것을 알게됨. 계약만료인 25년 1월 11까지 할 수있는것이 없다고 하여 문자로 계속해서 계약갱신의사가 없음을 알리고 임차권등기관련 처리및 해결을 촉구하였음. 해당 건물에 주인이 거주하고 있으나, 경매나 매매의사가 없고 돈도 없다고 함. 선순위확인을 위해 학인해보니 전세권 설정과 임차권등기가 다수 확인됨. 하여 본인은 계약 만료 다음날 임차권등기설정 후 소송을 진행하려 생각중.",1. 근생주택 / 선순위근저당 9억 설정상태에서 계약 / 최근에 6.9억으로 감액,unknown,"보증상품 보증상품 미확인 | 주택유형 미상 | 보증금구간 1억~2억 | 계약상태 계약중(종료예정) | 선순위권리 근저당설정 | 반환보증 미상 | 분쟁유형 경매·공매 | 진행단계 소송제기 | 상황 24년 4월부터 집을 빼기로 했으나 집에 임차권등기가 걸려서 계약이 안되는 것을 알게됨. 계약만료인 25년 1월 11까지 할 수있는것이 없다고 하여 문자로 계속해서 계약갱신의사가 없음을 알리고 임차권등기관련 처리및 해결을 촉구하였음. 해당 건물에 주인이 거주하고 있으나, 경매나 매매의사가 없고 돈도 없다고 함. 선순위확인을 위해 학인해보니 전세권 설정과 임차권등기가 다수 확인됨. 하여 본인은 계약 만료 다음날 임차권등기설정 후 소송을 진행하려 생각중. | 특이사항 1. 근생주택 / 선순위근저당 9억 설정상태에서 계약 / 최근에 6.9억으로 감액",provided_synthetic_consultations
CASE-0135,G02,충북,청주시,1억~2억,계약종료,미상,선순위존재,미상,경매·공매,소송제기,오늘 경매 낙찰되었어요. 소액 임차인이랑 1순위 은행이 돈을 받고 나면 낙찰가가 적어 돈을 전액 못 받을거 같아요. 1.소액임차인은 아니지만 전세금 중 최소금액을 보장한다는 말을 들었는데 사실인가요? 2. 같은날 전입신고한 분이 있어요. 확정일자도 같은날인데 확정일자가 제가 뒷번호입니다. 단 전세기간이 저는 전입일과 같고 그분은 전세계약일이 저보다 늦어요. 누가 우선순위인가요?,1. 봉산리 966,unknown,보증상품 보증상품 미확인 | 주택유형 미상 | 보증금구간 1억~2억 | 계약상태 계약종료 | 선순위권리 선순위존재 | 반환보증 미상 | 분쟁유형 경매·공매 | 진행단계 소송제기 | 상황 오늘 경매 낙찰되었어요. 소액 임차인이랑 1순위 은행이 돈을 받고 나면 낙찰가가 적어 돈을 전액 못 받을거 같아요. 1.소액임차인은 아니지만 전세금 중 최소금액을 보장한다는 말을 들었는데 사실인가요? 2. 같은날 전입신고한 분이 있어요. 확정일자도 같은날인데 확정일자가 제가 뒷번호입니다. 단 전세기간이 저는 전입일과 같고 그분은 전세계약일이 저보다 늦어요. 누가 우선순위인가요? | 특이사항 1. 봉산리 966,provided_synthetic_consultations
CASE-0136,G02,충북,청주시,1억 미만,계약종료,미상,미상,미상,경매·공매,상담·검토,"강제경매까지 신청했다가 유예 시킨 상황인데, 집주인 체납된 일반세금의 법정기일이 제 확정일자보다 더 빨라서 경매를 해도 손해를 보게 되어있더라구요 여기서 더 무언가를 조치할만한 액션이 있을지요?",,unknown,"보증상품 보증상품 미확인 | 주택유형 미상 | 보증금구간 1억 미만 | 계약상태 계약종료 | 선순위권리 미상 | 반환보증 미상 | 분쟁유형 경매·공매 | 진행단계 상담·검토 | 상황 강제경매까지 신청했다가 유예 시킨 상황인데, 집주인 체납된 일반세금의 법정기일이 제 확정일자보다 더 빨라서 경매를 해도 손해를 보게 되어있더라구요 여기서 더 무언가를 조치할만한 액션이 있을지요?",provided_synthetic_consultations
CASE-0137,G02,서울,중랑구,1억~2억,계약종료,미상,미상,미상,기타·일반문의,소송제기,지금 임차권등기도 걸어둔 상태이고 집주인이 대출에대한 이자금을 내주고있는 상황이였는데 갑자기 연락이두절이 되어 바로 전세금반환소송을 신청한상황인데 그냥기다리고 있으면되나요 ?,1. 셀프소송 중,unknown,보증상품 보증상품 미확인 | 주택유형 미상 | 보증금구간 1억~2억 | 계약상태 계약종료 | 선순위권리 미상 | 반환보증 미상 | 분쟁유형 기타·일반문의 | 진행단계 소송제기 | 상황 지금 임차권등기도 걸어둔 상태이고 집주인이 대출에대한 이자금을 내주고있는 상황이였는데 갑자기 연락이두절이 되어 바로 전세금반환소송을 신청한상황인데 그냥기다리고 있으면되나요 ? | 특이사항 1. 셀프소송 중,provided_synthetic_consultations
CASE-0138,G02,서울,송파구,3억 이상,계약중(종료예정),다세대주택,선순위존재,미상,보증금미반환,상담·검토,만기 12월 10일인데 다음 세입자가 1월 20일에 들어오는 상황 그러면 대출 연장을 한테니 이자를 집주인에게 부담을 하라고 요구했으나 이자도 지불 안하고 알아서 하라는 상황인데 보증금은 만기 시에 문제없이 돌려받을 수 있을까요?,1. 다세대주택 / 선순위임차인,unknown,보증상품 보증상품 미확인 | 주택유형 다세대주택 | 보증금구간 3억 이상 | 계약상태 계약중(종료예정) | 선순위권리 선순위존재 | 반환보증 미상 | 분쟁유형 보증금미반환 | 진행단계 상담·검토 | 상황 만기 12월 10일인데 다음 세입자가 1월 20일에 들어오는 상황 그러면 대출 연장을 한테니 이자를 집주인에게 부담을 하라고 요구했으나 이자도 지불 안하고 알아서 하라는 상황인데 보증금은 만기 시에 문제없이 돌려받을 수 있을까요? | 특이사항 1. 다세대주택 / 선순위임차인,provided_synthetic_consultations
CASE-0139,G02,미상,미상,1억~2억,계약중(종료예정),다가구주택,미상,미상,기타·일반문의,상담·검토,변호사 토탈비용이나 무료여부 소장쓰는부분 만 알려주실수있는지여부.,1. 대전 / 다가구 / 주소는 비밀,unknown,보증상품 보증상품 미확인 | 주택유형 다가구주택 | 보증금구간 1억~2억 | 계약상태 계약중(종료예정) | 선순위권리 미상 | 반환보증 미상 | 분쟁유형 기타·일반문의 | 진행단계 상담·검토 | 상황 변호사 토탈비용이나 무료여부 소장쓰는부분 만 알려주실수있는지여부. | 특이사항 1. 대전 / 다가구 / 주소는 비밀,provided_synthetic_consultations
CASE-0140,G02,경기,화성시,1억~2억,계약종료,미상,미상,미상,보증금미반환,소송제기,"24년 5월 22일에 계약이 만료 되었지만 현 시점까지 보증금 반환 받지 못했습니다. 사정상 계약 만료일 전에 본가로 이사하였지만, 몇가지 짐은 두고 주소이전은 하지 않고 6개월을 기다렸습니다. 중간에 다른 세입자가 보러온다는 명목하에 집 비밀번호를 알려주었습니다. 하지만 반환의사가 없는 것으로 판단하여 임차권등기, 지급명령서를 신청하였고, 임차권등기는 결정등본까지만 받고 등기소 등기입력을 기다리는 상태입니다. 그리고 지급명령서에 지연손해금에 관하여 보정명령이 떨어져 있는 상태입니다. 1. 지연손해금을 받으려고 하면 계약 만료일 전에 이사했고, 계약 만료일 부터 이자청구를 하면 임차권등기의 효력이 사라지는가? 1-1 임차권등기 효력이 없어져도 지급명령서가 작동이 가능한지? 2. 지급명령서말고 지연손해이자를 받을 방법이 있을까요?",,unknown,"보증상품 보증상품 미확인 | 주택유형 미상 | 보증금구간 1억~2억 | 계약상태 계약종료 | 선순위권리 미상 | 반환보증 미상 | 분쟁유형 보증금미반환 | 진행단계 소송제기 | 상황 24년 5월 22일에 계약이 만료 되었지만 현 시점까지 보증금 반환 받지 못했습니다. 사정상 계약 만료일 전에 본가로 이사하였지만, 몇가지 짐은 두고 주소이전은 하지 않고 6개월을 기다렸습니다. 중간에 다른 세입자가 보러온다는 명목하에 집 비밀번호를 알려주었습니다. 하지만 반환의사가 없는 것으로 판단하여 임차권등기, 지급명령서를 신청하였고, 임차권등기는 결정등본까지만 받고 등기소 등기입력을 기다리는 상태입니다. 그리고 지급명령서에 지연손해금에 관하여 보정명령이 떨어져 있는 상태입니다. 1. 지연손해금을 받으려고 하면 계약 만료일 전에 이사했고, 계약 만료일 부터 이자청구를 하면 임차권등기의 효력이 사라지는가? 1-1 임차권등기 효력이 없어져도 지급명령서가 작동이 가능한지? 2. 지급명령서말고 지연손해이자를 받을 방법이 있을까요?",provided_synthetic_consultations
CASE-0141,G02,서울,동작구,1억~2억,계약중(종료예정),다가구주택,미상,미가입,전세사기,판결·집행,! 현재 임대인 파산으로 인하여 궁금한 사항이있어서 연락드립니다.! 저는 현재 다가구 주택에서 2020.04.13 계약 (1억5천만원 / 보증보험X) 2022.04.13 보증금 5% 인상하여 재계약(750만원) 2024.04.13 묵시적계약을 하여 살고 있던중 2024.11 임대인 파산선고 등기를 받았습니다.(면책에 대한 이의신청기간 2025.01.15까지) 계약기간이 남아있지만 파산관재인에게 중도해지합의서를 받아야 할까요~? 그리고 알고보니 다른 임차인들이 계약만료시에 집을 나가겠다고하면 보증금을 돌려줄수가 없어서 계약연장을 부탁한다며 대출이자를 낼수가 없다고 하자 대출이자는 대신 반납해주겠다며 계약 연장을 부탁한 경우가 여러차례 있었습니다 ! 그 이후에도 새로운 임차인과 계약하기도하였고 파산선고가 되었지만 아직까지도 새로운 임차인을 구하고 있는데 이런것을 바탕으로 전세사기로 형사고소가 가능할까요~~?? 형사고소 후 사기판결이 난후에 보증금반환소송을 하면 보증금을 전액 돌려받을수있을까요 ?? 바쁘시겠지만… 꼭 연락 부탁드립니다 ! 고맙습니다…!,,unknown,보증상품 보증상품 미확인 | 주택유형 다가구주택 | 보증금구간 1억~2억 | 계약상태 계약중(종료예정) | 선순위권리 미상 | 반환보증 미가입 | 분쟁유형 전세사기 | 진행단계 판결·집행 | 상황 ! 현재 임대인 파산으로 인하여 궁금한 사항이있어서 연락드립니다.! 저는 현재 다가구 주택에서 2020.04.13 계약 (1억5천만원 / 보증보험X) 2022.04.13 보증금 5% 인상하여 재계약(750만원) 2024.04.13 묵시적계약을 하여 살고 있던중 2024.11 임대인 파산선고 등기를 받았습니다.(면책에 대한 이의신청기간 2025.01.15까지) 계약기간이 남아있지만 파산관재인에게 중도해지합의서를 받아야 할까요~? 그리고 알고보니 다른 임차인들이 계약만료시에 집을 나가겠다고하면 보증금을 돌려줄수가 없어서 계약연장을 부탁한다며 대출이자를 낼수가 없다고 하자 대출이자는 대신 반납해주겠다며 계약 연장을 부탁한 경우가 여러차례 있었습니다 ! 그 이후에도 새로운 임차인과 계약하기도하였고 파산선고가 되었지만 아직까지도 새로운 임차인을 구하고 있는데 이런것을 바탕으로 전세사기로 형사고소가 가능할까요~~?? 형사고소 후 사기판결이 난후에 보증금반환소송을 하면 보증금을 전액 돌려받을수있을까요 ?? 바쁘시겠지만… 꼭 연락 부탁드립니다 ! 고맙습니다…!,provided_synthetic_consultations
CASE-0142,G02,경기,화성시,1억 미만,계약종료,공공임대,미상,미상,전세사기,판결·집행,"전세사기가 의심되어, 제 상황에서 할 수 있는 법적조치가 어떤게 있을지 전세계약기간: 2022. 10.1. ~ 2024. 9.30. 2024. 7. 15. 부동산에 재계약의사없음 의사표시 2024.8.15. 임대인에게 재계약의사없음 의사표시 (전세계약서상 \""계약만기 및 만기전 퇴실시에는 임대인 및 개월전 통보하기로 하며 것으로 간주한다.\""라는 항목이 있음) 당시 임대인에게 다음세입지가 구해지지않아 반환이 어렵다는 답변을 들었고, 저는 lh국민임대 입주기간이 되어 10월 1일에는 이사를 해야했던 상황이라 법무법인 전화상담을 받아봤는데요. 위 법무법인에서는 제가 한달반전에 고지를 한부분 때문에 소송을 진행한다고 하더라도 승소의 가능성이 낮으니 사인간 합의하는 것이 좋을 것이라고 말씀하셨어요. 그래서 임대인과 공동명의인을 대면으로 만나 2개월 이후까지 보증금을 반환하고, 반환하지 않을 경우 법적조치를 진행하겠다는 내용의 각서에 각자 서명을 했습니다. 합의한 기간인 11월 30일이 다가옴에도, 여전히 보증금 6500만원 반환이 어렵다는 임대인과 연락되지않는 공동명의인의 행동을 봤을 때, 보증금 반환을 하지 않을거같아서 합의기간인 11월 30일 이후 제가 할 수 있는 법적 조치가 어떤것이있는지 문의드립니드.",1. 임차권등기 안하고 퇴거 / 다른집에 전입신고 / 빨리 임차권등기하세요,unknown,"보증상품 보증상품 미확인 | 주택유형 공공임대 | 보증금구간 1억 미만 | 계약상태 계약종료 | 선순위권리 미상 | 반환보증 미상 | 분쟁유형 전세사기 | 진행단계 판결·집행 | 상황 전세사기가 의심되어, 제 상황에서 할 수 있는 법적조치가 어떤게 있을지 전세계약기간: 2022. 10.1. ~ 2024. 9.30. 2024. 7. 15. 부동산에 재계약의사없음 의사표시 2024.8.15. 임대인에게 재계약의사없음 의사표시 (전세계약서상 \""계약만기 및 만기전 퇴실시에는 임대인 및 개월전 통보하기로 하며 것으로 간주한다.\""라는 항목이 있음) 당시 임대인에게 다음세입지가 구해지지않아 반환이 어렵다는 답변을 들었고, 저는 lh국민임대 입주기간이 되어 10월 1일에는 이사를 해야했던 상황이라 법무법인 전화상담을 받아봤는데요. 위 법무법인에서는 제가 한달반전에 고지를 한부분 때문에 소송을 진행한다고 하더라도 승소의 가능성이 낮으니 사인간 합의하는 것이 좋을 것이라고 말씀하셨어요. 그래서 임대인과 공동명의인을 대면으로 만나 2개월 이후까지 보증금을 반환하고, 반환하지 않을 경우 법적조치를 진행하겠다는 내용의 각서에 각자 서명을 했습니다. 합의한 기간인 11월 30일이 다가옴에도, 여전히 보증금 6500만원 반환이 어렵다는 임대인과 연락되지않는 공동명의인의 행동을 봤을 때, 보증금 반환을 하지 않을거같아서 합의기간인 11월 30일 이후 제가 할 수 있는 법적 조치가 어떤것이있는지 문의드립니드. | 특이사항 1. 임차권등기 안하고 퇴거 / 다른집에 전입신고 / 빨리 임차권등기하세요",provided_synthetic_consultations
CASE-0143,G02,경기,안산시,1억~2억,계약중(종료예정),미상,미상,가입,기타·일반문의,상담·검토,12/28일 전세 만기인 10월초 은행에 대출연장문의 후 아무 이상없다는 연락을 받고 집주인과 통화 후 연장 하기로 구두합의 되어있었습니다. 하지만 11/19일 은행에서 집 공시지가가 너무 낮아 대출 연장은 무리 없지만 보증보험 가입이 불가하다고 연락을 받고 집주인에게 차액분을 돌려달라고 말했지만 세입자 잘못이라 돌려줄수 없다고 하는 상황입니다. 보증보험 가입이 불가능한 집에서 2년더 살기가 두려운 상황인데 차액분을 받거나 만기때 무리 없이 이사를 할 수 없을까요? 공시지가에 맞춰서 계약서를 다시 작성을 하자고 해도 집 주인분이 세입자 잘못이라 싫다고만 하네요,1. 11/25 저녁에 임대인 미팅예정,unknown,보증상품 보증상품 미확인 | 주택유형 미상 | 보증금구간 1억~2억 | 계약상태 계약중(종료예정) | 선순위권리 미상 | 반환보증 가입 | 분쟁유형 기타·일반문의 | 진행단계 상담·검토 | 상황 12/28일 전세 만기인 10월초 은행에 대출연장문의 후 아무 이상없다는 연락을 받고 집주인과 통화 후 연장 하기로 구두합의 되어있었습니다. 하지만 11/19일 은행에서 집 공시지가가 너무 낮아 대출 연장은 무리 없지만 보증보험 가입이 불가하다고 연락을 받고 집주인에게 차액분을 돌려달라고 말했지만 세입자 잘못이라 돌려줄수 없다고 하는 상황입니다. 보증보험 가입이 불가능한 집에서 2년더 살기가 두려운 상황인데 차액분을 받거나 만기때 무리 없이 이사를 할 수 없을까요? 공시지가에 맞춰서 계약서를 다시 작성을 하자고 해도 집 주인분이 세입자 잘못이라 싫다고만 하네요 | 특이사항 1. 11/25 저녁에 임대인 미팅예정,provided_synthetic_consultations
CASE-0144,G02,경기,고양시,2억~3억,계약종료,오피스텔,근저당설정,가입,보증금미반환,임차권등기,"임대차계약 종료 후 HUG보증 이행청구 준비중입니다. 계약해지통보, 임차권설정 완료했습니다. 주택임대사업자 물건으로 선순위 은행융자가 있고, HUG보증가입은 문제 없었습니다. 문제는, 임대인이 LH 임대사업자 주택매입을 신청했고 매도가 되면 보증금 반환하겠다는 것인데요. 저처럼 선순위가 아닌 경우에 LH에 소유권이 넘어가면 보증금에 대한 저의 권리에 어떤 변화가 생기는지 궁금합니다. HUG 통해서 반환받는 것 포함해서요. 계약종료일에 LH주택매입팀에서 현장조사차 방문해서 이와 관련해 질문하니, 매입가격에 따라 보증금 다 못돌려받을 수도 있다고, 현재 한시적으로 도입한 이 제도가 임차인에게 불리하다고 담당자 스스로 말하더군요. 그러나 제가 임차권설정을 하면 다른 권리관계가 발생하는 것이라, 매입진행을 못할 거라고 했습니다. 다음날 임차권등기 접수했고, 현재 등기부에 설정되어있습니다. 그런데, 오늘 LH매입건으로 감정평가를 의뢰받았다며 전화를 받았기에, LH측에서 매입 건을 그대로 진행 중인 것으로 보입니다. 첨부드린 공고문 6쪽에 \""부동산 권리관계가 해소되지 않는 등 주택의 사용,수익,처분과 관련된 법률적 또는 사실적 분쟁 등이 있는 주택\""은 매입제외라는데, 임차권과 선순위근저당은 이에 해당되지 않는 것인가요? 만약 LH에서 매입을 하면, 보증금 반환 의무는 누구에게 있으며, 저는 HUG에 이행청구해서 보증금 반환 받을 수 있을까요? LH담당자는 출장중이라 통화를 못했고, 주변에 수소문해도 아는 사람이 없어 지푸라기 잡는 심정으로",1. 오피스텔 / 근저당2.7억 설정상태에서 계약 / 임차권등기했다,unknown,"보증상품 보증상품 미확인 | 주택유형 오피스텔 | 보증금구간 2억~3억 | 계약상태 계약종료 | 선순위권리 근저당설정 | 반환보증 가입 | 분쟁유형 보증금미반환 | 진행단계 임차권등기 | 상황 임대차계약 종료 후 HUG보증 이행청구 준비중입니다. 계약해지통보, 임차권설정 완료했습니다. 주택임대사업자 물건으로 선순위 은행융자가 있고, HUG보증가입은 문제 없었습니다. 문제는, 임대인이 LH 임대사업자 주택매입을 신청했고 매도가 되면 보증금 반환하겠다는 것인데요. 저처럼 선순위가 아닌 경우에 LH에 소유권이 넘어가면 보증금에 대한 저의 권리에 어떤 변화가 생기는지 궁금합니다. HUG 통해서 반환받는 것 포함해서요. 계약종료일에 LH주택매입팀에서 현장조사차 방문해서 이와 관련해 질문하니, 매입가격에 따라 보증금 다 못돌려받을 수도 있다고, 현재 한시적으로 도입한 이 제도가 임차인에게 불리하다고 담당자 스스로 말하더군요. 그러나 제가 임차권설정을 하면 다른 권리관계가 발생하는 것이라, 매입진행을 못할 거라고 했습니다. 다음날 임차권등기 접수했고, 현재 등기부에 설정되어있습니다. 그런데, 오늘 LH매입건으로 감정평가를 의뢰받았다며 전화를 받았기에, LH측에서 매입 건을 그대로 진행 중인 것으로 보입니다. 첨부드린 공고문 6쪽에 \""부동산 권리관계가 해소되지 않는 등 주택의 사용,수익,처분과 관련된 법률적 또는 사실적 분쟁 등이 있는 주택\""은 매입제외라는데, 임차권과 선순위근저당은 이에 해당되지 않는 것인가요? 만약 LH에서 매입을 하면, 보증금 반환 의무는 누구에게 있으며, 저는 HUG에 이행청구해서 보증금 반환 받을 수 있을까요? LH담당자는 출장중이라 통화를 못했고, 주변에 수소문해도 아는 사람이 없어 지푸라기 잡는 심정으로 | 특이사항 1. 오피스텔 / 근저당2.7억 설정상태에서 계약 / 임차권등기했다",provided_synthetic_consultations
CASE-0145,G02,미상,동대문구,1억 미만,계약종료,미상,미상,미상,경매·공매,상담·검토,아이가 사는 자취방이라 맡겨 두었더니 경매배당금 신청도 안했습니다. (우편물을 제대로 확인치 않음) 받았습니다. 경매가 진행중인듯 한데 조금이라도 보증금을 받을 가능성이 있는지 한푼도 못받는지 궁금합니다. 아이가 지금 군에 있는데 계약자가 아이라 제가 할 수 있는 일이 제한적입니다. 저는 어떻게 하면 될까요?,1. 강제경매진행중,unknown,보증상품 보증상품 미확인 | 주택유형 미상 | 보증금구간 1억 미만 | 계약상태 계약종료 | 선순위권리 미상 | 반환보증 미상 | 분쟁유형 경매·공매 | 진행단계 상담·검토 | 상황 아이가 사는 자취방이라 맡겨 두었더니 경매배당금 신청도 안했습니다. (우편물을 제대로 확인치 않음) 받았습니다. 경매가 진행중인듯 한데 조금이라도 보증금을 받을 가능성이 있는지 한푼도 못받는지 궁금합니다. 아이가 지금 군에 있는데 계약자가 아이라 제가 할 수 있는 일이 제한적입니다. 저는 어떻게 하면 될까요? | 특이사항 1. 강제경매진행중,provided_synthetic_consultations
CASE-0146,G02,미상,미상,1억~2억,계약중(종료예정),미상,미상,미상,기타·일반문의,상담·검토,24년 4월29일 전세연장계약을 했습니다. (동일조건으로 계약서 새로 작성X) 그러던 중 11월15일에 서울회생법원에서 집주인 파산관련 등기를 받았습니다.,,unknown,보증상품 보증상품 미확인 | 주택유형 미상 | 보증금구간 1억~2억 | 계약상태 계약중(종료예정) | 선순위권리 미상 | 반환보증 미상 | 분쟁유형 기타·일반문의 | 진행단계 상담·검토 | 상황 24년 4월29일 전세연장계약을 했습니다. (동일조건으로 계약서 새로 작성X) 그러던 중 11월15일에 서울회생법원에서 집주인 파산관련 등기를 받았습니다.,provided_synthetic_consultations
CASE-0147,G02,미상,미상,1억~2억,계약중(종료예정),미상,미상,가입,보증금미반환,상담·검토,"계약서 기준 22년 12/7에 입주, 24년 12/6에 퇴실이 기재되어 있습니다. 하지만 임대인이 세입자가 들어오지 않았기에 보증금을 돌려줄 수 없다고 말씀하시다 자기가 대출을 받아서 줘야하니까 기다리라고 합니다. 여기까지 이해할 수 있으나, 자신은 돈을 12/7에 받았기 때문에 하루 지난 12/7에 줘야한다고 합니다. 저는 현 대출을 상환한 후에 hug 청년 버팀목으로 갈아타려고 하고 있고, 이미 가계약 및 대출 가능 은행도 찾아둔 상태입니다. 하루 연체로 신용 등급에 영향이 가진 않는다고는 하나, 은행에는 기록이 남고, 이로 인해 진행하기로 했던 hug 대출에 영향이 가면 어쩌나 노심초사 하고 있는 상황입니다. 임대인은 너무나도 뻔뻔하게 자신이 대출이 나오지 않으면 어떡하려고 하냐며 반 협박 멘트를 던지고, 어려서 아무것도 모른다는 둥, 자기는 돈을 구하고 있는 사람인데 왜 못된 사람 만드냐는 둥 오히려 저에게 역정을 내고 있는 상황입니다. 만일 일이 그르칠 경우 법적으로 해결하겠다고 했지만, 그렇게 하라며 당당한 태도로 잏일관하고 있습니다. 혹시 계약서를 위반하여 전세금을 하루 연체하여 줄 경우, 그리고 이로 인해 앞으로 받게될 저의 피해 금액을 법적으로 대응할 수 있는 방법이 있는 걸까요?",1. 통상의 손해 + 특별손해 설명완료,unknown,"보증상품 보증상품 미확인 | 주택유형 미상 | 보증금구간 1억~2억 | 계약상태 계약중(종료예정) | 선순위권리 미상 | 반환보증 가입 | 분쟁유형 보증금미반환 | 진행단계 상담·검토 | 상황 계약서 기준 22년 12/7에 입주, 24년 12/6에 퇴실이 기재되어 있습니다. 하지만 임대인이 세입자가 들어오지 않았기에 보증금을 돌려줄 수 없다고 말씀하시다 자기가 대출을 받아서 줘야하니까 기다리라고 합니다. 여기까지 이해할 수 있으나, 자신은 돈을 12/7에 받았기 때문에 하루 지난 12/7에 줘야한다고 합니다. 저는 현 대출을 상환한 후에 hug 청년 버팀목으로 갈아타려고 하고 있고, 이미 가계약 및 대출 가능 은행도 찾아둔 상태입니다. 하루 연체로 신용 등급에 영향이 가진 않는다고는 하나, 은행에는 기록이 남고, 이로 인해 진행하기로 했던 hug 대출에 영향이 가면 어쩌나 노심초사 하고 있는 상황입니다. 임대인은 너무나도 뻔뻔하게 자신이 대출이 나오지 않으면 어떡하려고 하냐며 반 협박 멘트를 던지고, 어려서 아무것도 모른다는 둥, 자기는 돈을 구하고 있는 사람인데 왜 못된 사람 만드냐는 둥 오히려 저에게 역정을 내고 있는 상황입니다. 만일 일이 그르칠 경우 법적으로 해결하겠다고 했지만, 그렇게 하라며 당당한 태도로 잏일관하고 있습니다. 혹시 계약서를 위반하여 전세금을 하루 연체하여 줄 경우, 그리고 이로 인해 앞으로 받게될 저의 피해 금액을 법적으로 대응할 수 있는 방법이 있는 걸까요? | 특이사항 1. 통상의 손해 + 특별손해 설명완료",provided_synthetic_consultations
CASE-0148,G02,미상,미상,1억~2억,계약중(종료예정),미상,미상,가입,기타·일반문의,판결·집행,보증보험 안들어있고 집주인이 파산신청을 한 상태입니다. 전세금반환소송을 해도 승소해서 돈을 받을 수 있을까요 ? 소액임차인으로 최우선변제금을 받을 수 있는지 지금 상황에서 어떻게 해야 좋은 방법이 있을지 도와주시면 감사하겠습니다.,1. 23.01.08 임대차계약,unknown,보증상품 보증상품 미확인 | 주택유형 미상 | 보증금구간 1억~2억 | 계약상태 계약중(종료예정) | 선순위권리 미상 | 반환보증 가입 | 분쟁유형 기타·일반문의 | 진행단계 판결·집행 | 상황 보증보험 안들어있고 집주인이 파산신청을 한 상태입니다. 전세금반환소송을 해도 승소해서 돈을 받을 수 있을까요 ? 소액임차인으로 최우선변제금을 받을 수 있는지 지금 상황에서 어떻게 해야 좋은 방법이 있을지 도와주시면 감사하겠습니다. | 특이사항 1. 23.01.08 임대차계약,provided_synthetic_consultations
CASE-0149,G02,미상,강서구,2억~3억,계약종료,미상,미상,미상,기타·일반문의,상담·검토,이행이자 청구 관련 문의,1. 주택을 임대인에게 인도하지 않고 계속거주하고 있었음,unknown,보증상품 보증상품 미확인 | 주택유형 미상 | 보증금구간 2억~3억 | 계약상태 계약종료 | 선순위권리 미상 | 반환보증 미상 | 분쟁유형 기타·일반문의 | 진행단계 상담·검토 | 상황 이행이자 청구 관련 문의 | 특이사항 1. 주택을 임대인에게 인도하지 않고 계속거주하고 있었음,provided_synthetic_consultations
CASE-0150,G02,대구,대구,2억~3억,계약중(종료예정),미상,미상,미상,기타·일반문의,소송제기,"계약종료일 2025.2.15 (계약기간 2+2) 집주인과 2024년9월 중순 전화로 계약완료의사 밝힘(임차인배우자통화) 2024.11월 문자로 계약종료 및 전세금반환요구(임차인본인) 2024.11월25 계약종료 및 전세금 반환요청 내용증명 발송 현재 상태 : 시세 전세 150,000,000원 (70,000,000원 칠천만원 마이너스) 현재 집주인은 2억5천에 매수 직후 전세 2024년 10/30 동일 면적 같은전세금액의 물건도 남아있는상태. 집보러오는사람도 없음. 통화상으로는 연말 대출이 어렵다 핑계를 대면서 종료일에 딱맞춰 돈을 최대한 맞춰보겠다 노력하고 있다라는 상황뿐 확신이 없음. 문제상황 : 실제 계약자 장모. 계약당시 위임장을가진 사위가 현재 모든 의사소통을 대리하고 있는 상태. 추후 임차권등기명령등 원활한 반환이 안되었을때에 소송집행시 대리인과의 문자 및 녹취 전화의 내용이 임차인에게 불리한 상황인지 알고싶습니다. 추후 임대인과의 진행방법 또한 알고싶습니다",1. 잔금때 임대인변경 / 이러한 내용을 임대차계약서에 특약으로 작성 / 근데 나타난 임대인이 75세,unknown,"보증상품 보증상품 미확인 | 주택유형 미상 | 보증금구간 2억~3억 | 계약상태 계약중(종료예정) | 선순위권리 미상 | 반환보증 미상 | 분쟁유형 기타·일반문의 | 진행단계 소송제기 | 상황 계약종료일 2025.2.15 (계약기간 2+2) 집주인과 2024년9월 중순 전화로 계약완료의사 밝힘(임차인배우자통화) 2024.11월 문자로 계약종료 및 전세금반환요구(임차인본인) 2024.11월25 계약종료 및 전세금 반환요청 내용증명 발송 현재 상태 : 시세 전세 150,000,000원 (70,000,000원 칠천만원 마이너스) 현재 집주인은 2억5천에 매수 직후 전세 2024년 10/30 동일 면적 같은전세금액의 물건도 남아있는상태. 집보러오는사람도 없음. 통화상으로는 연말 대출이 어렵다 핑계를 대면서 종료일에 딱맞춰 돈을 최대한 맞춰보겠다 노력하고 있다라는 상황뿐 확신이 없음. 문제상황 : 실제 계약자 장모. 계약당시 위임장을가진 사위가 현재 모든 의사소통을 대리하고 있는 상태. 추후 임차권등기명령등 원활한 반환이 안되었을때에 소송집행시 대리인과의 문자 및 녹취 전화의 내용이 임차인에게 불리한 상황인지 알고싶습니다. 추후 임대인과의 진행방법 또한 알고싶습니다 | 특이사항 1. 잔금때 임대인변경 / 이러한 내용을 임대차계약서에 특약으로 작성 / 근데 나타난 임대인이 75세",provided_synthetic_consultations
CASE-0151,G02,미상,강남구,2억~3억,계약중(종료예정),미상,미상,가입,묵시적갱신분쟁,상담·검토,"아래와 같이 문자로 소통하였을 경우, 갱신거절통지가 되었다고 볼수 있을까요? 11월 20일 - 임차인: 안녕하세요 OOO 세입자 OOO입니다. 집주인 OOO님 맞으시죠? 매매 또는 전세(+월세) 진행을 원하신다고 전달받았습니다. 계약종료 날짜(24.12.20)가 얼마 남지 않아 여러 부동산에 내 놓으려고 합니다. 매매 / 전세+월세 각각 정확한 금액 공유 부탁드립니다. -임대인: 안녕하세요 매매는 2억8천5백만원이고 전세+월세는 2억4천3백만원+월15만원입니다. - 임차인 : 너무 비싼듯한데요 동일평수 매매가가 억 6500 인데 협의 가능성 추가로, OOO에 대해 2023.12.21-2024.12.20 기간동안 체결한 전세계약이 갱신되지 않고 2024.12.20 부로 종료된 것에 동의하시는거 맞으시죠? 임대인 매매가는 2억8500만원에 내 놓아주시고 실거래시 약간의 네고는 가능할 것 같습니다. OOO OOO호 전세계약은 계약종료 2개월 전까지 확정되지 않아 계약갱신이 2025.12.20까지 된 상태입니다. 임차인 : 월세값 협의는 가능하실까요? 임대인 : 전세+월세 2억4천7백만원+월10만원도 가능합니다 11월 21일 - 임차인: 안녕하세요 현재 OOO 다른 시세에 비해 요청하신 매매가와 전세가가 너무 비쌉니다. 방을 빼서 나갈수가 없는 가격이에요. 매매가가 시세보다 2000만원이 비쌉니다. 원래 억 5천-> 2억 4천3백만원+월5만원 진행 부탁드립니다. 동일조건 묵시적 계약갱신으로 알고 있었습니다. 전세보증청구를 위해 필요한 갱신 거절 통지 기간(대차계약이 끝나기 2개월 전)이 지난 시점에서 일방적 부분전세로 통보를 하시면 어떻합니까 너른 이해 부탁드립니다. - 임대인: 제가 일과 중에 전화받는게 좀 어려워서요 OO부동산 OOO 대표님께 내용 전달해 놓았으니, 그 쪽으로 연락해주시면 감사하겠습니다. 11월 25일 -임차인 : OOO님, 안녕하세요 OOO OOO호의 같은 평형대의 전세 시세보다 너무 비싼거 같습니다 위에 말씀드린 가격으로 협의는 절대 불가능하신건지요. 12월에서 1월쯤 이사를 하려고 하는데 방을 빼서 나갈수가 없는 상황입니다. 너른 이해",1. 3년 전 최초계약 / 1년 전 1년단위로 갱신계약,unknown,"보증상품 보증상품 미확인 | 주택유형 미상 | 보증금구간 2억~3억 | 계약상태 계약중(종료예정) | 선순위권리 미상 | 반환보증 가입 | 분쟁유형 묵시적갱신분쟁 | 진행단계 상담·검토 | 상황 아래와 같이 문자로 소통하였을 경우, 갱신거절통지가 되었다고 볼수 있을까요? 11월 20일 - 임차인: 안녕하세요 OOO 세입자 OOO입니다. 집주인 OOO님 맞으시죠? 매매 또는 전세(+월세) 진행을 원하신다고 전달받았습니다. 계약종료 날짜(24.12.20)가 얼마 남지 않아 여러 부동산에 내 놓으려고 합니다. 매매 / 전세+월세 각각 정확한 금액 공유 부탁드립니다. -임대인: 안녕하세요 매매는 2억8천5백만원이고 전세+월세는 2억4천3백만원+월15만원입니다. - 임차인 : 너무 비싼듯한데요 동일평수 매매가가 억 6500 인데 협의 가능성 추가로, OOO에 대해 2023.12.21-2024.12.20 기간동안 체결한 전세계약이 갱신되지 않고 2024.12.20 부로 종료된 것에 동의하시는거 맞으시죠? 임대인 매매가는 2억8500만원에 내 놓아주시고 실거래시 약간의 네고는 가능할 것 같습니다. OOO OOO호 전세계약은 계약종료 2개월 전까지 확정되지 않아 계약갱신이 2025.12.20까지 된 상태입니다. 임차인 : 월세값 협의는 가능하실까요? 임대인 : 전세+월세 2억4천7백만원+월10만원도 가능합니다 11월 21일 - 임차인: 안녕하세요 현재 OOO 다른 시세에 비해 요청하신 매매가와 전세가가 너무 비쌉니다. 방을 빼서 나갈수가 없는 가격이에요. 매매가가 시세보다 2000만원이 비쌉니다. 원래 억 5천-> 2억 4천3백만원+월5만원 진행 부탁드립니다. 동일조건 묵시적 계약갱신으로 알고 있었습니다. 전세보증청구를 위해 필요한 갱신 거절 통지 기간(대차계약이 끝나기 2개월 전)이 지난 시점에서 일방적 부분전세로 통보를 하시면 어떻합니까 너른 이해 부탁드립니다. - 임대인: 제가 일과 중에 전화받는게 좀 어려워서요 OO부동산 OOO 대표님께 내용 전달해 놓았으니, 그 쪽으로 연락해주시면 감사하겠습니다. 11월 25일 -임차인 : OOO님, 안녕하세요 OOO OOO호의 같은 평형대의 전세 시세보다 너무 비싼거 같습니다 위에 말씀드린 가격으로 협의는 절대 불가능하신건지요. 12월에서 1월쯤 이사를 하려고 하는데 방을 빼서 나갈수가 없는 상황입니다. 너른 이해 | 특이사항 1. 3년 전 최초계약 / 1년 전 1년단위로 갱신계약",provided_synthetic_consultations
CASE-0152,G02,미상,중구,3억 이상,계약중(종료예정),미상,근저당설정,가입,기타·일반문의,HUG이행청구,"현재 주거중인 집 전세계약 만료가 내년 3월달 입니다. (현재 살고있는 집의 명의는 딸로 되어있고, 실질적인 주인은 대리인인 그 어머니 입니다.) 집주인은 몇개월 전 이미 매매를 내놓았고 매매가 되지 않으면 딸이 들어와서 살려고한다고 해서 저희는 새로 이사갈 집을 찾고있는 중 이었습니다. 그러던 중 어제 전화를 받았는데, 본인 상황이 많이 안좋아져서, 본인 집도 내놓았고, 저희가 살고있는 집에 근저당 2억을 설정했다는 이야기를 들었습니다. 이런 이야기를 들으니 너무 불안해져서요. 지금 집은 전세 3억 1800만원이고, 80% HUG버팀목 대출로 되어있는 상태이며, 보증보험 가입 되어있습니다. 이 상황에서 저희가 전세금을 온전히 계약 끝나는 날에 돌려받기 위해서 해야 할 것 들이 있을까요",,unknown,"보증상품 보증상품 미확인 | 주택유형 미상 | 보증금구간 3억 이상 | 계약상태 계약중(종료예정) | 선순위권리 근저당설정 | 반환보증 가입 | 분쟁유형 기타·일반문의 | 진행단계 HUG이행청구 | 상황 현재 주거중인 집 전세계약 만료가 내년 3월달 입니다. (현재 살고있는 집의 명의는 딸로 되어있고, 실질적인 주인은 대리인인 그 어머니 입니다.) 집주인은 몇개월 전 이미 매매를 내놓았고 매매가 되지 않으면 딸이 들어와서 살려고한다고 해서 저희는 새로 이사갈 집을 찾고있는 중 이었습니다. 그러던 중 어제 전화를 받았는데, 본인 상황이 많이 안좋아져서, 본인 집도 내놓았고, 저희가 살고있는 집에 근저당 2억을 설정했다는 이야기를 들었습니다. 이런 이야기를 들으니 너무 불안해져서요. 지금 집은 전세 3억 1800만원이고, 80% HUG버팀목 대출로 되어있는 상태이며, 보증보험 가입 되어있습니다. 이 상황에서 저희가 전세금을 온전히 계약 끝나는 날에 돌려받기 위해서 해야 할 것 들이 있을까요",provided_synthetic_consultations
CASE-0153,G02,대전,서구,1억 미만,계약종료,미상,근저당설정,가입,경매·공매,소송제기,임대인이 보증금 일부 반환 또는 월세 전환도 어렵다고 하셔서 어떻게 해야 할지 모르겠습니다. 21년 12월에 공동담보 근저당이 설정되어 있어 보증보험 가입도 어려워서 연장을 하기에도 쉽지 않습니다. 소송 및 경매를 진행해야 할지 아니면 최우선변제에도 해당이 안 되는데 계속 살아야 할지 구분이 안 갑니다.,1. 공동담보 29.7억 설정상태에서 임대차계약,unknown,보증상품 보증상품 미확인 | 주택유형 미상 | 보증금구간 1억 미만 | 계약상태 계약종료 | 선순위권리 근저당설정 | 반환보증 가입 | 분쟁유형 경매·공매 | 진행단계 소송제기 | 상황 임대인이 보증금 일부 반환 또는 월세 전환도 어렵다고 하셔서 어떻게 해야 할지 모르겠습니다. 21년 12월에 공동담보 근저당이 설정되어 있어 보증보험 가입도 어려워서 연장을 하기에도 쉽지 않습니다. 소송 및 경매를 진행해야 할지 아니면 최우선변제에도 해당이 안 되는데 계속 살아야 할지 구분이 안 갑니다. | 특이사항 1. 공동담보 29.7억 설정상태에서 임대차계약,provided_synthetic_consultations
CASE-0154,G02,대전,서구,1억~2억,계약종료,미상,미상,미상,경매·공매,소송제기,"1. 보증금 지급 명령 신청 후 임대인이 이의 신청 제기함. 민사소송으로 전환됐는데 준비 과정이 궁금해요 2. 경매로 배당 요구 신청서 제출. 배당 결과는 안 나온 상태고 결과가 나와야 소송을 걸 수 있다는데, 정확한 답변이",,unknown,"보증상품 보증상품 미확인 | 주택유형 미상 | 보증금구간 1억~2억 | 계약상태 계약종료 | 선순위권리 미상 | 반환보증 미상 | 분쟁유형 경매·공매 | 진행단계 소송제기 | 상황 1. 보증금 지급 명령 신청 후 임대인이 이의 신청 제기함. 민사소송으로 전환됐는데 준비 과정이 궁금해요 2. 경매로 배당 요구 신청서 제출. 배당 결과는 안 나온 상태고 결과가 나와야 소송을 걸 수 있다는데, 정확한 답변이",provided_synthetic_consultations
CASE-0155,G02,미상,미상,1억~2억,계약종료,다가구주택,압류·가압류,미가입,보증금미반환,소송제기,"1. 22년 11월 14일 다가구 전세계약 체결. (1억 2천만 / 관리비 5, 보증보험 X, 임대인: 주택개발 법인) 2. 24년 5월 22일 세금 체납으로 해당건물 압류 3. 24년 8월 14일 문자로 퇴거 통보 및 답변 받음 그리고 노력하겠다고함(압류되어있는 상태인데 새 세입자 열심히 구해보겠다고함 (문자) 4. 24년 9월 27일 압류 말소 확인 5. 24년 10월 15일 카톡으로 부동산에 부동산 매물 중개어플에 올라가는지 문의. -> 공실클럽이라는 사이트에 올린다고 함. 6. 24년 11월 2일 해당 부동산 찾아가서 공실클럽에 올라가 있는지 확인해보니, 안 올라가 있음. 그 후로 차라리 관리비 내주는 년 연장계약하는 것이 어떤지 권유함. 일단 생각해보겠다고 하고, 돌아감. (재계약시 불이익이 있을까봐 고민 -> 결국 따로 계약 안함) 7. 24년 11월 13일 전세보증금 미반환으로 일시 거주한다고 통보 후 답변 받음 8. 24년 11월 14일 전세보증금 미반환으로 전세보증반환소송 하겠다고 함. 부동산으로부터 전화로 \`며칠전에 연장한다고 하더니 왜 이렇게 일을 크게 만드냐고 함, 임차권설정되면 해당 건물 사람들한테 피해주는 행위라고함. 개월 기한 잡아서 임대인 돈줄 트이게 하라고함\` -> 일단 생각해보겠다고 함. 9. 24년 11월 15일 전세반환소송 하겠다고 임대인에게 연락, 연락 후 20분 뒤 해당 부동산의 다른 중개원한테서 집 보여주려고 하는데 집 비밀번호 알려달라고 함 10.24년 11월 18일 집 보러 갔었던 사람이 마음에 든다고 11월 21일 목요일 본 계약 후 알려주겠다고 함 11.24년 11월 25일 임대인 찾아감. 임대인 방문후 부동산 연락와서 계약서는 개인정보보호법상 보여줄 수 없고 부동산 오면 슬쩍 보여주겠다고 함. 계약자 이름은 남영빈이라고 답변받음 (녹취 O) 24년 11월 27일 임대인으로부터 계약서 밑에 작성 부분을 가린 상태로 받음. (계좌 이체 내역 (11월 21일, 신협 131*****5953, 17:27 1,100,000원 가계약금 입금 학인, 남영빈)과 보내준 계약서 내 계좌랑 다름 확인) 계약서 개인정보 가린 상태로 원본을 사진으로 요청하자, 부동산에서 연락와서 \`개인정보보호법 때문에 못 보여준다고 하는데 왜 자꾸 요청하냐. 이럴거면 그냥 소송해라. 확약서를 아직도 안 받았냐. 확약서 3개월 기한으로 \`형사상 이의제기 없음\` 특약넣으면 민형사 소송시 이의제기 못한다는 뜻이니까 특약으로 넣어라. (녹취0)\` 그리고 오늘 계약서 볼 수 있냐고 하니, 임차인 자꾸 그런 태도로 나와서 보여줄 수 없다고 함. 그리고 자기는 그럴 의무도 없다. 자기는 계속 세입자 구하고 있다고 함. 12. 24년 11월 27일 18:36분 경 부동산으로부터 전화옴. 임대인 공실 중 1건 계약되어서 25년 1월 9일 천만원 확보됐다고 함. ============================== 문의사항: 해당 내용 찾아뵙고 증거 보여드리면서 상담 받고 싶습니다. 방문 상담시 문의드리고자 하는 것은 임대인과 부동산이 지금 시간을 끄는 것 같은데 소송을 바로 진행해야하는지 궁금합니다, 또한 소송을 맡기려면 어떻게 해야하는지요.",1. 다가구 주택 / 12가구 중 첫번째 임차인(본인과 대항력 및 확정일자 동일인 1명 있음),unknown,"보증상품 보증상품 미확인 | 주택유형 다가구주택 | 보증금구간 1억~2억 | 계약상태 계약종료 | 선순위권리 압류·가압류 | 반환보증 미가입 | 분쟁유형 보증금미반환 | 진행단계 소송제기 | 상황 1. 22년 11월 14일 다가구 전세계약 체결. (1억 2천만 / 관리비 5, 보증보험 X, 임대인: 주택개발 법인) 2. 24년 5월 22일 세금 체납으로 해당건물 압류 3. 24년 8월 14일 문자로 퇴거 통보 및 답변 받음 그리고 노력하겠다고함(압류되어있는 상태인데 새 세입자 열심히 구해보겠다고함 (문자) 4. 24년 9월 27일 압류 말소 확인 5. 24년 10월 15일 카톡으로 부동산에 부동산 매물 중개어플에 올라가는지 문의. -> 공실클럽이라는 사이트에 올린다고 함. 6. 24년 11월 2일 해당 부동산 찾아가서 공실클럽에 올라가 있는지 확인해보니, 안 올라가 있음. 그 후로 차라리 관리비 내주는 년 연장계약하는 것이 어떤지 권유함. 일단 생각해보겠다고 하고, 돌아감. (재계약시 불이익이 있을까봐 고민 -> 결국 따로 계약 안함) 7. 24년 11월 13일 전세보증금 미반환으로 일시 거주한다고 통보 후 답변 받음 8. 24년 11월 14일 전세보증금 미반환으로 전세보증반환소송 하겠다고 함. 부동산으로부터 전화로 \`며칠전에 연장한다고 하더니 왜 이렇게 일을 크게 만드냐고 함, 임차권설정되면 해당 건물 사람들한테 피해주는 행위라고함. 개월 기한 잡아서 임대인 돈줄 트이게 하라고함\` -> 일단 생각해보겠다고 함. 9. 24년 11월 15일 전세반환소송 하겠다고 임대인에게 연락, 연락 후 20분 뒤 해당 부동산의 다른 중개원한테서 집 보여주려고 하는데 집 비밀번호 알려달라고 함 10.24년 11월 18일 집 보러 갔었던 사람이 마음에 든다고 11월 21일 목요일 본 계약 후 알려주겠다고 함 11.24년 11월 25일 임대인 찾아감. 임대인 방문후 부동산 연락와서 계약서는 개인정보보호법상 보여줄 수 없고 부동산 오면 슬쩍 보여주겠다고 함. 계약자 이름은 남영빈이라고 답변받음 (녹취 O) 24년 11월 27일 임대인으로부터 계약서 밑에 작성 부분을 가린 상태로 받음. (계좌 이체 내역 (11월 21일, 신협 131*****5953, 17:27 1,100,000원 가계약금 입금 학인, 남영빈)과 보내준 계약서 내 계좌랑 다름 확인) 계약서 개인정보 가린 상태로 원본을 사진으로 요청하자, 부동산에서 연락와서 \`개인정보보호법 때문에 못 보여준다고 하는데 왜 자꾸 요청하냐. 이럴거면 그냥 소송해라. 확약서를 아직도 안 받았냐. 확약서 3개월 기한으로 \`형사상 이의제기 없음\` 특약넣으면 민형사 소송시 이의제기 못한다는 뜻이니까 특약으로 넣어라. (녹취0)\` 그리고 오늘 계약서 볼 수 있냐고 하니, 임차인 자꾸 그런 태도로 나와서 보여줄 수 없다고 함. 그리고 자기는 그럴 의무도 없다. 자기는 계속 세입자 구하고 있다고 함. 12. 24년 11월 27일 18:36분 경 부동산으로부터 전화옴. 임대인 공실 중 1건 계약되어서 25년 1월 9일 천만원 확보됐다고 함. ============================== 문의사항: 해당 내용 찾아뵙고 증거 보여드리면서 상담 받고 싶습니다. 방문 상담시 문의드리고자 하는 것은 임대인과 부동산이 지금 시간을 끄는 것 같은데 소송을 바로 진행해야하는지 궁금합니다, 또한 소송을 맡기려면 어떻게 해야하는지요. | 특이사항 1. 다가구 주택 / 12가구 중 첫번째 임차인(본인과 대항력 및 확정일자 동일인 1명 있음)",provided_synthetic_consultations
CASE-0156,G02,서울,미상,1억~2억,계약종료,미상,미상,미상,기타·일반문의,상담·검토,작년 11월 계약 종료 후 이사 간다고 의사를 표함 올해 4월 계약만료 되었지만 집주인이 간곡하게 요청하여 집이 나갈때까지 조금만 더 기다려주기로 함 현재 11월까지 집 보러 온 사람이 약 1년간 부동산 통해서 2명 왔습니다. 겨울은 그냥 보낸다 해도 내년 봄에는 이사를 가고 싶은데 제가 여기서 할 수 있는 게 뭐가 있을까요?,,unknown,보증상품 보증상품 미확인 | 주택유형 미상 | 보증금구간 1억~2억 | 계약상태 계약종료 | 선순위권리 미상 | 반환보증 미상 | 분쟁유형 기타·일반문의 | 진행단계 상담·검토 | 상황 작년 11월 계약 종료 후 이사 간다고 의사를 표함 올해 4월 계약만료 되었지만 집주인이 간곡하게 요청하여 집이 나갈때까지 조금만 더 기다려주기로 함 현재 11월까지 집 보러 온 사람이 약 1년간 부동산 통해서 2명 왔습니다. 겨울은 그냥 보낸다 해도 내년 봄에는 이사를 가고 싶은데 제가 여기서 할 수 있는 게 뭐가 있을까요?,provided_synthetic_consultations
CASE-0157,G02,서울,중구,1억 미만,계약중(종료예정),미상,미상,미상,전세사기,상담·검토,"! 첨부된 전세 계약서 내용 토대로 계약 1번 년 2월 26에 만료가 되는 1. 부동산이 가진 전세계약서엔 일자가 다르게 기록되어있던데 문제가 있을까요? 2. 계약서상의 집주인이 아닌 항상 대리로 상대하시던 어머님에게 계약 종료 통보 했는데 계약서 상 집주인에게 따로 내용 증명이 필요한가요? (일짜가 다른 부동산 보관 전세계약서엔 어머니 관리인 전화번호 필기로 기입되어있음) 3. 내년 1월 22일에 이사가 예정 되어있어 그때까지 세입자를 구해야 돈을 준다는데 임차권 등기 명령은 이사일 기준인가요 계약 종료 기준인가요? 4. 임대인이 따님분이시라고 어머님이 계약 진행하시고 계속 시설물 정비나 기타 업무를 대리하신 점, 부동산이 가진 계약서 일짜가 다른 점 등 등기부등본상에는 깨끗하나(1달이내에 재확인때도 이상없었음) 수상한 점 이 있어 혹시 사기일까 걱정되는데 비슷한 사기 사례가 있을까요?",1. 건축물대장+등기부등본+계약서=전부 [호수]로 표기 / 그러나 현관문에는 [호수]로 되어 있음 / 면적상 방쪼개기같지는 않으나 별도의 확인은 필요합니다.,unknown,"보증상품 보증상품 미확인 | 주택유형 미상 | 보증금구간 1억 미만 | 계약상태 계약중(종료예정) | 선순위권리 미상 | 반환보증 미상 | 분쟁유형 전세사기 | 진행단계 상담·검토 | 상황 ! 첨부된 전세 계약서 내용 토대로 계약 1번 년 2월 26에 만료가 되는 1. 부동산이 가진 전세계약서엔 일자가 다르게 기록되어있던데 문제가 있을까요? 2. 계약서상의 집주인이 아닌 항상 대리로 상대하시던 어머님에게 계약 종료 통보 했는데 계약서 상 집주인에게 따로 내용 증명이 필요한가요? (일짜가 다른 부동산 보관 전세계약서엔 어머니 관리인 전화번호 필기로 기입되어있음) 3. 내년 1월 22일에 이사가 예정 되어있어 그때까지 세입자를 구해야 돈을 준다는데 임차권 등기 명령은 이사일 기준인가요 계약 종료 기준인가요? 4. 임대인이 따님분이시라고 어머님이 계약 진행하시고 계속 시설물 정비나 기타 업무를 대리하신 점, 부동산이 가진 계약서 일짜가 다른 점 등 등기부등본상에는 깨끗하나(1달이내에 재확인때도 이상없었음) 수상한 점 이 있어 혹시 사기일까 걱정되는데 비슷한 사기 사례가 있을까요? | 특이사항 1. 건축물대장+등기부등본+계약서=전부 [호수]로 표기 / 그러나 현관문에는 [호수]로 되어 있음 / 면적상 방쪼개기같지는 않으나 별도의 확인은 필요합니다.",provided_synthetic_consultations
CASE-0158,G02,경기,화성시,1억 미만,계약중(종료예정),미상,미상,미상,기타·일반문의,상담·검토,"9월 21일 계약금 천만원을 주고 우선 입주하였고 잔금을 주기로 한 일정은10월15일 이였습니다. 저의 사정으로 잔금일을 11월11일로 미루는 조건으로 중도금 천만원을 9월 24일 보내주었습니다. 약속된 11월 11일 전화하여 잔금을 주기로 한 날 분쟁으로 인해 \""믿지못하면 방을 빼서 나가달라\""는 통보를 문자로 받았습니다. 분쟁으로 인해 먼저 이사가면 보증금을 못 받을 것 같습니다. 도와주세요~",1. 칠천만원 중 이천만원만 지급한 상황 / 잔금일에 이체가 안되어 다음날 지급하기로 협의 및 통화녹음완료,unknown,"보증상품 보증상품 미확인 | 주택유형 미상 | 보증금구간 1억 미만 | 계약상태 계약중(종료예정) | 선순위권리 미상 | 반환보증 미상 | 분쟁유형 기타·일반문의 | 진행단계 상담·검토 | 상황 9월 21일 계약금 천만원을 주고 우선 입주하였고 잔금을 주기로 한 일정은10월15일 이였습니다. 저의 사정으로 잔금일을 11월11일로 미루는 조건으로 중도금 천만원을 9월 24일 보내주었습니다. 약속된 11월 11일 전화하여 잔금을 주기로 한 날 분쟁으로 인해 \""믿지못하면 방을 빼서 나가달라\""는 통보를 문자로 받았습니다. 분쟁으로 인해 먼저 이사가면 보증금을 못 받을 것 같습니다. 도와주세요~ | 특이사항 1. 칠천만원 중 이천만원만 지급한 상황 / 잔금일에 이체가 안되어 다음날 지급하기로 협의 및 통화녹음완료",provided_synthetic_consultations
CASE-0159,G02,세종,미상,1억~2억,계약중(종료예정),미상,선순위존재,미상,전세사기,상담·검토,"전세 계약 종료일 : 2024. 11. 26. (2023. 11. 합의 갱신) 현재 집이 경매로 넘어간 상황(대전지방법원 (경매사건), 1차 입찰가 1억 3200) 입니다. 집은 현재 역전세 상황(네이버 부동산 확인 상 매매가 1억 2천~3천 예상)입니다. 집주인이 계약 종료일인 금일 연락이 왔는데, 임차인에게 1000만원 지급하고, 등기 넘기는 것에 대한 이야기를 하였습니다. 관련하여 검색해보기로는 등기부등본상 강제경매 개시가 최우선이라면, 임대인에게 건물을 매매할 수 있는 권한이 없다고 알고 있는데, 맞을까요? 그리고 위 방법이 가능하다면, 매수에 따라 현재 강제 경매에 걸려있는 채권, 세금 등은 어떻게 처리될까요? 혹시 몰라 등기부등본 첨부하여 드립니다.",1. 대항력있는 선순위임차인 / 전세사기피해자신청(결정x),unknown,"보증상품 보증상품 미확인 | 주택유형 미상 | 보증금구간 1억~2억 | 계약상태 계약중(종료예정) | 선순위권리 선순위존재 | 반환보증 미상 | 분쟁유형 전세사기 | 진행단계 상담·검토 | 상황 전세 계약 종료일 : 2024. 11. 26. (2023. 11. 합의 갱신) 현재 집이 경매로 넘어간 상황(대전지방법원 (경매사건), 1차 입찰가 1억 3200) 입니다. 집은 현재 역전세 상황(네이버 부동산 확인 상 매매가 1억 2천~3천 예상)입니다. 집주인이 계약 종료일인 금일 연락이 왔는데, 임차인에게 1000만원 지급하고, 등기 넘기는 것에 대한 이야기를 하였습니다. 관련하여 검색해보기로는 등기부등본상 강제경매 개시가 최우선이라면, 임대인에게 건물을 매매할 수 있는 권한이 없다고 알고 있는데, 맞을까요? 그리고 위 방법이 가능하다면, 매수에 따라 현재 강제 경매에 걸려있는 채권, 세금 등은 어떻게 처리될까요? 혹시 몰라 등기부등본 첨부하여 드립니다. | 특이사항 1. 대항력있는 선순위임차인 / 전세사기피해자신청(결정x)",provided_synthetic_consultations
CASE-0160,G02,인천,부평구,1억~2억,계약종료,미상,미상,가입,기타·일반문의,임차권등기,임대인 사망 후 임차권등기를 망인 이름으로 발급받았고 허그에서 임차권등기 피고를 바꿔오라고 하는 상황 현재 상속인 중 임대인의 할머니가 한정승인 후 24년 9월경 사망함(등기상속x) 임대인의 상속인 할머니의 이름이 들어간 상속서류가 있으나 현재 사망하셨기 때문에 임차권등기 경정신청 했을 때 망인이라고 안될까요? 안된다면 할머니의 딸 이름으로 경정신청을 하기 위해서는 어떻게 해야할까요,1. 허그 상속재산관리인 선임지원을 받으세요,unknown,보증상품 보증상품 미확인 | 주택유형 미상 | 보증금구간 1억~2억 | 계약상태 계약종료 | 선순위권리 미상 | 반환보증 가입 | 분쟁유형 기타·일반문의 | 진행단계 임차권등기 | 상황 임대인 사망 후 임차권등기를 망인 이름으로 발급받았고 허그에서 임차권등기 피고를 바꿔오라고 하는 상황 현재 상속인 중 임대인의 할머니가 한정승인 후 24년 9월경 사망함(등기상속x) 임대인의 상속인 할머니의 이름이 들어간 상속서류가 있으나 현재 사망하셨기 때문에 임차권등기 경정신청 했을 때 망인이라고 안될까요? 안된다면 할머니의 딸 이름으로 경정신청을 하기 위해서는 어떻게 해야할까요 | 특이사항 1. 허그 상속재산관리인 선임지원을 받으세요,provided_synthetic_consultations
CASE-0161,G02,서울,금천구,1억~2억,계약중(종료예정),미상,미상,미상,기타·일반문의,상담·검토,"[첨부파일]안내문 관련해서 우선 준비해야 할 서류들은 준비하고있고 3번. 도면은 어떻게 준비해야하는지 또, 배당요구 종기일 까지 아래 서류만 준비하면 되는지, 또는 제가 할 수 있는 행동들이나 취할 조치들이 어떤게 있는지 궁금합니다. 처음이라 경황도 없고 두서없이 작성했습니다. 도와주시면 감사하겠습니다.",4시이후에 통화 가능하다고 합니다,unknown,"보증상품 보증상품 미확인 | 주택유형 미상 | 보증금구간 1억~2억 | 계약상태 계약중(종료예정) | 선순위권리 미상 | 반환보증 미상 | 분쟁유형 기타·일반문의 | 진행단계 상담·검토 | 상황 [첨부파일]안내문 관련해서 우선 준비해야 할 서류들은 준비하고있고 3번. 도면은 어떻게 준비해야하는지 또, 배당요구 종기일 까지 아래 서류만 준비하면 되는지, 또는 제가 할 수 있는 행동들이나 취할 조치들이 어떤게 있는지 궁금합니다. 처음이라 경황도 없고 두서없이 작성했습니다. 도와주시면 감사하겠습니다. | 특이사항 4시이후에 통화 가능하다고 합니다",provided_synthetic_consultations
CASE-0162,G02,서울,미상,1억~2억,계약종료,미상,미상,가입,기타·일반문의,HUG이행청구,"재계약 당시 증액을 한 부분에 확정일자는 받지 못 하여서 이행청구 서류보완에서 미뤄지고 있는 있습니다. 신고필증은 있어 경정신청을 하였고 받아드려져 등본에 날짜도 변경이 되었는데 이번에는 확정일자를 못 받은 기간에 대해서 자료가 필요하다고 자꾸 늘어지네요. 국세, 지방세, 4대보험 납세내역서를 임대인꺼 가지고 오라 합니다. 임대인이 개인회생중이라 서류 발급이 안되니 납입내역서로 기간 설정 해서 갔는데 아니라고 하네요",,unknown,"보증상품 보증상품 미확인 | 주택유형 미상 | 보증금구간 1억~2억 | 계약상태 계약종료 | 선순위권리 미상 | 반환보증 가입 | 분쟁유형 기타·일반문의 | 진행단계 HUG이행청구 | 상황 재계약 당시 증액을 한 부분에 확정일자는 받지 못 하여서 이행청구 서류보완에서 미뤄지고 있는 있습니다. 신고필증은 있어 경정신청을 하였고 받아드려져 등본에 날짜도 변경이 되었는데 이번에는 확정일자를 못 받은 기간에 대해서 자료가 필요하다고 자꾸 늘어지네요. 국세, 지방세, 4대보험 납세내역서를 임대인꺼 가지고 오라 합니다. 임대인이 개인회생중이라 서류 발급이 안되니 납입내역서로 기간 설정 해서 갔는데 아니라고 하네요",provided_synthetic_consultations
CASE-0163,G02,서울,미상,1억~2억,계약중(종료예정),오피스텔,근저당설정,가입,전세사기,소송제기,"법인회사가 임대인인 (건물을 직접 지었다고 해서 믿고)오피스텔(60세대 이상 17층짜리 건물)전세 계약하여 보증금 : 1억2천500만원 (중소기업청년대출 :8,800만원 개인자금 3,700만원) 계약일 : 2021년 02월 26일 (계약 다음날 확정일자 및 전입신고 완료, 보증보험가입은 안 했고 등기부등본 현재까지 깔끔합니다) 23년 2월에 년 연장하게되어 만기일 : 2025년 02월 26일 입니다. 계약해지통보는 2024년 9월 30일에 문자로 만기날에 연장하지 않고 나가겠다고 말했고 ‘부동산에 연락하세요’ 라고 답장을 받았습니다. 부동산에서 매물을 내놨으니 집보러오면 전화주겠다고 했고 2024년 11월 초에 집보러온 사람이 집이 마음에 들어 계약을 하려는 중에 임대인의 세금완납증명서를 요구했고 임대인이 국세가 체납되어있어 떼줄수없다고한걸 부동산을 통해 들었고 부동산에서 말하길 임대인 세금미납으로 매물을 내놓을수도, 세입자를 구할수도 없다고 하였고 집주인이건물 내놓은게 있다고 전세 연장하고 기다려보라고 연장 못하겠으면 경매에 넘기면 된다,근데 그러면 반도 못받을거라고 하셨습니다 이 오피스텔이랑 자주 거래를 맡아오던 부동산이라 이런적이 전에 한번이라도 있었냐고 물어보니 처음이라고 들었습니다 그 뒤로 집주인인 법인회사 대표와 통화를 했으며 현재 가지고 있는 다른 건물을 팔려고 내놓은 상태이고 건물이 팔리면 다 해결된다고 기다리면 해결될것같은데 그게 언제가될진 모르겠다고 했고 연장해서 살다가 해결될수도있고 경매에 넘겨도 넘어가기까지 기간이 오래 걸리니 그 동안 기다려볼순없겠냐는 말과 함께 지금 당장은 회사에 돈이 없어서 세금도 못내고 보증금도 못돌려주겠다고 합니다. 다른 세입자들도 같은 상황인가 궁금하여 이 오피스텔에 법인 회사 임대인 소유자로 되어있는 등기부등본을 모두 떼보았습니다. 법인 소유 호수는 총 13개이고 그 중 3개는 대원건설이라는 채권자에 의해 압류되어 강제경매 진행 중이며 10개 중 2개는 무궁화신탁 근저당이 잡혀있습니다.(제가 살고있는 호수를 포함한 8개 호수는 세금관련 압류가 들어왔다가 다 처리된건지 해제되어 현재는 근저당이나 압류 없이 깨끗한 상태입니다) 경매에 넘어간 3개의 호수의 사건을 검색해보니 2024년 5월 10일에 사건이 접수되었고 현재까지 낙찰받지 못한 상황입니다. 이런 전세사기 수법도 있을까요? 단순하게 돈이 없어서 기다려주면 받을 수 있는걸까요? 너무 답답합니다 여기서 제일 큰 걱정은 은행 대출입니다. 대출도 만기일까지라 (현재 보증금 회수 외에는 갚을수있는 여력이 없음) 연장을 해야하는데 전세를 2년 연장하고 중도 퇴실한다고 말하고 2~3개월 후에 법적인 절차를 밟아도 불이익이 없을까요? 만기가 3개월 남은 시점에서 대출이 너무 걸립니다. 전세연장없이 바로 법적인 절차를 밟게되면 임대차등기명령을 하여 은행에서 6개월 연장은 해준다는 글은 봤으나, 소송 절차도 오래걸리고 다른 호수 경매도 6개월째 안되는걸 보니까 6개월만에 해결된 문제는 아닌 것 같아 전세 연장을 해야하나 너무 고민됩니다",1. 매매호가는 1.3~1.5억 정도 / 깡통주택에 가까움,unknown,"보증상품 보증상품 미확인 | 주택유형 오피스텔 | 보증금구간 1억~2억 | 계약상태 계약중(종료예정) | 선순위권리 근저당설정 | 반환보증 가입 | 분쟁유형 전세사기 | 진행단계 소송제기 | 상황 법인회사가 임대인인 (건물을 직접 지었다고 해서 믿고)오피스텔(60세대 이상 17층짜리 건물)전세 계약하여 보증금 : 1억2천500만원 (중소기업청년대출 :8,800만원 개인자금 3,700만원) 계약일 : 2021년 02월 26일 (계약 다음날 확정일자 및 전입신고 완료, 보증보험가입은 안 했고 등기부등본 현재까지 깔끔합니다) 23년 2월에 년 연장하게되어 만기일 : 2025년 02월 26일 입니다. 계약해지통보는 2024년 9월 30일에 문자로 만기날에 연장하지 않고 나가겠다고 말했고 ‘부동산에 연락하세요’ 라고 답장을 받았습니다. 부동산에서 매물을 내놨으니 집보러오면 전화주겠다고 했고 2024년 11월 초에 집보러온 사람이 집이 마음에 들어 계약을 하려는 중에 임대인의 세금완납증명서를 요구했고 임대인이 국세가 체납되어있어 떼줄수없다고한걸 부동산을 통해 들었고 부동산에서 말하길 임대인 세금미납으로 매물을 내놓을수도, 세입자를 구할수도 없다고 하였고 집주인이건물 내놓은게 있다고 전세 연장하고 기다려보라고 연장 못하겠으면 경매에 넘기면 된다,근데 그러면 반도 못받을거라고 하셨습니다 이 오피스텔이랑 자주 거래를 맡아오던 부동산이라 이런적이 전에 한번이라도 있었냐고 물어보니 처음이라고 들었습니다 그 뒤로 집주인인 법인회사 대표와 통화를 했으며 현재 가지고 있는 다른 건물을 팔려고 내놓은 상태이고 건물이 팔리면 다 해결된다고 기다리면 해결될것같은데 그게 언제가될진 모르겠다고 했고 연장해서 살다가 해결될수도있고 경매에 넘겨도 넘어가기까지 기간이 오래 걸리니 그 동안 기다려볼순없겠냐는 말과 함께 지금 당장은 회사에 돈이 없어서 세금도 못내고 보증금도 못돌려주겠다고 합니다. 다른 세입자들도 같은 상황인가 궁금하여 이 오피스텔에 법인 회사 임대인 소유자로 되어있는 등기부등본을 모두 떼보았습니다. 법인 소유 호수는 총 13개이고 그 중 3개는 대원건설이라는 채권자에 의해 압류되어 강제경매 진행 중이며 10개 중 2개는 무궁화신탁 근저당이 잡혀있습니다.(제가 살고있는 호수를 포함한 8개 호수는 세금관련 압류가 들어왔다가 다 처리된건지 해제되어 현재는 근저당이나 압류 없이 깨끗한 상태입니다) 경매에 넘어간 3개의 호수의 사건을 검색해보니 2024년 5월 10일에 사건이 접수되었고 현재까지 낙찰받지 못한 상황입니다. 이런 전세사기 수법도 있을까요? 단순하게 돈이 없어서 기다려주면 받을 수 있는걸까요? 너무 답답합니다 여기서 제일 큰 걱정은 은행 대출입니다. 대출도 만기일까지라 (현재 보증금 회수 외에는 갚을수있는 여력이 없음) 연장을 해야하는데 전세를 2년 연장하고 중도 퇴실한다고 말하고 2~3개월 후에 법적인 절차를 밟아도 불이익이 없을까요? 만기가 3개월 남은 시점에서 대출이 너무 걸립니다. 전세연장없이 바로 법적인 절차를 밟게되면 임대차등기명령을 하여 은행에서 6개월 연장은 해준다는 글은 봤으나, 소송 절차도 오래걸리고 다른 호수 경매도 6개월째 안되는걸 보니까 6개월만에 해결된 문제는 아닌 것 같아 전세 연장을 해야하나 너무 고민됩니다 | 특이사항 1. 매매호가는 1.3~1.5억 정도 / 깡통주택에 가까움",provided_synthetic_consultations
CASE-0164,G03,미상,미상,2억~3억,계약중(종료예정),미상,미상,미상,기타·일반문의,상담·검토,"1월31일 전세계약 종료날입니다. 사전에 집주인에게 통보하였고 세입자를 못 구할시에 언제 돈을 입금해줄 것인지 질문을 했는데 대답을 회피함. 최악을 생각하고 있음. 새로운 집을 가계약3천만원에 매매로 미리 계약을 해놓은 상태이고, 현재 살고 있는 전세집은 1억6천이 은행전세대출 받은것입니다. 집주인이 제때 돈을 안줄시 임차권 등기명령 등 법적 조치를 할 것이지만 새로운 집 매매 대출을 하기 위하여는 기존 전세대출을 완제해야함. 집주인이 전세금을 안줄시에 일단은가족에게 돈을 빌려 기존 전세대출을 완제하고 새로운 집 매매대출을 일으키는 방안이 있는데 이럴 경우 현재 전세금을 돌려받거나 여기에 대한 지연이자등을 요구할 경우 문제가 되는지 알고싶습니다.",,unknown,"보증상품 보증상품 미확인 | 주택유형 미상 | 보증금구간 2억~3억 | 계약상태 계약중(종료예정) | 선순위권리 미상 | 반환보증 미상 | 분쟁유형 기타·일반문의 | 진행단계 상담·검토 | 상황 1월31일 전세계약 종료날입니다. 사전에 집주인에게 통보하였고 세입자를 못 구할시에 언제 돈을 입금해줄 것인지 질문을 했는데 대답을 회피함. 최악을 생각하고 있음. 새로운 집을 가계약3천만원에 매매로 미리 계약을 해놓은 상태이고, 현재 살고 있는 전세집은 1억6천이 은행전세대출 받은것입니다. 집주인이 제때 돈을 안줄시 임차권 등기명령 등 법적 조치를 할 것이지만 새로운 집 매매 대출을 하기 위하여는 기존 전세대출을 완제해야함. 집주인이 전세금을 안줄시에 일단은가족에게 돈을 빌려 기존 전세대출을 완제하고 새로운 집 매매대출을 일으키는 방안이 있는데 이럴 경우 현재 전세금을 돌려받거나 여기에 대한 지연이자등을 요구할 경우 문제가 되는지 알고싶습니다.",provided_synthetic_consultations
CASE-0165,G03,미상,동작구,1억 미만,계약중(종료예정),미상,미상,미상,보증금미반환,상담·검토,임대인 사정상 보증금을 2일에 나눠 반환해도 되겠냐고 해서 그렇게 하겠다고 문자로 동의했다가 불안하여 번복 후 하루에 다 주셨으면 좋겠다고 하였습니다. 이로 인해 이후 들어오실 분과의 계약이 파기된다면 저에게 책임이 있을까요? 그리고 문자로라도 동의했기 때문에 번복시 법적으로 불리할 수 있을까요?,1. 25.03월 계약만기,unknown,보증상품 보증상품 미확인 | 주택유형 미상 | 보증금구간 1억 미만 | 계약상태 계약중(종료예정) | 선순위권리 미상 | 반환보증 미상 | 분쟁유형 보증금미반환 | 진행단계 상담·검토 | 상황 임대인 사정상 보증금을 2일에 나눠 반환해도 되겠냐고 해서 그렇게 하겠다고 문자로 동의했다가 불안하여 번복 후 하루에 다 주셨으면 좋겠다고 하였습니다. 이로 인해 이후 들어오실 분과의 계약이 파기된다면 저에게 책임이 있을까요? 그리고 문자로라도 동의했기 때문에 번복시 법적으로 불리할 수 있을까요? | 특이사항 1. 25.03월 계약만기,provided_synthetic_consultations
CASE-0166,G03,경기,평택시,1억~2억,계약종료,오피스텔,미상,미상,기타·일반문의,소송제기,현재 보증금이 집가격보다 더 높아졌는데 집주인이 6개월만 기다려달라고 하는데 기다려야할지 바로 소송을 진행해야할지 고민입니다,1. 오피스텔 9층 / 최초계약부터 깡통주택 / 임대차잔금일에 매매잔금 동시진행,unknown,보증상품 보증상품 미확인 | 주택유형 오피스텔 | 보증금구간 1억~2억 | 계약상태 계약종료 | 선순위권리 미상 | 반환보증 미상 | 분쟁유형 기타·일반문의 | 진행단계 소송제기 | 상황 현재 보증금이 집가격보다 더 높아졌는데 집주인이 6개월만 기다려달라고 하는데 기다려야할지 바로 소송을 진행해야할지 고민입니다 | 특이사항 1. 오피스텔 9층 / 최초계약부터 깡통주택 / 임대차잔금일에 매매잔금 동시진행,provided_synthetic_consultations
CASE-0167,G03,서울,강북구,1억~2억,계약종료,미상,선순위존재,미가입,전세사기,상담·검토,"지금까지의 상황을 쭉 나열해 보겠습니다. 2022년 5월23일부터 2024년 5월22일까지 전세보증금 1억4천만원은 전세계약을 맺고 살았습니다. 계약종료 3달전 이사가겠다는 의사를 표했고 임대인도 알겠다고 했으나, 계약종료가 얼마 남지 않은 상태에서 갑자기 새로운 세입자가 들어와야 보증금을 돌려줄 수 있다고 사정했습니다. 보증보험을 가입하지 않은 상태라 울며 겨자먹기로 전세대출을 연장해주었고 그뒤로 주소이전만 하지않은상태로 새로운 집으로 이사하여 살고 있었습니다. 오랜 기다림 끝에 새로운 세입자가 구해졌고 11월8일에 입주하게 되었습니다. 여기서 제가 실수한 부분이 있는데 어차피 다음날 세입자 들어오는게 확정되었고 11월 8일날 바쁜 일정이 있어 11월7일에 하루 며저 지금 이사온 집으로 전입신고를 했습니다. 11월8일 당일날 집주인에게 전화가 오더니 정말 미안한데 자기가 사정이 생겨서 3천만원만 미리 주고 11월말일까지 나머지 1억1천만원을 주겠다고 했습니다. 노발대발하며 거부했으나 당장 방법이 떠오르지않아 3천만원 입금 받고 11월말까지 기다렸고 다시 약속이 지켜지지 않았습니다. 지금 이 상황에서 제가 어떤 대응을 해야할지 조언을 얻고 싶습니다. 첨언할 내용으로는 1. 전세대출연장이후 이자는 매달 받고 있습니다. 2. 임대인은 1인법인명의입니다. 3. 연락은 꾸준히 되는 상태고 신원은 확실한 상태입니다. 4. 본인말로는 최근 친구에게 사기를 당해 2억을 날린 상태라고 합니다.","1. 대항력있는 선순위임차인이었으나, 지금은 대항력상실",unknown,"보증상품 보증상품 미확인 | 주택유형 미상 | 보증금구간 1억~2억 | 계약상태 계약종료 | 선순위권리 선순위존재 | 반환보증 미가입 | 분쟁유형 전세사기 | 진행단계 상담·검토 | 상황 지금까지의 상황을 쭉 나열해 보겠습니다. 2022년 5월23일부터 2024년 5월22일까지 전세보증금 1억4천만원은 전세계약을 맺고 살았습니다. 계약종료 3달전 이사가겠다는 의사를 표했고 임대인도 알겠다고 했으나, 계약종료가 얼마 남지 않은 상태에서 갑자기 새로운 세입자가 들어와야 보증금을 돌려줄 수 있다고 사정했습니다. 보증보험을 가입하지 않은 상태라 울며 겨자먹기로 전세대출을 연장해주었고 그뒤로 주소이전만 하지않은상태로 새로운 집으로 이사하여 살고 있었습니다. 오랜 기다림 끝에 새로운 세입자가 구해졌고 11월8일에 입주하게 되었습니다. 여기서 제가 실수한 부분이 있는데 어차피 다음날 세입자 들어오는게 확정되었고 11월 8일날 바쁜 일정이 있어 11월7일에 하루 며저 지금 이사온 집으로 전입신고를 했습니다. 11월8일 당일날 집주인에게 전화가 오더니 정말 미안한데 자기가 사정이 생겨서 3천만원만 미리 주고 11월말일까지 나머지 1억1천만원을 주겠다고 했습니다. 노발대발하며 거부했으나 당장 방법이 떠오르지않아 3천만원 입금 받고 11월말까지 기다렸고 다시 약속이 지켜지지 않았습니다. 지금 이 상황에서 제가 어떤 대응을 해야할지 조언을 얻고 싶습니다. 첨언할 내용으로는 1. 전세대출연장이후 이자는 매달 받고 있습니다. 2. 임대인은 1인법인명의입니다. 3. 연락은 꾸준히 되는 상태고 신원은 확실한 상태입니다. 4. 본인말로는 최근 친구에게 사기를 당해 2억을 날린 상태라고 합니다. | 특이사항 1. 대항력있는 선순위임차인이었으나, 지금은 대항력상실",provided_synthetic_consultations
CASE-0168,G03,미상,미상,3억 이상,계약종료,미상,미상,미상,기타·일반문의,상담·검토,집주인 개인회생으로 인해 역전세 계약하였고 12.13퇴거 예정임. 역전세 계약 미이행 또는 잔금 반환불가시 대처할수 있는 방법이 어떤게 있을까요?,,unknown,보증상품 보증상품 미확인 | 주택유형 미상 | 보증금구간 3억 이상 | 계약상태 계약종료 | 선순위권리 미상 | 반환보증 미상 | 분쟁유형 기타·일반문의 | 진행단계 상담·검토 | 상황 집주인 개인회생으로 인해 역전세 계약하였고 12.13퇴거 예정임. 역전세 계약 미이행 또는 잔금 반환불가시 대처할수 있는 방법이 어떤게 있을까요?,provided_synthetic_consultations
CASE-0169,G03,서울,마포구,1억~2억,계약중(종료예정),오피스텔,선순위존재,미상,경매·공매,상담·검토,"*.2023년 6월 26일 주거용 오피스텔 계약 (1억6천8백만 원)/법인소유 - 6월 26일 확정일자 부여 받음 (계약 당시 미납 세금은 없었습니다. 등기부 등본은 모두 깨끗한 상태였습니다.) *.2023년 7월 20일 이사 (전입신고 오후 5시59분 인터넷 접수) *.2023년 7월 21일 오후 3시 임대인 부가가치세 신고(1억6백)- 국세 10월 23일 임대인 부가가치세 신고(5천4백)-국세 --------------------------------------------------------- 1억 6천 미납 세금 발생 * 2023년 12월 27일 세무서로부터 전셋집 압류 전입신고를 2023년 7월 20일 5시59분에 하였기에 전입신고 대항력 발생일은 익일 승인,그 다음날인 7월 22일이라고 합니다. 그래서 부가가치세 법정기일이 하루 더 빠릅니다. 계약 당시 전혀 예측할 수 없는 임대인의 앞으로 미납할 세금에 대하여 임차인이 부담한다는 것은 너무도 억울합니다. 현재 이 오피스텔 매매가는 1억7천 정도입니다. 질문 1.공매로 넘어갈 경우 배당 순위 선후는 법정기일과 겨루는 것은 임대인의 전입신고 후 익일 기준인가요?, 아니면 확정일자 부여일인가요? 2.아직 계약 기간이 8개월 가량 남아 있긴 한데 임대인은 전세금을 갚을 의지와 능력은 없어 보입니다. 지금부터 제가 어떤 준비를 해야 하는 걸까요? 3.7월 21일 미납 세금과 10월23일 세금 모두 합쳐 제 대항력보다 앞서는 걸까요?",1. 대항력있는 선순위임차인으로 알고 계약함,unknown,"보증상품 보증상품 미확인 | 주택유형 오피스텔 | 보증금구간 1억~2억 | 계약상태 계약중(종료예정) | 선순위권리 선순위존재 | 반환보증 미상 | 분쟁유형 경매·공매 | 진행단계 상담·검토 | 상황 *.2023년 6월 26일 주거용 오피스텔 계약 (1억6천8백만 원)/법인소유 - 6월 26일 확정일자 부여 받음 (계약 당시 미납 세금은 없었습니다. 등기부 등본은 모두 깨끗한 상태였습니다.) *.2023년 7월 20일 이사 (전입신고 오후 5시59분 인터넷 접수) *.2023년 7월 21일 오후 3시 임대인 부가가치세 신고(1억6백)- 국세 10월 23일 임대인 부가가치세 신고(5천4백)-국세 --------------------------------------------------------- 1억 6천 미납 세금 발생 * 2023년 12월 27일 세무서로부터 전셋집 압류 전입신고를 2023년 7월 20일 5시59분에 하였기에 전입신고 대항력 발생일은 익일 승인,그 다음날인 7월 22일이라고 합니다. 그래서 부가가치세 법정기일이 하루 더 빠릅니다. 계약 당시 전혀 예측할 수 없는 임대인의 앞으로 미납할 세금에 대하여 임차인이 부담한다는 것은 너무도 억울합니다. 현재 이 오피스텔 매매가는 1억7천 정도입니다. 질문 1.공매로 넘어갈 경우 배당 순위 선후는 법정기일과 겨루는 것은 임대인의 전입신고 후 익일 기준인가요?, 아니면 확정일자 부여일인가요? 2.아직 계약 기간이 8개월 가량 남아 있긴 한데 임대인은 전세금을 갚을 의지와 능력은 없어 보입니다. 지금부터 제가 어떤 준비를 해야 하는 걸까요? 3.7월 21일 미납 세금과 10월23일 세금 모두 합쳐 제 대항력보다 앞서는 걸까요? | 특이사항 1. 대항력있는 선순위임차인으로 알고 계약함",provided_synthetic_consultations
CASE-0170,G03,서울,금천구,1억~2억,계약중(종료예정),미상,미상,가입,묵시적갱신분쟁,내용증명·공시송달,2024년 12월 28일 전세 만기 (허그 보증보험 가입되어있음/중기청 1억 대출) 2024년 8월부터 계약에 관한 모든 것은 관리소장에게 문의하라는 공고가 붙음(전권 위임) 2024년 9월 27일 관리소장에게 계약해지 통보하였고 부동산에 집을 내놨다 전달받음 2024년 11월 초쯤 관리소장이랑 통화하던 중 임대인이 지금 융통되는 돈이 없어서 집이 안팔리면 내년 초에 돈을 받을 수 있다고 내용증명을 보내라고 추천함 2024년 11월 20일 집주인에게 전세 계약 통보 재전달하며 만기일자 맞춰 보증금 달라 카톡함 -> 답장 없음 2024년 11월 27일 내용증명 전달 2024년 11월 28일 관리소 전화번호로 전체 공지 문자 받음. 3개월 전 서면 된다는 내용 [Web발신] 안녕하세요. 페트라 힐스 임대인 입니다. 임차인 여러분의 주거 환경에 최선의 노력을 하고 있습니다. 귀하와 부동산 임대 계약 당시 특약 사항에 퇴실 할 때는 3개월 전에 서면으로 통보가 없으면 묵시적 갱신으로 자동 연장 되오니 착오 없으시길 바랍니다. 임대인 배상 문자받은 날부터 관리소/소장에게 전화했지만 감감무소식입니다 (이전 내용증명 보내라했던 소장은 퇴사하고 다른 사람 취임하여 연락이 안됩니다) 이때 어떻게 행동해야할까요?,,unknown,보증상품 보증상품 미확인 | 주택유형 미상 | 보증금구간 1억~2억 | 계약상태 계약중(종료예정) | 선순위권리 미상 | 반환보증 가입 | 분쟁유형 묵시적갱신분쟁 | 진행단계 내용증명·공시송달 | 상황 2024년 12월 28일 전세 만기 (허그 보증보험 가입되어있음/중기청 1억 대출) 2024년 8월부터 계약에 관한 모든 것은 관리소장에게 문의하라는 공고가 붙음(전권 위임) 2024년 9월 27일 관리소장에게 계약해지 통보하였고 부동산에 집을 내놨다 전달받음 2024년 11월 초쯤 관리소장이랑 통화하던 중 임대인이 지금 융통되는 돈이 없어서 집이 안팔리면 내년 초에 돈을 받을 수 있다고 내용증명을 보내라고 추천함 2024년 11월 20일 집주인에게 전세 계약 통보 재전달하며 만기일자 맞춰 보증금 달라 카톡함 -> 답장 없음 2024년 11월 27일 내용증명 전달 2024년 11월 28일 관리소 전화번호로 전체 공지 문자 받음. 3개월 전 서면 된다는 내용 [Web발신] 안녕하세요. 페트라 힐스 임대인 입니다. 임차인 여러분의 주거 환경에 최선의 노력을 하고 있습니다. 귀하와 부동산 임대 계약 당시 특약 사항에 퇴실 할 때는 3개월 전에 서면으로 통보가 없으면 묵시적 갱신으로 자동 연장 되오니 착오 없으시길 바랍니다. 임대인 배상 문자받은 날부터 관리소/소장에게 전화했지만 감감무소식입니다 (이전 내용증명 보내라했던 소장은 퇴사하고 다른 사람 취임하여 연락이 안됩니다) 이때 어떻게 행동해야할까요?,provided_synthetic_consultations
CASE-0171,G03,강원,강릉시,1억~2억,계약종료,아파트,미상,미상,보증금미반환,임차권등기,"입주해서 살다가 임대인(회사)가 부도나는바람에 보증금 못받게되서 임차권등기명령 신청을 하려고합니다 셀프로 진행하는 중에 어려운부분이 있어 도움을 요청드립니다 계약기간 : 22년 11월 30일 - 24년 11월 29일 계약서작성일(계약일) 22년 12월 1일 확정일자 : 22년 12월 1일 입주일자 : 22년 12월 3일 전입신고 : 1. 22년 12월 8일 2. 23년 11월 13일에 나갓다가 14일에 다시 들어옴 (사유 : 아파트 사용승인 안나서 입주민들 먼저 입주해서 살다가 1년뒤 사용승인 떨어져서 임대인(회사)측에서 전입신고 다시 나갔다가 들어와야 한다고 해서 나갔다옴) ---- 그럼 신청취지 작성할때 날짜가 밑에처럼 되는게 맞을까요?? 임대차계약일자 : 22년 12월 1일 주민등록일자 : 22년 12월 8일 점유개시일자 : 22년 12월 3일 확정일자 : 22년 12월 1일 -----신청이유에서 날짜가 이렇게 되는게 맞을까요?? 1. 신청인은 22년 12월 1일 피신청인 소유의 (주소) 에 대하여 임차보증금 195,000,000원, 기간2년으로 하여 임대차 계약을 체결하였습니다 2. 22년 12월 8일에 전입신고를 하고 거주하고 있다가 임대차기간의 만료 이전이 임대차 계약의 해지통지를 하고 임차보증금의 반환을 요청하였습니다",,unknown,"보증상품 보증상품 미확인 | 주택유형 아파트 | 보증금구간 1억~2억 | 계약상태 계약종료 | 선순위권리 미상 | 반환보증 미상 | 분쟁유형 보증금미반환 | 진행단계 임차권등기 | 상황 입주해서 살다가 임대인(회사)가 부도나는바람에 보증금 못받게되서 임차권등기명령 신청을 하려고합니다 셀프로 진행하는 중에 어려운부분이 있어 도움을 요청드립니다 계약기간 : 22년 11월 30일 - 24년 11월 29일 계약서작성일(계약일) 22년 12월 1일 확정일자 : 22년 12월 1일 입주일자 : 22년 12월 3일 전입신고 : 1. 22년 12월 8일 2. 23년 11월 13일에 나갓다가 14일에 다시 들어옴 (사유 : 아파트 사용승인 안나서 입주민들 먼저 입주해서 살다가 1년뒤 사용승인 떨어져서 임대인(회사)측에서 전입신고 다시 나갔다가 들어와야 한다고 해서 나갔다옴) ---- 그럼 신청취지 작성할때 날짜가 밑에처럼 되는게 맞을까요?? 임대차계약일자 : 22년 12월 1일 주민등록일자 : 22년 12월 8일 점유개시일자 : 22년 12월 3일 확정일자 : 22년 12월 1일 -----신청이유에서 날짜가 이렇게 되는게 맞을까요?? 1. 신청인은 22년 12월 1일 피신청인 소유의 (주소) 에 대하여 임차보증금 195,000,000원, 기간2년으로 하여 임대차 계약을 체결하였습니다 2. 22년 12월 8일에 전입신고를 하고 거주하고 있다가 임대차기간의 만료 이전이 임대차 계약의 해지통지를 하고 임차보증금의 반환을 요청하였습니다",provided_synthetic_consultations
CASE-0172,G03,경남,창원시,3억 이상,계약중(종료예정),미상,미상,가입,기타·일반문의,상담·검토,\`임대인은 임차인의 전세보증금에 대한 최우선1순위를 보장하기로 함\` 저는 이 문구를 \`임대인은 임차인의 전입 다음날까지 저당권이나 권리변동에 영향을 주는 어떠한 권리관계도 설정할 수 없다\`로 구체적으로 명시하고 싶거든요. 조언 부탁드립니다. 계약서 특약사항에 오히려 \`임대인은 임차인의 전세보증금에 대한 최우선1순위를 보장하기로 함\` 이게 더 임대인이 저당권이나 채권체납이 잡히지 않도록 요구하는 좋은 문구일까요?,1. 중개업추정,unknown,보증상품 보증상품 미확인 | 주택유형 미상 | 보증금구간 3억 이상 | 계약상태 계약중(종료예정) | 선순위권리 미상 | 반환보증 가입 | 분쟁유형 기타·일반문의 | 진행단계 상담·검토 | 상황 \`임대인은 임차인의 전세보증금에 대한 최우선1순위를 보장하기로 함\` 저는 이 문구를 \`임대인은 임차인의 전입 다음날까지 저당권이나 권리변동에 영향을 주는 어떠한 권리관계도 설정할 수 없다\`로 구체적으로 명시하고 싶거든요. 조언 부탁드립니다. 계약서 특약사항에 오히려 \`임대인은 임차인의 전세보증금에 대한 최우선1순위를 보장하기로 함\` 이게 더 임대인이 저당권이나 채권체납이 잡히지 않도록 요구하는 좋은 문구일까요? | 특이사항 1. 중개업추정,provided_synthetic_consultations
CASE-0173,G03,경기,경기도파주시,2억~3억,계약중(종료예정),미상,미상,미상,기타·일반문의,상담·검토,2년 살고 2년 더연장하여 총4년 살았습니다 그 후 이사간다고 전달하였으나 집주인은 돈이없다 만 반복하며 빛쟁이되고싶냐며 오히려 저희안테 배짱씩으로 말했습니다 일단 어떻게든 좋게해결하자는식으로 하자생각하여 1년 연장하면서 1년후 나가는조건으로 했습니다 참고로 집주인은2명입니다 현 만기일까지 4개월정도남아서 연락을하였으나 1명은 일주일넘게 연락이안되며 또1명은 다른집주인1명이 내일 통화된다며 통화후연락준다했으나 현시점 2명다 연락두절입니다 아직 4개월남았는데 이걸 어떻게 해결을해야하는지 몰라서요ㅜㅜ,,unknown,보증상품 보증상품 미확인 | 주택유형 미상 | 보증금구간 2억~3억 | 계약상태 계약중(종료예정) | 선순위권리 미상 | 반환보증 미상 | 분쟁유형 기타·일반문의 | 진행단계 상담·검토 | 상황 2년 살고 2년 더연장하여 총4년 살았습니다 그 후 이사간다고 전달하였으나 집주인은 돈이없다 만 반복하며 빛쟁이되고싶냐며 오히려 저희안테 배짱씩으로 말했습니다 일단 어떻게든 좋게해결하자는식으로 하자생각하여 1년 연장하면서 1년후 나가는조건으로 했습니다 참고로 집주인은2명입니다 현 만기일까지 4개월정도남아서 연락을하였으나 1명은 일주일넘게 연락이안되며 또1명은 다른집주인1명이 내일 통화된다며 통화후연락준다했으나 현시점 2명다 연락두절입니다 아직 4개월남았는데 이걸 어떻게 해결을해야하는지 몰라서요ㅜㅜ,provided_synthetic_consultations
CASE-0174,G03,울산,남구,1억~2억,계약중(종료예정),미상,선순위존재,가입,경매·공매,상담·검토,전세권설정하여 현재 선순위 내년 1월 전세 계약 종료 예정인데 살았던 전세집이 임대인과 타인과의 채무 관계로 강제 경매가 진행되었고 집주인은 계약 종료 후 전세보증금 못 돌려주고 경매 참여해서 보증금 반환 받으라는 말만 하고 있는 상황입니다. 보증금 받을 수 있는 다른 방법이 있는지,,unknown,보증상품 보증상품 미확인 | 주택유형 미상 | 보증금구간 1억~2억 | 계약상태 계약중(종료예정) | 선순위권리 선순위존재 | 반환보증 가입 | 분쟁유형 경매·공매 | 진행단계 상담·검토 | 상황 전세권설정하여 현재 선순위 내년 1월 전세 계약 종료 예정인데 살았던 전세집이 임대인과 타인과의 채무 관계로 강제 경매가 진행되었고 집주인은 계약 종료 후 전세보증금 못 돌려주고 경매 참여해서 보증금 반환 받으라는 말만 하고 있는 상황입니다. 보증금 받을 수 있는 다른 방법이 있는지,provided_synthetic_consultations
CASE-0175,G03,경기,성남시,3억 이상,계약중(종료예정),미상,근저당설정,가입,기타·일반문의,HUG이행청구,제가 이사가 꼬이면서 전입신고를 하루 늦게 하게되었습니다 허그은행안심대출을 받았기에 당일 전입신고 하지 않을시 면책사유에 해당한다고 알고 있지만 전입신고 전까지 근저당 잡히는 것들이 엾었다면 만약 보증 실행 청구를 할 시 보증 받을 수 있을까요?,1. 24.12.02 임대차계약 / 대항력있는 선순위임차인,unknown,보증상품 보증상품 미확인 | 주택유형 미상 | 보증금구간 3억 이상 | 계약상태 계약중(종료예정) | 선순위권리 근저당설정 | 반환보증 가입 | 분쟁유형 기타·일반문의 | 진행단계 HUG이행청구 | 상황 제가 이사가 꼬이면서 전입신고를 하루 늦게 하게되었습니다 허그은행안심대출을 받았기에 당일 전입신고 하지 않을시 면책사유에 해당한다고 알고 있지만 전입신고 전까지 근저당 잡히는 것들이 엾었다면 만약 보증 실행 청구를 할 시 보증 받을 수 있을까요? | 특이사항 1. 24.12.02 임대차계약 / 대항력있는 선순위임차인,provided_synthetic_consultations
CASE-0176,G03,서울,광진구,2억~3억,계약중(종료예정),미상,압류·가압류,가입,보증금미반환,내용증명·공시송달,집주인의 아내분과 문자로 구두계약갱신합의 후(10월 30일) 은행에서 11월 19일에 공시가 저하로 약 80프로 정도의 대출금을 일시상환해야한다고 연락을 받았습니다. 그리고 집주인이 올해 5월 7월 두차례에 걸쳐 집을 담보로한 대출을 상환하지 않아 가압류와 압류상태임을 알게 되었습니다. 하여 허그에서 보증금반환을 받기 위해 집주인의 아내분에게 11월 20일에 계약종료 요청을 드렸고 21일에 부동산에서 서로 만나 이야기를 나누었으나 인감을 가져오지 않았다는 이유로 종료요청서 싸인을 거절당했습니다. 그리고 그 이후로도 노령의 집주인부부가 귀가 안좋다 이명이 들린다등 이해할수럾는 여러이유로 회피를 하고 있어 11월 29일 금요일 아들이 아내분에게 대신 전화를 걸어 12월 2일 월요일에 부동산에서 만나 도장을 받기로 재차 약속을 받았습니다. 그런데 일요일에 집주인이 카톡 (합의했고 끝났다는 내용)을 보낸 이후로 더이상 전화도 문자도 연락이 되지 않습니다. 이런 경우엔 어떻게 하나요? 너무 초조하고 억울합니다. 허그에 상담을 해봐도 문자동의나 인감싸인이 필요하다고만 합니다. 형사고소를 하면 될까요? 이 경우엔 내용증명도 소용이 없다고 하던데요,,unknown,보증상품 보증상품 미확인 | 주택유형 미상 | 보증금구간 2억~3억 | 계약상태 계약중(종료예정) | 선순위권리 압류·가압류 | 반환보증 가입 | 분쟁유형 보증금미반환 | 진행단계 내용증명·공시송달 | 상황 집주인의 아내분과 문자로 구두계약갱신합의 후(10월 30일) 은행에서 11월 19일에 공시가 저하로 약 80프로 정도의 대출금을 일시상환해야한다고 연락을 받았습니다. 그리고 집주인이 올해 5월 7월 두차례에 걸쳐 집을 담보로한 대출을 상환하지 않아 가압류와 압류상태임을 알게 되었습니다. 하여 허그에서 보증금반환을 받기 위해 집주인의 아내분에게 11월 20일에 계약종료 요청을 드렸고 21일에 부동산에서 서로 만나 이야기를 나누었으나 인감을 가져오지 않았다는 이유로 종료요청서 싸인을 거절당했습니다. 그리고 그 이후로도 노령의 집주인부부가 귀가 안좋다 이명이 들린다등 이해할수럾는 여러이유로 회피를 하고 있어 11월 29일 금요일 아들이 아내분에게 대신 전화를 걸어 12월 2일 월요일에 부동산에서 만나 도장을 받기로 재차 약속을 받았습니다. 그런데 일요일에 집주인이 카톡 (합의했고 끝났다는 내용)을 보낸 이후로 더이상 전화도 문자도 연락이 되지 않습니다. 이런 경우엔 어떻게 하나요? 너무 초조하고 억울합니다. 허그에 상담을 해봐도 문자동의나 인감싸인이 필요하다고만 합니다. 형사고소를 하면 될까요? 이 경우엔 내용증명도 소용이 없다고 하던데요,provided_synthetic_consultations
CASE-0177,G03,경기,평택시,1억~2억,계약중(종료예정),미상,미상,가입,묵시적갱신분쟁,내용증명·공시송달,"다름이 아니라 현재 계약이 2024/12/15 만료 예정입니다. 임대인이 몸이 불편해(?) 임대인 와이프 분이 재계약에 관련한 이야기를 임대인에게 전달해서 진행하고 있습니다 (임대인 휴대폰을 통해서, 하지만 임대인 와이프 분을 낀상태로 진행하니 재계약이 지지부진해서 임대인과 통화하게 해달라고 했을 때, 몸이 불편하다고 계속 통화를 못한다고 함). 임대인이 요구한 충분한 시간을 주었음에도, 답을 달라라는 문자에 대한 답장 X, 약속 일방 파기, 사정 봐달라는 의견만 있기 때문에 더 이상 임대인의 신뢰가 없어 재계약을 하지 않고 보증금 반환을 진행하려고 합니다. 현재 재계약 논의 상황 - 현재 전세가가 1.25억 미만으로 떨어져 보증보험 연장이 불가능해 감액 재계약이나 협의를 통해 재계약을 진행하고자 했으나 임대인의 개인적인 사정을 봐달라라는 의견(+이중 계약서 or 써달라는거 써줄테니(?) 원금으로 살아달라는 의견도 있었음)만 있을 뿐 원활한 재계약 협의가 진행되지 않음 - Timeline 10/02 (임차인): 문자로 재계약 논의 부탁 10/03 (임대인): 전화 주겠다고 답변 10/04 (임차인): 1.25억 시세에 맞춰주면 재계약을 하고 맞출 수 없으면 재계약이 어렵다 10/05 (임대인): 시간을 달라 11/01 (임차인): 계약관련 어떻게 되고 있는지 진행상황 답변달라. 11/04 (임차인): 금액을 맞출 수 없으면 재계약이 어렵다 답을 달라. 연락 두절 (11/1~11/4) > 12/15 계약종료 통보 내용증명 발송 > 폐문 부재로 수령X 11/05 (임대인): 개인적인 사정봐달라 11/05 (임차인&임대인): 11/30까지 시간 주기로 합의. 11/15 (임대인): 사정 봐달라. 11/15 (임차인): 금액 맞추던지 & HUG 보증보험 이행할 수 있게 종료확인서 작성 둘중에 하나만 답변 달라고 통보 11/29 (임대인): 12/01 만나서 얘기하자 11/29 (임차인&임대인): 12/01 10-11시에 만나는걸로 합의 12/01 (임대인): 약속 2시간전에 일이생겨서 못나온다고 일방적 약속 파기 및 2년 재계약을 하면 정상적인 매매(?)를 통해 주겠다. 12/01 (임차인): 신뢰가 바닥났기 때문에 더이상 시간 드리기 어렵다. 2일안에 재계약 혹은 계약종료확인서에 관한 관련한 답을 가지고 와라. 아무 답변 없을 시 계약 종료 및 보증금 반환 진행할 예정이며 반환불가능 시 법적 절차를 밟겠다고 통보 현재: 답 기다리는중 (~12/03) 문의 사항 마지막 통보에 대한 답이 미비할 시, 재계약 협의를 중단하고 계약을 종료 및 보증금 반환을 진행하려고 합니다. 문의사항 1. 계약 종료 시점 1) 2달내에 종료 의사 표시를 하지 않았기 때문에 묵시적 연장이라 종료 통보 후 3개월 후에 계약종료를 할 수 있다. 2) 12/15에 종료를 할 수 있다. 중에 어떤 것일까요? 2. 이러한 문자& 녹취록(임대인 휴대전화로 임대인 와이프가 진행한)이 임차권 등기에 문제가 없을까요? PS. 1.연락시 금액 못맞춰주면 재계약을 안하고 맞춰주면 재계약 하겠다는 문자로 보내서 명확한 계약종료 의사가 아니기 때문에 HUG에서 이행청구가 불가능하다는 답변을 받았습니다. 2.현재 임대인의 태도를 봤을 때 계약종료 합의서는 받기 어려울 것 같습니다. 3. 등기부 등본에서 제가 1순위입니다.",1. 깡통주택,unknown,"보증상품 보증상품 미확인 | 주택유형 미상 | 보증금구간 1억~2억 | 계약상태 계약중(종료예정) | 선순위권리 미상 | 반환보증 가입 | 분쟁유형 묵시적갱신분쟁 | 진행단계 내용증명·공시송달 | 상황 다름이 아니라 현재 계약이 2024/12/15 만료 예정입니다. 임대인이 몸이 불편해(?) 임대인 와이프 분이 재계약에 관련한 이야기를 임대인에게 전달해서 진행하고 있습니다 (임대인 휴대폰을 통해서, 하지만 임대인 와이프 분을 낀상태로 진행하니 재계약이 지지부진해서 임대인과 통화하게 해달라고 했을 때, 몸이 불편하다고 계속 통화를 못한다고 함). 임대인이 요구한 충분한 시간을 주었음에도, 답을 달라라는 문자에 대한 답장 X, 약속 일방 파기, 사정 봐달라는 의견만 있기 때문에 더 이상 임대인의 신뢰가 없어 재계약을 하지 않고 보증금 반환을 진행하려고 합니다. 현재 재계약 논의 상황 - 현재 전세가가 1.25억 미만으로 떨어져 보증보험 연장이 불가능해 감액 재계약이나 협의를 통해 재계약을 진행하고자 했으나 임대인의 개인적인 사정을 봐달라라는 의견(+이중 계약서 or 써달라는거 써줄테니(?) 원금으로 살아달라는 의견도 있었음)만 있을 뿐 원활한 재계약 협의가 진행되지 않음 - Timeline 10/02 (임차인): 문자로 재계약 논의 부탁 10/03 (임대인): 전화 주겠다고 답변 10/04 (임차인): 1.25억 시세에 맞춰주면 재계약을 하고 맞출 수 없으면 재계약이 어렵다 10/05 (임대인): 시간을 달라 11/01 (임차인): 계약관련 어떻게 되고 있는지 진행상황 답변달라. 11/04 (임차인): 금액을 맞출 수 없으면 재계약이 어렵다 답을 달라. 연락 두절 (11/1~11/4) > 12/15 계약종료 통보 내용증명 발송 > 폐문 부재로 수령X 11/05 (임대인): 개인적인 사정봐달라 11/05 (임차인&임대인): 11/30까지 시간 주기로 합의. 11/15 (임대인): 사정 봐달라. 11/15 (임차인): 금액 맞추던지 & HUG 보증보험 이행할 수 있게 종료확인서 작성 둘중에 하나만 답변 달라고 통보 11/29 (임대인): 12/01 만나서 얘기하자 11/29 (임차인&임대인): 12/01 10-11시에 만나는걸로 합의 12/01 (임대인): 약속 2시간전에 일이생겨서 못나온다고 일방적 약속 파기 및 2년 재계약을 하면 정상적인 매매(?)를 통해 주겠다. 12/01 (임차인): 신뢰가 바닥났기 때문에 더이상 시간 드리기 어렵다. 2일안에 재계약 혹은 계약종료확인서에 관한 관련한 답을 가지고 와라. 아무 답변 없을 시 계약 종료 및 보증금 반환 진행할 예정이며 반환불가능 시 법적 절차를 밟겠다고 통보 현재: 답 기다리는중 (~12/03) 문의 사항 마지막 통보에 대한 답이 미비할 시, 재계약 협의를 중단하고 계약을 종료 및 보증금 반환을 진행하려고 합니다. 문의사항 1. 계약 종료 시점 1) 2달내에 종료 의사 표시를 하지 않았기 때문에 묵시적 연장이라 종료 통보 후 3개월 후에 계약종료를 할 수 있다. 2) 12/15에 종료를 할 수 있다. 중에 어떤 것일까요? 2. 이러한 문자& 녹취록(임대인 휴대전화로 임대인 와이프가 진행한)이 임차권 등기에 문제가 없을까요? PS. 1.연락시 금액 못맞춰주면 재계약을 안하고 맞춰주면 재계약 하겠다는 문자로 보내서 명확한 계약종료 의사가 아니기 때문에 HUG에서 이행청구가 불가능하다는 답변을 받았습니다. 2.현재 임대인의 태도를 봤을 때 계약종료 합의서는 받기 어려울 것 같습니다. 3. 등기부 등본에서 제가 1순위입니다. | 특이사항 1. 깡통주택",provided_synthetic_consultations
CASE-0178,G03,경기,파주시,2억~3억,계약중(종료예정),미상,근저당설정,가입,묵시적갱신분쟁,내용증명·공시송달,전세대출 후 입주하고 2년지나 같은 조건으로 자동갱신되어 12/2이면 만4년 대출은 1/3 만료입니다. 집주인에게 연락이 없고 저희는 2년 후 다른지역 이주예정이라 향후 2갱신이 될 상태였습니다. 은행에 문의한결과 자동갱신이면 대출연장이 문제 없을거라고해서 맘을 놓고 있었는데 은행으로 부터 연락이 왔습니다. 현재 저희집이 kb시세가 많이 떨어졌으니 임대인한테 5000을 받고 다운받은 계약서를 받아오라는 것이었습니다. 하지만 시세는 떨어졌으나 전세가는 오른 상태여서 주인은 받아들일 수 없다하여 집을 내놓게 되었습니다. 은행 대출이지만 HUG상품이라 연장을 하려면 내용증명서를 보내고 HUG에 지급보증을 신청을 하면 은행 대출연장을 6개월 해주겠다고 하였습니다. 당연히 임대인은 종료확인서와 인감증명서등은 줄 수 없다하여 계약종료확인문자를 주고 받기로 지난주 금요일 약속했는데 임대인의 집안문제로 금일 하기로 하였으나 내일 오후 5시 이후에 하겠다고 하고 차일 피일 미루고 있습니다. 저희는 우선 은행 대출 연장을 해놓고 양쪽다 시간을 벌어보고자 하였으나 저희는 무조건 나가야 할 것 같습니다. 임대인이 종료확인문자등 협조를 안해줘서 지급보증 신청이 안되면 저희가 할 수 있는 일이 무엇인지 궁금하고 이 경우 HUG이행 대행 청구도 가능한지 여쭤보고 싶습니다. 바쁘시겠지만 확인,1. 선순위근저당 2.4억 설정상태에서 보증금 2.5억/월세20만원 계약,unknown,보증상품 보증상품 미확인 | 주택유형 미상 | 보증금구간 2억~3억 | 계약상태 계약중(종료예정) | 선순위권리 근저당설정 | 반환보증 가입 | 분쟁유형 묵시적갱신분쟁 | 진행단계 내용증명·공시송달 | 상황 전세대출 후 입주하고 2년지나 같은 조건으로 자동갱신되어 12/2이면 만4년 대출은 1/3 만료입니다. 집주인에게 연락이 없고 저희는 2년 후 다른지역 이주예정이라 향후 2갱신이 될 상태였습니다. 은행에 문의한결과 자동갱신이면 대출연장이 문제 없을거라고해서 맘을 놓고 있었는데 은행으로 부터 연락이 왔습니다. 현재 저희집이 kb시세가 많이 떨어졌으니 임대인한테 5000을 받고 다운받은 계약서를 받아오라는 것이었습니다. 하지만 시세는 떨어졌으나 전세가는 오른 상태여서 주인은 받아들일 수 없다하여 집을 내놓게 되었습니다. 은행 대출이지만 HUG상품이라 연장을 하려면 내용증명서를 보내고 HUG에 지급보증을 신청을 하면 은행 대출연장을 6개월 해주겠다고 하였습니다. 당연히 임대인은 종료확인서와 인감증명서등은 줄 수 없다하여 계약종료확인문자를 주고 받기로 지난주 금요일 약속했는데 임대인의 집안문제로 금일 하기로 하였으나 내일 오후 5시 이후에 하겠다고 하고 차일 피일 미루고 있습니다. 저희는 우선 은행 대출 연장을 해놓고 양쪽다 시간을 벌어보고자 하였으나 저희는 무조건 나가야 할 것 같습니다. 임대인이 종료확인문자등 협조를 안해줘서 지급보증 신청이 안되면 저희가 할 수 있는 일이 무엇인지 궁금하고 이 경우 HUG이행 대행 청구도 가능한지 여쭤보고 싶습니다. 바쁘시겠지만 확인 | 특이사항 1. 선순위근저당 2.4억 설정상태에서 보증금 2.5억/월세20만원 계약,provided_synthetic_consultations
CASE-0179,G03,인천,인천미추홀구,1억 미만,계약종료,미상,압류·가압류,미상,보증금미반환,상담·검토,계약종료가 되었지만 아직 보증금을 못받아 현재 거주하고 있습니다. 피해자 인정까지 받은상태이고요 집주인이 너무 괘씸하여 지구끝까지 따라가 통장 압류부터 신용불량자 만들고 싶은데 어떻게 진행하면 되는지,1. 17.02 최초계약 / 21.02 계약종료,unknown,보증상품 보증상품 미확인 | 주택유형 미상 | 보증금구간 1억 미만 | 계약상태 계약종료 | 선순위권리 압류·가압류 | 반환보증 미상 | 분쟁유형 보증금미반환 | 진행단계 상담·검토 | 상황 계약종료가 되었지만 아직 보증금을 못받아 현재 거주하고 있습니다. 피해자 인정까지 받은상태이고요 집주인이 너무 괘씸하여 지구끝까지 따라가 통장 압류부터 신용불량자 만들고 싶은데 어떻게 진행하면 되는지 | 특이사항 1. 17.02 최초계약 / 21.02 계약종료,provided_synthetic_consultations
CASE-0180,G03,미상,미상,1억~2억,계약중(종료예정),미상,미상,미상,기타·일반문의,상담·검토,계약서를.2.28일먼저작성하고 (대출유무확인위해) 집을빨리이사할수잇어 합의하에(대출승인빨리됨) 2.13일로 계약을햇는데 2.28일은집주인이오고 2.13일은중개사가 대리로 해준상황입니다-서로 계약서를보냇다 난받지않앗다 그런대 전세만기랑확정일자랑전부2.13일로 되잇어요 전세hf지킴이로 하려고하는데 계약서가다르다고 논란의 소지가있다고 확정일자를 변경하라고하는데요 이것도받을수잇을지없을지모르겟다하고 우선제가받은ㅈ서류는 대리인이한거라 법정으로가도 효력은없을거같다고 이럴경우 어떻게하나요? 확정일자변경해도되는건가요? 아님 확정일자냅두고 입주일만변경해도되는건가요ㅜㅜ,,unknown,보증상품 보증상품 미확인 | 주택유형 미상 | 보증금구간 1억~2억 | 계약상태 계약중(종료예정) | 선순위권리 미상 | 반환보증 미상 | 분쟁유형 기타·일반문의 | 진행단계 상담·검토 | 상황 계약서를.2.28일먼저작성하고 (대출유무확인위해) 집을빨리이사할수잇어 합의하에(대출승인빨리됨) 2.13일로 계약을햇는데 2.28일은집주인이오고 2.13일은중개사가 대리로 해준상황입니다-서로 계약서를보냇다 난받지않앗다 그런대 전세만기랑확정일자랑전부2.13일로 되잇어요 전세hf지킴이로 하려고하는데 계약서가다르다고 논란의 소지가있다고 확정일자를 변경하라고하는데요 이것도받을수잇을지없을지모르겟다하고 우선제가받은ㅈ서류는 대리인이한거라 법정으로가도 효력은없을거같다고 이럴경우 어떻게하나요? 확정일자변경해도되는건가요? 아님 확정일자냅두고 입주일만변경해도되는건가요ㅜㅜ,provided_synthetic_consultations
CASE-0181,G03,경기,안산시,3억 이상,계약중(종료예정),미상,미상,가입,기타·일반문의,내용증명·공시송달,보증이행청구 중 내용증명서 상 임대차계약내용과 상이하여 허그에서는 정확한 날짜기입을 하여 임대인에게 재도달 한 내용을 달라고 하는데 현 임대인이 거주불명자 입니다. 은행은 6개월 연장신청 했는데 2025년1월24일 연장종료일자입니다.,,unknown,보증상품 보증상품 미확인 | 주택유형 미상 | 보증금구간 3억 이상 | 계약상태 계약중(종료예정) | 선순위권리 미상 | 반환보증 가입 | 분쟁유형 기타·일반문의 | 진행단계 내용증명·공시송달 | 상황 보증이행청구 중 내용증명서 상 임대차계약내용과 상이하여 허그에서는 정확한 날짜기입을 하여 임대인에게 재도달 한 내용을 달라고 하는데 현 임대인이 거주불명자 입니다. 은행은 6개월 연장신청 했는데 2025년1월24일 연장종료일자입니다.,provided_synthetic_consultations
CASE-0182,G03,서울,미상,1억~2억,계약중(종료예정),미상,근저당설정,미상,전세사기,내용증명·공시송달,"22년 12월 13일에 임대차 계약 체결해서 임대차계약기간 23.01.04~25.01.03일까지 입니다. 해당 매물은 부동산임대업 진행하는 회사의 대표 건물이고, 해당 회사의 계약 담당자와 관리인이 따로 있는 회사입니다. 24년 10월 23일에 건물 관리인 및 계약진행했던 부동산에 계약연장의사가 없음을 밝혔습니다. 이후에 만기일자에 보증금 반환 여부에 대해 해당 회사의 계약담당자를 통해 임대인의 의사표시를 확인하였지만 계약담당자가 임대인이 돈을 준비하고있다고 전달받고, 임대인이 제쪽으로 전화를 하겠다는 말만 반복하였습니다. 이후 임대인의 연락처를 전달받아 수차례 통화와 문자를 시도하였지만 연락이 되지않았고 결국 내용증명을 작성하여 임대차계약서에 나와있는 임대인주소로 발송을 하였으나 수취인불명으로 반송예정인 상태입니다. 현재도 연락이 되지않고있는 상황이여서 전세사기가 의심이됩니다. 임대차 기간이 약 한달남은 시점인데 자문을 구하고자 연락드립니다.",1. 8.2억 근저당설정상태에서 임대차계약,unknown,"보증상품 보증상품 미확인 | 주택유형 미상 | 보증금구간 1억~2억 | 계약상태 계약중(종료예정) | 선순위권리 근저당설정 | 반환보증 미상 | 분쟁유형 전세사기 | 진행단계 내용증명·공시송달 | 상황 22년 12월 13일에 임대차 계약 체결해서 임대차계약기간 23.01.04~25.01.03일까지 입니다. 해당 매물은 부동산임대업 진행하는 회사의 대표 건물이고, 해당 회사의 계약 담당자와 관리인이 따로 있는 회사입니다. 24년 10월 23일에 건물 관리인 및 계약진행했던 부동산에 계약연장의사가 없음을 밝혔습니다. 이후에 만기일자에 보증금 반환 여부에 대해 해당 회사의 계약담당자를 통해 임대인의 의사표시를 확인하였지만 계약담당자가 임대인이 돈을 준비하고있다고 전달받고, 임대인이 제쪽으로 전화를 하겠다는 말만 반복하였습니다. 이후 임대인의 연락처를 전달받아 수차례 통화와 문자를 시도하였지만 연락이 되지않았고 결국 내용증명을 작성하여 임대차계약서에 나와있는 임대인주소로 발송을 하였으나 수취인불명으로 반송예정인 상태입니다. 현재도 연락이 되지않고있는 상황이여서 전세사기가 의심이됩니다. 임대차 기간이 약 한달남은 시점인데 자문을 구하고자 연락드립니다. | 특이사항 1. 8.2억 근저당설정상태에서 임대차계약",provided_synthetic_consultations
CASE-0183,G03,미상,의왕시,2억~3억,계약중(종료예정),미상,미상,가입,묵시적갱신분쟁,상담·검토,10월 21일 계약종료후에도 후속 세입자가 구해지지 않아 묵시적 갱신으로 지내고 있습니다. 현재 보증보험은 안든 상태구요. 전세 대출도 이를 년 연장된 상태입니다 임대인이 보증보험 가입이 가능한 2.1년 재계약을 하자고 하는데 현재 가능한 상황인건가요? 된다면 대출은 어떻게 변경하면 될지,,unknown,보증상품 보증상품 미확인 | 주택유형 미상 | 보증금구간 2억~3억 | 계약상태 계약중(종료예정) | 선순위권리 미상 | 반환보증 가입 | 분쟁유형 묵시적갱신분쟁 | 진행단계 상담·검토 | 상황 10월 21일 계약종료후에도 후속 세입자가 구해지지 않아 묵시적 갱신으로 지내고 있습니다. 현재 보증보험은 안든 상태구요. 전세 대출도 이를 년 연장된 상태입니다 임대인이 보증보험 가입이 가능한 2.1년 재계약을 하자고 하는데 현재 가능한 상황인건가요? 된다면 대출은 어떻게 변경하면 될지,provided_synthetic_consultations
CASE-0184,G03,서울,강서구,1억~2억,계약중(종료예정),미상,미상,미상,기타·일반문의,내용증명·공시송달,"2024-1-16 버팀목 대출로 전세 계약 했습니다 2024-9-24 한 부동산에서 임대인이 변동됐다고 서류 요청하는 연락이 왔습니다 / 제가 계약했던 부동산과는 달랐고 임대인이 변경되면 은행에서 연락이 올거다, 제가 다른 무언가를 할 필요도 없고 된다했구요 ㅜㅜ 2024-12-3 찾아보니 은행에서 제가 작성해야할 서류가 있고 은행에서 변동된 임대인이 연락이 안 닿는다며 이야기해줬습니다 ㅜㅜ 그 전에 저도 연락을 드렸지만 부동산, 전 임대인, 현 임대인 모두 연락이 닿지 않았고요 등기부등본을 보니 매매가와 전세가가 같고 현 임대인이 99년생으로 어린 편인 듯 합니다. 너무 불안해요 ㅠㅠ 매매계약서는 첫장 캡쳐본으로 받은 게 있고요 건물 등기부등본을 떼보니 임대인 등록된 거주지까지 확인이 되어서 계약해지 내용증명을 먼저 보내고 싶어요. 어떻게 하면 될까요?",,unknown,"보증상품 보증상품 미확인 | 주택유형 미상 | 보증금구간 1억~2억 | 계약상태 계약중(종료예정) | 선순위권리 미상 | 반환보증 미상 | 분쟁유형 기타·일반문의 | 진행단계 내용증명·공시송달 | 상황 2024-1-16 버팀목 대출로 전세 계약 했습니다 2024-9-24 한 부동산에서 임대인이 변동됐다고 서류 요청하는 연락이 왔습니다 / 제가 계약했던 부동산과는 달랐고 임대인이 변경되면 은행에서 연락이 올거다, 제가 다른 무언가를 할 필요도 없고 된다했구요 ㅜㅜ 2024-12-3 찾아보니 은행에서 제가 작성해야할 서류가 있고 은행에서 변동된 임대인이 연락이 안 닿는다며 이야기해줬습니다 ㅜㅜ 그 전에 저도 연락을 드렸지만 부동산, 전 임대인, 현 임대인 모두 연락이 닿지 않았고요 등기부등본을 보니 매매가와 전세가가 같고 현 임대인이 99년생으로 어린 편인 듯 합니다. 너무 불안해요 ㅠㅠ 매매계약서는 첫장 캡쳐본으로 받은 게 있고요 건물 등기부등본을 떼보니 임대인 등록된 거주지까지 확인이 되어서 계약해지 내용증명을 먼저 보내고 싶어요. 어떻게 하면 될까요?",provided_synthetic_consultations
CASE-0185,G03,울산,울산북구,1억~2억,계약중(종료예정),다세대주택,선순위존재,가입,기타·일반문의,HUG이행청구,10월14일날 보증보험신청이만료되었습니다. 제가 집주인과 8월8일날 대화한 메시지가있는데 이건 허그에서 3개월뒤 되실날로 인정해준다고 보증보험날짜뒤라 인정못해준다고 전세종료확인서 제출하라고하는데 집주인은못해주겠답니다 어떻게방법이없나요?,1. 다세대주택 / 대항력있는 선순위임차인,unknown,보증상품 보증상품 미확인 | 주택유형 다세대주택 | 보증금구간 1억~2억 | 계약상태 계약중(종료예정) | 선순위권리 선순위존재 | 반환보증 가입 | 분쟁유형 기타·일반문의 | 진행단계 HUG이행청구 | 상황 10월14일날 보증보험신청이만료되었습니다. 제가 집주인과 8월8일날 대화한 메시지가있는데 이건 허그에서 3개월뒤 되실날로 인정해준다고 보증보험날짜뒤라 인정못해준다고 전세종료확인서 제출하라고하는데 집주인은못해주겠답니다 어떻게방법이없나요? | 특이사항 1. 다세대주택 / 대항력있는 선순위임차인,provided_synthetic_consultations
CASE-0186,G03,경기,파주시,2억~3억,계약종료,미상,미상,가입,기타·일반문의,HUG이행청구,임대인이 Hug에서 요구하는 계약종료확인문자를 차일피일 미루다가 도배비와 복비를 요구해서 ok했는데 전세대출연장이 6개월 연장되니 6개월동안은 중간에 나가지 않는거로 하자(아직 정확하지는 않습니다) 라고 쓰고 도장을 찍자합니다 저희는 저 문자가 있어야 임차권설정하고 대출연장이 가능하며 보증보험 만료후(1/3) 이행청구 1가능하니 12월부터 하면 6개월 대략 맞추어줄 수 있을거 같습니다만 저 문구가 나중에 문제가 될 소지가 있을지 염려가 되고 혹시 다른 문구로 하는게 좋을까요? 바쁘시겠지만 확인,1. 허그에서 중도해지합의서가 아닌 12/2 날짜의 문자메시지(허그)만 있어서 이행청구를 해주겠다고 함,unknown,보증상품 보증상품 미확인 | 주택유형 미상 | 보증금구간 2억~3억 | 계약상태 계약종료 | 선순위권리 미상 | 반환보증 가입 | 분쟁유형 기타·일반문의 | 진행단계 HUG이행청구 | 상황 임대인이 Hug에서 요구하는 계약종료확인문자를 차일피일 미루다가 도배비와 복비를 요구해서 ok했는데 전세대출연장이 6개월 연장되니 6개월동안은 중간에 나가지 않는거로 하자(아직 정확하지는 않습니다) 라고 쓰고 도장을 찍자합니다 저희는 저 문자가 있어야 임차권설정하고 대출연장이 가능하며 보증보험 만료후(1/3) 이행청구 1가능하니 12월부터 하면 6개월 대략 맞추어줄 수 있을거 같습니다만 저 문구가 나중에 문제가 될 소지가 있을지 염려가 되고 혹시 다른 문구로 하는게 좋을까요? 바쁘시겠지만 확인 | 특이사항 1. 허그에서 중도해지합의서가 아닌 12/2 날짜의 문자메시지(허그)만 있어서 이행청구를 해주겠다고 함,provided_synthetic_consultations
CASE-0187,G03,충남,천안시,1억 미만,계약중(종료예정),오피스텔,미상,미상,경매·공매,임차권등기,1. 25.05.25 전세계약 종료 예정입니다. 2. 24.10월9일에 전세연장의사 없다고 연락 했고 집주인도 확인한 문자 내역 있습니다. -> 너무 일찍해서 나중에 문제되진 않을까요? 내용증명을 보내야 할까요? 3. 오늘 등기부등본 열람을 해보니까 다른 세입자들(총 3명)이 임차권등기설정/전세권설정 이 되어있더라고요. 전 아직 계약기간이 남아있긴 하지만 종료 전에 경매 넘어가버릴까봐 걱정입니다. 지금 제가 할 수 있는 일이 뭐가 있을까요,"1. 근생, 오피스텔, 단독주택 중 단독주택에 해당",unknown,"보증상품 보증상품 미확인 | 주택유형 오피스텔 | 보증금구간 1억 미만 | 계약상태 계약중(종료예정) | 선순위권리 미상 | 반환보증 미상 | 분쟁유형 경매·공매 | 진행단계 임차권등기 | 상황 1. 25.05.25 전세계약 종료 예정입니다. 2. 24.10월9일에 전세연장의사 없다고 연락 했고 집주인도 확인한 문자 내역 있습니다. -> 너무 일찍해서 나중에 문제되진 않을까요? 내용증명을 보내야 할까요? 3. 오늘 등기부등본 열람을 해보니까 다른 세입자들(총 3명)이 임차권등기설정/전세권설정 이 되어있더라고요. 전 아직 계약기간이 남아있긴 하지만 종료 전에 경매 넘어가버릴까봐 걱정입니다. 지금 제가 할 수 있는 일이 뭐가 있을까요 | 특이사항 1. 근생, 오피스텔, 단독주택 중 단독주택에 해당",provided_synthetic_consultations
CASE-0188,G03,강원,속초시,3억 이상,계약중(종료예정),미상,선순위존재,미상,전세사기,소송제기,제가 전세사기를 당한거 같아 이렇게 ㅠ 우선 저는 군인입니다. 군전세자금지원을 받아 생활하다가 24.6.10일 계약이 종료되었습니다. 하지만 임대인이 돈이 없고 세입자가 들어와야 돈을줄수있다고 하여 6개월 추가 연장을 하였습니다. 이제 만기일이 12.10일 3일남았습니다. 헌데 집주인은 한달째 문자도 쌩까고 전화도 받지않았습니다. 그래서 다른번호로 전화를 하니 받았는데 황당한건 자기가 임대인이 아니고 도와주는 사람이라고 합니다. 여직껏 최초 계약시부터 연장까지 이 번호로 계속 통화하고 문자를했는데 말이죠. 근데 이사람 말로는 임대인이 파산을 할수 있다고 합니다. 당장 3일후면 계약종료인데 제가 무엇을 먼저하고 어떻게 해야 할지 막막합니다. 군인이다보니 이사도 해야 하는데 임차권등기 하고 소송 및 이집을 가압류해야할까요? 임대인이 파산하면 보증금은 어떻게되는건가요? 인터넷 여기저기 찾아봐도 다들 말이달라서 많이 바쁘시겠지만 답변 부탁드립니다. 살려주세요ㅠ,1. 깡통주택 / 대항력있는 선순위임차인,unknown,보증상품 보증상품 미확인 | 주택유형 미상 | 보증금구간 3억 이상 | 계약상태 계약중(종료예정) | 선순위권리 선순위존재 | 반환보증 미상 | 분쟁유형 전세사기 | 진행단계 소송제기 | 상황 제가 전세사기를 당한거 같아 이렇게 ㅠ 우선 저는 군인입니다. 군전세자금지원을 받아 생활하다가 24.6.10일 계약이 종료되었습니다. 하지만 임대인이 돈이 없고 세입자가 들어와야 돈을줄수있다고 하여 6개월 추가 연장을 하였습니다. 이제 만기일이 12.10일 3일남았습니다. 헌데 집주인은 한달째 문자도 쌩까고 전화도 받지않았습니다. 그래서 다른번호로 전화를 하니 받았는데 황당한건 자기가 임대인이 아니고 도와주는 사람이라고 합니다. 여직껏 최초 계약시부터 연장까지 이 번호로 계속 통화하고 문자를했는데 말이죠. 근데 이사람 말로는 임대인이 파산을 할수 있다고 합니다. 당장 3일후면 계약종료인데 제가 무엇을 먼저하고 어떻게 해야 할지 막막합니다. 군인이다보니 이사도 해야 하는데 임차권등기 하고 소송 및 이집을 가압류해야할까요? 임대인이 파산하면 보증금은 어떻게되는건가요? 인터넷 여기저기 찾아봐도 다들 말이달라서 많이 바쁘시겠지만 답변 부탁드립니다. 살려주세요ㅠ | 특이사항 1. 깡통주택 / 대항력있는 선순위임차인,provided_synthetic_consultations
CASE-0189,G03,울산,북구,1억~2억,계약종료,미상,미상,가입,기타·일반문의,상담·검토,보증기간이 10월14일까지입니다. 문자한날이 8월8일이라서 보증보험측에서 종료인정일이 11월8일이라고 하는데 보증보험이 처음 가입한날이 20년9월달입니다.갱신하여 지금 날짜인데 이문자 기준로하면 2달도 인정가능하지않나요?,,unknown,보증상품 보증상품 미확인 | 주택유형 미상 | 보증금구간 1억~2억 | 계약상태 계약종료 | 선순위권리 미상 | 반환보증 가입 | 분쟁유형 기타·일반문의 | 진행단계 상담·검토 | 상황 보증기간이 10월14일까지입니다. 문자한날이 8월8일이라서 보증보험측에서 종료인정일이 11월8일이라고 하는데 보증보험이 처음 가입한날이 20년9월달입니다.갱신하여 지금 날짜인데 이문자 기준로하면 2달도 인정가능하지않나요?,provided_synthetic_consultations
CASE-0190,G03,경기,오산시,1억~2억,계약종료,미상,미상,가입,경매·공매,HUG이행청구,저는 2025년 9월까지 계약인데 집이 경매로 넘어가서24년 8월에 계약종료하고 이행청구 해 놓은 상태입니다 근데 계약을 1억 500만원만 계약서 쓰고 1500만원은 공증 받아서 빌려준걸로 되어있습니다 공증증서가 25년 9월까지이고 방계약은 8월에 종료한 상태인데 돈을 안갚으면 고소할수 있나요??,,unknown,보증상품 보증상품 미확인 | 주택유형 미상 | 보증금구간 1억~2억 | 계약상태 계약종료 | 선순위권리 미상 | 반환보증 가입 | 분쟁유형 경매·공매 | 진행단계 HUG이행청구 | 상황 저는 2025년 9월까지 계약인데 집이 경매로 넘어가서24년 8월에 계약종료하고 이행청구 해 놓은 상태입니다 근데 계약을 1억 500만원만 계약서 쓰고 1500만원은 공증 받아서 빌려준걸로 되어있습니다 공증증서가 25년 9월까지이고 방계약은 8월에 종료한 상태인데 돈을 안갚으면 고소할수 있나요??,provided_synthetic_consultations
CASE-0191,G03,경기,경기도의정부시,1억 미만,계약종료,미상,미상,미상,보증금미반환,상담·검토,"청년버팀목대출을 받고 들어간 전세집에서 보증금 반환을 받지 못하여 2월까지 보증금 반환을 약속하고 임차권 등기후에 대출연장한 상태입니다 임차권 등기하면 다른곳으로 전입신고를 하여야 지연이자를 받을 수 있다고 하는데 맞나요? 아니면 다른곳으로 전입신고를 하지 않는게 나은가요? 집주인은 보증금, 대출이자, 관리비, 가스비 등 모두 지불할 능력이 되지 않는다하여 제가 모두 지불하고 있는 상태입니다. 이게 부담이되어 모두 정산하려고 하는데 전입신고를 하지 않고 정산하면 또 문제가 발생한다하여 어떻게 해야할지 상담",,unknown,"보증상품 보증상품 미확인 | 주택유형 미상 | 보증금구간 1억 미만 | 계약상태 계약종료 | 선순위권리 미상 | 반환보증 미상 | 분쟁유형 보증금미반환 | 진행단계 상담·검토 | 상황 청년버팀목대출을 받고 들어간 전세집에서 보증금 반환을 받지 못하여 2월까지 보증금 반환을 약속하고 임차권 등기후에 대출연장한 상태입니다 임차권 등기하면 다른곳으로 전입신고를 하여야 지연이자를 받을 수 있다고 하는데 맞나요? 아니면 다른곳으로 전입신고를 하지 않는게 나은가요? 집주인은 보증금, 대출이자, 관리비, 가스비 등 모두 지불할 능력이 되지 않는다하여 제가 모두 지불하고 있는 상태입니다. 이게 부담이되어 모두 정산하려고 하는데 전입신고를 하지 않고 정산하면 또 문제가 발생한다하여 어떻게 해야할지 상담",provided_synthetic_consultations
CASE-0192,G03,경기,용인시,1억 미만,계약중(종료예정),미상,미상,미가입,경매·공매,HUG이행청구,전세를 살고있는데 갑자기 법원에서 경매한다는 통지서와 배당신청을 하라고 안내문이 왔습니다. hf 보증보험에 가입된 상태인데 임대인에게 계약해지통보를 해야할까요?? 경매될때까지 저는 계속 기다려야하는건가요? 임대인에게 계약해지통보계약서를 작성해서 더빨리 보증보험을 이행청구할수 없는건가요?,1. 임대차가 8개월 남아있는 상황,unknown,보증상품 보증상품 미확인 | 주택유형 미상 | 보증금구간 1억 미만 | 계약상태 계약중(종료예정) | 선순위권리 미상 | 반환보증 미가입 | 분쟁유형 경매·공매 | 진행단계 HUG이행청구 | 상황 전세를 살고있는데 갑자기 법원에서 경매한다는 통지서와 배당신청을 하라고 안내문이 왔습니다. hf 보증보험에 가입된 상태인데 임대인에게 계약해지통보를 해야할까요?? 경매될때까지 저는 계속 기다려야하는건가요? 임대인에게 계약해지통보계약서를 작성해서 더빨리 보증보험을 이행청구할수 없는건가요? | 특이사항 1. 임대차가 8개월 남아있는 상황,provided_synthetic_consultations
CASE-0193,G03,서울,관악구,1억~2억,계약중(종료예정),오피스텔,미상,가입,기타·일반문의,HUG이행청구,"9월 말 정도에 계약서 작성하였고, 10월 말에 입주하였습니다. 12월 5일에 허그 보증보험 가입하러 갔더니 시세보다 전세계약금액이 높아서 가입이 안 된다고 거절당한 상황입니다. (집은 오피스텔입니다!) 다행히 보증보험 관련 특약이 걸려있어서 집주인과 다시 만나 금액을 낮춰서 재계약을 하기로 하였는데, 부동산에서 뜬금없이 \""금액 낮춘만큼 반전세로 돈 납부하기 싫으면, 낮춘 차액만큼 수선충당금으로 예치해두고, 퇴실할 때 보증금과 함께 받아가라\"" 는 식으로 얘기하네요 종종 이러는 경우가 있다면서요 1) 부동산 말대로 수선충당금으로 예치를 하게 된다면 이를 계약서에 작성해야 할텐데, 이렇게 작성할 경우 허그 가입에 따로 문제가 되는 내용은 없을까요? 2) 또, 금액 변경하여 재계약할 때에 계약 날짜는 실제 계약일로 작성해야 하나요, 아니면 첫 계약서를 작성한 날짜로 작성해야 하나요?? 전자와 같이 실제계약일(12월 중)로 잡을 경우 전입신고가 먼저 되어있는데, 이게 허그 가입에 문제가 되지는 않을까 해서요. 첫 계약서를 작성한 날짜로 해야 한다면, 대출받을 때 제출했던 계약서와 금액이 달라져서 혹 대출 관련해 문제가 생기지는 않을까 해서 걱정입니다. 법적 분쟁이 있는 건 아닌데ㅠㅠ 혹 이런 케이스도 상담이 될까요 ? 정 안 된다면 유사 케이스라도 안내해 주시면 감사하겠습니다ㅠㅠ",,unknown,"보증상품 보증상품 미확인 | 주택유형 오피스텔 | 보증금구간 1억~2억 | 계약상태 계약중(종료예정) | 선순위권리 미상 | 반환보증 가입 | 분쟁유형 기타·일반문의 | 진행단계 HUG이행청구 | 상황 9월 말 정도에 계약서 작성하였고, 10월 말에 입주하였습니다. 12월 5일에 허그 보증보험 가입하러 갔더니 시세보다 전세계약금액이 높아서 가입이 안 된다고 거절당한 상황입니다. (집은 오피스텔입니다!) 다행히 보증보험 관련 특약이 걸려있어서 집주인과 다시 만나 금액을 낮춰서 재계약을 하기로 하였는데, 부동산에서 뜬금없이 \""금액 낮춘만큼 반전세로 돈 납부하기 싫으면, 낮춘 차액만큼 수선충당금으로 예치해두고, 퇴실할 때 보증금과 함께 받아가라\"" 는 식으로 얘기하네요 종종 이러는 경우가 있다면서요 1) 부동산 말대로 수선충당금으로 예치를 하게 된다면 이를 계약서에 작성해야 할텐데, 이렇게 작성할 경우 허그 가입에 따로 문제가 되는 내용은 없을까요? 2) 또, 금액 변경하여 재계약할 때에 계약 날짜는 실제 계약일로 작성해야 하나요, 아니면 첫 계약서를 작성한 날짜로 작성해야 하나요?? 전자와 같이 실제계약일(12월 중)로 잡을 경우 전입신고가 먼저 되어있는데, 이게 허그 가입에 문제가 되지는 않을까 해서요. 첫 계약서를 작성한 날짜로 해야 한다면, 대출받을 때 제출했던 계약서와 금액이 달라져서 혹 대출 관련해 문제가 생기지는 않을까 해서 걱정입니다. 법적 분쟁이 있는 건 아닌데ㅠㅠ 혹 이런 케이스도 상담이 될까요 ? 정 안 된다면 유사 케이스라도 안내해 주시면 감사하겠습니다ㅠㅠ",provided_synthetic_consultations
CASE-0194,G03,서울,구로구,1억 미만,계약중(종료예정),미상,미상,미상,기타·일반문의,상담·검토,"임대인은 해외거주, 관리인(대리인)이 건물 및 세대들을 관리합니다. 직접적인 돈관리는 임대인이 하고있고요. 중기청 대출을 받고있고 다음주 화요일(10일) 퇴거후 받은 돈으로 다음 집 보증금을 내고 목적물 변경신청을 할 예정이었습니다.(계약 끝나는 날은 서로 재협의후에 일자를 변경하였고, 통화 녹음 있음) 금요일(6일) 낮에 갑자기 관리인(대리인)께 연락이 오더니 최근 공실도 많고(11세대) 3~4세대가 퇴거할 때 보증금을 늦게 받았다, 옆호실도 얼마전에 나갔지만 3일후에 받았다. 본인도 연락을 하는데 최근 해외 일정이 있으셔서 연락이 잘 안된다. 세입자분도 같이 연락을 해서 확답을 받으시면 좋을 것 같다라는 말을 들었습니다. 그러면서 10일 제가 퇴거하는 날 말고 13일에 입주하시는 분이 계시다. 라고하셨습니다. 저는 중기청 목적물 변경으로 입주하는 것이기 때문에 변경 신청이 필요합니다. 이러한 상황에서 만약 집주인이 제가 요청한 시간에 보증금을 안주신다면 저는 친척에게 빌려 다음집 잔금은 치룰 수 있을 것 같습니다. 그래서 친척에게 빌린 돈으로 잔금을 치루고 기존 보증금을 받게되면 뒤늦게 전입신고 후 목적물 변경도 신청하려 하는데, 은행 채팅 상담으론 일반적으론 당일 보증금을 받고 전입신고를 한 후에 목적물 변경을 하지만 저같은 예외상황은 실무자랑 연락을 해야한다고 하네요. 평일 오후 4시까지만 상담이 가능하지만 이미 시간이 지났던터라 이사 전날에서야 상담을 받을 수 있을 것 같아서요. 관리인께서 말씀하시길 현재 멕시코에 일이 생기셔서 바쁘시다. 이전에 일정을 다 말씀드리긴했는데 본인도 연락이 잘 안되니 세입자분도 같이 연락을 해서 확답을 받으면 좋겠다라고 하셨습니다. 저 연락을 받은 금요일 오후 4시30분에 임대인께 카톡과 보이스톡을 했으나 연락이 안되고 있습니다. =========== 혹시 목적물변경 신청을 이사한 당일에 해야하나요? 아니면 시간 좀 지난 후에 해도 상관없나요?(전입신고를 무턱대고 하면 안될 것 같아서) 그리고 보증금을 통보했던 시간보다 지연되면 제가 받은 피해금을 임대인에게 청구할 수 있나요?",,unknown,"보증상품 보증상품 미확인 | 주택유형 미상 | 보증금구간 1억 미만 | 계약상태 계약중(종료예정) | 선순위권리 미상 | 반환보증 미상 | 분쟁유형 기타·일반문의 | 진행단계 상담·검토 | 상황 임대인은 해외거주, 관리인(대리인)이 건물 및 세대들을 관리합니다. 직접적인 돈관리는 임대인이 하고있고요. 중기청 대출을 받고있고 다음주 화요일(10일) 퇴거후 받은 돈으로 다음 집 보증금을 내고 목적물 변경신청을 할 예정이었습니다.(계약 끝나는 날은 서로 재협의후에 일자를 변경하였고, 통화 녹음 있음) 금요일(6일) 낮에 갑자기 관리인(대리인)께 연락이 오더니 최근 공실도 많고(11세대) 3~4세대가 퇴거할 때 보증금을 늦게 받았다, 옆호실도 얼마전에 나갔지만 3일후에 받았다. 본인도 연락을 하는데 최근 해외 일정이 있으셔서 연락이 잘 안된다. 세입자분도 같이 연락을 해서 확답을 받으시면 좋을 것 같다라는 말을 들었습니다. 그러면서 10일 제가 퇴거하는 날 말고 13일에 입주하시는 분이 계시다. 라고하셨습니다. 저는 중기청 목적물 변경으로 입주하는 것이기 때문에 변경 신청이 필요합니다. 이러한 상황에서 만약 집주인이 제가 요청한 시간에 보증금을 안주신다면 저는 친척에게 빌려 다음집 잔금은 치룰 수 있을 것 같습니다. 그래서 친척에게 빌린 돈으로 잔금을 치루고 기존 보증금을 받게되면 뒤늦게 전입신고 후 목적물 변경도 신청하려 하는데, 은행 채팅 상담으론 일반적으론 당일 보증금을 받고 전입신고를 한 후에 목적물 변경을 하지만 저같은 예외상황은 실무자랑 연락을 해야한다고 하네요. 평일 오후 4시까지만 상담이 가능하지만 이미 시간이 지났던터라 이사 전날에서야 상담을 받을 수 있을 것 같아서요. 관리인께서 말씀하시길 현재 멕시코에 일이 생기셔서 바쁘시다. 이전에 일정을 다 말씀드리긴했는데 본인도 연락이 잘 안되니 세입자분도 같이 연락을 해서 확답을 받으면 좋겠다라고 하셨습니다. 저 연락을 받은 금요일 오후 4시30분에 임대인께 카톡과 보이스톡을 했으나 연락이 안되고 있습니다. =========== 혹시 목적물변경 신청을 이사한 당일에 해야하나요? 아니면 시간 좀 지난 후에 해도 상관없나요?(전입신고를 무턱대고 하면 안될 것 같아서) 그리고 보증금을 통보했던 시간보다 지연되면 제가 받은 피해금을 임대인에게 청구할 수 있나요?",provided_synthetic_consultations
CASE-0195,G03,경기,광명시,3억 이상,계약중(종료예정),미상,미상,가입,기타·일반문의,상담·검토,25년 2월2일 만기인 임차인이며 서울보증전세반환보증가입되어있습니다 주인에게 10월말 만기종료 전화드렸고 부동산에 집 내놓은 상태이고 집 나가면 저희도 집을 구할 예정이다라고 말씀드려놓은 상태입니다 집이 언제 나갈지 모르는 상태에서 임차인으로서 할 수 있는 일이 무엇이 있을까요? 1. 만기후 집이 계약될 경우(만기와 한두달 차이날경우) 보증보험 공백기간에 할수 있는 일이 있을까요? 2. 만기후 장기간 집이 안나가는데 전세보증반환청구는 안하고 집이 나가고 나가려하면 어떤 절차가 필요할까요?,,unknown,보증상품 보증상품 미확인 | 주택유형 미상 | 보증금구간 3억 이상 | 계약상태 계약중(종료예정) | 선순위권리 미상 | 반환보증 가입 | 분쟁유형 기타·일반문의 | 진행단계 상담·검토 | 상황 25년 2월2일 만기인 임차인이며 서울보증전세반환보증가입되어있습니다 주인에게 10월말 만기종료 전화드렸고 부동산에 집 내놓은 상태이고 집 나가면 저희도 집을 구할 예정이다라고 말씀드려놓은 상태입니다 집이 언제 나갈지 모르는 상태에서 임차인으로서 할 수 있는 일이 무엇이 있을까요? 1. 만기후 집이 계약될 경우(만기와 한두달 차이날경우) 보증보험 공백기간에 할수 있는 일이 있을까요? 2. 만기후 장기간 집이 안나가는데 전세보증반환청구는 안하고 집이 나가고 나가려하면 어떤 절차가 필요할까요?,provided_synthetic_consultations
CASE-0196,G03,서울,은평구,2억~3억,계약종료,미상,미상,가입,보증금미반환,상담·검토,전세재계약을 진행하려고 했으나 공시가대비 전세금이 높아서 대출연장불가로 재계약이 불발되고 2022년 11월 6일~2024년 11월7일자 전세계약종료후 11월14일에 전세계약종료합의서작성후 임차인등기명령 결정후 은행에 개월 대출연장진행중입니다 계약종료합의서를 썼으니 3개월뒤 보증금을 돌려받을수있는 권리가 생기는건지,1. 임대사업자 / 전세보증금반환보증가입,jeonse_return,보증상품 전세보증금반환보증 | 주택유형 미상 | 보증금구간 2억~3억 | 계약상태 계약종료 | 선순위권리 미상 | 반환보증 가입 | 분쟁유형 보증금미반환 | 진행단계 상담·검토 | 상황 전세재계약을 진행하려고 했으나 공시가대비 전세금이 높아서 대출연장불가로 재계약이 불발되고 2022년 11월 6일~2024년 11월7일자 전세계약종료후 11월14일에 전세계약종료합의서작성후 임차인등기명령 결정후 은행에 개월 대출연장진행중입니다 계약종료합의서를 썼으니 3개월뒤 보증금을 돌려받을수있는 권리가 생기는건지 | 특이사항 1. 임대사업자 / 전세보증금반환보증가입,provided_synthetic_consultations
CASE-0197,G03,서울,강서구,1억~2억,계약중(종료예정),미상,미상,가입,보증금미반환,상담·검토,현재 hug 보증보험으로 전세안심대출을 받은 집에서 이사를 준비중입니다. 올해 sh에서 모집한 2024 2차 보증금지원형 전세안심주택 대상자로 선정되어 이사문제로 임대인과 연락을 주고받으며 지금 집을 sh로 전환해준다고 하여 보증금을 조율중 임대인이 돈이 없으니 감액된만큼저에게 돌려줘야하는 보증금 3350만원 정도에 대해 제가 대신 대출받으면 대출이자를 임대인이 갚겠다고 하여 일단 알아보겠다고 한 상태입니다. 그동안 히스토리는 길지만 아까 대출을 대신 내달라는 내용을 끝으로 더 신뢰할수가 없어 이사가려고 하는데 바쁜 회사업무로 인해 2개월 전 통보시기를 1일 넘기게 된 상태입니다. Hug 보증보험을 통해 보증금을 받으려면 전세 계약 종료에 동의한다는 증거될 문자를 받아야 하는데 이상황을 어떻게 해야되는지 알고 싶습니다. 시간이 너무 없어서 상담받을 변호사사무실 알아보다가 문의도 남깁니다. 어떻게 풀어나가야 전액 반환받을수 있을까요?ㅠ,1. 다른 법무법인 통해서 해결중,unknown,보증상품 보증상품 미확인 | 주택유형 미상 | 보증금구간 1억~2억 | 계약상태 계약중(종료예정) | 선순위권리 미상 | 반환보증 가입 | 분쟁유형 보증금미반환 | 진행단계 상담·검토 | 상황 현재 hug 보증보험으로 전세안심대출을 받은 집에서 이사를 준비중입니다. 올해 sh에서 모집한 2024 2차 보증금지원형 전세안심주택 대상자로 선정되어 이사문제로 임대인과 연락을 주고받으며 지금 집을 sh로 전환해준다고 하여 보증금을 조율중 임대인이 돈이 없으니 감액된만큼저에게 돌려줘야하는 보증금 3350만원 정도에 대해 제가 대신 대출받으면 대출이자를 임대인이 갚겠다고 하여 일단 알아보겠다고 한 상태입니다. 그동안 히스토리는 길지만 아까 대출을 대신 내달라는 내용을 끝으로 더 신뢰할수가 없어 이사가려고 하는데 바쁜 회사업무로 인해 2개월 전 통보시기를 1일 넘기게 된 상태입니다. Hug 보증보험을 통해 보증금을 받으려면 전세 계약 종료에 동의한다는 증거될 문자를 받아야 하는데 이상황을 어떻게 해야되는지 알고 싶습니다. 시간이 너무 없어서 상담받을 변호사사무실 알아보다가 문의도 남깁니다. 어떻게 풀어나가야 전액 반환받을수 있을까요?ㅠ | 특이사항 1. 다른 법무법인 통해서 해결중,provided_synthetic_consultations
CASE-0198,G03,서울,서울성북구,미상,계약중(종료예정),미상,선순위존재,미상,보증금미반환,소송제기,"계약만료일 2024년 12월 30일. 올해 3월부터 발생된 누수를 임대인이 제대로 수리해주지않아 곰팡이가 심해져 가구손상, 건강상의 이유로 더이상 거주가 힘들어져 11월 24일에 이사를 하고 전가족이 새로 이사한 집으로 전입신고를 했습니다. 보증금반환 소송을 알아보던중 임대차등기를 안하고 이사를 했다는것을 알았습니다 지금이라도 배우자만 이사전 집으로 전입신고를 하고 임차권등기를 할수 있을까용? 임차권 등기후 소송을 진행하려합니다",1. 대항력있는 선순위임차인이었음 / 지금은 대항력상실 / 내일 당장 전입신고하세요,unknown,"보증상품 보증상품 미확인 | 주택유형 미상 | 보증금구간 미상 | 계약상태 계약중(종료예정) | 선순위권리 선순위존재 | 반환보증 미상 | 분쟁유형 보증금미반환 | 진행단계 소송제기 | 상황 계약만료일 2024년 12월 30일. 올해 3월부터 발생된 누수를 임대인이 제대로 수리해주지않아 곰팡이가 심해져 가구손상, 건강상의 이유로 더이상 거주가 힘들어져 11월 24일에 이사를 하고 전가족이 새로 이사한 집으로 전입신고를 했습니다. 보증금반환 소송을 알아보던중 임대차등기를 안하고 이사를 했다는것을 알았습니다 지금이라도 배우자만 이사전 집으로 전입신고를 하고 임차권등기를 할수 있을까용? 임차권 등기후 소송을 진행하려합니다 | 특이사항 1. 대항력있는 선순위임차인이었음 / 지금은 대항력상실 / 내일 당장 전입신고하세요",provided_synthetic_consultations
CASE-0199,G03,서울,강서구,2억~3억,계약중(종료예정),미상,압류·가압류,가입,경매·공매,상담·검토,"계약종료를 6개월 정도 앞둔 상황에 건물 세입자분들께 경매로 넘어간다는 소문을 듣고 등기부를 확인해보니 압류가 된 상황입니다. 아직 집주인에게 연락을 시도하진 않았고 계약진행했던 부동산과 연락을 진행했는데 보증보험있으면 괜찮으니 걱정말아라 라는 이야기만 들은 상태입니다. 이것저것 알아보니 경매로 넘어간경우 중도해지를 진행할수있다고 하는데, 보증보험을 통해 전세금 전액을 받을수있는걸가요? 기초적인 질문이지만. 전세금 전액을 보증보험을 통해받을수있는걸가요 ?",1. 안심전세 + 보증보험,unknown,"보증상품 보증상품 미확인 | 주택유형 미상 | 보증금구간 2억~3억 | 계약상태 계약중(종료예정) | 선순위권리 압류·가압류 | 반환보증 가입 | 분쟁유형 경매·공매 | 진행단계 상담·검토 | 상황 계약종료를 6개월 정도 앞둔 상황에 건물 세입자분들께 경매로 넘어간다는 소문을 듣고 등기부를 확인해보니 압류가 된 상황입니다. 아직 집주인에게 연락을 시도하진 않았고 계약진행했던 부동산과 연락을 진행했는데 보증보험있으면 괜찮으니 걱정말아라 라는 이야기만 들은 상태입니다. 이것저것 알아보니 경매로 넘어간경우 중도해지를 진행할수있다고 하는데, 보증보험을 통해 전세금 전액을 받을수있는걸가요? 기초적인 질문이지만. 전세금 전액을 보증보험을 통해받을수있는걸가요 ? | 특이사항 1. 안심전세 + 보증보험",provided_synthetic_consultations
CASE-0200,G03,부산,사하구,1억 미만,계약중(종료예정),다가구주택,미상,미상,경매·공매,임차권등기,"다가구주택이고 집주인이 다른 세입자에게 보증금을 안줘서 그분이 임차권등기설정 후 강제경매 개시되었습니다 저는 배당요구 종기일 전에 배당요구신청 하였습니다 배당요구신청 시 법원에서 계약해지 의사로ㅠ간주한다고 알고 있는데 별개로 해지통보는 최소 2달전엔 하라고 하더라구요 계약기간이 내년 2월 13일까지라 이번주 주말되기전엔 해야하는데 지난주부터 집주인에게 문자를 보냈으나 주말에 전화주겠다는 둥 애매한 답장만 하네요 경매중에는 보증금을 빼줄 수 없고 계약기간 종료후 짐 안빼면 계약 연장이라고 하고요 제가 궁금한 점은 1. 제가 배당요구 신청 했고 문자로 해지통보를 해도 집주인이 확인했다, 동의한다는 답장을 안하면 내년 계약종료일 이후에 방을 안 뺄 경우 월세나 사용료를 자굽해야 하나요? 2. 참지마요 라는 내용증명 대행?업체가 있던데 제가 집주인 주소를 모르는 상황이라 우체국 내용증명 말고 전자 내용증명을 보내면 임차권등기설정 할 때 증거자료로 쓸 수 있을까요? 집주인 전화번호만 알면 보낼 수 있다고 합니다",,unknown,"보증상품 보증상품 미확인 | 주택유형 다가구주택 | 보증금구간 1억 미만 | 계약상태 계약중(종료예정) | 선순위권리 미상 | 반환보증 미상 | 분쟁유형 경매·공매 | 진행단계 임차권등기 | 상황 다가구주택이고 집주인이 다른 세입자에게 보증금을 안줘서 그분이 임차권등기설정 후 강제경매 개시되었습니다 저는 배당요구 종기일 전에 배당요구신청 하였습니다 배당요구신청 시 법원에서 계약해지 의사로ㅠ간주한다고 알고 있는데 별개로 해지통보는 최소 2달전엔 하라고 하더라구요 계약기간이 내년 2월 13일까지라 이번주 주말되기전엔 해야하는데 지난주부터 집주인에게 문자를 보냈으나 주말에 전화주겠다는 둥 애매한 답장만 하네요 경매중에는 보증금을 빼줄 수 없고 계약기간 종료후 짐 안빼면 계약 연장이라고 하고요 제가 궁금한 점은 1. 제가 배당요구 신청 했고 문자로 해지통보를 해도 집주인이 확인했다, 동의한다는 답장을 안하면 내년 계약종료일 이후에 방을 안 뺄 경우 월세나 사용료를 자굽해야 하나요? 2. 참지마요 라는 내용증명 대행?업체가 있던데 제가 집주인 주소를 모르는 상황이라 우체국 내용증명 말고 전자 내용증명을 보내면 임차권등기설정 할 때 증거자료로 쓸 수 있을까요? 집주인 전화번호만 알면 보낼 수 있다고 합니다",provided_synthetic_consultations
CASE-0201,G03,인천,미추홀구,2억~3억,계약종료,미상,미상,가입,묵시적갱신분쟁,내용증명·공시송달,"지금 계약이 종료된 상태인데 어떻게 해야할 지 너무 무지한 상태라 이렇게 저는 현재 HUG 전세 보증 보험에 들어져 있는 (1) 보증금 2억원짜리 전세이며, 그 중 1.8억은 농협 전세 대출입니다. (1-1) 해당 보증금은 \`HUG 전세보증금반환보증\`에 가입되어 있습니다. (1-2) 1.8억 역시 \`HUG 전세자금대출특약보증\`에 가입되어 있습니다. (2) 2024년 12월 5일이 계약 종료일이었습니다. (2022.12.05 ~ 2024.12.05) (2-1) 퇴거를 위해 2024년 9월 19일에 한 번(폐문부재). 9월 30일에 또 한 번(폐문부재). 그리고 10월 22일에 마지막으로 내용증명을 보냈습니다. 이 때 마지막으로 보낸 내용증명이 10월 24일에 임대인이 직접 본인수령하였습니다. 그래서 공시송달은 하지 않았지만, 이미 2개월 전이 넘어버려 묵시적 갱신이 확정일 거라 스스로 생각했습니다. (2-2) 상기 모든 과정에서 임대인은 문자 답신도 하지 않고, 전화도 받지 않았습니다. 그렇게 현재 12월 5일이 넘은 지금 저는 묵시적 갱신이 된 상태입니다. 그리고 농협에서 대출 연장을 할 것이냔 안내 메세지가 온 상태입니다. 알아보니, 이럴 땐 또 내용증명을 보내고 공시송달까지 마친 후 3개월이 지나 이행청구를 하라고 하는데, 이런 경우가 처음이라 앞으로 제가 무얼 진행해야 하는지 여쭙고 있습니다. 일단 가장 급한 건 대출 연장이니, 필요 서류를 구비해서 농협으로 갈 계획인데 이 상황을 은행원에게 설명해야 하는지, 만약 연장한다면 몇 개월 단위로만 연장할 수 있는지, 아니면 이 상황에서 대출이 부결날 수도 있는지 HUG 보증기간은 1월 3일까진데 그 보증기간이 넘어버리면 이행청구도 못 하는지 모든 부분이 어려워서 머리가 너무 아프네요 답변해 주시면 정말 감사하겠습니다. + 일단 은행에 대출 연장을 먼저 신청하는 게 우선인 거 같은데, 여유 시간이 없으면 세대주이자 계약인인 제가 아닌 같이 거주하고 있는 어머님이 대신 가셔도 진행이 가능할까요?",1. 대출연장과 전세보증금반환보증연장을 먼저 알아보세요.,jeonse_return,"보증상품 전세보증금반환보증 | 주택유형 미상 | 보증금구간 2억~3억 | 계약상태 계약종료 | 선순위권리 미상 | 반환보증 가입 | 분쟁유형 묵시적갱신분쟁 | 진행단계 내용증명·공시송달 | 상황 지금 계약이 종료된 상태인데 어떻게 해야할 지 너무 무지한 상태라 이렇게 저는 현재 HUG 전세 보증 보험에 들어져 있는 (1) 보증금 2억원짜리 전세이며, 그 중 1.8억은 농협 전세 대출입니다. (1-1) 해당 보증금은 \`HUG 전세보증금반환보증\`에 가입되어 있습니다. (1-2) 1.8억 역시 \`HUG 전세자금대출특약보증\`에 가입되어 있습니다. (2) 2024년 12월 5일이 계약 종료일이었습니다. (2022.12.05 ~ 2024.12.05) (2-1) 퇴거를 위해 2024년 9월 19일에 한 번(폐문부재). 9월 30일에 또 한 번(폐문부재). 그리고 10월 22일에 마지막으로 내용증명을 보냈습니다. 이 때 마지막으로 보낸 내용증명이 10월 24일에 임대인이 직접 본인수령하였습니다. 그래서 공시송달은 하지 않았지만, 이미 2개월 전이 넘어버려 묵시적 갱신이 확정일 거라 스스로 생각했습니다. (2-2) 상기 모든 과정에서 임대인은 문자 답신도 하지 않고, 전화도 받지 않았습니다. 그렇게 현재 12월 5일이 넘은 지금 저는 묵시적 갱신이 된 상태입니다. 그리고 농협에서 대출 연장을 할 것이냔 안내 메세지가 온 상태입니다. 알아보니, 이럴 땐 또 내용증명을 보내고 공시송달까지 마친 후 3개월이 지나 이행청구를 하라고 하는데, 이런 경우가 처음이라 앞으로 제가 무얼 진행해야 하는지 여쭙고 있습니다. 일단 가장 급한 건 대출 연장이니, 필요 서류를 구비해서 농협으로 갈 계획인데 이 상황을 은행원에게 설명해야 하는지, 만약 연장한다면 몇 개월 단위로만 연장할 수 있는지, 아니면 이 상황에서 대출이 부결날 수도 있는지 HUG 보증기간은 1월 3일까진데 그 보증기간이 넘어버리면 이행청구도 못 하는지 모든 부분이 어려워서 머리가 너무 아프네요 답변해 주시면 정말 감사하겠습니다. + 일단 은행에 대출 연장을 먼저 신청하는 게 우선인 거 같은데, 여유 시간이 없으면 세대주이자 계약인인 제가 아닌 같이 거주하고 있는 어머님이 대신 가셔도 진행이 가능할까요? | 특이사항 1. 대출연장과 전세보증금반환보증연장을 먼저 알아보세요.",provided_synthetic_consultations
CASE-0202,G03,서울,서초구,2억~3억,계약중(종료예정),미상,미상,가입,기타·일반문의,상담·검토,"당장 3일뒤가 이삿날인데 오늘 부동산 중개인으로부터 집주인이 돈을 준비못한것 같으니 연락을 취해보라는 말을 듣고 임대인에게 연락했고, 임대인으로부터 전체 보증금 중 1억은 줄 수 있지만 나머지는 다음 세입자가 구해져야 줄 수 있다는 말을 들었습니다. 문자로 계약연장을 세 번 진행하였고, 보증보험 가입되어있지 않고, 전세권설정만 되어있는 상황에서 저는 3일뒤에 새 주소로 전입신고를 해야하는 상황입니다. 뭘 어떻게 해야할지 몰라",,unknown,"보증상품 보증상품 미확인 | 주택유형 미상 | 보증금구간 2억~3억 | 계약상태 계약중(종료예정) | 선순위권리 미상 | 반환보증 가입 | 분쟁유형 기타·일반문의 | 진행단계 상담·검토 | 상황 당장 3일뒤가 이삿날인데 오늘 부동산 중개인으로부터 집주인이 돈을 준비못한것 같으니 연락을 취해보라는 말을 듣고 임대인에게 연락했고, 임대인으로부터 전체 보증금 중 1억은 줄 수 있지만 나머지는 다음 세입자가 구해져야 줄 수 있다는 말을 들었습니다. 문자로 계약연장을 세 번 진행하였고, 보증보험 가입되어있지 않고, 전세권설정만 되어있는 상황에서 저는 3일뒤에 새 주소로 전입신고를 해야하는 상황입니다. 뭘 어떻게 해야할지 몰라",provided_synthetic_consultations
CASE-0203,G03,서울,미상,1억~2억,계약중(종료예정),미상,미상,가입,묵시적갱신분쟁,상담·검토,"24/12/14일 만기이나 월초 임대인에게 연락을 하였으나, 임대인이 연락이 닿지 않았고 채무불이행 명단에 있다는걸 알게되었습니다. 임대인,임차인 둘다 아무런 의사표명을 하지 않아 묵시적연장으로 해서 연장 후 은행 대출 및 보증보험이 연장된 상황입니다. 하지만 임대인이 현재 연락이 되지 않으며 불이행명단에 있는 상황에서 이집에 사는건 아니란 판단에 이사를 하려고 하나, 연락이 닿지 않는데 이사할수 있는 방법은 만기까지 살면서 이행보험청구를 하는 방법밖에 없는지 이행보험 청구시 100% 나올지 아닐지는 심사를 해봐야 안다는 답변에 불안한 상황입니다.상담",,unknown,"보증상품 보증상품 미확인 | 주택유형 미상 | 보증금구간 1억~2억 | 계약상태 계약중(종료예정) | 선순위권리 미상 | 반환보증 가입 | 분쟁유형 묵시적갱신분쟁 | 진행단계 상담·검토 | 상황 24/12/14일 만기이나 월초 임대인에게 연락을 하였으나, 임대인이 연락이 닿지 않았고 채무불이행 명단에 있다는걸 알게되었습니다. 임대인,임차인 둘다 아무런 의사표명을 하지 않아 묵시적연장으로 해서 연장 후 은행 대출 및 보증보험이 연장된 상황입니다. 하지만 임대인이 현재 연락이 되지 않으며 불이행명단에 있는 상황에서 이집에 사는건 아니란 판단에 이사를 하려고 하나, 연락이 닿지 않는데 이사할수 있는 방법은 만기까지 살면서 이행보험청구를 하는 방법밖에 없는지 이행보험 청구시 100% 나올지 아닐지는 심사를 해봐야 안다는 답변에 불안한 상황입니다.상담",provided_synthetic_consultations
CASE-0204,G03,서울,성북구,1억~2억,계약중(종료예정),공공임대,미상,미상,기타·일반문의,소송제기,"상담 내용은 다음과 같습니다. 전세금 부분 반환관련하려 대안에 대한 상담 요청드리고자 합니다. - 새로운 세입자 입주가 될 경우 1억 중 9100만원만 반환 가능한 상황 현재 은행 전세자금 억에 전세 집에 살고 있고 2월 17길 만기예정 입니다.(7천만원 대출, 3000만원 본인) 만기 후 LH버팀목 신혼부부 대출을 받아 이사갈 예정이어서 이에 대해 지난주 월요일(12.2) 방을 빼는 것에 대해 집주인에게 고지하였습니다. 그리고 집주인으로부터 현재 LH 전세 버팀목 대출한도(공시지가 대비)가 제가 계약할 당시(2021.2)보다 낮아져 새로운 세입자를 구하더라도 900만원을 즉시 상환하기 어려울 수 있다 라는 답변을 받았습니다. 일단 저는 새로운 집에 입주는 2월 21일에 입주하려 하고 있고 이전에 현 대출금 상환이 모두 이루어져야 하는 상황입니다. 따라서 1억에 세입자를 구하기에는 쉽지않기때문에 임대인과 계약 만기 시 900만원을 반환하는 것에 대한 차용증?을 남기는 것으로 합의하였고 LH전세대출을 받아 새로운 세입자가 들어오도록 9,100만원에 매물을 내놓은 상태 입니다. 세입자가 구해진다는 가정하에 현재로서 계약 만기 후 나머지 금액에 대한 권리를 차용증을 써서 어떻게 하면 법적인 보호를 받을 수 있는지 여쭙고 싶습니다. 인터넷이 찾아본 결과로는 임차권 등기명령, 전세권을 신청하여야 한다고 하지만 이렇게 되면 새로운 세입자가 들어올 수 없게 되어 대출금 상환이 불가능해집니다 현재, 차용증 작성은 동의하였으나 공증에 대해서는 임대인이 거부하는 상황입니다. 이에 대한 대책이 필요한 데, 현 상황에서 새 세입자가 들어오고 제가 계약이 만기될 때, 임차권 등기 신청을 하여도 괜찮을까요? 가능하다면 새로 계약하는 집은 우선 대출자를 배우자로 해서 저는 전입신고는 등기 신청 후에 하려고 생각 중입니다.",1. 다른집 가계약금 줬다가 허무하게 200만원 뜯김 / 계약의 구체적인 합의내용도 없고 부동산 말만 믿고 200만원 이체 / 중개사가 손해배상청구소송 하기전에 가만히 뜯기고 있으라 함,unknown,"보증상품 보증상품 미확인 | 주택유형 공공임대 | 보증금구간 1억~2억 | 계약상태 계약중(종료예정) | 선순위권리 미상 | 반환보증 미상 | 분쟁유형 기타·일반문의 | 진행단계 소송제기 | 상황 상담 내용은 다음과 같습니다. 전세금 부분 반환관련하려 대안에 대한 상담 요청드리고자 합니다. - 새로운 세입자 입주가 될 경우 1억 중 9100만원만 반환 가능한 상황 현재 은행 전세자금 억에 전세 집에 살고 있고 2월 17길 만기예정 입니다.(7천만원 대출, 3000만원 본인) 만기 후 LH버팀목 신혼부부 대출을 받아 이사갈 예정이어서 이에 대해 지난주 월요일(12.2) 방을 빼는 것에 대해 집주인에게 고지하였습니다. 그리고 집주인으로부터 현재 LH 전세 버팀목 대출한도(공시지가 대비)가 제가 계약할 당시(2021.2)보다 낮아져 새로운 세입자를 구하더라도 900만원을 즉시 상환하기 어려울 수 있다 라는 답변을 받았습니다. 일단 저는 새로운 집에 입주는 2월 21일에 입주하려 하고 있고 이전에 현 대출금 상환이 모두 이루어져야 하는 상황입니다. 따라서 1억에 세입자를 구하기에는 쉽지않기때문에 임대인과 계약 만기 시 900만원을 반환하는 것에 대한 차용증?을 남기는 것으로 합의하였고 LH전세대출을 받아 새로운 세입자가 들어오도록 9,100만원에 매물을 내놓은 상태 입니다. 세입자가 구해진다는 가정하에 현재로서 계약 만기 후 나머지 금액에 대한 권리를 차용증을 써서 어떻게 하면 법적인 보호를 받을 수 있는지 여쭙고 싶습니다. 인터넷이 찾아본 결과로는 임차권 등기명령, 전세권을 신청하여야 한다고 하지만 이렇게 되면 새로운 세입자가 들어올 수 없게 되어 대출금 상환이 불가능해집니다 현재, 차용증 작성은 동의하였으나 공증에 대해서는 임대인이 거부하는 상황입니다. 이에 대한 대책이 필요한 데, 현 상황에서 새 세입자가 들어오고 제가 계약이 만기될 때, 임차권 등기 신청을 하여도 괜찮을까요? 가능하다면 새로 계약하는 집은 우선 대출자를 배우자로 해서 저는 전입신고는 등기 신청 후에 하려고 생각 중입니다. | 특이사항 1. 다른집 가계약금 줬다가 허무하게 200만원 뜯김 / 계약의 구체적인 합의내용도 없고 부동산 말만 믿고 200만원 이체 / 중개사가 손해배상청구소송 하기전에 가만히 뜯기고 있으라 함",provided_synthetic_consultations
CASE-0205,G03,인천,계양구,1억 미만,계약종료,미상,근저당설정,미상,경매·공매,상담·검토,이미 구두상으로 말한 계약종료 1년 지남. 임대인이 계약금 9000원만원 못돌려주고 있는 상황 말은 25년 상반기까지 돌려준다고 했으나 경매로 넘어갈수도 있다는 발언을 몇번하여 불안함 이미 근저당있는 매물이어서 우선 변제도 불가함 이런 경우 어떻게해야 하는건지 막막해서 상담신청 드립니다,,unknown,보증상품 보증상품 미확인 | 주택유형 미상 | 보증금구간 1억 미만 | 계약상태 계약종료 | 선순위권리 근저당설정 | 반환보증 미상 | 분쟁유형 경매·공매 | 진행단계 상담·검토 | 상황 이미 구두상으로 말한 계약종료 1년 지남. 임대인이 계약금 9000원만원 못돌려주고 있는 상황 말은 25년 상반기까지 돌려준다고 했으나 경매로 넘어갈수도 있다는 발언을 몇번하여 불안함 이미 근저당있는 매물이어서 우선 변제도 불가함 이런 경우 어떻게해야 하는건지 막막해서 상담신청 드립니다,provided_synthetic_consultations
CASE-0206,G03,서울,강동구,1억~2억,계약중(종료예정),빌라,미상,가입,기타·일반문의,HUG이행청구,"1. 현 거주중인 빌라는 소규모재개발인 가로주택사업을 진행중임. 사업시행인가를 득하고, 이주 철거만 남은 상태. 이주일을 확정지어 안내받았고, 그 사이에 나가는 걸로 새로운 집도 계약을 완료한 상태. 2. 현재 거주중인 빌라의 재개발을 담당한 시공사가 부도가 나, 시공사를 다시 찾아야함. 이주일을 미뤄줬으면 한다는 연락을 받음. 3. 계약금을 날릴 순 없어 계약금을 조합이나 집주인 측에서 배상하라 요청함. 배상이 불가능 하다면 원래 이사를 생각했던 날에 이사가겠다 말씀드림. 4. 전세대출 만료는 25년 11월인데, 이 전에 나가는 게 가능한지. 만약 집주인이 전세금도, 계약금도 줄 수 없다고 하면 받을 수 있는지 궁금합니다. 허그 보증보험에 들어있는 상태고, 버팀목전세대출을 이용해 들어왔습니다.",,unknown,"보증상품 보증상품 미확인 | 주택유형 빌라 | 보증금구간 1억~2억 | 계약상태 계약중(종료예정) | 선순위권리 미상 | 반환보증 가입 | 분쟁유형 기타·일반문의 | 진행단계 HUG이행청구 | 상황 1. 현 거주중인 빌라는 소규모재개발인 가로주택사업을 진행중임. 사업시행인가를 득하고, 이주 철거만 남은 상태. 이주일을 확정지어 안내받았고, 그 사이에 나가는 걸로 새로운 집도 계약을 완료한 상태. 2. 현재 거주중인 빌라의 재개발을 담당한 시공사가 부도가 나, 시공사를 다시 찾아야함. 이주일을 미뤄줬으면 한다는 연락을 받음. 3. 계약금을 날릴 순 없어 계약금을 조합이나 집주인 측에서 배상하라 요청함. 배상이 불가능 하다면 원래 이사를 생각했던 날에 이사가겠다 말씀드림. 4. 전세대출 만료는 25년 11월인데, 이 전에 나가는 게 가능한지. 만약 집주인이 전세금도, 계약금도 줄 수 없다고 하면 받을 수 있는지 궁금합니다. 허그 보증보험에 들어있는 상태고, 버팀목전세대출을 이용해 들어왔습니다.",provided_synthetic_consultations
CASE-0207,G03,서울,동작구,2억~3억,계약중(종료예정),미상,미상,가입,보증금미반환,상담·검토,집주인이 임대사업자로 전세보증보험 가입 하는것으로 계약서 특약으로도 작성하였습니다 임대인이 가입하기로 하고 기다리던중 가입이 늦어져서 연락드렸더니 세금완납증명서 보완이 해결되지 않아 기다렸습니다. 늦어지자 제가가입하라고 해서 안심전세 hug 임차인 가입신청 했으나 보증금추가로 임차인 보험은 가입이 어렵습니다. 2월말 계약으로 빠른 처리가 필요한데 임대인은 계속 미루기만 합니다.,1. 470만원 감액해야 전세보증금반환보증가입가능,jeonse_return,보증상품 전세보증금반환보증 | 주택유형 미상 | 보증금구간 2억~3억 | 계약상태 계약중(종료예정) | 선순위권리 미상 | 반환보증 가입 | 분쟁유형 보증금미반환 | 진행단계 상담·검토 | 상황 집주인이 임대사업자로 전세보증보험 가입 하는것으로 계약서 특약으로도 작성하였습니다 임대인이 가입하기로 하고 기다리던중 가입이 늦어져서 연락드렸더니 세금완납증명서 보완이 해결되지 않아 기다렸습니다. 늦어지자 제가가입하라고 해서 안심전세 hug 임차인 가입신청 했으나 보증금추가로 임차인 보험은 가입이 어렵습니다. 2월말 계약으로 빠른 처리가 필요한데 임대인은 계속 미루기만 합니다. | 특이사항 1. 470만원 감액해야 전세보증금반환보증가입가능,provided_synthetic_consultations
CASE-0208,G03,경기,평택시,1억 미만,계약종료,다가구주택,미상,가입,보증금미반환,판결·집행,"24년 10월 21일경으로 계약이 종료되었고, 24년 7월에 문자로 부동산, 집주인, 건물 관리인 모두에게 퇴사계약 종료 의사 여부 전달하였습니다. 그러나 10월 계약 종료 약 2주전부터 전세금 반환이 힘든 사정이라고 하여 전세계약을 구두 계약으로 한달 연장을 하였고, 11월 20일 부로 종료 전에도 계약금 반환이 이루어지지 않아 계약 종료 2일전 겨우 연락하여 12월 10일에 보증금 반환하는 월 12일로 다시 구두계약 진행하여 전세보증금 계약을 연장하였습니다. 구두계약 시 계약 연장에 따른 이자 비용 1회 청구했고 이자는 11월 경에 1회만 받을 수 있었습니다. (공과금이나 건물 관리금은 10월 계약 종료 이후로 안내기로 합의되어 추가적인 돈을 들이진 않았습니다) 약속된 기한인 12월 10일 이전부터 지속적인 만남을 요구하여 계약 연장을 지속적으로 바라는 식으로 태도를 일관하여 더이상 진행은 어렵다며 거절의 의사를 밝히고 전세금 반환 요구하였으나, 결론적으로는 돌려받지 못하고 있는 상황입니다. 첫번째 계약 종료 시점에서 어떤 방식으로 대출을 받아 전달 할 것이라며 통화녹취된 사항이 있긴하지만 두번째 계약 종료시점에서 추가 연장을 고려해달라고할 시 같은 내용을 반복하며 마치 조금만 더 있으면 줄 수 있는 것처럼 반복된 내용 뿐이었고, 호갱노노 어플을 통해 확인해보았을때는 현재 부족한 보유 현금을 마련하기 위한 시간을 버는 행위의 가격으로만 매물이 올라와있는 것을 확인하였습니다. 이에 따라 금일 임대차등기명령 신청을 진행하였고, 급한 상황이라 지급명령이나 소송 준비 예정입니다. 임대차 등기명령 신청 후 어느정도 후에 지급명령 신청을 해야하는 건지, 만일 소송 진행해야한다면 승소 가능성이 얼마나 되는지 궁금합니다. 또 이외에 제가 추가적으로 조치하여 임대인에게 돈을 받아낼 수 있는 방법이 있는지도 고견",1. 다가구(16가구) / [사건번호]억에 매매,unknown,"보증상품 보증상품 미확인 | 주택유형 다가구주택 | 보증금구간 1억 미만 | 계약상태 계약종료 | 선순위권리 미상 | 반환보증 가입 | 분쟁유형 보증금미반환 | 진행단계 판결·집행 | 상황 24년 10월 21일경으로 계약이 종료되었고, 24년 7월에 문자로 부동산, 집주인, 건물 관리인 모두에게 퇴사계약 종료 의사 여부 전달하였습니다. 그러나 10월 계약 종료 약 2주전부터 전세금 반환이 힘든 사정이라고 하여 전세계약을 구두 계약으로 한달 연장을 하였고, 11월 20일 부로 종료 전에도 계약금 반환이 이루어지지 않아 계약 종료 2일전 겨우 연락하여 12월 10일에 보증금 반환하는 월 12일로 다시 구두계약 진행하여 전세보증금 계약을 연장하였습니다. 구두계약 시 계약 연장에 따른 이자 비용 1회 청구했고 이자는 11월 경에 1회만 받을 수 있었습니다. (공과금이나 건물 관리금은 10월 계약 종료 이후로 안내기로 합의되어 추가적인 돈을 들이진 않았습니다) 약속된 기한인 12월 10일 이전부터 지속적인 만남을 요구하여 계약 연장을 지속적으로 바라는 식으로 태도를 일관하여 더이상 진행은 어렵다며 거절의 의사를 밝히고 전세금 반환 요구하였으나, 결론적으로는 돌려받지 못하고 있는 상황입니다. 첫번째 계약 종료 시점에서 어떤 방식으로 대출을 받아 전달 할 것이라며 통화녹취된 사항이 있긴하지만 두번째 계약 종료시점에서 추가 연장을 고려해달라고할 시 같은 내용을 반복하며 마치 조금만 더 있으면 줄 수 있는 것처럼 반복된 내용 뿐이었고, 호갱노노 어플을 통해 확인해보았을때는 현재 부족한 보유 현금을 마련하기 위한 시간을 버는 행위의 가격으로만 매물이 올라와있는 것을 확인하였습니다. 이에 따라 금일 임대차등기명령 신청을 진행하였고, 급한 상황이라 지급명령이나 소송 준비 예정입니다. 임대차 등기명령 신청 후 어느정도 후에 지급명령 신청을 해야하는 건지, 만일 소송 진행해야한다면 승소 가능성이 얼마나 되는지 궁금합니다. 또 이외에 제가 추가적으로 조치하여 임대인에게 돈을 받아낼 수 있는 방법이 있는지도 고견 | 특이사항 1. 다가구(16가구) / [사건번호]억에 매매",provided_synthetic_consultations
CASE-0209,G03,부산,사하구,1억 미만,계약종료,미상,미상,미상,기타·일반문의,소송제기,소송중에 있습니다. 오늘 첫 변론기일이였는데 집주인이 하는말이 원하면 현재 살고있는 집을 매매로 넘겨주겠다 합니다 여기는 괴정 5구역 재개발예정이고 제가 만약 매매를 해서 집을 갖게 된다면 재개발 사업 진행 시(언제 나올진 모르지만) 받는 보상금이나 이주비 등 전세금만큼 받고 나올 수 있는 부분인가요 ? 그리고 이렇게 된다면 무주택자가 아닌게 되지 않나요 ?? 아니면 부모님 명의로 매매를 하고 제가 살아도 되는건가요 ?,,unknown,보증상품 보증상품 미확인 | 주택유형 미상 | 보증금구간 1억 미만 | 계약상태 계약종료 | 선순위권리 미상 | 반환보증 미상 | 분쟁유형 기타·일반문의 | 진행단계 소송제기 | 상황 소송중에 있습니다. 오늘 첫 변론기일이였는데 집주인이 하는말이 원하면 현재 살고있는 집을 매매로 넘겨주겠다 합니다 여기는 괴정 5구역 재개발예정이고 제가 만약 매매를 해서 집을 갖게 된다면 재개발 사업 진행 시(언제 나올진 모르지만) 받는 보상금이나 이주비 등 전세금만큼 받고 나올 수 있는 부분인가요 ? 그리고 이렇게 된다면 무주택자가 아닌게 되지 않나요 ?? 아니면 부모님 명의로 매매를 하고 제가 살아도 되는건가요 ?,provided_synthetic_consultations
CASE-0210,G03,서울,미상,1억~2억,계약중(종료예정),미상,미상,미상,경매·공매,상담·검토,"현재 거주중인 전세집(보증금1억규모) 등기부등본상, 2024년 12월 3일 임의경매개시결정이 되어 관련 사항 질문차 연락드립니다.",1. 정대훈과 동일한 임대인(한나라),unknown,"보증상품 보증상품 미확인 | 주택유형 미상 | 보증금구간 1억~2억 | 계약상태 계약중(종료예정) | 선순위권리 미상 | 반환보증 미상 | 분쟁유형 경매·공매 | 진행단계 상담·검토 | 상황 현재 거주중인 전세집(보증금1억규모) 등기부등본상, 2024년 12월 3일 임의경매개시결정이 되어 관련 사항 질문차 연락드립니다. | 특이사항 1. 정대훈과 동일한 임대인(한나라)",provided_synthetic_consultations
CASE-0211,G03,서울,강서구,1억 미만,계약중(종료예정),미상,미상,가입,보증금미반환,소송제기,보증금 반환이 되지 않고 있어 임차권 등기 전자소송 진행 중입니다. 확약서 받고 다른 곳으로 이사를 했으나 새로 온 곳으로 전입신고나 확정일자를 받지 않았습니다. 새 거주지 임대인 분께서 임대사업자이셔서 기한 내에 보증보험 가입을 하지 않을 경우 벌금이 있다고 하셔서요. 임차권 설정을 포기하고 전세권 반환 소송을 해야 하는지 아님 신규 거주지 벌금을 제가 내고 임차권 소송 명령을 계속 진행해야 하는지,"1. 교육연구시설, 제1종근생시설",unknown,"보증상품 보증상품 미확인 | 주택유형 미상 | 보증금구간 1억 미만 | 계약상태 계약중(종료예정) | 선순위권리 미상 | 반환보증 가입 | 분쟁유형 보증금미반환 | 진행단계 소송제기 | 상황 보증금 반환이 되지 않고 있어 임차권 등기 전자소송 진행 중입니다. 확약서 받고 다른 곳으로 이사를 했으나 새로 온 곳으로 전입신고나 확정일자를 받지 않았습니다. 새 거주지 임대인 분께서 임대사업자이셔서 기한 내에 보증보험 가입을 하지 않을 경우 벌금이 있다고 하셔서요. 임차권 설정을 포기하고 전세권 반환 소송을 해야 하는지 아님 신규 거주지 벌금을 제가 내고 임차권 소송 명령을 계속 진행해야 하는지 | 특이사항 1. 교육연구시설, 제1종근생시설",provided_synthetic_consultations
CASE-0212,G03,서울,양천구,1억~2억,계약중(종료예정),미상,미상,가입,묵시적갱신분쟁,내용증명·공시송달,"전세금 만기 날짜는 24년11월30일입니다 (22.11.30~24.11.30) 허그 안심전세대출 기간은 22.12.16~24.12.30 입니다. (그 당시 상황으로 인해 입주 후 버팀목 대출 신청 함) 밑에는 상황 설명입니다. 내용이 길지만 읽어주시면 감사하겠습니다 ! 1. 현재 전세계약 만기일 24년11월30일이 지난 후 묵시적 갱신이 된 상태로 동일한 조건의 대출 연장을 하려고 했습니다. 2. 11월 20일쯤 은행에 대출 연장 관련하여 물어보니 대출만기(24년12월30일) 날짜로부터 30일 이내여야 신청이 가능하다고 하여 12/9 월요일에 동일한 전세계약서로 대출 연장 신청을 하였습니다. 3. 12/10 화요일 은행에서 ‘해당 집의 공시지가가 하향하여 전세금을 낮춰야 대출연장이 가능하니 감액한 금액으로 전세계약서를 다시 써야한다’는 연락을 받았습니다 전세금을 낮추지 않으면 은행에서 해당 대출연장은 안되는 상황입니다. 4. 해당 내용을 부동산과 임대인에게 전달하니 임대인은 이미 묵시적 갱신이 된 거 아니냐며 이미 만기날자는 지났고 본인은 전세금 감액을 해줄 책임이 없다고 합니다. 5. 만약 전세대출 만기 상환일 24년12월30일이 지난 후 저는 대출연장이나 상환을 못하게 되면, 해당 대출은 연체가 되어 모든 금융사에 통지가 되고 저는 모든 금융업무가 중단되며 신용불량자가 되는 상태입니다 6. 혹시나 대출 유예 관련하여 은행에 물어보니 hug 보증보험에 해당 상황을 말하고 이행청구가 가능하다고 하면 은행에 6개월 정도는 상환일 연장이 가능하다고 하여 절차를 물어봤습니다. 7. 절차는 <전세계약종료 확인서(문자나 통화로 대체 가능), 임대인/임차인의 신분증 사본과 인감증명서>가 필요하다고 하여 종료확인서를 위해 통화를 하고 24년11월30일 종료에 동의하는지에 여쭤봤는데 이미 지나간 전세계약건인데 종료를 어떻게 하냐며 이미 갱신이 된거라고 본인은 더 이상 모르겠다고 하고 전화를 8. 결론적으로 감액 요청과 허그 보증보험의 이행청구 절차를 위한 요청도 임대인은 거부한 상태입니다. 9. 부동산에 조언을 구하니 일단 12월30일자로 보증금 반환에 대한 내용증명서를 보내라고 해서 위에 내용 전부 기재 후 임대인에게 내용증명서를 보냈습니다. 내용증명서를 보낸 후, 임대인이 감액을 해주거나 이행청구 협조를 해주면 너무 좋겠지만 제가 걱정되는건 이 이후에도 임대인은 \`묵시적 갱신이 된건데 감액이나 종료동의를 왜 해줘야 되냐\` 이러한 답만 받을까봐 걱정입니다 어떻게 하면 좋을지 모르겠습니다 저 좀 도와주세요",,unknown,"보증상품 보증상품 미확인 | 주택유형 미상 | 보증금구간 1억~2억 | 계약상태 계약중(종료예정) | 선순위권리 미상 | 반환보증 가입 | 분쟁유형 묵시적갱신분쟁 | 진행단계 내용증명·공시송달 | 상황 전세금 만기 날짜는 24년11월30일입니다 (22.11.30~24.11.30) 허그 안심전세대출 기간은 22.12.16~24.12.30 입니다. (그 당시 상황으로 인해 입주 후 버팀목 대출 신청 함) 밑에는 상황 설명입니다. 내용이 길지만 읽어주시면 감사하겠습니다 ! 1. 현재 전세계약 만기일 24년11월30일이 지난 후 묵시적 갱신이 된 상태로 동일한 조건의 대출 연장을 하려고 했습니다. 2. 11월 20일쯤 은행에 대출 연장 관련하여 물어보니 대출만기(24년12월30일) 날짜로부터 30일 이내여야 신청이 가능하다고 하여 12/9 월요일에 동일한 전세계약서로 대출 연장 신청을 하였습니다. 3. 12/10 화요일 은행에서 ‘해당 집의 공시지가가 하향하여 전세금을 낮춰야 대출연장이 가능하니 감액한 금액으로 전세계약서를 다시 써야한다’는 연락을 받았습니다 전세금을 낮추지 않으면 은행에서 해당 대출연장은 안되는 상황입니다. 4. 해당 내용을 부동산과 임대인에게 전달하니 임대인은 이미 묵시적 갱신이 된 거 아니냐며 이미 만기날자는 지났고 본인은 전세금 감액을 해줄 책임이 없다고 합니다. 5. 만약 전세대출 만기 상환일 24년12월30일이 지난 후 저는 대출연장이나 상환을 못하게 되면, 해당 대출은 연체가 되어 모든 금융사에 통지가 되고 저는 모든 금융업무가 중단되며 신용불량자가 되는 상태입니다 6. 혹시나 대출 유예 관련하여 은행에 물어보니 hug 보증보험에 해당 상황을 말하고 이행청구가 가능하다고 하면 은행에 6개월 정도는 상환일 연장이 가능하다고 하여 절차를 물어봤습니다. 7. 절차는 <전세계약종료 확인서(문자나 통화로 대체 가능), 임대인/임차인의 신분증 사본과 인감증명서>가 필요하다고 하여 종료확인서를 위해 통화를 하고 24년11월30일 종료에 동의하는지에 여쭤봤는데 이미 지나간 전세계약건인데 종료를 어떻게 하냐며 이미 갱신이 된거라고 본인은 더 이상 모르겠다고 하고 전화를 8. 결론적으로 감액 요청과 허그 보증보험의 이행청구 절차를 위한 요청도 임대인은 거부한 상태입니다. 9. 부동산에 조언을 구하니 일단 12월30일자로 보증금 반환에 대한 내용증명서를 보내라고 해서 위에 내용 전부 기재 후 임대인에게 내용증명서를 보냈습니다. 내용증명서를 보낸 후, 임대인이 감액을 해주거나 이행청구 협조를 해주면 너무 좋겠지만 제가 걱정되는건 이 이후에도 임대인은 \`묵시적 갱신이 된건데 감액이나 종료동의를 왜 해줘야 되냐\` 이러한 답만 받을까봐 걱정입니다 어떻게 하면 좋을지 모르겠습니다 저 좀 도와주세요",provided_synthetic_consultations
CASE-0213,G03,서울,서대문구,2억~3억,계약중(종료예정),빌라,압류·가압류,미상,묵시적갱신분쟁,상담·검토,"22년2월에 2억5천만원에 빌라전세 계약 후 거주중에 있습니다. 23년12월에 전세금 하향 조정이 안되면 전세계약을 종료 할 것을 통보하였으나 집주인이 돈이 없다는 핑계로 반환을 해주지 않았습니다. 이후 보증금의 일부를 반환 해준다며 시간을 끌다가 묵시적계약갱신이 되었고, 24년6월에 보증금 차액에 대한 이자지원 및 보증금 일부를 준다는 합의서를 작성했으나 일부만 입금하고 이후 입금을 해주지 않았습니다. 합의서에 이자 및 일부 보증금반환이 되지 않으면 즉시 계약을 해지할 수 있다고 명시하여, 합의서 내용대로 금년 11월에 24년12월1일자로 계약해지 및 보증금 전액 반환을 요청하였으나 집주인은 대답을 하지 않고 있습니다. 12월13일에 등기부등본을 열람하니 8월,10월,12월에 경기신용보증재단, 우리은행, 경기신용보증재단에서 가압류가 총 9천만원 가까이 된 것을 확인하였습니다. 현재 전세집의 공시지가는 1억5천6백만원입니다. 현재 전세보험도 가입되어 있지 않아 걱정이 너무 큽니다. 어떻게 해야 할까요. 도움을",1. 착수금400+성공100,unknown,"보증상품 보증상품 미확인 | 주택유형 빌라 | 보증금구간 2억~3억 | 계약상태 계약중(종료예정) | 선순위권리 압류·가압류 | 반환보증 미상 | 분쟁유형 묵시적갱신분쟁 | 진행단계 상담·검토 | 상황 22년2월에 2억5천만원에 빌라전세 계약 후 거주중에 있습니다. 23년12월에 전세금 하향 조정이 안되면 전세계약을 종료 할 것을 통보하였으나 집주인이 돈이 없다는 핑계로 반환을 해주지 않았습니다. 이후 보증금의 일부를 반환 해준다며 시간을 끌다가 묵시적계약갱신이 되었고, 24년6월에 보증금 차액에 대한 이자지원 및 보증금 일부를 준다는 합의서를 작성했으나 일부만 입금하고 이후 입금을 해주지 않았습니다. 합의서에 이자 및 일부 보증금반환이 되지 않으면 즉시 계약을 해지할 수 있다고 명시하여, 합의서 내용대로 금년 11월에 24년12월1일자로 계약해지 및 보증금 전액 반환을 요청하였으나 집주인은 대답을 하지 않고 있습니다. 12월13일에 등기부등본을 열람하니 8월,10월,12월에 경기신용보증재단, 우리은행, 경기신용보증재단에서 가압류가 총 9천만원 가까이 된 것을 확인하였습니다. 현재 전세집의 공시지가는 1억5천6백만원입니다. 현재 전세보험도 가입되어 있지 않아 걱정이 너무 큽니다. 어떻게 해야 할까요. 도움을 | 특이사항 1. 착수금400+성공100",provided_synthetic_consultations
CASE-0214,G03,경기,평택시,1억~2억,계약중(종료예정),미상,미상,미상,보증금미반환,소송제기,"계약 기간 2022.12.16-2024.12.15 1. 임대인 대신 임대인 와이프(?)가 임대인 휴대폰으로 계약 협의를 진행 중. 2. 역전세로 인한 감액 재계약을 제안 했으나 사정을 봐달라고 계속 미루기만 함. 3. 3500 감액 재계약 불가 시, 계약 종료 예정이며 보증금 반환 못할 거 같으면 시세+차액으로 인수하겠다고 통보. 4. 12/09 여전히 답 안줌. 5. 12/11 내용증명 (3개월 후 계약 종료) 폐문 부재 반송 문의사항 1. 보증금 반환 소송으로 진행한다면, 계약 종료 통보를 폐문 부재 반송된 내용증명 1회로 끝낼 수 있는지 (법무사 문의 시 소송갈거면 통보 했으면 충분하다고 그랬음)? 2. 추후 법적 조치를 위해서 내용증명이 반송되었으니, 계약 종료를 법적으로 증명하기 위해서 내용증명 2차 발송 및 반송 시 공시송달을 진행해야하는지?",,unknown,"보증상품 보증상품 미확인 | 주택유형 미상 | 보증금구간 1억~2억 | 계약상태 계약중(종료예정) | 선순위권리 미상 | 반환보증 미상 | 분쟁유형 보증금미반환 | 진행단계 소송제기 | 상황 계약 기간 2022.12.16-2024.12.15 1. 임대인 대신 임대인 와이프(?)가 임대인 휴대폰으로 계약 협의를 진행 중. 2. 역전세로 인한 감액 재계약을 제안 했으나 사정을 봐달라고 계속 미루기만 함. 3. 3500 감액 재계약 불가 시, 계약 종료 예정이며 보증금 반환 못할 거 같으면 시세+차액으로 인수하겠다고 통보. 4. 12/09 여전히 답 안줌. 5. 12/11 내용증명 (3개월 후 계약 종료) 폐문 부재 반송 문의사항 1. 보증금 반환 소송으로 진행한다면, 계약 종료 통보를 폐문 부재 반송된 내용증명 1회로 끝낼 수 있는지 (법무사 문의 시 소송갈거면 통보 했으면 충분하다고 그랬음)? 2. 추후 법적 조치를 위해서 내용증명이 반송되었으니, 계약 종료를 법적으로 증명하기 위해서 내용증명 2차 발송 및 반송 시 공시송달을 진행해야하는지?",provided_synthetic_consultations
CASE-0215,G03,미상,강북구,1억 미만,계약종료,미상,선순위존재,가입,묵시적갱신분쟁,임차권등기,"현재 다중주택(융자금 선순위 3억9600만,임차인들 전세보증금 대략 3~3.5억,집주인 16년도 건물매매 12억구매),에서 7년반 거주하면서 묵시적갱신 기간중 7월말에 3개월후 해지하겠다 통보 하였습니다. 집주인은 돈이 없다고 다음세입자 입주시 준다고만해서 24년11월에 임차권등기 걸어놨고 25년 1월23일 이사예정입니다. 그런데 임차권등기 걸어놓으니 다음세입자분들이 방을보고 마음에 들어도 계약이 이뤄지지가 않아서 이사전 임차권 등기를 말소시켜놓고 24년12월에 인천에사는 친형을 전입신고 해놓고 저는 25년01월에 새집으로 전출을 가게되어도 저의 기존 대항력및 우선순위에 변동이 생기는지 알고 싶습니다. 임차권등기 해놓으니 오히려 독이 되었네요",,unknown,"보증상품 보증상품 미확인 | 주택유형 미상 | 보증금구간 1억 미만 | 계약상태 계약종료 | 선순위권리 선순위존재 | 반환보증 가입 | 분쟁유형 묵시적갱신분쟁 | 진행단계 임차권등기 | 상황 현재 다중주택(융자금 선순위 3억9600만,임차인들 전세보증금 대략 3~3.5억,집주인 16년도 건물매매 12억구매),에서 7년반 거주하면서 묵시적갱신 기간중 7월말에 3개월후 해지하겠다 통보 하였습니다. 집주인은 돈이 없다고 다음세입자 입주시 준다고만해서 24년11월에 임차권등기 걸어놨고 25년 1월23일 이사예정입니다. 그런데 임차권등기 걸어놓으니 다음세입자분들이 방을보고 마음에 들어도 계약이 이뤄지지가 않아서 이사전 임차권 등기를 말소시켜놓고 24년12월에 인천에사는 친형을 전입신고 해놓고 저는 25년01월에 새집으로 전출을 가게되어도 저의 기존 대항력및 우선순위에 변동이 생기는지 알고 싶습니다. 임차권등기 해놓으니 오히려 독이 되었네요",provided_synthetic_consultations
CASE-0216,G03,경기,경기도의정부시,1억 미만,계약종료,미상,미상,가입,경매·공매,임차권등기,허그 보증보험을 못들어놨습니다 청년버팀목대출로 전세를 구했고 현재 계약은 11월 중으로 종료된 상태이며 임대인이 다음 세를 못놓으면 전세금을 돌려줄수 없다하여 임차권등기 후에 전세대출 기간을 늘렸습니다 등기부등본에는 올라와있구요 이후에 전 무엇을 하면 될까요 ? 12월 중순이 되가는 지금까지도 세입자는 구해지지않았습니다 기숙사에 살아서 아직 다른곳으로 이름은 빼지 않고 가스비 관리비등 제가 내고있어요 주소이전을 하고 가스비 관리비 정산을 하면 경매시 제가 후순위로 배정받을 수 있다고 하는데 계속 관리비내면서 유지해야하는게 맞나요? ㅠㅠ,,unknown,보증상품 보증상품 미확인 | 주택유형 미상 | 보증금구간 1억 미만 | 계약상태 계약종료 | 선순위권리 미상 | 반환보증 가입 | 분쟁유형 경매·공매 | 진행단계 임차권등기 | 상황 허그 보증보험을 못들어놨습니다 청년버팀목대출로 전세를 구했고 현재 계약은 11월 중으로 종료된 상태이며 임대인이 다음 세를 못놓으면 전세금을 돌려줄수 없다하여 임차권등기 후에 전세대출 기간을 늘렸습니다 등기부등본에는 올라와있구요 이후에 전 무엇을 하면 될까요 ? 12월 중순이 되가는 지금까지도 세입자는 구해지지않았습니다 기숙사에 살아서 아직 다른곳으로 이름은 빼지 않고 가스비 관리비등 제가 내고있어요 주소이전을 하고 가스비 관리비 정산을 하면 경매시 제가 후순위로 배정받을 수 있다고 하는데 계속 관리비내면서 유지해야하는게 맞나요? ㅠㅠ,provided_synthetic_consultations
CASE-0217,G03,경기,부천시,1억~2억,계약중(종료예정),미상,미상,미상,기타·일반문의,상담·검토,이사온지 반년이 채 되지 않은 상황입니다얼마전 같은 2층에 거주하고있는 옆집에 베란다 하수구에서 물이 역류해 거실까지 침수되는 상황이 발생햇습니다. 옆집 세입자분은 집주인분께 말씀드리고 수리를 요구햇으나 주말을 핑계로 당장 수리가 불가하다 거절하셨고 당장 자는 문제가 시급햇던 옆집분께서는 수리비를 사설을 부르더라도 내고 고치고 후청구하시겠다며 수리업체를 부르고 내시경까지해서 비용이 30만원정도 나왔다합니다. 그런데 이를 집주인에게 청구하자 본인은 비용부담을 못한다며 살고있는 세입자들이 사용하다 그런거니 본인까지 포함 건물에 살고있는 세입자들과 비용을 n분의 1 하자 저희는 이런식의 처리방법을 처음 듣는데다 이사온지 반년도 안되었는데 저희가 n분의 1을 해야한다는게 굉장히 의아한 상황입니다. 부동산에 말을 햇으나 부동산 연락을 집주인이 받지않는 상황이고 옆집과 연결된 부동산과 상의해보니 이런경우 집주인이 무조건 수리해야한다는 법은 없다며 직접 얘기해보라하더군요 저희가 계약할 당시 건물 노후로 인한 하자 발생시 집주인이 수리해줄것을 계약서에 명시해달라햇으나 그건 당연한거라 명시안해도된다며 부동산측에서 넘어가 계약서에 문구가없습니다. 원래 이런문제 발생시 세입자들끼리 N분의 1을 하는게 맞는건가요? 건물 하자보수에 대한 책임이 법적으로 집주인에게 없는 건가요? 궁금해서 문의 남깁니다.,,unknown,보증상품 보증상품 미확인 | 주택유형 미상 | 보증금구간 1억~2억 | 계약상태 계약중(종료예정) | 선순위권리 미상 | 반환보증 미상 | 분쟁유형 기타·일반문의 | 진행단계 상담·검토 | 상황 이사온지 반년이 채 되지 않은 상황입니다얼마전 같은 2층에 거주하고있는 옆집에 베란다 하수구에서 물이 역류해 거실까지 침수되는 상황이 발생햇습니다. 옆집 세입자분은 집주인분께 말씀드리고 수리를 요구햇으나 주말을 핑계로 당장 수리가 불가하다 거절하셨고 당장 자는 문제가 시급햇던 옆집분께서는 수리비를 사설을 부르더라도 내고 고치고 후청구하시겠다며 수리업체를 부르고 내시경까지해서 비용이 30만원정도 나왔다합니다. 그런데 이를 집주인에게 청구하자 본인은 비용부담을 못한다며 살고있는 세입자들이 사용하다 그런거니 본인까지 포함 건물에 살고있는 세입자들과 비용을 n분의 1 하자 저희는 이런식의 처리방법을 처음 듣는데다 이사온지 반년도 안되었는데 저희가 n분의 1을 해야한다는게 굉장히 의아한 상황입니다. 부동산에 말을 햇으나 부동산 연락을 집주인이 받지않는 상황이고 옆집과 연결된 부동산과 상의해보니 이런경우 집주인이 무조건 수리해야한다는 법은 없다며 직접 얘기해보라하더군요 저희가 계약할 당시 건물 노후로 인한 하자 발생시 집주인이 수리해줄것을 계약서에 명시해달라햇으나 그건 당연한거라 명시안해도된다며 부동산측에서 넘어가 계약서에 문구가없습니다. 원래 이런문제 발생시 세입자들끼리 N분의 1을 하는게 맞는건가요? 건물 하자보수에 대한 책임이 법적으로 집주인에게 없는 건가요? 궁금해서 문의 남깁니다.,provided_synthetic_consultations
CASE-0218,G03,서울,금천구,1억~2억,계약종료,미상,압류·가압류,미상,경매·공매,판결·집행,"올해 2월 말 2년 전세계약이 만료가 됐는데 집주인이 돈이 없다는 사유로 보증금을 못받은지 거의 10개월이 되어갑니다. 몇달만 기다려달라는 말에 계속 기다리다 반 년동안 진전이 없어서 결국 보증금 반환소송을 셀프로 했습니다. 건물주 측에서 반론도 하였으나 결국 반환하라고 승소하였습니다. 대부분 이후에 경매를 통해 강제로 회수를 한다고 들었는데 몇몇 법무사사무소에 들려 상담을 하니 현재 제 상황에서는 경매를 해도 저보다 먼저 입주한 다른 세대들이 있고, 건물주가 은행채권금액이(9억) 많아 경매로 넘겨도 제가 받을 수 있는 돈이 없다고 하더라구요, 건물주는 법인기업이라 상황이 더 복잡하다고 하더라구요. 이런 상황에서 보증금을 반환받을 수 있는 방법은 없을까요?",1. 신용조사를 해서 파악된 부동산이나 법인통장이 있다면 다 뽑아쓰기 전에 압류하는 것도 고민해보세요.,unknown,"보증상품 보증상품 미확인 | 주택유형 미상 | 보증금구간 1억~2억 | 계약상태 계약종료 | 선순위권리 압류·가압류 | 반환보증 미상 | 분쟁유형 경매·공매 | 진행단계 판결·집행 | 상황 올해 2월 말 2년 전세계약이 만료가 됐는데 집주인이 돈이 없다는 사유로 보증금을 못받은지 거의 10개월이 되어갑니다. 몇달만 기다려달라는 말에 계속 기다리다 반 년동안 진전이 없어서 결국 보증금 반환소송을 셀프로 했습니다. 건물주 측에서 반론도 하였으나 결국 반환하라고 승소하였습니다. 대부분 이후에 경매를 통해 강제로 회수를 한다고 들었는데 몇몇 법무사사무소에 들려 상담을 하니 현재 제 상황에서는 경매를 해도 저보다 먼저 입주한 다른 세대들이 있고, 건물주가 은행채권금액이(9억) 많아 경매로 넘겨도 제가 받을 수 있는 돈이 없다고 하더라구요, 건물주는 법인기업이라 상황이 더 복잡하다고 하더라구요. 이런 상황에서 보증금을 반환받을 수 있는 방법은 없을까요? | 특이사항 1. 신용조사를 해서 파악된 부동산이나 법인통장이 있다면 다 뽑아쓰기 전에 압류하는 것도 고민해보세요.",provided_synthetic_consultations
CASE-0219,G03,경기,수원시,1억 미만,계약종료,미상,미상,미상,기타·일반문의,소송제기,"22/5/25 계약 시작일 24/5/24 계약 종료일 사는 도중에 집주인 변경 계약종료전 1년 연장의사를 밝히고 계약서 다시 작성하기로하였음 계약일 당일 집주인이 오지않아 계약종료하겠다했고 집주인은 알겠다하였고 집이 팔려야 돈을줄수있다고 말했습니다. 그렇게 시간이 흘러서 12월이되었는데 집은 팔리지않고 지급명령신청을해야하는걸까요? 지급명령신청전 내용증명, 임차권등기신청 ? 을 먼저해야하는걸까요 만약 지급명령신청을 먼저하게되면 불이익이있을까요?",,unknown,"보증상품 보증상품 미확인 | 주택유형 미상 | 보증금구간 1억 미만 | 계약상태 계약종료 | 선순위권리 미상 | 반환보증 미상 | 분쟁유형 기타·일반문의 | 진행단계 소송제기 | 상황 22/5/25 계약 시작일 24/5/24 계약 종료일 사는 도중에 집주인 변경 계약종료전 1년 연장의사를 밝히고 계약서 다시 작성하기로하였음 계약일 당일 집주인이 오지않아 계약종료하겠다했고 집주인은 알겠다하였고 집이 팔려야 돈을줄수있다고 말했습니다. 그렇게 시간이 흘러서 12월이되었는데 집은 팔리지않고 지급명령신청을해야하는걸까요? 지급명령신청전 내용증명, 임차권등기신청 ? 을 먼저해야하는걸까요 만약 지급명령신청을 먼저하게되면 불이익이있을까요?",provided_synthetic_consultations
CASE-0220,G03,서울,금천구,2억~3억,계약중(종료예정),오피스텔,미상,가입,기타·일반문의,HUG이행청구,"상기 주소의 2022년 4월 최초 전세 계약 후 2024년 4월, 2년 재계약 진행했습니다. 재계약 할 당시에 이사를 가게 될 수도 있다고 하니 새로운 세입자만 구해 놓고 나가면 전혀 문제 될 게 없다고 해서 재계약 했습니다. 전세보증보험은 HF 통해서 가입이 되어 있는 상태입니다. 1. 현재 집이 매우 좁은 상황에서 \""아기\""가 생겨 이사를 결심 2. 집주인에게 세입자 구하겠다고 얘기하니 현재 오피스텔 건물에 6채를 소유중, 그 중 A호수의 새로운 세입자가 구해지지 않아 A호수 기존 세입자는 HUG보증 보험 반환 이행을 해서 나감 3. 즉, 새로운 세입자를 구하더라도 HUG 전세보증반환보증 보험을 들 수 없는 상황 Q1. 임대인의 문제로 인해서 새로운 세입자를 구할 수 없을 때 재계약을 파기 시킬 수 있는지 궁금합니다. Q2. 재계약을 파기시킨다면 기존 계약서(2024년 4월 말 만기)와 기존 보증보험으로 반환보증신청이 가능한지 궁금합니다. 아기 때문에 와이프한테 얘기도 못하고 조금 답답한 상황입니다 도움주시면 감사하겠습니다.",1. HF보증보험을 24.11월에 가입했음 / 가입 1년이 되기전에는 이행청구 받아줄 수 없다고 함,jeonse_return,"보증상품 전세보증금반환보증 | 주택유형 오피스텔 | 보증금구간 2억~3억 | 계약상태 계약중(종료예정) | 선순위권리 미상 | 반환보증 가입 | 분쟁유형 기타·일반문의 | 진행단계 HUG이행청구 | 상황 상기 주소의 2022년 4월 최초 전세 계약 후 2024년 4월, 2년 재계약 진행했습니다. 재계약 할 당시에 이사를 가게 될 수도 있다고 하니 새로운 세입자만 구해 놓고 나가면 전혀 문제 될 게 없다고 해서 재계약 했습니다. 전세보증보험은 HF 통해서 가입이 되어 있는 상태입니다. 1. 현재 집이 매우 좁은 상황에서 \""아기\""가 생겨 이사를 결심 2. 집주인에게 세입자 구하겠다고 얘기하니 현재 오피스텔 건물에 6채를 소유중, 그 중 A호수의 새로운 세입자가 구해지지 않아 A호수 기존 세입자는 HUG보증 보험 반환 이행을 해서 나감 3. 즉, 새로운 세입자를 구하더라도 HUG 전세보증반환보증 보험을 들 수 없는 상황 Q1. 임대인의 문제로 인해서 새로운 세입자를 구할 수 없을 때 재계약을 파기 시킬 수 있는지 궁금합니다. Q2. 재계약을 파기시킨다면 기존 계약서(2024년 4월 말 만기)와 기존 보증보험으로 반환보증신청이 가능한지 궁금합니다. 아기 때문에 와이프한테 얘기도 못하고 조금 답답한 상황입니다 도움주시면 감사하겠습니다. | 특이사항 1. HF보증보험을 24.11월에 가입했음 / 가입 1년이 되기전에는 이행청구 받아줄 수 없다고 함",provided_synthetic_consultations
CASE-0221,G03,경기,수원시,1억~2억,계약종료,미상,근저당설정,가입,기타·일반문의,상담·검토,"집주인이 16세대 보유하였고, 그중 4세대를 매매하였다고합니다. 근저당권 설정이되어있어 보증보험 가입을 하지못했는데 9.13계약 매매될때까지 기다리라며 돈을 돌려주지 않고 현재 연락두절입니다. 이사람이 실제 임대인이지만 계약상은 조카가 주인인데 조카만 연락이 되는상태입니다.",,unknown,"보증상품 보증상품 미확인 | 주택유형 미상 | 보증금구간 1억~2억 | 계약상태 계약종료 | 선순위권리 근저당설정 | 반환보증 가입 | 분쟁유형 기타·일반문의 | 진행단계 상담·검토 | 상황 집주인이 16세대 보유하였고, 그중 4세대를 매매하였다고합니다. 근저당권 설정이되어있어 보증보험 가입을 하지못했는데 9.13계약 매매될때까지 기다리라며 돈을 돌려주지 않고 현재 연락두절입니다. 이사람이 실제 임대인이지만 계약상은 조카가 주인인데 조카만 연락이 되는상태입니다.",provided_synthetic_consultations
CASE-0222,G03,미상,용산구,2억~3억,계약종료,미상,미상,미상,묵시적갱신분쟁,상담·검토,"21년3월08일 전세 2년 계약, 묵시적 년 07월 14일 퇴거의사 전달, 12월 16일자로 새로운 임차인이 입주하고 저는 다른곳으로 이사왔습니다. 여차저차 전세금 반환으로 문제가 많아 제가 다음 세입자 도배 및 50만원을 제하고 받겠다는 조건으로 이사했습니다. 허나 하루가 지난 지금까지 전세금에서 50만원 미입금, 연락드리니 계약기간을 못 채웠다며 중개수수료를 대신 내라고하는 겁니다. 입대차보험법 제 6조2에 대해서 설명을 드려도 전세금 반환 의지가 없어보이는데 미 입금된 100만원에 대해서 어떤 조치를 취할 수 있을까요? 이사는 갔지만 전입신고는 그대로입니다.",,unknown,"보증상품 보증상품 미확인 | 주택유형 미상 | 보증금구간 2억~3억 | 계약상태 계약종료 | 선순위권리 미상 | 반환보증 미상 | 분쟁유형 묵시적갱신분쟁 | 진행단계 상담·검토 | 상황 21년3월08일 전세 2년 계약, 묵시적 년 07월 14일 퇴거의사 전달, 12월 16일자로 새로운 임차인이 입주하고 저는 다른곳으로 이사왔습니다. 여차저차 전세금 반환으로 문제가 많아 제가 다음 세입자 도배 및 50만원을 제하고 받겠다는 조건으로 이사했습니다. 허나 하루가 지난 지금까지 전세금에서 50만원 미입금, 연락드리니 계약기간을 못 채웠다며 중개수수료를 대신 내라고하는 겁니다. 입대차보험법 제 6조2에 대해서 설명을 드려도 전세금 반환 의지가 없어보이는데 미 입금된 100만원에 대해서 어떤 조치를 취할 수 있을까요? 이사는 갔지만 전입신고는 그대로입니다.",provided_synthetic_consultations
CASE-0223,G03,서울,구로구,1억~2억,계약중(종료예정),미상,미상,미상,기타·일반문의,상담·검토,임대인이 사망했고 모두 상속을 포기해 상속관리재산인 신청을 진행하고 싶은데 절차를 알고 싶습니다,,unknown,보증상품 보증상품 미확인 | 주택유형 미상 | 보증금구간 1억~2억 | 계약상태 계약중(종료예정) | 선순위권리 미상 | 반환보증 미상 | 분쟁유형 기타·일반문의 | 진행단계 상담·검토 | 상황 임대인이 사망했고 모두 상속을 포기해 상속관리재산인 신청을 진행하고 싶은데 절차를 알고 싶습니다,provided_synthetic_consultations
CASE-0224,G03,서울,강북구,1억~2억,계약중(종료예정),공공임대,미상,미상,기타·일반문의,내용증명·공시송달,Lh전세임대 거주중이고 1월초 계약만료로 퇴거예정입니다. 해지의사는 10월초 문자로 진행했고 집주인도 ok했어요 근데 이제와서 세입자 안구해지면 반환확약서 못써준다고 합니다. 내용증명을 10월에 바로 보냈어야했는데 집주인 믿은 제 잘못이죠 이제라도 내용증명 발송하려고하는데 여기서 또 문제가있습니다. 1.최초 계약한 집주인이 자기아들한테 증여해서 집주인이 바뀜 (등기부등본떼고 알았습니다) 2.최초 계약한 집주인에게 연락하니 이제 같이 안산다고 연락하지말라고함 (이혼한듯) 3.등기부등본상 바뀐 집주인(아들) 주소가 현재 제가 살고있는 집으로 되어있음 이 경우 내용증명을 어디로 보내야하나요 ?,1. 임차인은 lh이니까 갱신거절 등의 의사표시는 lh가 해야한다 / 그런데 lh에서 최조내용증명은 입주자에게 하라고 함,unknown,보증상품 보증상품 미확인 | 주택유형 공공임대 | 보증금구간 1억~2억 | 계약상태 계약중(종료예정) | 선순위권리 미상 | 반환보증 미상 | 분쟁유형 기타·일반문의 | 진행단계 내용증명·공시송달 | 상황 Lh전세임대 거주중이고 1월초 계약만료로 퇴거예정입니다. 해지의사는 10월초 문자로 진행했고 집주인도 ok했어요 근데 이제와서 세입자 안구해지면 반환확약서 못써준다고 합니다. 내용증명을 10월에 바로 보냈어야했는데 집주인 믿은 제 잘못이죠 이제라도 내용증명 발송하려고하는데 여기서 또 문제가있습니다. 1.최초 계약한 집주인이 자기아들한테 증여해서 집주인이 바뀜 (등기부등본떼고 알았습니다) 2.최초 계약한 집주인에게 연락하니 이제 같이 안산다고 연락하지말라고함 (이혼한듯) 3.등기부등본상 바뀐 집주인(아들) 주소가 현재 제가 살고있는 집으로 되어있음 이 경우 내용증명을 어디로 보내야하나요 ? | 특이사항 1. 임차인은 lh이니까 갱신거절 등의 의사표시는 lh가 해야한다 / 그런데 lh에서 최조내용증명은 입주자에게 하라고 함,provided_synthetic_consultations
CASE-0225,G03,서울,중랑구,2억~3억,계약중(종료예정),미상,미상,미상,기타·일반문의,소송제기,현재 전세를 살고있는데 이집이 불법건축물이라고 판정이나서 전주인과 현주인이 소송을 진행한다고 들었습니다. 근데 저는 당장 내년2월28일 만기인데 현주인이 자기도 당한거라 전세를 줄수없다고 하는데 제가 어떤한 방법을 할수있을까요ㅠㅠ,1. 임대인이 다시 연락와서는 소송하려면 하라고 함,unknown,보증상품 보증상품 미확인 | 주택유형 미상 | 보증금구간 2억~3억 | 계약상태 계약중(종료예정) | 선순위권리 미상 | 반환보증 미상 | 분쟁유형 기타·일반문의 | 진행단계 소송제기 | 상황 현재 전세를 살고있는데 이집이 불법건축물이라고 판정이나서 전주인과 현주인이 소송을 진행한다고 들었습니다. 근데 저는 당장 내년2월28일 만기인데 현주인이 자기도 당한거라 전세를 줄수없다고 하는데 제가 어떤한 방법을 할수있을까요ㅠㅠ | 특이사항 1. 임대인이 다시 연락와서는 소송하려면 하라고 함,provided_synthetic_consultations
CASE-0226,G03,서울,금천구,1억~2억,계약종료,미상,미상,가입,보증금미반환,소송제기,전세보증금을 돌려받지 못해 전세반환청구 소송을 혼자 진행중에 있습니다. 혼자 하기엔 어려움이 있어 변호사를 써야 하나 우선 상담을 받아보려고 합니다. 전셋집 소재지의 서울 남부 지방법원으로 신청하였고 여러번의 보정명령 끝에 조정을 하기로 하였는데 조정신청을 하고 약 한달정도 시간이 전주지방법원에서 조정통지서가 날라왔습니다. 관할법원이전에 관해서는 아무런 연락을 받지 못했습니다. 피고의 주소지가 전주이기는 하나 제가 사는곳이 부천이고 전셋집은 서울 금천구입니다. 이전신청이 다시 서울남부지방법원으로 가능한지 전주지방법원에 문의 하였으나 관할 이전신청이 가능한걸로 알고 있으니 따로 알아보라는 답변만 받았습니다. 출산한지 오래되지 않아 갓난아기를 키우고 있어 제가사는 부천에서 전주까지가기엔 어려움이 있습니다. 1. 서울 또는 부천으로 이전신청이 가능한지? 2. 관할 이전이 불가능 하다면 변호사를 선임해서 대리출석이 그쪽에서 가능한지,1. 24. 6월 임대차종료,unknown,보증상품 보증상품 미확인 | 주택유형 미상 | 보증금구간 1억~2억 | 계약상태 계약종료 | 선순위권리 미상 | 반환보증 가입 | 분쟁유형 보증금미반환 | 진행단계 소송제기 | 상황 전세보증금을 돌려받지 못해 전세반환청구 소송을 혼자 진행중에 있습니다. 혼자 하기엔 어려움이 있어 변호사를 써야 하나 우선 상담을 받아보려고 합니다. 전셋집 소재지의 서울 남부 지방법원으로 신청하였고 여러번의 보정명령 끝에 조정을 하기로 하였는데 조정신청을 하고 약 한달정도 시간이 전주지방법원에서 조정통지서가 날라왔습니다. 관할법원이전에 관해서는 아무런 연락을 받지 못했습니다. 피고의 주소지가 전주이기는 하나 제가 사는곳이 부천이고 전셋집은 서울 금천구입니다. 이전신청이 다시 서울남부지방법원으로 가능한지 전주지방법원에 문의 하였으나 관할 이전신청이 가능한걸로 알고 있으니 따로 알아보라는 답변만 받았습니다. 출산한지 오래되지 않아 갓난아기를 키우고 있어 제가사는 부천에서 전주까지가기엔 어려움이 있습니다. 1. 서울 또는 부천으로 이전신청이 가능한지? 2. 관할 이전이 불가능 하다면 변호사를 선임해서 대리출석이 그쪽에서 가능한지 | 특이사항 1. 24. 6월 임대차종료,provided_synthetic_consultations
CASE-0227,G03,경기,고양시,2억~3억,계약중(종료예정),아파트,미상,가입,기타·일반문의,상담·검토,"? 저는 현재 위 주소로 전세 거주 중이고 내년 2월 말에 계약이 종료됩니다. 제 집을 마련하고자 근처 아파트 매매 계약을 체결하였고, 위 사실을 집주인에게 문자를 통해 알렸고 답장이 온 상황입니다. 그런데 집주인에게 문자가 오기를 보증금 상환이 어렵다고 하는데요. 이 경우 계약일 만료 후에 쭉 실 거주 하고 새 집으로 이사를 하면 안되는 것일까요? 새로 구입한 집의 등기는 어떻게 진행하면 좋을까요? 임차권 등기와 충돌하지는 않은가요?",1. 임대사업자 + 보증보험가입,unknown,"보증상품 보증상품 미확인 | 주택유형 아파트 | 보증금구간 2억~3억 | 계약상태 계약중(종료예정) | 선순위권리 미상 | 반환보증 가입 | 분쟁유형 기타·일반문의 | 진행단계 상담·검토 | 상황 ? 저는 현재 위 주소로 전세 거주 중이고 내년 2월 말에 계약이 종료됩니다. 제 집을 마련하고자 근처 아파트 매매 계약을 체결하였고, 위 사실을 집주인에게 문자를 통해 알렸고 답장이 온 상황입니다. 그런데 집주인에게 문자가 오기를 보증금 상환이 어렵다고 하는데요. 이 경우 계약일 만료 후에 쭉 실 거주 하고 새 집으로 이사를 하면 안되는 것일까요? 새로 구입한 집의 등기는 어떻게 진행하면 좋을까요? 임차권 등기와 충돌하지는 않은가요? | 특이사항 1. 임대사업자 + 보증보험가입",provided_synthetic_consultations
CASE-0228,G03,경기,하남시,2억~3억,계약중(종료예정),미상,근저당설정,미상,보증금미반환,상담·검토,계약종료 2달 반 남았을때 재 계약 않기로 하고 집을 구했고 집주인은 계속 계약기간이 끝나도 세입자가 들어오기 전까지 보증금 반환 못 하겠다고 하고 있음 보증금반환대출이며 본인 실거주 집담보대출이며 이것저것 방법이 있을텐데 알아보지도 않음,1. 근저당5억 설정상태에서 계약,unknown,보증상품 보증상품 미확인 | 주택유형 미상 | 보증금구간 2억~3억 | 계약상태 계약중(종료예정) | 선순위권리 근저당설정 | 반환보증 미상 | 분쟁유형 보증금미반환 | 진행단계 상담·검토 | 상황 계약종료 2달 반 남았을때 재 계약 않기로 하고 집을 구했고 집주인은 계속 계약기간이 끝나도 세입자가 들어오기 전까지 보증금 반환 못 하겠다고 하고 있음 보증금반환대출이며 본인 실거주 집담보대출이며 이것저것 방법이 있을텐데 알아보지도 않음 | 특이사항 1. 근저당5억 설정상태에서 계약,provided_synthetic_consultations
CASE-0229,G03,서울,강서구,3억 이상,계약종료,미상,미상,가입,기타·일반문의,판결·집행,"전세보증금 소송 후 강제집행 진행하였는데, 공탁을 통한 강제집행정지 후에 공탁금에 대해 저에게 부당이득금 소송을 걸어왔습니다. 어떻게 대응해야 하나요?",1. 소송대응의 건,unknown,"보증상품 보증상품 미확인 | 주택유형 미상 | 보증금구간 3억 이상 | 계약상태 계약종료 | 선순위권리 미상 | 반환보증 가입 | 분쟁유형 기타·일반문의 | 진행단계 판결·집행 | 상황 전세보증금 소송 후 강제집행 진행하였는데, 공탁을 통한 강제집행정지 후에 공탁금에 대해 저에게 부당이득금 소송을 걸어왔습니다. 어떻게 대응해야 하나요? | 특이사항 1. 소송대응의 건",provided_synthetic_consultations
CASE-0230,G03,서울,양천구,2억~3억,계약중(종료예정),미상,미상,가입,기타·일반문의,판결·집행,"저희는 내년 2월 16일 날짜로 전세계약이 완료될 예정인 신혼부부입니다. 집주인에게 6개월 전부터 이사를 가겠다는 말을 해놓고 내용증명도 보내놨었습니다. 그러나 현재 집주인은 집을 팔기위해 내놓았다는 말만 하고 전세금 반환에 대해서 완전히 비협조적인 태도를 보이고 있는 상태입니다. 여러가지 문제로 전세보증보험은 등록되어있지 않은 상태이고 저희는 반환 소송도 할 생각으로 준비하고 있습니다. 현재 저희가 중요시 여기는 것은 1번. 임차권등기명령을 계약완료일에 맞춰서 바로 등기가 되게 준비하고 싶습니다. 2번. 변호사님과 같이 소송을 진행하게 되면 어디까지 진행해주시는지 알고 싶습니다. (강제집행까지 해서 돈을 못받는 경우 그 이후 상황 / 형사소송도 같이 진행여부) 3번. 변호사 선임 비용 전체적인 것 (승소 시 어느 비용들을 임대인에게 부과할 수 있는지, 임대차등기명령대행등 착수금과 다 따로 금액이 드는지등)",1. 4년째 거주중(1번 계약연장),jeonse_return,"보증상품 전세보증금반환보증 | 주택유형 미상 | 보증금구간 2억~3억 | 계약상태 계약중(종료예정) | 선순위권리 미상 | 반환보증 가입 | 분쟁유형 기타·일반문의 | 진행단계 판결·집행 | 상황 저희는 내년 2월 16일 날짜로 전세계약이 완료될 예정인 신혼부부입니다. 집주인에게 6개월 전부터 이사를 가겠다는 말을 해놓고 내용증명도 보내놨었습니다. 그러나 현재 집주인은 집을 팔기위해 내놓았다는 말만 하고 전세금 반환에 대해서 완전히 비협조적인 태도를 보이고 있는 상태입니다. 여러가지 문제로 전세보증보험은 등록되어있지 않은 상태이고 저희는 반환 소송도 할 생각으로 준비하고 있습니다. 현재 저희가 중요시 여기는 것은 1번. 임차권등기명령을 계약완료일에 맞춰서 바로 등기가 되게 준비하고 싶습니다. 2번. 변호사님과 같이 소송을 진행하게 되면 어디까지 진행해주시는지 알고 싶습니다. (강제집행까지 해서 돈을 못받는 경우 그 이후 상황 / 형사소송도 같이 진행여부) 3번. 변호사 선임 비용 전체적인 것 (승소 시 어느 비용들을 임대인에게 부과할 수 있는지, 임대차등기명령대행등 착수금과 다 따로 금액이 드는지등) | 특이사항 1. 4년째 거주중(1번 계약연장)",provided_synthetic_consultations
CASE-0231,G03,전북,전주시,1억 미만,계약중(종료예정),아파트,미상,가입,보증금미반환,상담·검토,"카카오로 전세대출을 받았었고, 새로운 집 매매를 위해 계약도 다 끝내고 전세금 돌려받고, 전세대출 상환 후, 디딤돌대출 잔금만 치루면 되는 상황입니다 (자금보증 보험은들어가 있으나, 반환보증은 가입 X) 매매 아파트 가계약일 : \`24. 10. 20. 매매 아파트 계약일 : \`24. 10. 28. 기금e든든 신청 : \`24. 10. 29. (생애최초) 은행 서류 제출 : \`24. 11. 5. 전세자금 상환예정일 : \`24. 12. 26. 잔금일(대출실행일) / 이사가는 날 : \`24. 12. 27. 기존 전세대출 : 카카오뱅크 / 6,300만원 (전세보증금 : 7,000만원) / 거주 총 4년 - 구두 계약 연장 1회(2년) 디딤돌 신청 : 농협은행 / 1억 6천만원 ----------------------------------------------------- 전세집과 관련해서는 올해 8월부터 이사가겠다고 말은 해놨고, (문자내역 있음) 10월부터는 전세 대출 6,300만원 미리 주면 나머지 2달은 남은 전세 700만원을 보증금으로 해서 월세처럼 살고싶다라고 부탁도 여러번 했으나 잔금일에 주겠다는 약속만 하시고 거절하셨습니다. (이 부분은 제가 문자한 내역만 있고 답변은 문자로 못받고 전화로만 받았습니다.) 그리고 집 계약 전, 후, 거의 한달에 두번씩은 집주인(A)과 통화했으나 그때마다 준다고 하셨고, 집주인의 부동산 직원(B)에게도 전화하라고 하더군요. 그런데 이제 이사 일주일 정도 전 12월 19일 목요일에 다시한번 전화하니 부동산 직원(B)이 갑자기 실질적인 주인(C)씨를 알려주셨습니다. 실주인(C)는 자기는 제가 이사간다는 말을 처음들었다며, 돈이 없어 못준다고 합니다. 그래서 이 상황에 대해 집주인(A)에게 전화하니, 자기는 돈 없다며 못준다며 계속 B와 C에게 전화하라고 하더군요. 그래서 전 집주인(A)에게 매매 계약금도 걸려있고, 가전도 다 계산끝났고, 다른 업체도 이미 다 계약이 끝난 상태라 이사를 가야하니 해결방법을 찾아 다음날 아침 10시까지 전화달라고 했습니다. 전화가 안와서 10시 넘어서 전화하니 차단한 상태더라구요. 카톡은 차단하지 않아서 카톡은 읽지만 답장은 안오는 상태입니다. 다행히 라고는 하긴 그렇지만 실질적인 집주인(C)씨는 해결하고자 하는 의지는 있습니다. 저에게 계약을 2~3개월만 연장해달라고 하더군요 만약 계약금이 날라가면, 계약금과 다른 기타비용도 다 물어주신다고 하셨습니다. (이 내용은 통화 녹음은 안되어서, 통화하는 걸 동영상으로 찍어뒀습니다. 녹음하겠다고도 말함) * A와 C는 친척관계로 명의만 빌려준거라고 합니다. 이 상황에서 제가 A씨에게 할수있는 법적으로 신고할 수 있는 방법과 제대로 돈을 돌려받을수 있는 방법이 뭐가 있을까요? 잘못하면 지금 집 매매 계약금이 날라갈 위기입니다",,unknown,"보증상품 보증상품 미확인 | 주택유형 아파트 | 보증금구간 1억 미만 | 계약상태 계약중(종료예정) | 선순위권리 미상 | 반환보증 가입 | 분쟁유형 보증금미반환 | 진행단계 상담·검토 | 상황 카카오로 전세대출을 받았었고, 새로운 집 매매를 위해 계약도 다 끝내고 전세금 돌려받고, 전세대출 상환 후, 디딤돌대출 잔금만 치루면 되는 상황입니다 (자금보증 보험은들어가 있으나, 반환보증은 가입 X) 매매 아파트 가계약일 : \`24. 10. 20. 매매 아파트 계약일 : \`24. 10. 28. 기금e든든 신청 : \`24. 10. 29. (생애최초) 은행 서류 제출 : \`24. 11. 5. 전세자금 상환예정일 : \`24. 12. 26. 잔금일(대출실행일) / 이사가는 날 : \`24. 12. 27. 기존 전세대출 : 카카오뱅크 / 6,300만원 (전세보증금 : 7,000만원) / 거주 총 4년 - 구두 계약 연장 1회(2년) 디딤돌 신청 : 농협은행 / 1억 6천만원 ----------------------------------------------------- 전세집과 관련해서는 올해 8월부터 이사가겠다고 말은 해놨고, (문자내역 있음) 10월부터는 전세 대출 6,300만원 미리 주면 나머지 2달은 남은 전세 700만원을 보증금으로 해서 월세처럼 살고싶다라고 부탁도 여러번 했으나 잔금일에 주겠다는 약속만 하시고 거절하셨습니다. (이 부분은 제가 문자한 내역만 있고 답변은 문자로 못받고 전화로만 받았습니다.) 그리고 집 계약 전, 후, 거의 한달에 두번씩은 집주인(A)과 통화했으나 그때마다 준다고 하셨고, 집주인의 부동산 직원(B)에게도 전화하라고 하더군요. 그런데 이제 이사 일주일 정도 전 12월 19일 목요일에 다시한번 전화하니 부동산 직원(B)이 갑자기 실질적인 주인(C)씨를 알려주셨습니다. 실주인(C)는 자기는 제가 이사간다는 말을 처음들었다며, 돈이 없어 못준다고 합니다. 그래서 이 상황에 대해 집주인(A)에게 전화하니, 자기는 돈 없다며 못준다며 계속 B와 C에게 전화하라고 하더군요. 그래서 전 집주인(A)에게 매매 계약금도 걸려있고, 가전도 다 계산끝났고, 다른 업체도 이미 다 계약이 끝난 상태라 이사를 가야하니 해결방법을 찾아 다음날 아침 10시까지 전화달라고 했습니다. 전화가 안와서 10시 넘어서 전화하니 차단한 상태더라구요. 카톡은 차단하지 않아서 카톡은 읽지만 답장은 안오는 상태입니다. 다행히 라고는 하긴 그렇지만 실질적인 집주인(C)씨는 해결하고자 하는 의지는 있습니다. 저에게 계약을 2~3개월만 연장해달라고 하더군요 만약 계약금이 날라가면, 계약금과 다른 기타비용도 다 물어주신다고 하셨습니다. (이 내용은 통화 녹음은 안되어서, 통화하는 걸 동영상으로 찍어뒀습니다. 녹음하겠다고도 말함) * A와 C는 친척관계로 명의만 빌려준거라고 합니다. 이 상황에서 제가 A씨에게 할수있는 법적으로 신고할 수 있는 방법과 제대로 돈을 돌려받을수 있는 방법이 뭐가 있을까요? 잘못하면 지금 집 매매 계약금이 날라갈 위기입니다",provided_synthetic_consultations
CASE-0232,G03,경기,양주시,2억~3억,계약종료,미상,미상,가입,보증금미반환,HUG이행청구,전세만기 2023년5월27일이였으나 계속 돌려받지못하여 보증금 2억2천을 허그통해 반환받고 12월18일에 이사했습니다 보증금반환 지연으로 월 대출이자금 대략 65만원씩 * 7개월에 대한 금액을 손해배상청구하고 싶습니다. 그동안 집주인과의 소통은 원활하여 제가 월 65만원 납부하고 있는 내용도 집주인이 알고 있으며 녹취된 음성파일도 있습니다. 진행이 가능할까요?,,unknown,보증상품 보증상품 미확인 | 주택유형 미상 | 보증금구간 2억~3억 | 계약상태 계약종료 | 선순위권리 미상 | 반환보증 가입 | 분쟁유형 보증금미반환 | 진행단계 HUG이행청구 | 상황 전세만기 2023년5월27일이였으나 계속 돌려받지못하여 보증금 2억2천을 허그통해 반환받고 12월18일에 이사했습니다 보증금반환 지연으로 월 대출이자금 대략 65만원씩 * 7개월에 대한 금액을 손해배상청구하고 싶습니다. 그동안 집주인과의 소통은 원활하여 제가 월 65만원 납부하고 있는 내용도 집주인이 알고 있으며 녹취된 음성파일도 있습니다. 진행이 가능할까요?,provided_synthetic_consultations
CASE-0233,G03,미상,미상,1억 미만,계약중(종료예정),미상,선순위존재,미가입,기타·일반문의,내용증명·공시송달,계약해지 통보했으나 전화한번후 연락두절 내용증명 보내고 반송 와서 공시송달 보내고 기다리다 이사시 확정일자 받고 보험 미가입 등기등본 떼어보니 부산보증보험에 5억 가압 있음,1. 23년에 대항력과 확정일자 갖춤 / 대항력있는 선순위임차인,unknown,보증상품 보증상품 미확인 | 주택유형 미상 | 보증금구간 1억 미만 | 계약상태 계약중(종료예정) | 선순위권리 선순위존재 | 반환보증 미가입 | 분쟁유형 기타·일반문의 | 진행단계 내용증명·공시송달 | 상황 계약해지 통보했으나 전화한번후 연락두절 내용증명 보내고 반송 와서 공시송달 보내고 기다리다 이사시 확정일자 받고 보험 미가입 등기등본 떼어보니 부산보증보험에 5억 가압 있음 | 특이사항 1. 23년에 대항력과 확정일자 갖춤 / 대항력있는 선순위임차인,provided_synthetic_consultations
CASE-0234,G03,경기,고양시,1억~2억,계약종료,미상,미상,가입,기타·일반문의,임차권등기,계약만기로 임대인에게 연락했는데 연락을 안받아서 계약서상 주소로 내용증명 발송 임대인 부재로 안받음 초본 주소로 두번째 내용증명 발송 기타분이 수령 그래도 연락불가 11월20일 계약만기로 임차권등기명령진행 보증보험은 12월19일 만기 20일이후 진행예정 은행대출 이자가 발생하는데 이자를 받을수 있는지 알고싶습니다,,unknown,보증상품 보증상품 미확인 | 주택유형 미상 | 보증금구간 1억~2억 | 계약상태 계약종료 | 선순위권리 미상 | 반환보증 가입 | 분쟁유형 기타·일반문의 | 진행단계 임차권등기 | 상황 계약만기로 임대인에게 연락했는데 연락을 안받아서 계약서상 주소로 내용증명 발송 임대인 부재로 안받음 초본 주소로 두번째 내용증명 발송 기타분이 수령 그래도 연락불가 11월20일 계약만기로 임차권등기명령진행 보증보험은 12월19일 만기 20일이후 진행예정 은행대출 이자가 발생하는데 이자를 받을수 있는지 알고싶습니다,provided_synthetic_consultations
CASE-0235,G03,서울,구로구,1억~2억,계약중(종료예정),미상,미상,가입,기타·일반문의,HUG이행청구,"저는 청년전세버팀목대출을 이용중인데 만기 2달전 임대인과 역전세로 인해 전세금을 감액조정하고 차액을 돌려주기로 합의하였습니다. (보증보험 가입O) 그런데 한달 후에 (만기 25년 1월 5일) 갑자기 연락이 오셔 감액한 차액을 돌려주지 못할것같다고 보증보험 이행청구를 해서 돈을 받고 이사를 가라고 하시더라고요, 2년을 더 연장하기로 해서 당장의 집 계약금과 중개수수료, 이사비가 너무 막막해서 어떻게 해야할지 조언을 얻고싶고 이렇게 연장 합의를 했는데 임대인의 과실로 연장 계약이 파기된 경우 어떤 보상을 받을 수 있을지 궁금해,ㅠㅠ",1. 임대인이 이행청구 받기위한 필요서류는 다 주겠다고 함,unknown,"보증상품 보증상품 미확인 | 주택유형 미상 | 보증금구간 1억~2억 | 계약상태 계약중(종료예정) | 선순위권리 미상 | 반환보증 가입 | 분쟁유형 기타·일반문의 | 진행단계 HUG이행청구 | 상황 저는 청년전세버팀목대출을 이용중인데 만기 2달전 임대인과 역전세로 인해 전세금을 감액조정하고 차액을 돌려주기로 합의하였습니다. (보증보험 가입O) 그런데 한달 후에 (만기 25년 1월 5일) 갑자기 연락이 오셔 감액한 차액을 돌려주지 못할것같다고 보증보험 이행청구를 해서 돈을 받고 이사를 가라고 하시더라고요, 2년을 더 연장하기로 해서 당장의 집 계약금과 중개수수료, 이사비가 너무 막막해서 어떻게 해야할지 조언을 얻고싶고 이렇게 연장 합의를 했는데 임대인의 과실로 연장 계약이 파기된 경우 어떤 보상을 받을 수 있을지 궁금해,ㅠㅠ | 특이사항 1. 임대인이 이행청구 받기위한 필요서류는 다 주겠다고 함",provided_synthetic_consultations
CASE-0236,G03,서울,금천구,1억 미만,계약종료,다가구주택,근저당설정,미상,경매·공매,판결·집행,"2024.05.27일 임차권등기 설정 완료하였으며 대한법률구조공단에서 지원받아 2024.12.03 보증금반환소송에서 승소하였습니다. 임대인과 공동명의인이 얽힌 계약이고, 공동명의인의 사망으로 은행채무(근저당) 강제경매 진행중입니다. 이 이후 진행할 수 있는 절차 지원",1. 단독다가구,unknown,"보증상품 보증상품 미확인 | 주택유형 다가구주택 | 보증금구간 1억 미만 | 계약상태 계약종료 | 선순위권리 근저당설정 | 반환보증 미상 | 분쟁유형 경매·공매 | 진행단계 판결·집행 | 상황 2024.05.27일 임차권등기 설정 완료하였으며 대한법률구조공단에서 지원받아 2024.12.03 보증금반환소송에서 승소하였습니다. 임대인과 공동명의인이 얽힌 계약이고, 공동명의인의 사망으로 은행채무(근저당) 강제경매 진행중입니다. 이 이후 진행할 수 있는 절차 지원 | 특이사항 1. 단독다가구",provided_synthetic_consultations
CASE-0237,G03,경기,의왕시,미상,계약종료,미상,선순위존재,미상,보증금미반환,소송제기,7월2일 만기였는데 보증금 돌려받지못해서 임차권설정하고 12월 13일에 이사하고 전입신고는 16일에 하였습니다 임대인이 2월7일에 전세금반환하겠다고 합니다 임대인이 괘씸해서 이자까지 꼭 받고싶습니다 지급명령신청하겠다고 하니 신청하지말고 이자까지 주겠다고하는데 2월7일에 보증금만 돌려주고 이자는 모르쇠하면 어떻게해야할까요? 또한 지급명령샂신청했는데 임대인이 이의신청하고 시간끌다가 전세금만 입금해도 저는 이자는 못받을까요?,1. 시세6억 / 선순위대항력있는 임차인,unknown,보증상품 보증상품 미확인 | 주택유형 미상 | 보증금구간 미상 | 계약상태 계약종료 | 선순위권리 선순위존재 | 반환보증 미상 | 분쟁유형 보증금미반환 | 진행단계 소송제기 | 상황 7월2일 만기였는데 보증금 돌려받지못해서 임차권설정하고 12월 13일에 이사하고 전입신고는 16일에 하였습니다 임대인이 2월7일에 전세금반환하겠다고 합니다 임대인이 괘씸해서 이자까지 꼭 받고싶습니다 지급명령신청하겠다고 하니 신청하지말고 이자까지 주겠다고하는데 2월7일에 보증금만 돌려주고 이자는 모르쇠하면 어떻게해야할까요? 또한 지급명령샂신청했는데 임대인이 이의신청하고 시간끌다가 전세금만 입금해도 저는 이자는 못받을까요? | 특이사항 1. 시세6억 / 선순위대항력있는 임차인,provided_synthetic_consultations
CASE-0238,G03,경기,부천시,1억 미만,계약중(종료예정),미상,미상,미상,묵시적갱신분쟁,상담·검토,"21년 8월 계약하여 만기 두달 전 퇴거 통보하였으나, 세입자가 오기전에는 보증금 줄 수없다하여 묵시적갱신으로 은행대출 연장 진행하였습니다 (2년) 내년 8월 또 만기 일인데 이때도 보증금은 돌려받을 수 없을 것 같아 소유권이전을 생각하고 있는데 다른 방안이 있을지 소유권이전 진행 시 전세대출은 어떻게 되는건지 문의드리고 싶습니다.",1. 삶의 의지가 없는 처자,unknown,"보증상품 보증상품 미확인 | 주택유형 미상 | 보증금구간 1억 미만 | 계약상태 계약중(종료예정) | 선순위권리 미상 | 반환보증 미상 | 분쟁유형 묵시적갱신분쟁 | 진행단계 상담·검토 | 상황 21년 8월 계약하여 만기 두달 전 퇴거 통보하였으나, 세입자가 오기전에는 보증금 줄 수없다하여 묵시적갱신으로 은행대출 연장 진행하였습니다 (2년) 내년 8월 또 만기 일인데 이때도 보증금은 돌려받을 수 없을 것 같아 소유권이전을 생각하고 있는데 다른 방안이 있을지 소유권이전 진행 시 전세대출은 어떻게 되는건지 문의드리고 싶습니다. | 특이사항 1. 삶의 의지가 없는 처자",provided_synthetic_consultations
CASE-0239,G03,대구,대구북구,3억 이상,계약중(종료예정),미상,미상,미상,보증금미반환,상담·검토,1억2000천만원 보증금 전액 반환 어려움 8000만원으로 전세를 낮춰서 받고 나머지 4000만원 공증 후 주겠다고 합니다 법적으로 문제 될 일 있을까요?,,unknown,보증상품 보증상품 미확인 | 주택유형 미상 | 보증금구간 3억 이상 | 계약상태 계약중(종료예정) | 선순위권리 미상 | 반환보증 미상 | 분쟁유형 보증금미반환 | 진행단계 상담·검토 | 상황 1억2000천만원 보증금 전액 반환 어려움 8000만원으로 전세를 낮춰서 받고 나머지 4000만원 공증 후 주겠다고 합니다 법적으로 문제 될 일 있을까요?,provided_synthetic_consultations
CASE-0240,G03,전북,익산시,3억 이상,계약종료,미상,미상,미상,경매·공매,판결·집행,보증금 3억2천만원 23년12월2일 계약종료뒤에도 보증금을 받지못하여 소송진행하였고 계속된 회피로인해 이제야 판결받았음 그런데 아직 이렇다 할 대책없이 보증금을 몾못 받고 있음. 경매를 진행해야할듯한데 현재 진행하였던 변호사사무소는 다시 수임료부터 결재를 하라고하셔서 여기서 변호사님하고 통화할때는. 경매신청까지 해주실꺼라하셨는데,,unknown,보증상품 보증상품 미확인 | 주택유형 미상 | 보증금구간 3억 이상 | 계약상태 계약종료 | 선순위권리 미상 | 반환보증 미상 | 분쟁유형 경매·공매 | 진행단계 판결·집행 | 상황 보증금 3억2천만원 23년12월2일 계약종료뒤에도 보증금을 받지못하여 소송진행하였고 계속된 회피로인해 이제야 판결받았음 그런데 아직 이렇다 할 대책없이 보증금을 몾못 받고 있음. 경매를 진행해야할듯한데 현재 진행하였던 변호사사무소는 다시 수임료부터 결재를 하라고하셔서 여기서 변호사님하고 통화할때는. 경매신청까지 해주실꺼라하셨는데,provided_synthetic_consultations
CASE-0241,G03,서울,중랑구,1억~2억,계약중(종료예정),미상,미상,가입,묵시적갱신분쟁,임차권등기,"계약기간은 24.12.23 까지였고 묵시적연장으로 진행되고 있었습니다. 23일에 은행에서 전세보증금 1천만원을 낮춰야지만 대출 연장이 가능하다고 연락이 왔습니다. 집주인은 돈이 없다고 하는 상태이구요 허그에 보증보험이 가입되어있어서 문의하니 전세계약 종료 확인서 양식에 맞춰 작성한 후 법원에 임차권등기를 신청하면 몇개월의 대출 연장과 이후 사고 접수 후 대신변제가 가능하지만 허그 보증보험 만료도 1월 20일까지여서 최대한 빨리 진행하라는 답변을 받았습니다. 집주인에게 보증금 천만원 낮추고 월세를 좀 내는 방안과 전세계약 종료 확인서 작성의 두가지 방안이 있다고 전화를 하고 문자로도 보냈는데 그 이후로 전화도 안받고 연락이 되지 않습니다. 이대로 가면 전세대출금 연체로 제 신용도만 떨어진다고 하는데 임대인이 끝까지 협조하지 않을 경우 어떻게 해야 하나요? 지금 내용증명을 발생해도 임차권등기설정을 3개월 후에나 할 수 있는데, 그때는 보증보험도 만료된 상태입니다.",1. 6년째 거주중,unknown,"보증상품 보증상품 미확인 | 주택유형 미상 | 보증금구간 1억~2억 | 계약상태 계약중(종료예정) | 선순위권리 미상 | 반환보증 가입 | 분쟁유형 묵시적갱신분쟁 | 진행단계 임차권등기 | 상황 계약기간은 24.12.23 까지였고 묵시적연장으로 진행되고 있었습니다. 23일에 은행에서 전세보증금 1천만원을 낮춰야지만 대출 연장이 가능하다고 연락이 왔습니다. 집주인은 돈이 없다고 하는 상태이구요 허그에 보증보험이 가입되어있어서 문의하니 전세계약 종료 확인서 양식에 맞춰 작성한 후 법원에 임차권등기를 신청하면 몇개월의 대출 연장과 이후 사고 접수 후 대신변제가 가능하지만 허그 보증보험 만료도 1월 20일까지여서 최대한 빨리 진행하라는 답변을 받았습니다. 집주인에게 보증금 천만원 낮추고 월세를 좀 내는 방안과 전세계약 종료 확인서 작성의 두가지 방안이 있다고 전화를 하고 문자로도 보냈는데 그 이후로 전화도 안받고 연락이 되지 않습니다. 이대로 가면 전세대출금 연체로 제 신용도만 떨어진다고 하는데 임대인이 끝까지 협조하지 않을 경우 어떻게 해야 하나요? 지금 내용증명을 발생해도 임차권등기설정을 3개월 후에나 할 수 있는데, 그때는 보증보험도 만료된 상태입니다. | 특이사항 1. 6년째 거주중",provided_synthetic_consultations
CASE-0242,G03,인천,미추홀구,1억 미만,계약중(종료예정),다가구주택,선순위존재,미상,묵시적갱신분쟁,임차권등기,"본계약 2023년 7월 까지 계약이었으나 계약갱신으로 살고있는상태. 24년 6월 건물이 불법건물로 신고되었고, 임차인은 이를 알게되어 임대인에게 계약해지를 요청하였으나 임대인은 전세금이 돌려줄 수 없는 상황이라고 고지함. 임차인은 묵시적갱신으로 갱신되었다고 생각되어 내용증명을 보내고, 묵시적갱신에 따른 계약기간 도래 후 임차권등기설정까지 된 상태임. 주택보증공사보험을 통해 전세금을 돌려받고 이사를 갈 계획이었으나 보증공사에서 집주인이 묵시적갱신이 아닌 협의갱신을 주장함을 알려옴. 보증공사측에서는 현재 갱신상태가 묵시적인지, 협의 갱신인지 애매한 상황이라고 함. 임차인이 밀어붙힐 시 보증공사에서 신고접수 및 보증금 반환은 가능하긴 하나 추후 임대인이 이에대해 재판을 진행하고 이에 보증공사가 패소할 시 그 부담금을 임차인이 부담해야 함을 알려왔음. 임대인은 돈만 해결되면 반환해줄 의향이 있긴 하고, 집 계약해지시점에 대해 논란이 있는 상황으로 임차인은 우선 등기설정은 해제하지 않은 상황에서 고민중임. 이 와중 임대인은 집에관련된 다른 문제해결(다른 설정된 임차권등기관련) 및 본 임차인 문제 해결을 위해 집담보로 은행대출을 하려 하나 임차권등기설정 이 해제되어야 대출이 가능하다고 하며 등기설정해제를 요구하고 있음. 임차인은 보증금을 돌려받지 못할 시 기존계약기간인 25년 7월까지 거주 후 다시 보증공사를 통해 전세금을 돌려받을 생각으로 현재 등록되어있는 등기설정을 해제하긴 해야함. 하지만 다른 임차권등기설정으로 인해 집주인은 재판까지 간 것 같은데 현 상황에서 등기설정을 해제하는것이 맞는지 등에 관련되어 상담을 요청함.",1. 단독다가구 / 선순위권리 없는 상태에서 입주,unknown,"보증상품 보증상품 미확인 | 주택유형 다가구주택 | 보증금구간 1억 미만 | 계약상태 계약중(종료예정) | 선순위권리 선순위존재 | 반환보증 미상 | 분쟁유형 묵시적갱신분쟁 | 진행단계 임차권등기 | 상황 본계약 2023년 7월 까지 계약이었으나 계약갱신으로 살고있는상태. 24년 6월 건물이 불법건물로 신고되었고, 임차인은 이를 알게되어 임대인에게 계약해지를 요청하였으나 임대인은 전세금이 돌려줄 수 없는 상황이라고 고지함. 임차인은 묵시적갱신으로 갱신되었다고 생각되어 내용증명을 보내고, 묵시적갱신에 따른 계약기간 도래 후 임차권등기설정까지 된 상태임. 주택보증공사보험을 통해 전세금을 돌려받고 이사를 갈 계획이었으나 보증공사에서 집주인이 묵시적갱신이 아닌 협의갱신을 주장함을 알려옴. 보증공사측에서는 현재 갱신상태가 묵시적인지, 협의 갱신인지 애매한 상황이라고 함. 임차인이 밀어붙힐 시 보증공사에서 신고접수 및 보증금 반환은 가능하긴 하나 추후 임대인이 이에대해 재판을 진행하고 이에 보증공사가 패소할 시 그 부담금을 임차인이 부담해야 함을 알려왔음. 임대인은 돈만 해결되면 반환해줄 의향이 있긴 하고, 집 계약해지시점에 대해 논란이 있는 상황으로 임차인은 우선 등기설정은 해제하지 않은 상황에서 고민중임. 이 와중 임대인은 집에관련된 다른 문제해결(다른 설정된 임차권등기관련) 및 본 임차인 문제 해결을 위해 집담보로 은행대출을 하려 하나 임차권등기설정 이 해제되어야 대출이 가능하다고 하며 등기설정해제를 요구하고 있음. 임차인은 보증금을 돌려받지 못할 시 기존계약기간인 25년 7월까지 거주 후 다시 보증공사를 통해 전세금을 돌려받을 생각으로 현재 등록되어있는 등기설정을 해제하긴 해야함. 하지만 다른 임차권등기설정으로 인해 집주인은 재판까지 간 것 같은데 현 상황에서 등기설정을 해제하는것이 맞는지 등에 관련되어 상담을 요청함. | 특이사항 1. 단독다가구 / 선순위권리 없는 상태에서 입주",provided_synthetic_consultations
CASE-0243,G03,경기,남양주시,1억~2억,계약중(종료예정),미상,미상,가입,경매·공매,상담·검토,"집주인 사망 후 집주인의 자산(현 거주지)에 대한 환가가 진행되고 있습니다. 보증보험이 가입되어 있고, 제1상속권자(한전승인 신청인, 집주인 자녀)가 연락을 피해서, 파산관재인에게 중도해지를 요청했지한 거절하였습니다. 경매가 낙찰되지 않아 환가포기를 하고, 제1상속권자가 상속을 포기한다면 제가 계약을 종료하기 위해서 할 수 있는 일이 무엇이 있나요? 》 저는 대출문제로 현 계약 종료 전에 계약을 종료하고, 보증사고로 보증보험으로부터 보험금을 청구하고 싶습니다.(현재는 집주인 사망으로 종료불가 상태)",,unknown,"보증상품 보증상품 미확인 | 주택유형 미상 | 보증금구간 1억~2억 | 계약상태 계약중(종료예정) | 선순위권리 미상 | 반환보증 가입 | 분쟁유형 경매·공매 | 진행단계 상담·검토 | 상황 집주인 사망 후 집주인의 자산(현 거주지)에 대한 환가가 진행되고 있습니다. 보증보험이 가입되어 있고, 제1상속권자(한전승인 신청인, 집주인 자녀)가 연락을 피해서, 파산관재인에게 중도해지를 요청했지한 거절하였습니다. 경매가 낙찰되지 않아 환가포기를 하고, 제1상속권자가 상속을 포기한다면 제가 계약을 종료하기 위해서 할 수 있는 일이 무엇이 있나요? 》 저는 대출문제로 현 계약 종료 전에 계약을 종료하고, 보증사고로 보증보험으로부터 보험금을 청구하고 싶습니다.(현재는 집주인 사망으로 종료불가 상태)",provided_synthetic_consultations
CASE-0244,G03,경기,안산시,1억~2억,계약중(종료예정),미상,미상,가입,보증금미반환,HUG이행청구,버팀목청년전세대출(80%대출)이며 허그보증보험이 가입되어있습니다. 현재 1년 정도 거주했고 전세 계약 체결 후 약 2달 정도 거주 중에 임대인이 개인회생 절차를 신청했다는 통지서가 날아왔었습니다. 그래서 임대인에게 연락했고 본인이 개인회생 절차를 밟는 것이 맞고 저에겐 피해가 없을 것 이다 이야기 했었고 문의하여 당시 제가 해야될 일을 물어보았습니다. 대한법률구조공단에서는 당시에 채권자 목록에 임대차보증금반환채권이 포함되어있는지 확인하라 하였고 채권자목록에 1순위에 제 이름을 확인하였습니다. 그러다 12/26에 수원회생법원에서 등기가 날아왔으나 수령하지 못해 내용물은 확인하지 못하였고 온라인으로 수원회생법원에서 12/18에 임대인 개인회생절차개시 된 내용을 알리는 통지서라는 것을 알게되었습니다. 현재 상황에서 무엇을 해야 할까요?? 또한 임대인 개인회생사실을 허그에 알려야 할 의무가 있는것인가요? 만약 임대인이 전세금 반환해줄 능력이 없을 경우 허그보증 보험을 통해 전세금 100% 돌려 받을 수 있을까 요??,,unknown,보증상품 보증상품 미확인 | 주택유형 미상 | 보증금구간 1억~2억 | 계약상태 계약중(종료예정) | 선순위권리 미상 | 반환보증 가입 | 분쟁유형 보증금미반환 | 진행단계 HUG이행청구 | 상황 버팀목청년전세대출(80%대출)이며 허그보증보험이 가입되어있습니다. 현재 1년 정도 거주했고 전세 계약 체결 후 약 2달 정도 거주 중에 임대인이 개인회생 절차를 신청했다는 통지서가 날아왔었습니다. 그래서 임대인에게 연락했고 본인이 개인회생 절차를 밟는 것이 맞고 저에겐 피해가 없을 것 이다 이야기 했었고 문의하여 당시 제가 해야될 일을 물어보았습니다. 대한법률구조공단에서는 당시에 채권자 목록에 임대차보증금반환채권이 포함되어있는지 확인하라 하였고 채권자목록에 1순위에 제 이름을 확인하였습니다. 그러다 12/26에 수원회생법원에서 등기가 날아왔으나 수령하지 못해 내용물은 확인하지 못하였고 온라인으로 수원회생법원에서 12/18에 임대인 개인회생절차개시 된 내용을 알리는 통지서라는 것을 알게되었습니다. 현재 상황에서 무엇을 해야 할까요?? 또한 임대인 개인회생사실을 허그에 알려야 할 의무가 있는것인가요? 만약 임대인이 전세금 반환해줄 능력이 없을 경우 허그보증 보험을 통해 전세금 100% 돌려 받을 수 있을까 요??,provided_synthetic_consultations
CASE-0245,G03,인천,부평구,2억~3억,계약종료,미상,미상,가입,기타·일반문의,HUG이행청구,2020년 06월09일 최초계약 후 2022년 06월09일에 계약연장을 진행했습니다 계약만료는 2024년 06월09일이나 계약종료 한달 전 쯤 퇴거의사를 밝혔고 임대인이 돈을 못준다 하여 이행청구 신청하라는 답변과 함께 임차권 등기 신청 후 이행청구 신청하였으나 계약종료 2개월전 해지통보가 없다는 이유로 접수거절 당했습니다 현재 상황에서 은행에서도 대출 재연장은 불가능 하다고 하는데 이럴경우 전세계약종료확인서를 허그에 제출하면 이행청구가 가능할까요? 임대인과 연락은 되는 상태입니다,,unknown,보증상품 보증상품 미확인 | 주택유형 미상 | 보증금구간 2억~3억 | 계약상태 계약종료 | 선순위권리 미상 | 반환보증 가입 | 분쟁유형 기타·일반문의 | 진행단계 HUG이행청구 | 상황 2020년 06월09일 최초계약 후 2022년 06월09일에 계약연장을 진행했습니다 계약만료는 2024년 06월09일이나 계약종료 한달 전 쯤 퇴거의사를 밝혔고 임대인이 돈을 못준다 하여 이행청구 신청하라는 답변과 함께 임차권 등기 신청 후 이행청구 신청하였으나 계약종료 2개월전 해지통보가 없다는 이유로 접수거절 당했습니다 현재 상황에서 은행에서도 대출 재연장은 불가능 하다고 하는데 이럴경우 전세계약종료확인서를 허그에 제출하면 이행청구가 가능할까요? 임대인과 연락은 되는 상태입니다,provided_synthetic_consultations
CASE-0246,G03,경기,평택시,미상,계약중(종료예정),아파트,압류·가압류,가입,보증금미반환,판결·집행,미등기 전세계약하였고 확정일자.전입신고 완료했습니다. 임대인이 미등기상태를 수개월 미룬상태여서 알아보니 가압류가 걸려있는걸 확인했습니다. 가압류(소유권이전등기청구권) 가압류결정일자는 임차인이 대항력발생일자보다 뒤인것으로 확인하였습니다. 임차인은 현재 전세보증금반환소송중이며 공시공달 까지 진행중입니다 승소후 진행방법을,1. 지급명령 이후 소송으로 전환되어 셀프소송 중 / 임대인연락안됨,unknown,보증상품 보증상품 미확인 | 주택유형 아파트 | 보증금구간 미상 | 계약상태 계약중(종료예정) | 선순위권리 압류·가압류 | 반환보증 가입 | 분쟁유형 보증금미반환 | 진행단계 판결·집행 | 상황 미등기 전세계약하였고 확정일자.전입신고 완료했습니다. 임대인이 미등기상태를 수개월 미룬상태여서 알아보니 가압류가 걸려있는걸 확인했습니다. 가압류(소유권이전등기청구권) 가압류결정일자는 임차인이 대항력발생일자보다 뒤인것으로 확인하였습니다. 임차인은 현재 전세보증금반환소송중이며 공시공달 까지 진행중입니다 승소후 진행방법을 | 특이사항 1. 지급명령 이후 소송으로 전환되어 셀프소송 중 / 임대인연락안됨,provided_synthetic_consultations
CASE-0247,G03,경기,화성시,1억~2억,계약종료,미상,미상,미상,전세사기,판결·집행,전세사기 피해자 결정문이 불인정으로 판결이 나서 이의신청에 어려움이 있어,,unknown,보증상품 보증상품 미확인 | 주택유형 미상 | 보증금구간 1억~2억 | 계약상태 계약종료 | 선순위권리 미상 | 반환보증 미상 | 분쟁유형 전세사기 | 진행단계 판결·집행 | 상황 전세사기 피해자 결정문이 불인정으로 판결이 나서 이의신청에 어려움이 있어,provided_synthetic_consultations
CASE-0248,G03,충북,청주시,1억 미만,계약종료,오피스텔,압류·가압류,미상,경매·공매,소송제기,"2024년 2월 13일 계약, 확정일자를 취득하고 7월에 청주세무서에서 압류가 걸려있는걸 확인. 그리고 7월 말에 각종 공과금 미납으로 인하여 단전 및 단수 예고장이 날라옴. 관리가 되지 않아 그 내용을 바탕으로 즉시계약해지 내용증명을 보냈으며 받았다고 문자가 왔음. 그리고 임차권등기를 설정하여 24년 11월 5일 결정정본이 왔으며 등기부 등본에 기재됨. 부동산업체에서는 중개대상물 확인 및 설명서에서 민간임대등록여부에 해당사항없음이라고 표시를 했으며 설명의무 위반으로 인하여 구청에서 과태료 500만원 청구가 되었음. 이후 전세반환금소송을 걸어서 빠르게 경매처리를 하고 남은 금액에 대해서는 공제증서를 활용하여 받아 보려고 함",1. 오피스텔,unknown,"보증상품 보증상품 미확인 | 주택유형 오피스텔 | 보증금구간 1억 미만 | 계약상태 계약종료 | 선순위권리 압류·가압류 | 반환보증 미상 | 분쟁유형 경매·공매 | 진행단계 소송제기 | 상황 2024년 2월 13일 계약, 확정일자를 취득하고 7월에 청주세무서에서 압류가 걸려있는걸 확인. 그리고 7월 말에 각종 공과금 미납으로 인하여 단전 및 단수 예고장이 날라옴. 관리가 되지 않아 그 내용을 바탕으로 즉시계약해지 내용증명을 보냈으며 받았다고 문자가 왔음. 그리고 임차권등기를 설정하여 24년 11월 5일 결정정본이 왔으며 등기부 등본에 기재됨. 부동산업체에서는 중개대상물 확인 및 설명서에서 민간임대등록여부에 해당사항없음이라고 표시를 했으며 설명의무 위반으로 인하여 구청에서 과태료 500만원 청구가 되었음. 이후 전세반환금소송을 걸어서 빠르게 경매처리를 하고 남은 금액에 대해서는 공제증서를 활용하여 받아 보려고 함 | 특이사항 1. 오피스텔",provided_synthetic_consultations
CASE-0249,G03,서울,강동구,1억 미만,계약중(종료예정),미상,미상,미상,기타·일반문의,상담·검토,전세금 감액 재계약 후 차액분을 못받고있습니다 위 부분에 대해 법률 상담 받고싶습니다,,unknown,보증상품 보증상품 미확인 | 주택유형 미상 | 보증금구간 1억 미만 | 계약상태 계약중(종료예정) | 선순위권리 미상 | 반환보증 미상 | 분쟁유형 기타·일반문의 | 진행단계 상담·검토 | 상황 전세금 감액 재계약 후 차액분을 못받고있습니다 위 부분에 대해 법률 상담 받고싶습니다,provided_synthetic_consultations
CASE-0250,G03,미상,미상,1억~2억,계약종료,미상,미상,미상,경매·공매,상담·검토,1층 2층분리형 주택 2개 동시에 2억에 들어갔습니다. 기존에는 1.7억에 거래되었으나. 2억에 원해서 들어갔습니다. 2년 계약후 24년 2월 계약해지 (23년9월부터 해지의사밝힘) 결국 집이 안나가고있습니다. 집주인은 책임소재하에 이자 5.5% 준다고하였습니다. 그러다 안나가는 이유를 알았는데 1층 1.5억 2층 9천만에 전세를 내논거라 비싸서 안나가고있는 상황입니다. 그러다가 8월에 2층이 따로 전세로 계약되어 나가 도중 8100만원이 입금된상태입니다. 그리고 현재는 11월부터 이자도 입금안되고있습니다. 전세금을 저렇게 못갚는중에 올려서 받으려고하면 따로 손해배상이 가능한지요. 거기에 사업자금이 다묶여서 담보대출까지 받은상황입니다. 집관리는 본인이 6월부터 하기로했으나. 제대로 안하고있는 상황이구요 집관리도 제가해야하는걸까요,1. 임대인은 경매로 취득,unknown,보증상품 보증상품 미확인 | 주택유형 미상 | 보증금구간 1억~2억 | 계약상태 계약종료 | 선순위권리 미상 | 반환보증 미상 | 분쟁유형 경매·공매 | 진행단계 상담·검토 | 상황 1층 2층분리형 주택 2개 동시에 2억에 들어갔습니다. 기존에는 1.7억에 거래되었으나. 2억에 원해서 들어갔습니다. 2년 계약후 24년 2월 계약해지 (23년9월부터 해지의사밝힘) 결국 집이 안나가고있습니다. 집주인은 책임소재하에 이자 5.5% 준다고하였습니다. 그러다 안나가는 이유를 알았는데 1층 1.5억 2층 9천만에 전세를 내논거라 비싸서 안나가고있는 상황입니다. 그러다가 8월에 2층이 따로 전세로 계약되어 나가 도중 8100만원이 입금된상태입니다. 그리고 현재는 11월부터 이자도 입금안되고있습니다. 전세금을 저렇게 못갚는중에 올려서 받으려고하면 따로 손해배상이 가능한지요. 거기에 사업자금이 다묶여서 담보대출까지 받은상황입니다. 집관리는 본인이 6월부터 하기로했으나. 제대로 안하고있는 상황이구요 집관리도 제가해야하는걸까요 | 특이사항 1. 임대인은 경매로 취득,provided_synthetic_consultations
CASE-0251,G03,광주,미상,3억 이상,계약종료,아파트,선순위존재,가입,경매·공매,임차권등기,"40대 부부로 현재 사는 아파트 남편명의 전세대출을 받음! 계약은 23년 12월 29일로 종료! 전세대출은 2금융권(신한카드)에서 고금리로 받은 질권설정의 대출이라 전세보증보험과도 해당사항 없음 계약종료전 임대인의 채무관계로 인해 강제경매가 진행되었으나 기각됨 (선순위 임차인, 깡통전세로 경매진행되었어도 실익이 없음으로 판단됨) 집주인 전세계약 만기전 연락두절 공시송달 후, 만기 이후도 연락이 되지않아 임차권등기명령 해둔상태임 문제발생, 남편과 집 문제로 부부가 다투었고 남편이 집을 가출, 현재 연락두절! 개인회생을 지난 7~8월쯤 신청한것으로 알고있고 그 이후로 진행 내용은 전혀알지 못함 질권설정된 전세대출은 개인회생을 신청하더라도 별제권에 해당되어 전세이자는 계속 납부해야된다고 알고있지만 개인회생 신청과 동시에 연체상태임 질문1. 전세대출받은 2금융권에서는 어떤 조치를 하고있는지 전혀 알지 못하는상태인데 그쪽에서 조치할수 있는 예상되는 방법은? (질권설정된 전세대출에 대해 서울보증보험등의 보험이 따로 설정되어있지않고 금융사 자체적으로 질권설정이 되어있다고함) 질문2. 남편의 개인회생 중에 연체상태의 이자 및 보증금은 어떻게 되는지(전세대출 받은 외의 순수 보증금인 자산은?) 질문3. 전재산과도 같았던 보증금이 묶인상태이니 집을 새로 얻을수도, 어떤 결정도 할수 없는 저와 아이 둘이서 현재 집에서 거주하고있음 갑자기 집을 비우라고 할 상황이 발생될수 있을까요?? 남편은 철저히 숨어버려 연락이 안되고, (직장지도 최근옮김) 개인회생 진행상황도 알수없어 답답한 마음에 자문구합니다. 일단 남편과 연락이 닿는다면 우리가 취해볼수 있는 방법이 무엇이 있을지",,jeonse_return,"보증상품 전세보증금반환보증 | 주택유형 아파트 | 보증금구간 3억 이상 | 계약상태 계약종료 | 선순위권리 선순위존재 | 반환보증 가입 | 분쟁유형 경매·공매 | 진행단계 임차권등기 | 상황 40대 부부로 현재 사는 아파트 남편명의 전세대출을 받음! 계약은 23년 12월 29일로 종료! 전세대출은 2금융권(신한카드)에서 고금리로 받은 질권설정의 대출이라 전세보증보험과도 해당사항 없음 계약종료전 임대인의 채무관계로 인해 강제경매가 진행되었으나 기각됨 (선순위 임차인, 깡통전세로 경매진행되었어도 실익이 없음으로 판단됨) 집주인 전세계약 만기전 연락두절 공시송달 후, 만기 이후도 연락이 되지않아 임차권등기명령 해둔상태임 문제발생, 남편과 집 문제로 부부가 다투었고 남편이 집을 가출, 현재 연락두절! 개인회생을 지난 7~8월쯤 신청한것으로 알고있고 그 이후로 진행 내용은 전혀알지 못함 질권설정된 전세대출은 개인회생을 신청하더라도 별제권에 해당되어 전세이자는 계속 납부해야된다고 알고있지만 개인회생 신청과 동시에 연체상태임 질문1. 전세대출받은 2금융권에서는 어떤 조치를 하고있는지 전혀 알지 못하는상태인데 그쪽에서 조치할수 있는 예상되는 방법은? (질권설정된 전세대출에 대해 서울보증보험등의 보험이 따로 설정되어있지않고 금융사 자체적으로 질권설정이 되어있다고함) 질문2. 남편의 개인회생 중에 연체상태의 이자 및 보증금은 어떻게 되는지(전세대출 받은 외의 순수 보증금인 자산은?) 질문3. 전재산과도 같았던 보증금이 묶인상태이니 집을 새로 얻을수도, 어떤 결정도 할수 없는 저와 아이 둘이서 현재 집에서 거주하고있음 갑자기 집을 비우라고 할 상황이 발생될수 있을까요?? 남편은 철저히 숨어버려 연락이 안되고, (직장지도 최근옮김) 개인회생 진행상황도 알수없어 답답한 마음에 자문구합니다. 일단 남편과 연락이 닿는다면 우리가 취해볼수 있는 방법이 무엇이 있을지",provided_synthetic_consultations
CASE-0252,G03,서울,관악구,3억 이상,계약중(종료예정),미상,미상,가입,묵시적갱신분쟁,임차권등기,"1 묵시적갱신으로 자동연장되어 11월4일에 전화로 해지의사 전달함(통화녹음 못힘) 2. 집주인 뻔함 이야기 돈 없으니, 임차인 들어야야 줄수있다. 신랑통해 월4일 해지의 한거랑 계약 왼료일 2025년2월4일 이다 문자 보냈으나 답은 받지 못했음. 3. 그러던중 임차인 구해져 새임차인 날짜에 맞춰 어렵게 25년2월18일에 저희 계약함==> 부동산 실수로 구두계약만한상태에서 계약펑크남 4.집주인 12월25일 전화와서 우리보고 확인도 안하고 계약했다고 돈없다함, 그래서 내용증명보내고 법적으로 할거다 이야기하고 2월4일이 계약 완료일이니 알아서 해라 이야기함==> 이번 통화는 녹음함 5. 12월26일 계약서상 주소로 내용증명보냄=>톡으로 페문부재로옴 6. 12월27일 등기부등본상 주소로 다시 내용증명 발송 지금 이런 상태 인데요 26일자 보낸 내용증명 폐문부재로 반송오면 이걸로 임대인 초본 떼러 갈 예정입니다.=>최대한 빨리 진행하기 위해서 만약 임대인 초본 확인결과 27일자로 보낸 주소와 같고 폐문부재로 받지 않는다면 바로 공시송달 신청 하려 하는데 가능할가요? 아님 어떤글에 보니 특별송달 보낸후에 공시송달해야 한다는 글도 있어서요 2월4일 종료 하고 5일에 임차권등기신청해서 최대한 빨리 진행해야 다음 이사일에 주소이전이랑 확정일자 받고 허그보험에 가입할수 있어서요",1. 새로운임차인이 나타나서 해결됨,unknown,"보증상품 보증상품 미확인 | 주택유형 미상 | 보증금구간 3억 이상 | 계약상태 계약중(종료예정) | 선순위권리 미상 | 반환보증 가입 | 분쟁유형 묵시적갱신분쟁 | 진행단계 임차권등기 | 상황 1 묵시적갱신으로 자동연장되어 11월4일에 전화로 해지의사 전달함(통화녹음 못힘) 2. 집주인 뻔함 이야기 돈 없으니, 임차인 들어야야 줄수있다. 신랑통해 월4일 해지의 한거랑 계약 왼료일 2025년2월4일 이다 문자 보냈으나 답은 받지 못했음. 3. 그러던중 임차인 구해져 새임차인 날짜에 맞춰 어렵게 25년2월18일에 저희 계약함==> 부동산 실수로 구두계약만한상태에서 계약펑크남 4.집주인 12월25일 전화와서 우리보고 확인도 안하고 계약했다고 돈없다함, 그래서 내용증명보내고 법적으로 할거다 이야기하고 2월4일이 계약 완료일이니 알아서 해라 이야기함==> 이번 통화는 녹음함 5. 12월26일 계약서상 주소로 내용증명보냄=>톡으로 페문부재로옴 6. 12월27일 등기부등본상 주소로 다시 내용증명 발송 지금 이런 상태 인데요 26일자 보낸 내용증명 폐문부재로 반송오면 이걸로 임대인 초본 떼러 갈 예정입니다.=>최대한 빨리 진행하기 위해서 만약 임대인 초본 확인결과 27일자로 보낸 주소와 같고 폐문부재로 받지 않는다면 바로 공시송달 신청 하려 하는데 가능할가요? 아님 어떤글에 보니 특별송달 보낸후에 공시송달해야 한다는 글도 있어서요 2월4일 종료 하고 5일에 임차권등기신청해서 최대한 빨리 진행해야 다음 이사일에 주소이전이랑 확정일자 받고 허그보험에 가입할수 있어서요 | 특이사항 1. 새로운임차인이 나타나서 해결됨",provided_synthetic_consultations
CASE-0253,G03,경기,오산시,1억 미만,계약중(종료예정),다세대주택,미상,가입,경매·공매,임차권등기,2019년 11월부터 지금까지 전세로 다세대주택에 살고있습니다 그런데 어제 갑자기 건물전체가 경매로 넘어간다고해서 집주인한테 연락해보니 전세보증보험 가입한거 있으니까 계약해지하고 임차권등기한 다음에 전세보증보험금 받으라고 합니다,,jeonse_return,보증상품 전세보증금반환보증 | 주택유형 다세대주택 | 보증금구간 1억 미만 | 계약상태 계약중(종료예정) | 선순위권리 미상 | 반환보증 가입 | 분쟁유형 경매·공매 | 진행단계 임차권등기 | 상황 2019년 11월부터 지금까지 전세로 다세대주택에 살고있습니다 그런데 어제 갑자기 건물전체가 경매로 넘어간다고해서 집주인한테 연락해보니 전세보증보험 가입한거 있으니까 계약해지하고 임차권등기한 다음에 전세보증보험금 받으라고 합니다,provided_synthetic_consultations
CASE-0254,G03,대구,대구,1억~2억,계약종료,미상,미상,미상,경매·공매,상담·검토,"보증금을 받지 못해 강제경매에 들어갔고 셀프낙찰을 생각하고 있었는데, 12/24(화) 6회차 매각기일에 누군가가 낙찰을 받았다는 소식을 들었습니다. 유찰을 거듭하다가 3,150만원 정도에 낙찰을 받았더군요. 전혀 생각지 못한 일이라 너무 당황스럽고, 사기꾼인가 싶어 불안합니다. 이 상황에서 제가 어떻게 해야 할까요? 어떤 조치? 어떤 행동을 해야 할까요? 낙찰받은 사람이 보증금을 또 주지 않으면 어떡하나 너무 불안합니다.",,unknown,"보증상품 보증상품 미확인 | 주택유형 미상 | 보증금구간 1억~2억 | 계약상태 계약종료 | 선순위권리 미상 | 반환보증 미상 | 분쟁유형 경매·공매 | 진행단계 상담·검토 | 상황 보증금을 받지 못해 강제경매에 들어갔고 셀프낙찰을 생각하고 있었는데, 12/24(화) 6회차 매각기일에 누군가가 낙찰을 받았다는 소식을 들었습니다. 유찰을 거듭하다가 3,150만원 정도에 낙찰을 받았더군요. 전혀 생각지 못한 일이라 너무 당황스럽고, 사기꾼인가 싶어 불안합니다. 이 상황에서 제가 어떻게 해야 할까요? 어떤 조치? 어떤 행동을 해야 할까요? 낙찰받은 사람이 보증금을 또 주지 않으면 어떡하나 너무 불안합니다.",provided_synthetic_consultations
CASE-0255,G03,경북,구미시,미상,계약중(종료예정),미상,미상,가입,기타·일반문의,HUG이행청구,임대인이 파산 신청을 준비중이라 임차권 등기와 허그 보증보험 청구를 조금 더 빨리 하기위해서 중도햐지 합의서를 작성하려고 합니다. 6개월 전 이미 퇴거를 한다고 임대인과 이야기 한 상태였는데 몇일 전 전화로 파산할거 같다고 하더라구요 중도해지 합의서를 받고 등기신청이 가능할까요? 임대인이 파산을 한다는 증거??를 남겨놔야 할까요??,1. 파산신청했으나 파산법원으로 부터 수신한 우편은 없음,unknown,보증상품 보증상품 미확인 | 주택유형 미상 | 보증금구간 미상 | 계약상태 계약중(종료예정) | 선순위권리 미상 | 반환보증 가입 | 분쟁유형 기타·일반문의 | 진행단계 HUG이행청구 | 상황 임대인이 파산 신청을 준비중이라 임차권 등기와 허그 보증보험 청구를 조금 더 빨리 하기위해서 중도햐지 합의서를 작성하려고 합니다. 6개월 전 이미 퇴거를 한다고 임대인과 이야기 한 상태였는데 몇일 전 전화로 파산할거 같다고 하더라구요 중도해지 합의서를 받고 등기신청이 가능할까요? 임대인이 파산을 한다는 증거??를 남겨놔야 할까요?? | 특이사항 1. 파산신청했으나 파산법원으로 부터 수신한 우편은 없음,provided_synthetic_consultations
CASE-0256,G03,인천,인천서구,3억 이상,계약중(종료예정),미상,선순위존재,미상,기타·일반문의,상담·검토,22년1월19일ㅡ24년1월18일까지 계약후 전세계약갱신청구권을 사용해서 24년1월19일ㅡ26년1월18일까지 금액변동없이 연장했습니다 22년 6월쯤 집주인이 1억을 대출받았고 처음 계약당시 무융자 조건이었습니다 청구권사용으로 재계약시 이사실을 알았고 부동산에서 저희가 우선순위라 1억대출받은건 괜찮다고 해서 청구권사용해서 연장을 했고 저희사정상 25년 2월초쯤 집을 빼야될것같다고 9월말에 임대인에게 이야기 했습니다 임대인은 저희가 들어온 금액보다 높게 6억에 전세를 내놨고 그때 같은평형5억에 나온 전세는 금방 나갔으며 시간이 지나자 집보러오는사람도 뜸해지고 날짜는 다가오니 5억2천까지 전세금을 내렸으나 시국이 이런지라 보러오는사람이 많지는 않았습니다 저희 입장은 4개월전에 이야기했으니 전세금을 빼달라는 입장이고 임대인은 세입자가 맞춰져야 빼줄수 있다는 입장이고 모가 그렇게 아는게 많고 당당한지 자기는 할만큼 하고 있다 임차인이 안맞춰지는게 저희집이 정리가 안되어있다는둥 날짜조율을 안된다고 해서 놓치지 않았냐는둥 저희때문에 안나가는것처럼 말하고 있습니다 저희 진짜 십분전에 집보러온다고 해도 최선을 다해서 보여줍니다 저희가 지금 대출 받아 집을 짓고있는상황이라 여기에 묶인 전세금으로 대출을 상환해야되는 상황입니다 남편은 2월5일날 퇴거를 하겠다고 말은 해놓은 상태이며 그후에 발생하는 이자에 대해 지원해야되는거 아니냐고 말하니 그럼부동산중개수수료를 저희에게도 내라고 하네요 ㅠㅜ 저희는 저희입장에서 할수 있는걸 이야기 하는건데 임대인은 모가 그리도 당당하고 자기말이 다 맞는지 저희는 이런상황에 어떤 액션을 취해야할까요??,1. 24.9월에 해지통보하면서 25.2월에 나가겟다고 표시,unknown,보증상품 보증상품 미확인 | 주택유형 미상 | 보증금구간 3억 이상 | 계약상태 계약중(종료예정) | 선순위권리 선순위존재 | 반환보증 미상 | 분쟁유형 기타·일반문의 | 진행단계 상담·검토 | 상황 22년1월19일ㅡ24년1월18일까지 계약후 전세계약갱신청구권을 사용해서 24년1월19일ㅡ26년1월18일까지 금액변동없이 연장했습니다 22년 6월쯤 집주인이 1억을 대출받았고 처음 계약당시 무융자 조건이었습니다 청구권사용으로 재계약시 이사실을 알았고 부동산에서 저희가 우선순위라 1억대출받은건 괜찮다고 해서 청구권사용해서 연장을 했고 저희사정상 25년 2월초쯤 집을 빼야될것같다고 9월말에 임대인에게 이야기 했습니다 임대인은 저희가 들어온 금액보다 높게 6억에 전세를 내놨고 그때 같은평형5억에 나온 전세는 금방 나갔으며 시간이 지나자 집보러오는사람도 뜸해지고 날짜는 다가오니 5억2천까지 전세금을 내렸으나 시국이 이런지라 보러오는사람이 많지는 않았습니다 저희 입장은 4개월전에 이야기했으니 전세금을 빼달라는 입장이고 임대인은 세입자가 맞춰져야 빼줄수 있다는 입장이고 모가 그렇게 아는게 많고 당당한지 자기는 할만큼 하고 있다 임차인이 안맞춰지는게 저희집이 정리가 안되어있다는둥 날짜조율을 안된다고 해서 놓치지 않았냐는둥 저희때문에 안나가는것처럼 말하고 있습니다 저희 진짜 십분전에 집보러온다고 해도 최선을 다해서 보여줍니다 저희가 지금 대출 받아 집을 짓고있는상황이라 여기에 묶인 전세금으로 대출을 상환해야되는 상황입니다 남편은 2월5일날 퇴거를 하겠다고 말은 해놓은 상태이며 그후에 발생하는 이자에 대해 지원해야되는거 아니냐고 말하니 그럼부동산중개수수료를 저희에게도 내라고 하네요 ㅠㅜ 저희는 저희입장에서 할수 있는걸 이야기 하는건데 임대인은 모가 그리도 당당하고 자기말이 다 맞는지 저희는 이런상황에 어떤 액션을 취해야할까요?? | 특이사항 1. 24.9월에 해지통보하면서 25.2월에 나가겟다고 표시,provided_synthetic_consultations
CASE-0257,G03,서울,관악구,2억~3억,계약종료,미상,압류·가압류,가입,보증금미반환,소송제기,"24년 9/24 전세만기, HF보증보험 심사 완료되어 12/13에 보증금 지급 가능하다는 통지 받았습니다. 그런데 오늘 공사측에서 전화가 와서 임대인이 공사측에 말하기를, 임차권등기 무효 소송을 걸겠다고 합니다. 제가 집 보여주는 데 협조를 안 했다는 이유로 말입니다. 저는 지방 출장이 잦고 집 보여주기 위해서는 집을 치워야 하니 하루 전 혹은 당일에 연락하지 말고 미리 날짜 조율해서 방문하시라고 말씀드렸고, 8/7, 9/10, 9/30, 10/1 집을 보여드렸습니다. 그 외에는 하루 전 혹은 당일에 갑자기 집 보러 갈거니 문 열라는 식이어서 거절했습니다. 집 보여주는 게 늦은 것도 집주인의 세금미납으로 인해 등기부에 압류가 기재되어 있었기 때문이고, 집주인은 이를 9/4에 해결하여 9/10에야 집을 보여줄 수 있었습니다. 전세보증보험측에 안전히 신청할 수 있는 기간(~10/24) 전에 보증금을 돌려받기를 희망하였지만, 계약할 수 있는 사람이 11/22에나 비용을 치룬다고 하여 그때가서 가계약이 취소된다면 저는 그때서야 임차권 등기를 해서는 보증보험에 신청할 수 있는 기간이 지나기 때문에 임차권 등기를 설정하였습니다. 제 상황을 설명드리고 임차권 등기 말소조건으로 계약을 하든 그 부분은 알아서 하시라고 하였으나 결국 계약하지 않았습니다. 이제 저는 1월 중 보증보험을 통해 돈을 돌려받고 집을 나가려 하는데 오늘 공사에서 전화를 받아, 만약 소송이 진행되면 임차권등기가 안전하게 유지되어야 비용을 지불할 수 있기에 소장을 기다렸다가 대응하여 문제 해결 후 이사나가기를 권하였습니다. 임대인에게 전화해서 소송 의사를 파악하고 대응을 준비하고 싶은데 이에 대해 조언이 필요하여 상담 신청합니다.","1. 지금은 통화가 어려우니, 1/3 / 13~16시 사이에 다시 통화하기로 함",jeonse_return,"보증상품 전세보증금반환보증 | 주택유형 미상 | 보증금구간 2억~3억 | 계약상태 계약종료 | 선순위권리 압류·가압류 | 반환보증 가입 | 분쟁유형 보증금미반환 | 진행단계 소송제기 | 상황 24년 9/24 전세만기, HF보증보험 심사 완료되어 12/13에 보증금 지급 가능하다는 통지 받았습니다. 그런데 오늘 공사측에서 전화가 와서 임대인이 공사측에 말하기를, 임차권등기 무효 소송을 걸겠다고 합니다. 제가 집 보여주는 데 협조를 안 했다는 이유로 말입니다. 저는 지방 출장이 잦고 집 보여주기 위해서는 집을 치워야 하니 하루 전 혹은 당일에 연락하지 말고 미리 날짜 조율해서 방문하시라고 말씀드렸고, 8/7, 9/10, 9/30, 10/1 집을 보여드렸습니다. 그 외에는 하루 전 혹은 당일에 갑자기 집 보러 갈거니 문 열라는 식이어서 거절했습니다. 집 보여주는 게 늦은 것도 집주인의 세금미납으로 인해 등기부에 압류가 기재되어 있었기 때문이고, 집주인은 이를 9/4에 해결하여 9/10에야 집을 보여줄 수 있었습니다. 전세보증보험측에 안전히 신청할 수 있는 기간(~10/24) 전에 보증금을 돌려받기를 희망하였지만, 계약할 수 있는 사람이 11/22에나 비용을 치룬다고 하여 그때가서 가계약이 취소된다면 저는 그때서야 임차권 등기를 해서는 보증보험에 신청할 수 있는 기간이 지나기 때문에 임차권 등기를 설정하였습니다. 제 상황을 설명드리고 임차권 등기 말소조건으로 계약을 하든 그 부분은 알아서 하시라고 하였으나 결국 계약하지 않았습니다. 이제 저는 1월 중 보증보험을 통해 돈을 돌려받고 집을 나가려 하는데 오늘 공사에서 전화를 받아, 만약 소송이 진행되면 임차권등기가 안전하게 유지되어야 비용을 지불할 수 있기에 소장을 기다렸다가 대응하여 문제 해결 후 이사나가기를 권하였습니다. 임대인에게 전화해서 소송 의사를 파악하고 대응을 준비하고 싶은데 이에 대해 조언이 필요하여 상담 신청합니다. | 특이사항 1. 지금은 통화가 어려우니, 1/3 / 13~16시 사이에 다시 통화하기로 함",provided_synthetic_consultations
CASE-0258,G03,경기,평택시,1억~2억,계약종료,다가구주택,근저당설정,미상,보증금미반환,상담·검토,"이번12월13일날 다가구건물 전세 만기 였습니다. 9월27일날 메세지를 보냈습니다. (사장님 인데요. 저희 12월13일이 계약 만기인데요. 2년 더있으려고 하는데요. 다름이 아니구요 보증금이 1억5천인데 1억3천으로 변경해주실수 있으신가해서요. 2천만원 빌린게 있는데 12월 초까지 갚어야 해서요. 안되면 이번에 집을빼는 방법뿐이라서요.) 답장이 없어서 연락을 했더니 12월초에 해준다고하면서 계약서를 다시 작성 하자고 하였습니다. 따로 녹음을하거나 한 내용은 없습니다. 날짜가 다가와도 연락이 없어서 연락을 계속해보니 전화도 안받고 주인집이 맨위에 살고있었는데 짐을 뺀걸 알았습니다. 그후 연락을 계속하여 연락이 되었습니다. 집주인은 현재 회사도 잘못되고 현재 다른지역에 있는 다가구 건물에 전세를사시는 세입자분이 한번에 빠져나가서 지금 어떻게 해야할지 모르겠다고 합니다. 자기도 방법이 없다며 자기에게 법적으로 걸수있는걸 걸라고 하더니 조만간 파산을 신청한다고 하였습니다. 혹시나해서 등기분등본을 보니 은행대출이 최고액5억5천 그리고8억7천 정도 있습니다. 이건 제가 이사를 오기전에 근저당이 먼저 잡혀 있던것입니다. 반전세 1가구, 전세2가구중 제가 한곳이며 나머지는 월세로 알고 있습니다. 지급 명령및 소장을 보네보라고 하는분들이 계셨지만 집주인이 얼마전까지 같은 건물에 거주를 하고 있어서 주소지로 보낸다고 하여도 우편물이 이곳으로 오면 못받을듯 합니다. 지금 이상황에 어떻게 해야하나요. 너무 답답합니다.",,unknown,"보증상품 보증상품 미확인 | 주택유형 다가구주택 | 보증금구간 1억~2억 | 계약상태 계약종료 | 선순위권리 근저당설정 | 반환보증 미상 | 분쟁유형 보증금미반환 | 진행단계 상담·검토 | 상황 이번12월13일날 다가구건물 전세 만기 였습니다. 9월27일날 메세지를 보냈습니다. (사장님 인데요. 저희 12월13일이 계약 만기인데요. 2년 더있으려고 하는데요. 다름이 아니구요 보증금이 1억5천인데 1억3천으로 변경해주실수 있으신가해서요. 2천만원 빌린게 있는데 12월 초까지 갚어야 해서요. 안되면 이번에 집을빼는 방법뿐이라서요.) 답장이 없어서 연락을 했더니 12월초에 해준다고하면서 계약서를 다시 작성 하자고 하였습니다. 따로 녹음을하거나 한 내용은 없습니다. 날짜가 다가와도 연락이 없어서 연락을 계속해보니 전화도 안받고 주인집이 맨위에 살고있었는데 짐을 뺀걸 알았습니다. 그후 연락을 계속하여 연락이 되었습니다. 집주인은 현재 회사도 잘못되고 현재 다른지역에 있는 다가구 건물에 전세를사시는 세입자분이 한번에 빠져나가서 지금 어떻게 해야할지 모르겠다고 합니다. 자기도 방법이 없다며 자기에게 법적으로 걸수있는걸 걸라고 하더니 조만간 파산을 신청한다고 하였습니다. 혹시나해서 등기분등본을 보니 은행대출이 최고액5억5천 그리고8억7천 정도 있습니다. 이건 제가 이사를 오기전에 근저당이 먼저 잡혀 있던것입니다. 반전세 1가구, 전세2가구중 제가 한곳이며 나머지는 월세로 알고 있습니다. 지급 명령및 소장을 보네보라고 하는분들이 계셨지만 집주인이 얼마전까지 같은 건물에 거주를 하고 있어서 주소지로 보낸다고 하여도 우편물이 이곳으로 오면 못받을듯 합니다. 지금 이상황에 어떻게 해야하나요. 너무 답답합니다.",provided_synthetic_consultations
CASE-0259,G03,경기,수원시,1억 미만,계약종료,오피스텔,압류·가압류,가입,경매·공매,소송제기,"법인 임대인과 임대차계약이 2024.12.29 계약종료되었습니다. 2024.10.4 에 계약종료를 문자로 통지하고 답변도 받았습니다. 전세보증보험은 들지않았으며 지금까지 연락두절입니다. 현재 법인 주소로 내용증명2장 발송했으며 폐문부재로 반송 대기중입니다. 2024.12.30 임차권등기명령 신청하였습니다. 궁금한내용은 1. 보증금반환 소 전에 가압류를 신청하고 싶은데, 자금이 부족해서 공탁금은 넣지 못할 것 같습니다. % 처리가 가능할까요 ? 그리고 알고있는 계좌는 농협 하나뿐인데 채권압류를 농협과 시중 1금융권 은행을 다 넣어보는것도 괜찮을까요 ? 2. 7월 4일에 전입신고를 했고 그 이전에 확정일자는 받았습니다. 그리고 9월20에 국민건강보험공단에서 등기목적: 압류가 걸렸습니다. 이 때 저는 해당 오피스텔이 경매에 낙찰이 되어도 제 보증금을 먼저 반환 받는게 맞는지요 ? 3. 제 전세금이 9천인데 경매낙찰가가 5천에 되었다고 해도 낙찰한 사람이 제 전세금 9천을 줘야 하는게 맞는지요 ? 4. 보증금 미반환으로 인한 연체이자, 그리고 추후 있을 대환대출이자 그 외 소송비용 등등 전부 청구가 가능한지요 ? 5. 결국 법인에도 자산이 없고 하면 셀프낙찰만이 답이겠죠 ?",,jeonse_return,"보증상품 전세보증금반환보증 | 주택유형 오피스텔 | 보증금구간 1억 미만 | 계약상태 계약종료 | 선순위권리 압류·가압류 | 반환보증 가입 | 분쟁유형 경매·공매 | 진행단계 소송제기 | 상황 법인 임대인과 임대차계약이 2024.12.29 계약종료되었습니다. 2024.10.4 에 계약종료를 문자로 통지하고 답변도 받았습니다. 전세보증보험은 들지않았으며 지금까지 연락두절입니다. 현재 법인 주소로 내용증명2장 발송했으며 폐문부재로 반송 대기중입니다. 2024.12.30 임차권등기명령 신청하였습니다. 궁금한내용은 1. 보증금반환 소 전에 가압류를 신청하고 싶은데, 자금이 부족해서 공탁금은 넣지 못할 것 같습니다. % 처리가 가능할까요 ? 그리고 알고있는 계좌는 농협 하나뿐인데 채권압류를 농협과 시중 1금융권 은행을 다 넣어보는것도 괜찮을까요 ? 2. 7월 4일에 전입신고를 했고 그 이전에 확정일자는 받았습니다. 그리고 9월20에 국민건강보험공단에서 등기목적: 압류가 걸렸습니다. 이 때 저는 해당 오피스텔이 경매에 낙찰이 되어도 제 보증금을 먼저 반환 받는게 맞는지요 ? 3. 제 전세금이 9천인데 경매낙찰가가 5천에 되었다고 해도 낙찰한 사람이 제 전세금 9천을 줘야 하는게 맞는지요 ? 4. 보증금 미반환으로 인한 연체이자, 그리고 추후 있을 대환대출이자 그 외 소송비용 등등 전부 청구가 가능한지요 ? 5. 결국 법인에도 자산이 없고 하면 셀프낙찰만이 답이겠죠 ?",provided_synthetic_consultations
CASE-0260,G03,경기,수원시,1억 미만,계약종료,오피스텔,압류·가압류,가입,경매·공매,소송제기,"법인 임대인과 임대차계약이 2024.12.29 계약종료되었습니다. 2024.10.4 에 계약종료를 문자로 통지하고 답변도 받았습니다. 전세보증보험은 들지않았으며 지금까지 연락두절입니다. 현재 법인 주소로 내용증명2장 발송했으며 폐문부재로 반송 대기중입니다. 2024.12.30 임차권등기명령 신청하였습니다. 궁금한내용은 1. 보증금반환 소 전에 가압류를 신청하고 싶은데, 자금이 부족해서 공탁금은 넣지 못할 것 같습니다. % 처리가 가능할까요 ? 그리고 알고있는 계좌는 농협 하나뿐인데 채권압류를 농협과 시중 1금융권 은행을 다 넣어보는것도 괜찮을까요 ? 2. 7월 4일에 전입신고를 했고 그 이전에 확정일자는 받았습니다. 그리고 9월20에 국민건강보험공단에서 등기목적: 압류가 걸렸습니다. 이 때 저는 해당 오피스텔이 경매에 낙찰이 되어도 제 보증금을 먼저 반환 받는게 맞는지요 ? 3. 제 전세금이 9천인데 경매낙찰가가 5천에 되었다고 해도 낙찰한 사람이 제 전세금 9천을 줘야 하는게 맞는지요 ? 4. 보증금 미반환으로 인한 연체이자, 그리고 추후 있을 대환대출이자 그 외 소송비용 등등 전부 청구가 가능한지요 ? 5. 결국 법인에도 자산이 없고 하면 셀프낙찰만이 답이겠죠 ?",1. 건강보험공단의 납부기간과 비교를 해야한다. 등기날짜로 단순계산하면 안된다,jeonse_return,"보증상품 전세보증금반환보증 | 주택유형 오피스텔 | 보증금구간 1억 미만 | 계약상태 계약종료 | 선순위권리 압류·가압류 | 반환보증 가입 | 분쟁유형 경매·공매 | 진행단계 소송제기 | 상황 법인 임대인과 임대차계약이 2024.12.29 계약종료되었습니다. 2024.10.4 에 계약종료를 문자로 통지하고 답변도 받았습니다. 전세보증보험은 들지않았으며 지금까지 연락두절입니다. 현재 법인 주소로 내용증명2장 발송했으며 폐문부재로 반송 대기중입니다. 2024.12.30 임차권등기명령 신청하였습니다. 궁금한내용은 1. 보증금반환 소 전에 가압류를 신청하고 싶은데, 자금이 부족해서 공탁금은 넣지 못할 것 같습니다. % 처리가 가능할까요 ? 그리고 알고있는 계좌는 농협 하나뿐인데 채권압류를 농협과 시중 1금융권 은행을 다 넣어보는것도 괜찮을까요 ? 2. 7월 4일에 전입신고를 했고 그 이전에 확정일자는 받았습니다. 그리고 9월20에 국민건강보험공단에서 등기목적: 압류가 걸렸습니다. 이 때 저는 해당 오피스텔이 경매에 낙찰이 되어도 제 보증금을 먼저 반환 받는게 맞는지요 ? 3. 제 전세금이 9천인데 경매낙찰가가 5천에 되었다고 해도 낙찰한 사람이 제 전세금 9천을 줘야 하는게 맞는지요 ? 4. 보증금 미반환으로 인한 연체이자, 그리고 추후 있을 대환대출이자 그 외 소송비용 등등 전부 청구가 가능한지요 ? 5. 결국 법인에도 자산이 없고 하면 셀프낙찰만이 답이겠죠 ? | 특이사항 1. 건강보험공단의 납부기간과 비교를 해야한다. 등기날짜로 단순계산하면 안된다",provided_synthetic_consultations
CASE-0261,G03,서울,중랑구,1억~2억,계약중(종료예정),오피스텔,미상,가입,전세사기,HUG이행청구,"버팀목전세자금대출로 오피스텔 거주중입니다. 계약기간만료는 10월말입니다. (HUG임차인보증보험진행함) 집주인이 개인회생중입니다. 아직 승인이 나진않았습니다. 10월초에 관련 내용을 법원으로부터 받았고 조사기간 중에 저는 1억 9천5백만원에대한 회생 담보권 신고서를 법원으로 보냈습니다. 12월 말에 임대인이 회생담보권 1억5천100, 회생채권 4400만원으로 진행하겠다는 내용이 법원으로부터 왔습니다. 이제 저는 어떻게 준비해야 손해없이 보증금을 다 받고 나갈 수 있을까요? 스트레스 너무 많이 받아서 중도해지합의서라도 쓰고 빨리 정리하고싶은 마음입니다.",,unknown,"보증상품 보증상품 미확인 | 주택유형 오피스텔 | 보증금구간 1억~2억 | 계약상태 계약중(종료예정) | 선순위권리 미상 | 반환보증 가입 | 분쟁유형 전세사기 | 진행단계 HUG이행청구 | 상황 버팀목전세자금대출로 오피스텔 거주중입니다. 계약기간만료는 10월말입니다. (HUG임차인보증보험진행함) 집주인이 개인회생중입니다. 아직 승인이 나진않았습니다. 10월초에 관련 내용을 법원으로부터 받았고 조사기간 중에 저는 1억 9천5백만원에대한 회생 담보권 신고서를 법원으로 보냈습니다. 12월 말에 임대인이 회생담보권 1억5천100, 회생채권 4400만원으로 진행하겠다는 내용이 법원으로부터 왔습니다. 이제 저는 어떻게 준비해야 손해없이 보증금을 다 받고 나갈 수 있을까요? 스트레스 너무 많이 받아서 중도해지합의서라도 쓰고 빨리 정리하고싶은 마음입니다.",provided_synthetic_consultations
CASE-0262,G03,경기,파주시,2억~3억,계약중(종료예정),미상,미상,미상,기타·일반문의,상담·검토,https://cafe.naver.com/bf1027/57123?tc=shared_link,,unknown,보증상품 보증상품 미확인 | 주택유형 미상 | 보증금구간 2억~3억 | 계약상태 계약중(종료예정) | 선순위권리 미상 | 반환보증 미상 | 분쟁유형 기타·일반문의 | 진행단계 상담·검토 | 상황 https://cafe.naver.com/bf1027/57123?tc=shared_link,provided_synthetic_consultations
CASE-0263,G03,경기,부천시,1억~2억,계약중(종료예정),공공임대,미상,미상,묵시적갱신분쟁,상담·검토,억3천보증금에 30만원 월세입니다. 묵시적 갱신이 된후 1년6개월이 지났습니다. 지금으로부터 2달전에 집주인에게 연락하여 집을 나가야 되서 보증금을 달라하니 다음세입자가 오기전엔 못준다하고 3달지나서 줄수도있다고 하네요 저는 LH전세임대에 들어가야하는 입장입니다. 어떻게 해결해야할까요?,"1. 지금은 통화가 어려우니, 다음주에 다시 전화주세요",unknown,"보증상품 보증상품 미확인 | 주택유형 공공임대 | 보증금구간 1억~2억 | 계약상태 계약중(종료예정) | 선순위권리 미상 | 반환보증 미상 | 분쟁유형 묵시적갱신분쟁 | 진행단계 상담·검토 | 상황 억3천보증금에 30만원 월세입니다. 묵시적 갱신이 된후 1년6개월이 지났습니다. 지금으로부터 2달전에 집주인에게 연락하여 집을 나가야 되서 보증금을 달라하니 다음세입자가 오기전엔 못준다하고 3달지나서 줄수도있다고 하네요 저는 LH전세임대에 들어가야하는 입장입니다. 어떻게 해결해야할까요? | 특이사항 1. 지금은 통화가 어려우니, 다음주에 다시 전화주세요",provided_synthetic_consultations
CASE-0264,G03,미상,미상,2억~3억,계약종료,미상,미상,미상,원상복구·정산,소송제기,원상복구로 인한 손해배상 소송을 당했네요 무료상담이라 신청해봅니다 ㅠㅠ,1. 소가 400만원,unknown,보증상품 보증상품 미확인 | 주택유형 미상 | 보증금구간 2억~3억 | 계약상태 계약종료 | 선순위권리 미상 | 반환보증 미상 | 분쟁유형 원상복구·정산 | 진행단계 소송제기 | 상황 원상복구로 인한 손해배상 소송을 당했네요 무료상담이라 신청해봅니다 ㅠㅠ | 특이사항 1. 소가 400만원,provided_synthetic_consultations
CASE-0265,G03,서울,관악구,2억~3억,계약중(종료예정),미상,미상,가입,기타·일반문의,임차권등기,"임대인이 연락이 와서 \""집을 매각할 예정이다. 집이 매각 되면 돈을 줄 수 있는데, 만약에 매각이 되지 않는 다면 임차권 등기명령을 신청해라\"" 라고 합니다. 계약 만기일은 2025년 2월 17일인데, 현재까지 매각되었다는 연락이 오지않고 있습니다. (매각되게 되면 연락 달라하엿고, 등기부등본을 떼어봐도 집주인은 변경되지 않았습니다.) 만약에 임차권등기명령을 신청한다면 보증금이 언제 나올지 몰라 아직 집을 못 구하고 있습니다. 저는 매각이 된다면 최소한 집구할 시간 한달의 시간을 달라고 하였는데, 만약에 만기일이 한달이 남지 않은 시점에 매각이 된다면 전세 대출도 만기일을 넘어 이자를 낼것같아 걱정이 됩니다. 어떻게 진행해야할지 몰라 여쩌봅니다.",1. 보증보험가입했음!! 왜 이런 내용은 쏙 빼먹냐!!,unknown,"보증상품 보증상품 미확인 | 주택유형 미상 | 보증금구간 2억~3억 | 계약상태 계약중(종료예정) | 선순위권리 미상 | 반환보증 가입 | 분쟁유형 기타·일반문의 | 진행단계 임차권등기 | 상황 임대인이 연락이 와서 \""집을 매각할 예정이다. 집이 매각 되면 돈을 줄 수 있는데, 만약에 매각이 되지 않는 다면 임차권 등기명령을 신청해라\"" 라고 합니다. 계약 만기일은 2025년 2월 17일인데, 현재까지 매각되었다는 연락이 오지않고 있습니다. (매각되게 되면 연락 달라하엿고, 등기부등본을 떼어봐도 집주인은 변경되지 않았습니다.) 만약에 임차권등기명령을 신청한다면 보증금이 언제 나올지 몰라 아직 집을 못 구하고 있습니다. 저는 매각이 된다면 최소한 집구할 시간 한달의 시간을 달라고 하였는데, 만약에 만기일이 한달이 남지 않은 시점에 매각이 된다면 전세 대출도 만기일을 넘어 이자를 낼것같아 걱정이 됩니다. 어떻게 진행해야할지 몰라 여쩌봅니다. | 특이사항 1. 보증보험가입했음!! 왜 이런 내용은 쏙 빼먹냐!!",provided_synthetic_consultations
CASE-0266,G03,서울,금천구,2억~3억,계약중(종료예정),미상,미상,미상,원상복구·정산,임차권등기,"2024.02 에 전세계약 만료된 상태로 새로 계약서 작성 없이 거주하여 묵시적 갱신 상태인 전세 2월 9월 2회에 걸쳐 나간다고 구두 통보했으나 못 나가고 있습니다. 뒤늦게서야 최근에 내용증명을 보냈는데 반송될 확률이 높습니다. 공시송달까지 한달은 기다려야할 수 있다는데, 임차권등기명령 신청하고 나가고 싶은데 상대방이 내용증명을 확인해야만 보낼 수 있나요? 제가 나간다고 통보한 후에 부동산에서 집보러 오겠다고 문자메세지 보낸거 있는데 이거 간접적 증거로 통보했다고 보고 임차권등기명령 신청하면 안될까요? (참고로 임대차계약서상의 전화번호와 현재 집주인의 전화번호가 다릅니다. 집주소도 다른걸로 알고 있습니다.) 또하나, 여기가 나갈 때 원상복구 관련해서 까다롭기로 악명이 높다는걸 알게됐습니다. 생활기스 하나하나에 가격을 매겨 나갈 때 몇백 내고 나가신 분도 있다고 합니다. 저도 이거 당할거 같은데 미리 예방할 수 있는 방법 있을까요?",1. 전화를 받는데 아무말로 안함 (요즘 이런사람들이 꽤 있음),unknown,"보증상품 보증상품 미확인 | 주택유형 미상 | 보증금구간 2억~3억 | 계약상태 계약중(종료예정) | 선순위권리 미상 | 반환보증 미상 | 분쟁유형 원상복구·정산 | 진행단계 임차권등기 | 상황 2024.02 에 전세계약 만료된 상태로 새로 계약서 작성 없이 거주하여 묵시적 갱신 상태인 전세 2월 9월 2회에 걸쳐 나간다고 구두 통보했으나 못 나가고 있습니다. 뒤늦게서야 최근에 내용증명을 보냈는데 반송될 확률이 높습니다. 공시송달까지 한달은 기다려야할 수 있다는데, 임차권등기명령 신청하고 나가고 싶은데 상대방이 내용증명을 확인해야만 보낼 수 있나요? 제가 나간다고 통보한 후에 부동산에서 집보러 오겠다고 문자메세지 보낸거 있는데 이거 간접적 증거로 통보했다고 보고 임차권등기명령 신청하면 안될까요? (참고로 임대차계약서상의 전화번호와 현재 집주인의 전화번호가 다릅니다. 집주소도 다른걸로 알고 있습니다.) 또하나, 여기가 나갈 때 원상복구 관련해서 까다롭기로 악명이 높다는걸 알게됐습니다. 생활기스 하나하나에 가격을 매겨 나갈 때 몇백 내고 나가신 분도 있다고 합니다. 저도 이거 당할거 같은데 미리 예방할 수 있는 방법 있을까요? | 특이사항 1. 전화를 받는데 아무말로 안함 (요즘 이런사람들이 꽤 있음)",provided_synthetic_consultations
CASE-0267,G03,서울,구로구,2억~3억,계약중(종료예정),미상,미상,가입,보증금미반환,상담·검토,"HF보증보험을 들어놓았고 3월 11일 전세계약 만기(2년 연장하여 4년 거주)입니다. 임대인은 집을 넘기고 싶어서 전세 세입자를 구하는 것이 아닌 매매로 집을 내놓은 상황입니다. 임대인은 보증금 지불능력이 없는 상황이고 대출해서 전세보증금을 마련하겠다고 하였으나 실제로 대출이 가능한지 상황을 알 수 없는 상태입니다. 또한, 계약기간 내에 집이 매매가 되지 않으면 대출 받아서 주겠다는 말만 하고 이외의 대화가 통하지 않는 아주머니 입니다. 이때 염려가 되는 부분은 1. 집주인이 제 시간에 보증금 마련을 하지 못할 것으로 생각하여 이사 갈 것에 대한 준비를 하지 않았는데 갑작스럽게 보증금을 받아 급하게 이사를 가야 하는 경우 (전세 매물이 없는 상황으로 이사가 쉽지 않음) 2. 보증금 마련을 할 것으로 생각하여 이사 갈 집을 구했는데 보증금을 돌려받지 못하여 계약금, 위약금 등의 문제가 발생하는 경우 위와 같은 경우가 염려되는데 지금 만기를 약 2개월 남긴 시점에서 할 수 있는 일이 무엇이 있을까요?",1. 임대인의 전화번호가 맞는지 다시 확인하세요. 계약서에 기재된 전화번호가 임대인이 아닌 경우가 많으니 문자보냈다고 안심하지 마세요,unknown,"보증상품 보증상품 미확인 | 주택유형 미상 | 보증금구간 2억~3억 | 계약상태 계약중(종료예정) | 선순위권리 미상 | 반환보증 가입 | 분쟁유형 보증금미반환 | 진행단계 상담·검토 | 상황 HF보증보험을 들어놓았고 3월 11일 전세계약 만기(2년 연장하여 4년 거주)입니다. 임대인은 집을 넘기고 싶어서 전세 세입자를 구하는 것이 아닌 매매로 집을 내놓은 상황입니다. 임대인은 보증금 지불능력이 없는 상황이고 대출해서 전세보증금을 마련하겠다고 하였으나 실제로 대출이 가능한지 상황을 알 수 없는 상태입니다. 또한, 계약기간 내에 집이 매매가 되지 않으면 대출 받아서 주겠다는 말만 하고 이외의 대화가 통하지 않는 아주머니 입니다. 이때 염려가 되는 부분은 1. 집주인이 제 시간에 보증금 마련을 하지 못할 것으로 생각하여 이사 갈 것에 대한 준비를 하지 않았는데 갑작스럽게 보증금을 받아 급하게 이사를 가야 하는 경우 (전세 매물이 없는 상황으로 이사가 쉽지 않음) 2. 보증금 마련을 할 것으로 생각하여 이사 갈 집을 구했는데 보증금을 돌려받지 못하여 계약금, 위약금 등의 문제가 발생하는 경우 위와 같은 경우가 염려되는데 지금 만기를 약 2개월 남긴 시점에서 할 수 있는 일이 무엇이 있을까요? | 특이사항 1. 임대인의 전화번호가 맞는지 다시 확인하세요. 계약서에 기재된 전화번호가 임대인이 아닌 경우가 많으니 문자보냈다고 안심하지 마세요",provided_synthetic_consultations
CASE-0268,G03,부산,부산진구,1억~2억,계약종료,미상,미상,가입,기타·일반문의,HUG이행청구,"2020.12.15~ 전세계약해서 2년 연장해서 살고있습니다 전세이자가 너무 올라 24년 초 집주인에게 종료 의사를 밝혔고 집주인도 전세 살고 있는중인데 본인도 이자가 부담되니 본인이 들어와 살겠다 이야기가 됐어요 집주인이 살고있는 전세집이 나가야 돈을 돌려받을 수 있고 계약 기간도 남아 있어 기다리고 있는 중에 8월 말쯤 다시 연락하여 전세종료 의사를 밝혔고 계속 기다리고 있습니다 11월, 12월에 통화하여 집이 해결이 안되어서 임시로 대출 연장을 해놓고 돈을 받으면 전세금을 주고 제가 나가기로 협의를 봤어요 그런데 현재 집시세가 제가 전세대출 받았을때보다 많이 떨어진 상황이라 4천만원을 돌려 받고 전세계약서류를 다시 써야 되는 상황인데 돈이 당장 안구해지는지 연락을 하면 빠르게 해결하겠습니다 이말만 반복하고 있습니다 이미 전세계약기간은 끝이났고 은행 대출 만기가 열흘 정도밖에 안남았는데 4천만원을 못구하니 연장서류도 못넣고 있네요 허그에 전화했더니 계약 종료 의사를 밝혔으나 나중에 다시 연장을 하기로 이야기를 한 상황이라 이행청구접수는 못한다고 하더라구요 그리고 계약서상 집은 집주인 와이프 명의이고 연락은 남편이랑 해서 계약 종료의사 밝힌건 효력이 없다고 안내 받은 상황입니다 전세계약종료확인서 작성하고 임차인 임대인 신분증, 인감증명서 지참해서 접수 하라고 안내받았습니다 차일피일 미루고있는상황인데 집주인이 만나서 확인서를 써줄지도 모르겠고 서류를 줄지도 모르겠어요 ㅠㅠ 이상황에서 제가 다르게 해결할수 있눈 방법은 없을까요? 그냥 집주인이 돈 구할때까지 기다리는 방법 뿐일까요 ㅠ 도와주세요",1.바쁘다고 나중에 다시 통화하기로~,unknown,"보증상품 보증상품 미확인 | 주택유형 미상 | 보증금구간 1억~2억 | 계약상태 계약종료 | 선순위권리 미상 | 반환보증 가입 | 분쟁유형 기타·일반문의 | 진행단계 HUG이행청구 | 상황 2020.12.15~ 전세계약해서 2년 연장해서 살고있습니다 전세이자가 너무 올라 24년 초 집주인에게 종료 의사를 밝혔고 집주인도 전세 살고 있는중인데 본인도 이자가 부담되니 본인이 들어와 살겠다 이야기가 됐어요 집주인이 살고있는 전세집이 나가야 돈을 돌려받을 수 있고 계약 기간도 남아 있어 기다리고 있는 중에 8월 말쯤 다시 연락하여 전세종료 의사를 밝혔고 계속 기다리고 있습니다 11월, 12월에 통화하여 집이 해결이 안되어서 임시로 대출 연장을 해놓고 돈을 받으면 전세금을 주고 제가 나가기로 협의를 봤어요 그런데 현재 집시세가 제가 전세대출 받았을때보다 많이 떨어진 상황이라 4천만원을 돌려 받고 전세계약서류를 다시 써야 되는 상황인데 돈이 당장 안구해지는지 연락을 하면 빠르게 해결하겠습니다 이말만 반복하고 있습니다 이미 전세계약기간은 끝이났고 은행 대출 만기가 열흘 정도밖에 안남았는데 4천만원을 못구하니 연장서류도 못넣고 있네요 허그에 전화했더니 계약 종료 의사를 밝혔으나 나중에 다시 연장을 하기로 이야기를 한 상황이라 이행청구접수는 못한다고 하더라구요 그리고 계약서상 집은 집주인 와이프 명의이고 연락은 남편이랑 해서 계약 종료의사 밝힌건 효력이 없다고 안내 받은 상황입니다 전세계약종료확인서 작성하고 임차인 임대인 신분증, 인감증명서 지참해서 접수 하라고 안내받았습니다 차일피일 미루고있는상황인데 집주인이 만나서 확인서를 써줄지도 모르겠고 서류를 줄지도 모르겠어요 ㅠㅠ 이상황에서 제가 다르게 해결할수 있눈 방법은 없을까요? 그냥 집주인이 돈 구할때까지 기다리는 방법 뿐일까요 ㅠ 도와주세요 | 특이사항 1.바쁘다고 나중에 다시 통화하기로~",provided_synthetic_consultations
CASE-0269,G03,대구,해운대구,1억~2억,계약중(종료예정),미상,미상,미상,기타·일반문의,판결·집행,지금 상황을 순서대로 나열하면 계약종료 날짜는 25년 1월24일 23년12월 집주인사망 상속인 24년2월 상속한정승인 심판결정받음 상속인이 상속파산신청함 상속인에게 계약해지통보 내용증명보냄 상속재산파산결정문 등기를 8월즘에 받았는데 그 뒤로 어떻게 진행해야하는지 모르겠습니다,,unknown,보증상품 보증상품 미확인 | 주택유형 미상 | 보증금구간 1억~2억 | 계약상태 계약중(종료예정) | 선순위권리 미상 | 반환보증 미상 | 분쟁유형 기타·일반문의 | 진행단계 판결·집행 | 상황 지금 상황을 순서대로 나열하면 계약종료 날짜는 25년 1월24일 23년12월 집주인사망 상속인 24년2월 상속한정승인 심판결정받음 상속인이 상속파산신청함 상속인에게 계약해지통보 내용증명보냄 상속재산파산결정문 등기를 8월즘에 받았는데 그 뒤로 어떻게 진행해야하는지 모르겠습니다,provided_synthetic_consultations
CASE-0270,G03,미상,강서구,1억 미만,계약중(종료예정),미상,근저당설정,미상,보증금미반환,임차권등기,"2021계약 후 2023 계약만료 전 계약 종료로 인한 보증금 반환 요청 하였으나, 아래 사유로 보증금 줄수없다해서 계약 연장 2025 계약만료 전 계약 종료로 인한 보증금 반환 재요청 하였으나, 새로운 세입자가 와야 보증금 줄 수 있다며 기다리라는 말뿐 보증금 반환 의사 없음 현 상황은 집값 하락으로 인한 주변시세 대비 전세금이 높게 책정되어 있는듯해 새로운 세입자가 안구해짐 계약 종료 전 내용증명 2회 발송 및 임차권등기 설정 예정(계약만료일과 대출 만료일 동일) 선순위 근저당 5억 잡혀있음 전세금 돌려받을 수 있는 좋은 방법이 있을까요 ?",1. 공동담보 설정상태에서 임대차계약,unknown,"보증상품 보증상품 미확인 | 주택유형 미상 | 보증금구간 1억 미만 | 계약상태 계약중(종료예정) | 선순위권리 근저당설정 | 반환보증 미상 | 분쟁유형 보증금미반환 | 진행단계 임차권등기 | 상황 2021계약 후 2023 계약만료 전 계약 종료로 인한 보증금 반환 요청 하였으나, 아래 사유로 보증금 줄수없다해서 계약 연장 2025 계약만료 전 계약 종료로 인한 보증금 반환 재요청 하였으나, 새로운 세입자가 와야 보증금 줄 수 있다며 기다리라는 말뿐 보증금 반환 의사 없음 현 상황은 집값 하락으로 인한 주변시세 대비 전세금이 높게 책정되어 있는듯해 새로운 세입자가 안구해짐 계약 종료 전 내용증명 2회 발송 및 임차권등기 설정 예정(계약만료일과 대출 만료일 동일) 선순위 근저당 5억 잡혀있음 전세금 돌려받을 수 있는 좋은 방법이 있을까요 ? | 특이사항 1. 공동담보 설정상태에서 임대차계약",provided_synthetic_consultations
CASE-0271,G03,미상,구로구,1억~2억,계약종료,오피스텔,미상,미상,경매·공매,소송제기,"오피스텔 82채 소유한 임대인 사망 후 직계가족 상속포기로 인해 상속대리인선임(이미 선임이 되어있는지 여부 확인 필요) 및 지급명령, 경매 절차 도움 필요",1.바쁘다고 나중에 다시 통화하기로~,unknown,"보증상품 보증상품 미확인 | 주택유형 오피스텔 | 보증금구간 1억~2억 | 계약상태 계약종료 | 선순위권리 미상 | 반환보증 미상 | 분쟁유형 경매·공매 | 진행단계 소송제기 | 상황 오피스텔 82채 소유한 임대인 사망 후 직계가족 상속포기로 인해 상속대리인선임(이미 선임이 되어있는지 여부 확인 필요) 및 지급명령, 경매 절차 도움 필요 | 특이사항 1.바쁘다고 나중에 다시 통화하기로~",provided_synthetic_consultations
CASE-0272,G03,경기,부천시,1억~2억,계약중(종료예정),미상,미상,미상,기타·일반문의,판결·집행,임대차계약기간이 23.04.21 ~ 25.04.21 까지고 임대인에게 계약해지 의사를 표출하였으나 답장이 없어 전화해보니 집주인 여동생이 받아 집주인이 현재 구치소에 있다고 합니다. (제가 보낸 카톡메세지는 이분이 대신 집주인 휴대폰으로 답장 해주셨어요 ㅠㅠ) 그래서 구치소 주소 보내달라 했구요. 현재 내용증명 계약서 상 주소로 보냈는데 반송되어서 공시송달 준비할 예정이고 전세대출 연장관련해서 좀 이르지만 임차권등기명령 신청해서 접수증 가지고 있는 상태입니다. (법원에서는 판결이 기각이 날 수도 있다고 합니다) 현재까지는 이 상태인데 추후에 구치소 주소를 모르니 공시송달을 진행을 하고 만료일 지나서 임차권등기명령을 다시 신청해서 등기부등본에 등재가 된다면 전세금반환소송을 진행하는게 절차가 맞겠죠? p.s 임차권등기명령을 신청하고 바로 소송을 준비해야 하나요? 처음 겪고 모르는 게 많아 막막하고 답답하고 불안합니다 ㅠㅠ,1. 카카오전세대출 임차권등기접수(너무일찍했다),unknown,보증상품 보증상품 미확인 | 주택유형 미상 | 보증금구간 1억~2억 | 계약상태 계약중(종료예정) | 선순위권리 미상 | 반환보증 미상 | 분쟁유형 기타·일반문의 | 진행단계 판결·집행 | 상황 임대차계약기간이 23.04.21 ~ 25.04.21 까지고 임대인에게 계약해지 의사를 표출하였으나 답장이 없어 전화해보니 집주인 여동생이 받아 집주인이 현재 구치소에 있다고 합니다. (제가 보낸 카톡메세지는 이분이 대신 집주인 휴대폰으로 답장 해주셨어요 ㅠㅠ) 그래서 구치소 주소 보내달라 했구요. 현재 내용증명 계약서 상 주소로 보냈는데 반송되어서 공시송달 준비할 예정이고 전세대출 연장관련해서 좀 이르지만 임차권등기명령 신청해서 접수증 가지고 있는 상태입니다. (법원에서는 판결이 기각이 날 수도 있다고 합니다) 현재까지는 이 상태인데 추후에 구치소 주소를 모르니 공시송달을 진행을 하고 만료일 지나서 임차권등기명령을 다시 신청해서 등기부등본에 등재가 된다면 전세금반환소송을 진행하는게 절차가 맞겠죠? p.s 임차권등기명령을 신청하고 바로 소송을 준비해야 하나요? 처음 겪고 모르는 게 많아 막막하고 답답하고 불안합니다 ㅠㅠ | 특이사항 1. 카카오전세대출 임차권등기접수(너무일찍했다),provided_synthetic_consultations
CASE-0273,G03,서울,동작구,1억~2억,계약중(종료예정),미상,근저당설정,가입,경매·공매,임차권등기,"다중 주택에 거주 중입니다. 2월 5일이 묵시적 갱신 중 계약 해지 통보 후 3개월이고, 이에 맞춰 이사를 가려 했는데 집주인이 \`보증금을 주기가 어렵다, 한 달만 더 기다려주면 안되냐, 임차권등기를 하면 다음 세입자 받기가 더 힘들어 보증금 주기가 더 힘들어진다\` 라고 주장하고 있습니다. 저는 2월 5일 현재 집에 물건을 몇 개 남겨둔 후 다음 집으로 이사를 가고, 임차권등기명령을 진행해 등기부등본에 임차권등기가 표시되는 대로 이사간 집 전입신고와 확정일자를 받을 생각입니다. 전입세대열람내역서를 주민센터에서 받아 본 결과 임차인 중 전입일자는 제가 가장 빠른 것으로 확인됩니다. 등기부 등본에 있는 근저당 6억은 제가 계약했을 당시 부동산에서 \`건물이 융자 30%미만이라 안전할거예요\` 라고 해서 계약했었습니다. 보증보험은 가입이 안되어서 하지 못했습니다. 우려하고 있는 것은 해당 건물이 경매에 넘어가게 될 시 제가 보증금을 전액 반환 받을 수 있을까 인데요, 현재 건물의 예상 감정가와 낙찰가를 알아 제가 경매로 넘어갔을 시에 안전한 임차인인지 알고 싶습니다. 제가 임차권등기명령을 걸고 나가서 최악의 경우에 경매를 이용해 전세 보증금 전액을 찾을 수 있을지 불안합니다. 연락 기다리겠습니다. 감사합니다. 새해 복 많이 받으세요.",1. 전입세대열람원상 첫번째 임차인,unknown,"보증상품 보증상품 미확인 | 주택유형 미상 | 보증금구간 1억~2억 | 계약상태 계약중(종료예정) | 선순위권리 근저당설정 | 반환보증 가입 | 분쟁유형 경매·공매 | 진행단계 임차권등기 | 상황 다중 주택에 거주 중입니다. 2월 5일이 묵시적 갱신 중 계약 해지 통보 후 3개월이고, 이에 맞춰 이사를 가려 했는데 집주인이 \`보증금을 주기가 어렵다, 한 달만 더 기다려주면 안되냐, 임차권등기를 하면 다음 세입자 받기가 더 힘들어 보증금 주기가 더 힘들어진다\` 라고 주장하고 있습니다. 저는 2월 5일 현재 집에 물건을 몇 개 남겨둔 후 다음 집으로 이사를 가고, 임차권등기명령을 진행해 등기부등본에 임차권등기가 표시되는 대로 이사간 집 전입신고와 확정일자를 받을 생각입니다. 전입세대열람내역서를 주민센터에서 받아 본 결과 임차인 중 전입일자는 제가 가장 빠른 것으로 확인됩니다. 등기부 등본에 있는 근저당 6억은 제가 계약했을 당시 부동산에서 \`건물이 융자 30%미만이라 안전할거예요\` 라고 해서 계약했었습니다. 보증보험은 가입이 안되어서 하지 못했습니다. 우려하고 있는 것은 해당 건물이 경매에 넘어가게 될 시 제가 보증금을 전액 반환 받을 수 있을까 인데요, 현재 건물의 예상 감정가와 낙찰가를 알아 제가 경매로 넘어갔을 시에 안전한 임차인인지 알고 싶습니다. 제가 임차권등기명령을 걸고 나가서 최악의 경우에 경매를 이용해 전세 보증금 전액을 찾을 수 있을지 불안합니다. 연락 기다리겠습니다. 감사합니다. 새해 복 많이 받으세요. | 특이사항 1. 전입세대열람원상 첫번째 임차인",provided_synthetic_consultations
CASE-0274,G03,경기,수원시,1억~2억,계약중(종료예정),미상,압류·가압류,미상,기타·일반문의,상담·검토,"전세 1억6천에 전세로 살고있는데 2월만기임에도 주인이 연락을 피하고있으며, 건물에 다른세대들도 마찬가지라고합니다 건물에 가압류까지 들어온 상태입니다 건물은 총 16세대이고요 전세로 들어온사람들 전부 형사고소로 준비하고있는 상태입니다 세대를 반씩나눠서 각각 8억 4천씩 건물등기권 설정되어있어서 각세대가 세대별등기를 뗏을때는 8억 4천만원만 나와서 다들 몰랐습니다.",1. 8.4억 설정상태에서 임대차계약,unknown,"보증상품 보증상품 미확인 | 주택유형 미상 | 보증금구간 1억~2억 | 계약상태 계약중(종료예정) | 선순위권리 압류·가압류 | 반환보증 미상 | 분쟁유형 기타·일반문의 | 진행단계 상담·검토 | 상황 전세 1억6천에 전세로 살고있는데 2월만기임에도 주인이 연락을 피하고있으며, 건물에 다른세대들도 마찬가지라고합니다 건물에 가압류까지 들어온 상태입니다 건물은 총 16세대이고요 전세로 들어온사람들 전부 형사고소로 준비하고있는 상태입니다 세대를 반씩나눠서 각각 8억 4천씩 건물등기권 설정되어있어서 각세대가 세대별등기를 뗏을때는 8억 4천만원만 나와서 다들 몰랐습니다. | 특이사항 1. 8.4억 설정상태에서 임대차계약",provided_synthetic_consultations
CASE-0275,G03,서울,관악구,2억~3억,계약중(종료예정),미상,미상,미상,보증금미반환,상담·검토,"계약만료일전(25년 5월말) 임대인이 계약 연장의사를 물어봐서 계약 연장 의사 없음을 밝혔습니다. 그러나 계약만료일에 다음 세입자가 없으면 보증금을 돌려주지 못한다고 계약만료일 전부터 세입자가 구해지는대로 이사가라고 합니다. 이사 일정은 다음 세입자에게 맞춰야하며, 다음 세입자가 계약서를 작성한 후 받은 계약금을 저에게 주고 이후 이사갈 집의 계약을 진행하라 합니다. 임대인은 만기일에도 줄 돈이 없다고 뻔뻔하게 말하네요. 현재 계약 의사가 있는 다음 세입자가 있으며, 일부 대출을 받아 계약을 진행할 것이라 합니다. 다만, 다음 세입자가 잔금일까지 계약 파기 가능성이 없진 않으므로 이에 대한 안전장치를 마련하고 싶습니다. 계약서 특약사항에 대출 실행이 불가한 경우 계약파기 조건이 있다면 계약 진행을 막아야 할까요? 또한, 이처럼 다음 세입자와 이사 일정을 맞추어 이사가는 경우 주의해야 할 사항이 있다면 상담",,unknown,"보증상품 보증상품 미확인 | 주택유형 미상 | 보증금구간 2억~3억 | 계약상태 계약중(종료예정) | 선순위권리 미상 | 반환보증 미상 | 분쟁유형 보증금미반환 | 진행단계 상담·검토 | 상황 계약만료일전(25년 5월말) 임대인이 계약 연장의사를 물어봐서 계약 연장 의사 없음을 밝혔습니다. 그러나 계약만료일에 다음 세입자가 없으면 보증금을 돌려주지 못한다고 계약만료일 전부터 세입자가 구해지는대로 이사가라고 합니다. 이사 일정은 다음 세입자에게 맞춰야하며, 다음 세입자가 계약서를 작성한 후 받은 계약금을 저에게 주고 이후 이사갈 집의 계약을 진행하라 합니다. 임대인은 만기일에도 줄 돈이 없다고 뻔뻔하게 말하네요. 현재 계약 의사가 있는 다음 세입자가 있으며, 일부 대출을 받아 계약을 진행할 것이라 합니다. 다만, 다음 세입자가 잔금일까지 계약 파기 가능성이 없진 않으므로 이에 대한 안전장치를 마련하고 싶습니다. 계약서 특약사항에 대출 실행이 불가한 경우 계약파기 조건이 있다면 계약 진행을 막아야 할까요? 또한, 이처럼 다음 세입자와 이사 일정을 맞추어 이사가는 경우 주의해야 할 사항이 있다면 상담",provided_synthetic_consultations
CASE-0276,G03,서울,강동구,2억~3억,계약종료,미상,미상,가입,기타·일반문의,임차권등기,2024.9월 전세계약만료 후 전세금돌려받지못해 임차권등기등록 후 전세보증보험이행청구 접수상태입니다. 다음 세입자가 생겼다며 임대인이 계약금 및 돈일부돌려주고 임차권등기 해지해달라고 하더군요. 남은금액에 대해서는 보증보험 다시들어주겠다고 하는데 이런경우가 있나요?,1. 24.2.20 새로운 임차인 잔금일,jeonse_return,보증상품 전세보증금반환보증 | 주택유형 미상 | 보증금구간 2억~3억 | 계약상태 계약종료 | 선순위권리 미상 | 반환보증 가입 | 분쟁유형 기타·일반문의 | 진행단계 임차권등기 | 상황 2024.9월 전세계약만료 후 전세금돌려받지못해 임차권등기등록 후 전세보증보험이행청구 접수상태입니다. 다음 세입자가 생겼다며 임대인이 계약금 및 돈일부돌려주고 임차권등기 해지해달라고 하더군요. 남은금액에 대해서는 보증보험 다시들어주겠다고 하는데 이런경우가 있나요? | 특이사항 1. 24.2.20 새로운 임차인 잔금일,provided_synthetic_consultations
CASE-0277,G03,서울,구로구,미상,계약중(종료예정),미상,미상,미상,묵시적갱신분쟁,내용증명·공시송달,"임대인이 2명이고 2명다 해외거주중입니다. 2025년 1월25일 부로, 계약이 종료되는 상황에서 제가 임대인 1명한테만 계약해제 통보를 해서 묵시적 계약연장이 되어있는 상황입니다. 이럴 경우 지금이라도 내용증명을 두사람한테 다 보내서 도달할 경우, 도달한 시점의 3개월 이후에 계약이 종료되는것으로 판단한다고 하네요. 그러면 일단 대출, 반환보증을 연장해야되는데 임대인들이 해외에 있고 연락도 잘안되서 대출심사가 불통과 될것 같아요. 이럴경우 대출이나 반환보증을 연장할 수 있는 방법이 있을까요?",1. 임대인 2명에게 해지통보 해야함,unknown,"보증상품 보증상품 미확인 | 주택유형 미상 | 보증금구간 미상 | 계약상태 계약중(종료예정) | 선순위권리 미상 | 반환보증 미상 | 분쟁유형 묵시적갱신분쟁 | 진행단계 내용증명·공시송달 | 상황 임대인이 2명이고 2명다 해외거주중입니다. 2025년 1월25일 부로, 계약이 종료되는 상황에서 제가 임대인 1명한테만 계약해제 통보를 해서 묵시적 계약연장이 되어있는 상황입니다. 이럴 경우 지금이라도 내용증명을 두사람한테 다 보내서 도달할 경우, 도달한 시점의 3개월 이후에 계약이 종료되는것으로 판단한다고 하네요. 그러면 일단 대출, 반환보증을 연장해야되는데 임대인들이 해외에 있고 연락도 잘안되서 대출심사가 불통과 될것 같아요. 이럴경우 대출이나 반환보증을 연장할 수 있는 방법이 있을까요? | 특이사항 1. 임대인 2명에게 해지통보 해야함",provided_synthetic_consultations
CASE-0278,G03,경기,안양시,3억 이상,계약중(종료예정),미상,근저당설정,가입,기타·일반문의,상담·검토,"현 임대차 계약 23년 12월 체결 당시 등기상 권리관계 없는것 보고 계약, 전입신고 확정일자, 실거주 요건 갖춤 이후 보증보험 가입하려고 보니, 임대인의 보증사고 이력으로 가입 불가함. 그후 임대인이 자금상 문제를 이유로 세입자 동의얻는 후순위대출 요청하엿으나 거절하였고 임차인 동의 없는 대출받아 근저당 1억여원 설정 전세권 설정 요청하엿으나 거절당함 이후에 개인에게 빌린 채무를 사유로 추가 근저당 설정한 상황(25년 1월2일)",1. 임대사업자 / 일부가입,unknown,"보증상품 보증상품 미확인 | 주택유형 미상 | 보증금구간 3억 이상 | 계약상태 계약중(종료예정) | 선순위권리 근저당설정 | 반환보증 가입 | 분쟁유형 기타·일반문의 | 진행단계 상담·검토 | 상황 현 임대차 계약 23년 12월 체결 당시 등기상 권리관계 없는것 보고 계약, 전입신고 확정일자, 실거주 요건 갖춤 이후 보증보험 가입하려고 보니, 임대인의 보증사고 이력으로 가입 불가함. 그후 임대인이 자금상 문제를 이유로 세입자 동의얻는 후순위대출 요청하엿으나 거절하였고 임차인 동의 없는 대출받아 근저당 1억여원 설정 전세권 설정 요청하엿으나 거절당함 이후에 개인에게 빌린 채무를 사유로 추가 근저당 설정한 상황(25년 1월2일) | 특이사항 1. 임대사업자 / 일부가입",provided_synthetic_consultations
CASE-0279,G03,경기,김포시,1억~2억,계약중(종료예정),미상,미상,가입,기타·일반문의,HUG이행청구,계약기간 만료 3개월전쯤 집주인이 변경되었는데 매매계약서를 아무리 요청해도 개인정보라는 이유라 주질 않는 상황인데 허그에서 요청하면 어떻게 할 수 있을까요 부동산 매도인 매수인 아무도 줄 생각이없습니다.,1. 21년에 1.15억 임대차계약 / 23년에 1.1억으로 감액계약 / 24.12.10 0.85억 매매계약,unknown,보증상품 보증상품 미확인 | 주택유형 미상 | 보증금구간 1억~2억 | 계약상태 계약중(종료예정) | 선순위권리 미상 | 반환보증 가입 | 분쟁유형 기타·일반문의 | 진행단계 HUG이행청구 | 상황 계약기간 만료 3개월전쯤 집주인이 변경되었는데 매매계약서를 아무리 요청해도 개인정보라는 이유라 주질 않는 상황인데 허그에서 요청하면 어떻게 할 수 있을까요 부동산 매도인 매수인 아무도 줄 생각이없습니다. | 특이사항 1. 21년에 1.15억 임대차계약 / 23년에 1.1억으로 감액계약 / 24.12.10 0.85억 매매계약,provided_synthetic_consultations
CASE-0280,G03,경기,하남시,1억~2억,계약중(종료예정),오피스텔,미상,가입,보증금미반환,임차권등기,"전세금 반환 문제 때문에 도움을 얻고자 상담신청 드립니다. 저는 지금 하남시에 있는 오피스텔에 살고 있고, 합의된 계약종료 날짜는 2월 28일입니다. 계약 종료 의사는 11월 말에 문자로 말했고, 집주인도 묹로 알겠다고 했었습니다. 그렇게 한달정도 집 구하다가 마음에 드는 집이 생겨서 가계약 하려고 전화를 걸어 전세금 언제까지 주셔라 확답을 받고 싶다했더니 세입자가 구해져야 보증금 줄수 있고 확답 못준다고 하더라구요 그래서 나간다 말씀드린지 한달이 넘었는데 무슨 말씀이시냐 했더니 자기가 무슨 암에 걸렸고, 현금이 없다 세입자 안구해지면 자기도 방법이 없다 이런식으로 말씀하시는데 법적 절차를 생각이 들었습니다. 지금 제가 골치가 아픈 것은 제가 행동할 수 있는 시점이 언제인가 하는 문제인데요, 크게 두가지로 상담 드리고 싶습니다. 1. 2024년 초에 전세 1년 연장 계약하고 보증보험 들었는데, 계약체결일은 2월 28일이고 보증보험등 문서상 계약기간은 2024년 3월 1일 ~ 2025 3월 28일까지로 되어 있고 확정일자도 3월 18일로 되어 있습니다. 근데 집주인은 계약 체결일인 2월 28일까지가 합의된 계약기간이다 말하고 있고, 구두로 합의는 한거 맞긴합니다. 이 경우 2월 28일까지 보증금 안돌려주면, 한달 기다렸다가 3월 28일에 임차권등기설정하고 보증보험 이행청구 하면 되는것일지요 2. 저렇게 한 이유가 원래 보증금이 1억 2천 6백이었는데, 보증보험 기준보다 높아서 1억 1천 4백으로 깎아서 계약서를 다시 쓴것이었습니다. 근데 집주인이 2백을 돌려주진 않았고, 제가 그 손해를 감수하고라도 보증보험 들겠다고 했고 그렇게 보증보험을 든 상태입니다. 근데 이 경우 세입자가 받는 불이익 같은게 혹시 있을까요 힘든와중에 이런 서비스가 있어서 다행입니다ㅠ 상담 부탁드립니다ㅠㅠ",1. 5년거주 / 20.2 1.26억 / 22.2 1.26억 / 24.2 1.14억(차액800만원 안주고 있음),unknown,"보증상품 보증상품 미확인 | 주택유형 오피스텔 | 보증금구간 1억~2억 | 계약상태 계약중(종료예정) | 선순위권리 미상 | 반환보증 가입 | 분쟁유형 보증금미반환 | 진행단계 임차권등기 | 상황 전세금 반환 문제 때문에 도움을 얻고자 상담신청 드립니다. 저는 지금 하남시에 있는 오피스텔에 살고 있고, 합의된 계약종료 날짜는 2월 28일입니다. 계약 종료 의사는 11월 말에 문자로 말했고, 집주인도 묹로 알겠다고 했었습니다. 그렇게 한달정도 집 구하다가 마음에 드는 집이 생겨서 가계약 하려고 전화를 걸어 전세금 언제까지 주셔라 확답을 받고 싶다했더니 세입자가 구해져야 보증금 줄수 있고 확답 못준다고 하더라구요 그래서 나간다 말씀드린지 한달이 넘었는데 무슨 말씀이시냐 했더니 자기가 무슨 암에 걸렸고, 현금이 없다 세입자 안구해지면 자기도 방법이 없다 이런식으로 말씀하시는데 법적 절차를 생각이 들었습니다. 지금 제가 골치가 아픈 것은 제가 행동할 수 있는 시점이 언제인가 하는 문제인데요, 크게 두가지로 상담 드리고 싶습니다. 1. 2024년 초에 전세 1년 연장 계약하고 보증보험 들었는데, 계약체결일은 2월 28일이고 보증보험등 문서상 계약기간은 2024년 3월 1일 ~ 2025 3월 28일까지로 되어 있고 확정일자도 3월 18일로 되어 있습니다. 근데 집주인은 계약 체결일인 2월 28일까지가 합의된 계약기간이다 말하고 있고, 구두로 합의는 한거 맞긴합니다. 이 경우 2월 28일까지 보증금 안돌려주면, 한달 기다렸다가 3월 28일에 임차권등기설정하고 보증보험 이행청구 하면 되는것일지요 2. 저렇게 한 이유가 원래 보증금이 1억 2천 6백이었는데, 보증보험 기준보다 높아서 1억 1천 4백으로 깎아서 계약서를 다시 쓴것이었습니다. 근데 집주인이 2백을 돌려주진 않았고, 제가 그 손해를 감수하고라도 보증보험 들겠다고 했고 그렇게 보증보험을 든 상태입니다. 근데 이 경우 세입자가 받는 불이익 같은게 혹시 있을까요 힘든와중에 이런 서비스가 있어서 다행입니다ㅠ 상담 부탁드립니다ㅠㅠ | 특이사항 1. 5년거주 / 20.2 1.26억 / 22.2 1.26억 / 24.2 1.14억(차액800만원 안주고 있음)",provided_synthetic_consultations
CASE-0281,G03,경기,부천시,3억 이상,계약중(종료예정),미상,미상,미상,기타·일반문의,임차권등기,2025.2.16 임대차 계약 종료시점으로 집주인에게 3개월전 이사계획 알림. 카톡으로 알았다고 확인함 내용증명은.보내지.않음 최근 집주인이 5.6 월까지 보증금에 대한 이자를 줄테니 기다려줄수 있는지 (매매 전세 다 내놓음) 물어봄. 이사를 가려는 이유는 너무 보증금이 비싸고 보증금에 비해.집의 만족도가 높지 않기 때문임 (임대인은 여유가 없어서 보증금을 내리진 않음) 우리입장에서는 기다려 줄수 있는 상황이기는 함.(이사가 급하지 않음.) 이런경우 임차권등기설정을 바로 하지 않고 이자를.받으면서 기다려 주는 편이 나은지 아니면 법대로 그냥 신속하게 해결하는것이.좋은지 고민이 됩니다.,1. 운전중이니 다음에 다시 통화하자,unknown,보증상품 보증상품 미확인 | 주택유형 미상 | 보증금구간 3억 이상 | 계약상태 계약중(종료예정) | 선순위권리 미상 | 반환보증 미상 | 분쟁유형 기타·일반문의 | 진행단계 임차권등기 | 상황 2025.2.16 임대차 계약 종료시점으로 집주인에게 3개월전 이사계획 알림. 카톡으로 알았다고 확인함 내용증명은.보내지.않음 최근 집주인이 5.6 월까지 보증금에 대한 이자를 줄테니 기다려줄수 있는지 (매매 전세 다 내놓음) 물어봄. 이사를 가려는 이유는 너무 보증금이 비싸고 보증금에 비해.집의 만족도가 높지 않기 때문임 (임대인은 여유가 없어서 보증금을 내리진 않음) 우리입장에서는 기다려 줄수 있는 상황이기는 함.(이사가 급하지 않음.) 이런경우 임차권등기설정을 바로 하지 않고 이자를.받으면서 기다려 주는 편이 나은지 아니면 법대로 그냥 신속하게 해결하는것이.좋은지 고민이 됩니다. | 특이사항 1. 운전중이니 다음에 다시 통화하자,provided_synthetic_consultations
CASE-0282,G03,서울,강서구,1억~2억,계약중(종료예정),미상,선순위존재,미상,묵시적갱신분쟁,상담·검토,현재 중기청 전세대출 중으로 묵시적 갱신 후 공시지가 하락으로 대출연장 거절되어 대출 연체가 될 상황이라 난감한 상황입니다.,1. 대항력있는 선순위임차인,unknown,보증상품 보증상품 미확인 | 주택유형 미상 | 보증금구간 1억~2억 | 계약상태 계약중(종료예정) | 선순위권리 선순위존재 | 반환보증 미상 | 분쟁유형 묵시적갱신분쟁 | 진행단계 상담·검토 | 상황 현재 중기청 전세대출 중으로 묵시적 갱신 후 공시지가 하락으로 대출연장 거절되어 대출 연체가 될 상황이라 난감한 상황입니다. | 특이사항 1. 대항력있는 선순위임차인,provided_synthetic_consultations
CASE-0283,G03,부산,중구,1억 미만,계약중(종료예정),미상,미상,미상,경매·공매,임차권등기,"다름이아니라 2월6일 전세집 만기가 되는데 보증금을 못받을것같습니다. 내용증명은 전송하였으나 2달전 임대인 도달이 안되어 소용없을 것 같습니다. 궁금한점은 만기시 임차권등기 신청하고 대출연장 및 이사를 나가려고하는데, 제가 가지고있는 증거는 만기 4개월전 대리인 문자(읽음), 녹취록(임대인이 제가 나간다는걸 알고있다는 내용)밖에 없습니다. 혹시 위 녹취록을 통해 임차권등기 증빙자료로 쓰일 수 있나요? 또한 23년 당시 현재는 취하되었으나 강제경매 들어갔던 적이 있는데 당시 권리신고 및 배당요구신청서 제출한 것이 있습니다. 이것또한 기간이 많이 지났지만 임차권등기의 증빙자료로 쓰일 수 있을까요?",1. 4년 전 입주 / 법인임대인 연락두절 / 대리인이라는 정체를 알 수 없는 사람과 소통 중,unknown,"보증상품 보증상품 미확인 | 주택유형 미상 | 보증금구간 1억 미만 | 계약상태 계약중(종료예정) | 선순위권리 미상 | 반환보증 미상 | 분쟁유형 경매·공매 | 진행단계 임차권등기 | 상황 다름이아니라 2월6일 전세집 만기가 되는데 보증금을 못받을것같습니다. 내용증명은 전송하였으나 2달전 임대인 도달이 안되어 소용없을 것 같습니다. 궁금한점은 만기시 임차권등기 신청하고 대출연장 및 이사를 나가려고하는데, 제가 가지고있는 증거는 만기 4개월전 대리인 문자(읽음), 녹취록(임대인이 제가 나간다는걸 알고있다는 내용)밖에 없습니다. 혹시 위 녹취록을 통해 임차권등기 증빙자료로 쓰일 수 있나요? 또한 23년 당시 현재는 취하되었으나 강제경매 들어갔던 적이 있는데 당시 권리신고 및 배당요구신청서 제출한 것이 있습니다. 이것또한 기간이 많이 지났지만 임차권등기의 증빙자료로 쓰일 수 있을까요? | 특이사항 1. 4년 전 입주 / 법인임대인 연락두절 / 대리인이라는 정체를 알 수 없는 사람과 소통 중",provided_synthetic_consultations
CASE-0284,G03,서울,금천구,1억~2억,계약중(종료예정),미상,미상,미상,기타·일반문의,소송제기,사건번호 (사건) 로 신청해 두었는데 결과를 대략 언제쯤 받아 임차권 등기명령을 진행할 수 있을까요? 현재 임차권 등기명령(사건))을 먼저 실행하여 보정명령이 떨어진 상황이라 급히 여쭤봅니다. 그리고 전세반환 소송 준비 시에 셀프로 진행하고자 하는데 과정에 대 조언 받을 수 있을까요?,1. 회의중이니 다음에 다시 통화하자,unknown,보증상품 보증상품 미확인 | 주택유형 미상 | 보증금구간 1억~2억 | 계약상태 계약중(종료예정) | 선순위권리 미상 | 반환보증 미상 | 분쟁유형 기타·일반문의 | 진행단계 소송제기 | 상황 사건번호 (사건) 로 신청해 두었는데 결과를 대략 언제쯤 받아 임차권 등기명령을 진행할 수 있을까요? 현재 임차권 등기명령(사건))을 먼저 실행하여 보정명령이 떨어진 상황이라 급히 여쭤봅니다. 그리고 전세반환 소송 준비 시에 셀프로 진행하고자 하는데 과정에 대 조언 받을 수 있을까요? | 특이사항 1. 회의중이니 다음에 다시 통화하자,provided_synthetic_consultations
CASE-0285,G03,부산,사상구,1억~2억,계약종료,미상,압류·가압류,가입,경매·공매,판결·집행,2021.2. 전세계약 체결 2022.2. 세금체납을 근거로 세무소에서 해당 집을 압류(임대인에게 별도 고지받지 못함) 2023.7.~2024.9. 공매 진행 중 체납액 일부 납부 약속을 근거로 공매 취소 2024.11. 임차권 등기명령 기재 임차권등기명령 후 가압류와 전세보증금반환소송을 진행하는 것 같은데 이와 같은 상황에서도 똑같이 진행하면 되는지 잘 모르겠습니다. 세무소에 압류가 되어 있는 상태라 가압류는 진행하지 못할 것 같으며 전세보증금반환소송을 하면 승소하여 경매로 진행이 되는 것 같은데 현재 집이 공매 취소 상태이기 때문에 경매를 진행하는데 아무런 문제가 없는 것인지,1. 강제경매신청가능 / 가압류 가능,unknown,보증상품 보증상품 미확인 | 주택유형 미상 | 보증금구간 1억~2억 | 계약상태 계약종료 | 선순위권리 압류·가압류 | 반환보증 가입 | 분쟁유형 경매·공매 | 진행단계 판결·집행 | 상황 2021.2. 전세계약 체결 2022.2. 세금체납을 근거로 세무소에서 해당 집을 압류(임대인에게 별도 고지받지 못함) 2023.7.~2024.9. 공매 진행 중 체납액 일부 납부 약속을 근거로 공매 취소 2024.11. 임차권 등기명령 기재 임차권등기명령 후 가압류와 전세보증금반환소송을 진행하는 것 같은데 이와 같은 상황에서도 똑같이 진행하면 되는지 잘 모르겠습니다. 세무소에 압류가 되어 있는 상태라 가압류는 진행하지 못할 것 같으며 전세보증금반환소송을 하면 승소하여 경매로 진행이 되는 것 같은데 현재 집이 공매 취소 상태이기 때문에 경매를 진행하는데 아무런 문제가 없는 것인지 | 특이사항 1. 강제경매신청가능 / 가압류 가능,provided_synthetic_consultations
CASE-0286,G03,경기,의정부시,1억 미만,계약중(종료예정),미상,미상,미상,묵시적갱신분쟁,임차권등기,내용증명건으로 궁금해서 제가 전세계약만기 2달전에 계약종료의사와 보증금 반환 요청을 임대인에게 전화통화로 시도 하였으나 연락이 닿지 않아 1차 내용증명을 발송 하였으나 폐문부재로 계약만기 2달전에는 도달이 되지 않아서 현재는 묵시적 갱신 상태입니다. 1차 내용증명은 오늘 반송처리 되었고 임대인 초본 확인 후 다시 2차내용증명을 발송 할 예정인데 혹시 그럼 2차 내용증명에서는 묵시적갱신을 바탕으로 내용증명을 작성 해야 할까요? 2차 내용증명도 도달이 되지않으면 공시송달과 3개월 뒤 임차권등기 보증금 이행신청까지 할 예정입니다. 2차 내용증명을 무슨 내용으로 발송 해야 할 지,,unknown,보증상품 보증상품 미확인 | 주택유형 미상 | 보증금구간 1억 미만 | 계약상태 계약중(종료예정) | 선순위권리 미상 | 반환보증 미상 | 분쟁유형 묵시적갱신분쟁 | 진행단계 임차권등기 | 상황 내용증명건으로 궁금해서 제가 전세계약만기 2달전에 계약종료의사와 보증금 반환 요청을 임대인에게 전화통화로 시도 하였으나 연락이 닿지 않아 1차 내용증명을 발송 하였으나 폐문부재로 계약만기 2달전에는 도달이 되지 않아서 현재는 묵시적 갱신 상태입니다. 1차 내용증명은 오늘 반송처리 되었고 임대인 초본 확인 후 다시 2차내용증명을 발송 할 예정인데 혹시 그럼 2차 내용증명에서는 묵시적갱신을 바탕으로 내용증명을 작성 해야 할까요? 2차 내용증명도 도달이 되지않으면 공시송달과 3개월 뒤 임차권등기 보증금 이행신청까지 할 예정입니다. 2차 내용증명을 무슨 내용으로 발송 해야 할 지,provided_synthetic_consultations
CASE-0287,G03,서울,강서구,1억~2억,계약중(종료예정),미상,압류·가압류,가입,묵시적갱신분쟁,상담·검토,중기청 2년과 보증보험 2년을 가입 한 후 묵시적 년 추가 계약하면서 보증보험은 해지된 상황입니다. 2년이 더지나 4월에는 만기 상태로 집주인에게 퇴실여부를 통보한 상태입니다. 집주인이 세입자에게 직접 세입자를 찾아 계약해라. 라고 해둔 상태에서 중개사무소에 연락했더니 등기부에 대략 1억이 넘는 금액이 가압류된 상태라는것을 알았습니다 (2024년 8월부터) 현재는 지속 집주인에게 전세등기를 위해 연락하고 있으나 빠른 연락이 되고 있지 않아 만기 전에 해결하고자 법률 상담을 받고 싶습니다. 연락 부탁드리겠습니다,,unknown,보증상품 보증상품 미확인 | 주택유형 미상 | 보증금구간 1억~2억 | 계약상태 계약중(종료예정) | 선순위권리 압류·가압류 | 반환보증 가입 | 분쟁유형 묵시적갱신분쟁 | 진행단계 상담·검토 | 상황 중기청 2년과 보증보험 2년을 가입 한 후 묵시적 년 추가 계약하면서 보증보험은 해지된 상황입니다. 2년이 더지나 4월에는 만기 상태로 집주인에게 퇴실여부를 통보한 상태입니다. 집주인이 세입자에게 직접 세입자를 찾아 계약해라. 라고 해둔 상태에서 중개사무소에 연락했더니 등기부에 대략 1억이 넘는 금액이 가압류된 상태라는것을 알았습니다 (2024년 8월부터) 현재는 지속 집주인에게 전세등기를 위해 연락하고 있으나 빠른 연락이 되고 있지 않아 만기 전에 해결하고자 법률 상담을 받고 싶습니다. 연락 부탁드리겠습니다,provided_synthetic_consultations
CASE-0288,G03,경북,포항시,2억~3억,계약중(종료예정),미상,미상,미상,보증금미반환,상담·검토,"2023년 01월 16일(계약체결일), 계약기간: 2023년 02월 05일부터 2025년 02월 04일까지, 임대(전세)보증금: 210,000,000원(월세:0원) 으로 임대차(전세)계약을 체결하였습니다. 저는 주인 돈을 돌려줄 수 없는 입장입니다. 주인의 제안은 먼저 총금액중 6천만원을 주고 집을 은행대출을 받아 주겠다고 합니다. 은행대출 전제조건은 먼저 우리가 집을 나가고 등기부상 깨끗한 상태로 서류를 넣어야 대출이 된다고 합니다. 어떡게 해야 할까요?",,unknown,"보증상품 보증상품 미확인 | 주택유형 미상 | 보증금구간 2억~3억 | 계약상태 계약중(종료예정) | 선순위권리 미상 | 반환보증 미상 | 분쟁유형 보증금미반환 | 진행단계 상담·검토 | 상황 2023년 01월 16일(계약체결일), 계약기간: 2023년 02월 05일부터 2025년 02월 04일까지, 임대(전세)보증금: 210,000,000원(월세:0원) 으로 임대차(전세)계약을 체결하였습니다. 저는 주인 돈을 돌려줄 수 없는 입장입니다. 주인의 제안은 먼저 총금액중 6천만원을 주고 집을 은행대출을 받아 주겠다고 합니다. 은행대출 전제조건은 먼저 우리가 집을 나가고 등기부상 깨끗한 상태로 서류를 넣어야 대출이 된다고 합니다. 어떡게 해야 할까요?",provided_synthetic_consultations
CASE-0289,G03,서울,관악구,1억~2억,계약중(종료예정),미상,근저당설정,미상,경매·공매,임차권등기,"다중주택에 거주하고 있는 사람입니다. 현재 건물 등기부등본에 임차권등기와 가압류가 잡혀있습니다. 두 건 모두 현재 거주하고 있는 임차인들 접수하였습니다. 근저당권설정 2021년 10월 27일 1,430,000,000원 근저당권변경 2023년 10월 19일 828,000,000원 임차권등기 2023년 11월 30일 140,000,000원 가압류 2024년 11월 6일 170,000,000원 이렇게 등기부 등본에 나와있고, 전입세대확인서 열람한 결과 11세대가 거주하고 있고, 저의 순번은 2번 째로 확인됩니다. 1번 째는 임차권등기한 사람으로 확인되고요. 만약 집이 경매로 넘어가게 될 경우 저의 보증금 반환이 어떻게 되는지 궁금합니다. 도움을 부탁드리겠습니다.",1. 본인은 전세모카페에 문의남긴적이 없다고 함 / 법무법인 어디냐고 물어보는것이 여기저기 공짜 문의를 남발하고 있는 것으로 보임,unknown,"보증상품 보증상품 미확인 | 주택유형 미상 | 보증금구간 1억~2억 | 계약상태 계약중(종료예정) | 선순위권리 근저당설정 | 반환보증 미상 | 분쟁유형 경매·공매 | 진행단계 임차권등기 | 상황 다중주택에 거주하고 있는 사람입니다. 현재 건물 등기부등본에 임차권등기와 가압류가 잡혀있습니다. 두 건 모두 현재 거주하고 있는 임차인들 접수하였습니다. 근저당권설정 2021년 10월 27일 1,430,000,000원 근저당권변경 2023년 10월 19일 828,000,000원 임차권등기 2023년 11월 30일 140,000,000원 가압류 2024년 11월 6일 170,000,000원 이렇게 등기부 등본에 나와있고, 전입세대확인서 열람한 결과 11세대가 거주하고 있고, 저의 순번은 2번 째로 확인됩니다. 1번 째는 임차권등기한 사람으로 확인되고요. 만약 집이 경매로 넘어가게 될 경우 저의 보증금 반환이 어떻게 되는지 궁금합니다. 도움을 부탁드리겠습니다. | 특이사항 1. 본인은 전세모카페에 문의남긴적이 없다고 함 / 법무법인 어디냐고 물어보는것이 여기저기 공짜 문의를 남발하고 있는 것으로 보임",provided_synthetic_consultations
CASE-0290,G03,서울,영등포구,1억~2억,계약중(종료예정),미상,압류·가압류,미상,경매·공매,소송제기,"2023.01.16~2025.01.16 전세계약 만기 한달 전 집주인이 전세금 반환이 어렵다고 하여서 은행 대출 연장을 위해 임차권등기 설정할 예정이라고 통보하였으나, 이후 최종적으로 만기일에 보증금을 돌려주지 못한다는 답변을 받은 상태입니다. 임차권 등기 설정 후 지급명령 또는 전세금반환소송 준비를 바로 진행하고자 합니다. - 착수부터 이후 비용/소요기간 상담 문의드리고자 합니다. - 임차권 등기 설정 후 지급명령을 하는게 좋을지, 소송을 바로 하는게 좋을지 더 나은 방향이 궁금합니다. - 현재 해당 집에 가압류가 있는 상태(2024.09) 인데, 추후 소송이나 경매 진행하게 될 시 문제되는 부분 있는지",,unknown,"보증상품 보증상품 미확인 | 주택유형 미상 | 보증금구간 1억~2억 | 계약상태 계약중(종료예정) | 선순위권리 압류·가압류 | 반환보증 미상 | 분쟁유형 경매·공매 | 진행단계 소송제기 | 상황 2023.01.16~2025.01.16 전세계약 만기 한달 전 집주인이 전세금 반환이 어렵다고 하여서 은행 대출 연장을 위해 임차권등기 설정할 예정이라고 통보하였으나, 이후 최종적으로 만기일에 보증금을 돌려주지 못한다는 답변을 받은 상태입니다. 임차권 등기 설정 후 지급명령 또는 전세금반환소송 준비를 바로 진행하고자 합니다. - 착수부터 이후 비용/소요기간 상담 문의드리고자 합니다. - 임차권 등기 설정 후 지급명령을 하는게 좋을지, 소송을 바로 하는게 좋을지 더 나은 방향이 궁금합니다. - 현재 해당 집에 가압류가 있는 상태(2024.09) 인데, 추후 소송이나 경매 진행하게 될 시 문제되는 부분 있는지",provided_synthetic_consultations
CASE-0291,G03,인천,미추홀구,1억~2억,계약중(종료예정),미상,미상,미상,보증금미반환,상담·검토,"중소기업청년대출 2023 01 06 실행 2025 01 06 만기 로 첫계약을 진행하였고, 현재 역전세로 인해 전세금 8100원 이상이면 대출실행이 불가한 상황으로. 임대인께 전세금 인하를 권유드렸으나 거부하시고 중도계약해지서도 작성거부하셔서 보증금반환진행이 어려운 상황이라 확인",,unknown,"보증상품 보증상품 미확인 | 주택유형 미상 | 보증금구간 1억~2억 | 계약상태 계약중(종료예정) | 선순위권리 미상 | 반환보증 미상 | 분쟁유형 보증금미반환 | 진행단계 상담·검토 | 상황 중소기업청년대출 2023 01 06 실행 2025 01 06 만기 로 첫계약을 진행하였고, 현재 역전세로 인해 전세금 8100원 이상이면 대출실행이 불가한 상황으로. 임대인께 전세금 인하를 권유드렸으나 거부하시고 중도계약해지서도 작성거부하셔서 보증금반환진행이 어려운 상황이라 확인",provided_synthetic_consultations
CASE-0292,G03,서울,영등포구,3억 이상,계약중(종료예정),미상,근저당설정,미가입,보증금미반환,상담·검토,"부동산 계약을 하러 간 당일에 근저당이 잡혀 있는 걸 확인하였습니다. (당일 퇴근시간까지 부동산에서는 근저당에 대한 이야기는 없었고, 임대인과 마주한 상황에서 계약일 전 일에 신규로 근저당이 잡힌 등기부등본을 보여주었습니다) 부동산과 임대인은 아래와 같이 전액 상환하고 말소하는 조건이라 전혀 걱정할 필요가 없고, 등기상 1순위 전입조건이라는 말이 대항력 효력발생까지 추가 근저당 설정을 못한다는 뜻이라고 하여서 계약을 진행하였는데, 여러가지 정황상 의도적으로 속이고 변경된 등기부등본을 계약 시점까지 보여주지 않았다는 생각이 듭니다. 부동산에 이제라도 잔금일 익일까지 등기변동 못한다는 내용의 특약을 추가로 넣어줄 수 있는지 물어보았는데, 이미 계약이 완료되었고 임대인은 더 이상의 계약 수정을 원하지 않는다. 마음에 들지 않으면 계약금인 4천만원을 포기하고 계약을 파기해라 라고만 말하고 있습니다. 전세대출이나 보증보험이 안되는 경우 계약 파기할수 있다는 내용의 특약도 넣어줄 수 없다고 하여서 불안감이 커지고 있습니다. 타임라인 아래와 같이 정리하였습니다. ------------------------------ 1/7 저녁 매물 확인 등기부등본 확인 1/8 오전 부동산에 계약의사 밝힘 (1/8 신규 근저당 발생) 1/9 오전 부동산에 현재 거주중인 문정동 집의 보증금 환급 일정이 불투명하여 계약서 작성일 변경을 요청하였으나 거절 1/9 오후 7시 계약서 작성 1/10 계약서상 특약 추가요청하였으나 지속 거절당함 ------------------------------ 의문점 1. 부동산에서 계약서 작성을 지나치게 재촉 2. 등기부등본에 변동사항이 생긴 것을 계약 시점에 고지 3. 임대인은 남편, 실 관리는 아내가 진행하여 임대인과 임대인의 아내 모두 계약시 동행했지만, 실 관리자의 인적사항은 물어보아도 답하지 않음 4.특약 사항 추가가 가능한지 문의했을때 부동산의 답변은 \""임대인이 원하지 않기 때문에 불가능, 전세대출, 보증보험에는 문제 없는 매물이고, 보증금 반환에 문제를 겪는 사람이 아님, 계약에 불만이 있을경우 계약금인 4천만원을 위약금으로 하여 계약파기\""라는 입장을 고수 대출을 받으려고 하는 은행이나 법무사에게 문의했을때, 당일 근저당 설정은 일반적인 상황이 아니고 불안한 요소가 많다고 하여 계약금을 돌려받고 계약을 파기할수 있을지 알고 싶습니다.",1. 계약과정 중 / 잔금 2.27,unknown,"보증상품 보증상품 미확인 | 주택유형 미상 | 보증금구간 3억 이상 | 계약상태 계약중(종료예정) | 선순위권리 근저당설정 | 반환보증 미가입 | 분쟁유형 보증금미반환 | 진행단계 상담·검토 | 상황 부동산 계약을 하러 간 당일에 근저당이 잡혀 있는 걸 확인하였습니다. (당일 퇴근시간까지 부동산에서는 근저당에 대한 이야기는 없었고, 임대인과 마주한 상황에서 계약일 전 일에 신규로 근저당이 잡힌 등기부등본을 보여주었습니다) 부동산과 임대인은 아래와 같이 전액 상환하고 말소하는 조건이라 전혀 걱정할 필요가 없고, 등기상 1순위 전입조건이라는 말이 대항력 효력발생까지 추가 근저당 설정을 못한다는 뜻이라고 하여서 계약을 진행하였는데, 여러가지 정황상 의도적으로 속이고 변경된 등기부등본을 계약 시점까지 보여주지 않았다는 생각이 듭니다. 부동산에 이제라도 잔금일 익일까지 등기변동 못한다는 내용의 특약을 추가로 넣어줄 수 있는지 물어보았는데, 이미 계약이 완료되었고 임대인은 더 이상의 계약 수정을 원하지 않는다. 마음에 들지 않으면 계약금인 4천만원을 포기하고 계약을 파기해라 라고만 말하고 있습니다. 전세대출이나 보증보험이 안되는 경우 계약 파기할수 있다는 내용의 특약도 넣어줄 수 없다고 하여서 불안감이 커지고 있습니다. 타임라인 아래와 같이 정리하였습니다. ------------------------------ 1/7 저녁 매물 확인 등기부등본 확인 1/8 오전 부동산에 계약의사 밝힘 (1/8 신규 근저당 발생) 1/9 오전 부동산에 현재 거주중인 문정동 집의 보증금 환급 일정이 불투명하여 계약서 작성일 변경을 요청하였으나 거절 1/9 오후 7시 계약서 작성 1/10 계약서상 특약 추가요청하였으나 지속 거절당함 ------------------------------ 의문점 1. 부동산에서 계약서 작성을 지나치게 재촉 2. 등기부등본에 변동사항이 생긴 것을 계약 시점에 고지 3. 임대인은 남편, 실 관리는 아내가 진행하여 임대인과 임대인의 아내 모두 계약시 동행했지만, 실 관리자의 인적사항은 물어보아도 답하지 않음 4.특약 사항 추가가 가능한지 문의했을때 부동산의 답변은 \""임대인이 원하지 않기 때문에 불가능, 전세대출, 보증보험에는 문제 없는 매물이고, 보증금 반환에 문제를 겪는 사람이 아님, 계약에 불만이 있을경우 계약금인 4천만원을 위약금으로 하여 계약파기\""라는 입장을 고수 대출을 받으려고 하는 은행이나 법무사에게 문의했을때, 당일 근저당 설정은 일반적인 상황이 아니고 불안한 요소가 많다고 하여 계약금을 돌려받고 계약을 파기할수 있을지 알고 싶습니다. | 특이사항 1. 계약과정 중 / 잔금 2.27",provided_synthetic_consultations
CASE-0293,G03,미상,은평구,2억~3억,계약종료,오피스텔,선순위존재,가입,전세사기,소송제기,전세사기 두번당한 두건에 대해 민사소송을 진행하고자합니다. 첫번째 전세사기는 허그로부터 보증금 반환을 받았으나 연체 이자 700만원가량에 대해 민사소송을 진행하려고하고 두번째는 임대인이 임대차계약서를 위조하고 추가 대출받은 사실에 대해 민사소송을 진행하려고합니다.,1. 대항력있는 선순위임차인 / 오피스텔,unknown,보증상품 보증상품 미확인 | 주택유형 오피스텔 | 보증금구간 2억~3억 | 계약상태 계약종료 | 선순위권리 선순위존재 | 반환보증 가입 | 분쟁유형 전세사기 | 진행단계 소송제기 | 상황 전세사기 두번당한 두건에 대해 민사소송을 진행하고자합니다. 첫번째 전세사기는 허그로부터 보증금 반환을 받았으나 연체 이자 700만원가량에 대해 민사소송을 진행하려고하고 두번째는 임대인이 임대차계약서를 위조하고 추가 대출받은 사실에 대해 민사소송을 진행하려고합니다. | 특이사항 1. 대항력있는 선순위임차인 / 오피스텔,provided_synthetic_consultations
CASE-0294,G03,미상,동작구,1억~2억,계약중(종료예정),원룸·도시형,선순위존재,미상,경매·공매,상고심,"동작구에 살고있던 원룸건물 주인이 파산을 하여 경매에 넘어가려는 상황에서 ! 현재 살고있는 원룸건물(단독주택)에 20년 3월 1년계약(5000/35) 21년 3월 1년계약(14000) 22년 3월 2년계약(16000)후 1년묵시적연장 하였고 계약서 작성시마다 전입신고와 확정일자를 받았습니다. 최근 집주인 파산신청 후 경매배당이 되어 배당요구 신청서를 내라고 안내문을 받았는데, 찾아보니 단독주택의경우 건물 중 종전에 임차하고 있던 부분에서 다른 부분으로 옮기면서 그 옮긴 부분으로 다시 전입신고를 하였다 하더라도 이를 달리 볼 것은 아니다(대법원 97다47828) 라는 판결이 있어 최초 입주시점부터 대항력 발생이 된다고 보았는데, 현재상황에서 첫 계약시 선순위로 되지 않고 마지막 계약일로 될경우 전세금을 못받을 확률이 높아 간절한 상황입니다 당장 제가 배당요구서를 낼 때 계약서를 제출하는것으로 알고있는데 이 때 첫계약서부터 모두 제출하면 순위를 인정받을 수 있는건지, 아니면 그 후에 제가 무언가 소송을 해야하는건지 현재로써 형사소송보다 저 방법으로 진행하고싶은 마음이 간절한데 방법을 몰라 답답한 상황입니다 간절히 답변 기다리겠습니다 !","1, 파산전문법률전문가의 상담을 받아보시는게 좋겠습니다.",unknown,"보증상품 보증상품 미확인 | 주택유형 원룸·도시형 | 보증금구간 1억~2억 | 계약상태 계약중(종료예정) | 선순위권리 선순위존재 | 반환보증 미상 | 분쟁유형 경매·공매 | 진행단계 상고심 | 상황 동작구에 살고있던 원룸건물 주인이 파산을 하여 경매에 넘어가려는 상황에서 ! 현재 살고있는 원룸건물(단독주택)에 20년 3월 1년계약(5000/35) 21년 3월 1년계약(14000) 22년 3월 2년계약(16000)후 1년묵시적연장 하였고 계약서 작성시마다 전입신고와 확정일자를 받았습니다. 최근 집주인 파산신청 후 경매배당이 되어 배당요구 신청서를 내라고 안내문을 받았는데, 찾아보니 단독주택의경우 건물 중 종전에 임차하고 있던 부분에서 다른 부분으로 옮기면서 그 옮긴 부분으로 다시 전입신고를 하였다 하더라도 이를 달리 볼 것은 아니다(대법원 97다47828) 라는 판결이 있어 최초 입주시점부터 대항력 발생이 된다고 보았는데, 현재상황에서 첫 계약시 선순위로 되지 않고 마지막 계약일로 될경우 전세금을 못받을 확률이 높아 간절한 상황입니다 당장 제가 배당요구서를 낼 때 계약서를 제출하는것으로 알고있는데 이 때 첫계약서부터 모두 제출하면 순위를 인정받을 수 있는건지, 아니면 그 후에 제가 무언가 소송을 해야하는건지 현재로써 형사소송보다 저 방법으로 진행하고싶은 마음이 간절한데 방법을 몰라 답답한 상황입니다 간절히 답변 기다리겠습니다 ! | 특이사항 1, 파산전문법률전문가의 상담을 받아보시는게 좋겠습니다.",provided_synthetic_consultations
CASE-0295,G03,대구,해운대구,1억 미만,계약중(종료예정),오피스텔,미상,가입,기타·일반문의,상담·검토,공인중개사를 끼고 2023년 12월 28일 7500만원 금액의 오피스텔 전세계약을 했습니다. 계약하는 과정에서 구두로 세금 체납된 사실이 없냐고 물었을 때 집주인이 없다고 말을 하였고 (공인중개사 2인 모두 들은 사실이 있음) 계약을 진행하였습니다. 전세금의 10%인 750만원을 계약금으로 집주인에게 이체하였고 며칠 지나 세무서에 확인해보니 집주인 이름으로 지방세가 450만원이 체납이 되어 있었습니다. 분명히 체납된 사실이 없다고 하였는데 거짓말을 한 셈이니 신뢰가 어긋나여 계약해지를 요구하였고 계약금을 반환해달라고 말을 했더니 지금까지 돌려주지 않고 있습니다. 계약 당시 공인중개사도 지방세 체납 내역을 따로 보여주지 않았고 계약 파기를 요청하니 그때서야 아파트가 아니라 오피스텔이고 거래금액이 크지않아 미처 지방세 열람을 생각하지 못했다고 했습니다. 이러한 경우 공인중개사에게 과실이 있는게 아닌가요? 공인중개사는 보증보험도 가입되어 있었습니다. 집주인은 아직까지 돌려 줄 돈이 없다고 배 째라는 식인데 공인중개사 보증보험 공제금 청구 대상이 될까요?,,unknown,보증상품 보증상품 미확인 | 주택유형 오피스텔 | 보증금구간 1억 미만 | 계약상태 계약중(종료예정) | 선순위권리 미상 | 반환보증 가입 | 분쟁유형 기타·일반문의 | 진행단계 상담·검토 | 상황 공인중개사를 끼고 2023년 12월 28일 7500만원 금액의 오피스텔 전세계약을 했습니다. 계약하는 과정에서 구두로 세금 체납된 사실이 없냐고 물었을 때 집주인이 없다고 말을 하였고 (공인중개사 2인 모두 들은 사실이 있음) 계약을 진행하였습니다. 전세금의 10%인 750만원을 계약금으로 집주인에게 이체하였고 며칠 지나 세무서에 확인해보니 집주인 이름으로 지방세가 450만원이 체납이 되어 있었습니다. 분명히 체납된 사실이 없다고 하였는데 거짓말을 한 셈이니 신뢰가 어긋나여 계약해지를 요구하였고 계약금을 반환해달라고 말을 했더니 지금까지 돌려주지 않고 있습니다. 계약 당시 공인중개사도 지방세 체납 내역을 따로 보여주지 않았고 계약 파기를 요청하니 그때서야 아파트가 아니라 오피스텔이고 거래금액이 크지않아 미처 지방세 열람을 생각하지 못했다고 했습니다. 이러한 경우 공인중개사에게 과실이 있는게 아닌가요? 공인중개사는 보증보험도 가입되어 있었습니다. 집주인은 아직까지 돌려 줄 돈이 없다고 배 째라는 식인데 공인중개사 보증보험 공제금 청구 대상이 될까요?,provided_synthetic_consultations
CASE-0296,G03,미상,미상,1억~2억,계약중(종료예정),미상,근저당설정,미상,전세사기,소송제기,어제 집주인이 파산신청을 했다는 문자를 받았습니다. 계약은 내년 7월까지입니다. 보증금반환 소송을 생각중입니다. 그리고 전세사기 관련하여 도움을 받고 싶습니다.,1. 단독주택 / 근저당 9.3억(2018.08) 설정상태에서 임대차계약,unknown,보증상품 보증상품 미확인 | 주택유형 미상 | 보증금구간 1억~2억 | 계약상태 계약중(종료예정) | 선순위권리 근저당설정 | 반환보증 미상 | 분쟁유형 전세사기 | 진행단계 소송제기 | 상황 어제 집주인이 파산신청을 했다는 문자를 받았습니다. 계약은 내년 7월까지입니다. 보증금반환 소송을 생각중입니다. 그리고 전세사기 관련하여 도움을 받고 싶습니다. | 특이사항 1. 단독주택 / 근저당 9.3억(2018.08) 설정상태에서 임대차계약,provided_synthetic_consultations
CASE-0297,G03,서울,강동구,2억~3억,계약중(종료예정),미상,미상,미상,전세사기,상담·검토,재계약이후 주인분이 계약이 끝나도 돈을 못준다 합니다. 제가 할수있는 방법이 뭐가있을까요 주인과 통화는되는데 본인들 돈없다는 얘기만 하고 그이후에 어떻게 할지 그런얘기는 전혀 하지않습니다 대출금 저희가 갚고 집을 비워서 깨끗한집 보여주고 집이 나가는게 제일 베스트라고 하는데 전세사기 당할것같아 무섭습니다,1. 내일 다시 통화희망,unknown,보증상품 보증상품 미확인 | 주택유형 미상 | 보증금구간 2억~3억 | 계약상태 계약중(종료예정) | 선순위권리 미상 | 반환보증 미상 | 분쟁유형 전세사기 | 진행단계 상담·검토 | 상황 재계약이후 주인분이 계약이 끝나도 돈을 못준다 합니다. 제가 할수있는 방법이 뭐가있을까요 주인과 통화는되는데 본인들 돈없다는 얘기만 하고 그이후에 어떻게 할지 그런얘기는 전혀 하지않습니다 대출금 저희가 갚고 집을 비워서 깨끗한집 보여주고 집이 나가는게 제일 베스트라고 하는데 전세사기 당할것같아 무섭습니다 | 특이사항 1. 내일 다시 통화희망,provided_synthetic_consultations
CASE-0298,G03,경기,화성시,3억 이상,계약중(종료예정),오피스텔,미상,미상,전세사기,소송제기,"전세사기가 의심되어 임대차 보증금 반환 9500만원 개요 : 약 11평정도의 오피스텔 9500만원 전세 계약 진행 정부 대출을 이용하여 대출 진행 계약당시 등기부등본 상에 내용은 이상 없었음 25년 2월 25일 전세계약 종료일전 24년 9월에 계약 종료 통보함 집주인이 어렵지만 마련해보겠다고함 그리고 다시 24년 12월부터 전세 종료 통보하며 집을 매물로 올려달라고 요청했으나 전화, 문자 답변없음 부동산에 연락하여 매물 올려달라고하였으나 지금 시세가 7000~8000만원 정도인데 집주인이 9300만원에 올려달라고 했다고 부동산을 통해 전달들음 집주인을 설득하여 전세로 돌려달라고 하려고했으나 연락부절 전세사기가 의심되어 내용증명 부터 발송 할 예정이며 지급명령부터는 꼭 변호사나 법무사에게문의 해야하는지 지급명령과 민사소송을 변호사나 법무사에게 맡기면 얼마가나오는지도알고 싶습니다",,unknown,"보증상품 보증상품 미확인 | 주택유형 오피스텔 | 보증금구간 3억 이상 | 계약상태 계약중(종료예정) | 선순위권리 미상 | 반환보증 미상 | 분쟁유형 전세사기 | 진행단계 소송제기 | 상황 전세사기가 의심되어 임대차 보증금 반환 9500만원 개요 : 약 11평정도의 오피스텔 9500만원 전세 계약 진행 정부 대출을 이용하여 대출 진행 계약당시 등기부등본 상에 내용은 이상 없었음 25년 2월 25일 전세계약 종료일전 24년 9월에 계약 종료 통보함 집주인이 어렵지만 마련해보겠다고함 그리고 다시 24년 12월부터 전세 종료 통보하며 집을 매물로 올려달라고 요청했으나 전화, 문자 답변없음 부동산에 연락하여 매물 올려달라고하였으나 지금 시세가 7000~8000만원 정도인데 집주인이 9300만원에 올려달라고 했다고 부동산을 통해 전달들음 집주인을 설득하여 전세로 돌려달라고 하려고했으나 연락부절 전세사기가 의심되어 내용증명 부터 발송 할 예정이며 지급명령부터는 꼭 변호사나 법무사에게문의 해야하는지 지급명령과 민사소송을 변호사나 법무사에게 맡기면 얼마가나오는지도알고 싶습니다",provided_synthetic_consultations
CASE-0299,G03,제주,제주시,미상,계약중(종료예정),오피스텔,압류·가압류,가입,보증금미반환,임차권등기,ㆍ24년4월23일 법인임대인(주식회사)대리인ㆍ(그당시는 정식 위임된대리인 사내직원이었음ㆍ지금은 12월30퇴직했다하네요)과 26년4월22일까지 2년전세계약후그날바로 전입ㆍ확정일자받고 허그에보험을 제가신청하고있었는데 얼마전 저희호실에 가압류가 두건 들어와있고 사실상 오피스텔관리도 잘되지않은거같고 몇일전 보증금미반환세대끼리 단체채팅방도 개설되었어요 법인대표는 연락을받지않고 부사장인지 하는분이 퇴거준비하는임차인들에게 서류를 떼주고있다고해서 저도 그분통해 중도해지합의서 서류를받아 허그에 이행청구를 하려는중인데 아무래도 그분이 법인대표에게서 정식위임을받은분이 맞는지 조금 의심스럽기도해서 위임장써서 서류떼주겠다는그분(A)말씀으론 인감을뺏아 들고있고 임차인들에게 서류를해주고있다ㆍ본인도 채권자다 이런말을하고있는데 유일하게 지금 은 A분과는 연락되는상황입니다ㆍ우려스러운점은 위임장받고 중도해지합의서를작성해 보증이행청구하려는데 A가 그냥 시간끌기위한 바지사장의위치인지 의심스러워 중도해지합의서 를 쓰는게맞을지 모르겠습니다 오피스텔 상황이안좋아지지만 내년 4월까지 만기를기다리고 6개월전에 내용증명보내고 공시송달까지해놓고 임차권등기후 허그에이행청구를하는게나을지 고민이많습니다ㆍ어떻게하는게 보증금을돌려받을가능성이많은지 지식이없다보니 여기에문의하게되었습니다 중간에 중도해지를해서 위임장문제로 (댚대표가 위임해준적없다 할수도 있다고 채팅방에서 A분에대해 조금의심스럽다하고 있는중입니다)허그에서 위임장문제로 오히려 보증불이행이되면일이더꼬이게되는건지 답답하기만해서 ㆍ담주월욜 A분한테 중도해지합의서 쓰고 서류등등 받으면서 해지일날짜는 하루이틀고민하고 작성일만 적어서 인감이랑 도장받아오려고 생각중입니다 어떻게하는게 보증금을받을수있는 바른길일까요 미리 감사드립니다 새해복많이 받으세요,,unknown,보증상품 보증상품 미확인 | 주택유형 오피스텔 | 보증금구간 미상 | 계약상태 계약중(종료예정) | 선순위권리 압류·가압류 | 반환보증 가입 | 분쟁유형 보증금미반환 | 진행단계 임차권등기 | 상황 ㆍ24년4월23일 법인임대인(주식회사)대리인ㆍ(그당시는 정식 위임된대리인 사내직원이었음ㆍ지금은 12월30퇴직했다하네요)과 26년4월22일까지 2년전세계약후그날바로 전입ㆍ확정일자받고 허그에보험을 제가신청하고있었는데 얼마전 저희호실에 가압류가 두건 들어와있고 사실상 오피스텔관리도 잘되지않은거같고 몇일전 보증금미반환세대끼리 단체채팅방도 개설되었어요 법인대표는 연락을받지않고 부사장인지 하는분이 퇴거준비하는임차인들에게 서류를 떼주고있다고해서 저도 그분통해 중도해지합의서 서류를받아 허그에 이행청구를 하려는중인데 아무래도 그분이 법인대표에게서 정식위임을받은분이 맞는지 조금 의심스럽기도해서 위임장써서 서류떼주겠다는그분(A)말씀으론 인감을뺏아 들고있고 임차인들에게 서류를해주고있다ㆍ본인도 채권자다 이런말을하고있는데 유일하게 지금 은 A분과는 연락되는상황입니다ㆍ우려스러운점은 위임장받고 중도해지합의서를작성해 보증이행청구하려는데 A가 그냥 시간끌기위한 바지사장의위치인지 의심스러워 중도해지합의서 를 쓰는게맞을지 모르겠습니다 오피스텔 상황이안좋아지지만 내년 4월까지 만기를기다리고 6개월전에 내용증명보내고 공시송달까지해놓고 임차권등기후 허그에이행청구를하는게나을지 고민이많습니다ㆍ어떻게하는게 보증금을돌려받을가능성이많은지 지식이없다보니 여기에문의하게되었습니다 중간에 중도해지를해서 위임장문제로 (댚대표가 위임해준적없다 할수도 있다고 채팅방에서 A분에대해 조금의심스럽다하고 있는중입니다)허그에서 위임장문제로 오히려 보증불이행이되면일이더꼬이게되는건지 답답하기만해서 ㆍ담주월욜 A분한테 중도해지합의서 쓰고 서류등등 받으면서 해지일날짜는 하루이틀고민하고 작성일만 적어서 인감이랑 도장받아오려고 생각중입니다 어떻게하는게 보증금을받을수있는 바른길일까요 미리 감사드립니다 새해복많이 받으세요,provided_synthetic_consultations
CASE-0300,G03,서울,미상,1억~2억,계약중(종료예정),미상,압류·가압류,미상,보증금미반환,상담·검토,"계약기간은 2026.04 까지 입니다. 등기부등본을 떼보니 건물주 명의의 신용카드회사와 세입자분 한분이 가압류를 신청했고, 계약만료인데도 보증금을 돌려받지 못한 세입자 2분께서도 주택임차권을 신청해놓은 상태입니다. 건물주 명의의 건물이 하나 더 있는데 거기도 보증금을 돌려받지 못한 분들도 있고, 건물주는 돈이 없어서 줄 수가 없다는 식으로의 말만 했다고 합니다. 근데 저는 계약기간도 1년 넘게 남아 있어서 어떻게 대처를 해야 할지 모르겠습니다. 계약기간이 많이 남아 있어서 형사고소를 할 수도 없다는 말이 있던데 가압류가 걸리고 다른 세입자들이 돈도 못받은 상태에서 저는 계약 만료일까지 기다려야 하는 걸까요?",* 고객님의 요청으로 착신이 금지된 전화번호!!,unknown,"보증상품 보증상품 미확인 | 주택유형 미상 | 보증금구간 1억~2억 | 계약상태 계약중(종료예정) | 선순위권리 압류·가압류 | 반환보증 미상 | 분쟁유형 보증금미반환 | 진행단계 상담·검토 | 상황 계약기간은 2026.04 까지 입니다. 등기부등본을 떼보니 건물주 명의의 신용카드회사와 세입자분 한분이 가압류를 신청했고, 계약만료인데도 보증금을 돌려받지 못한 세입자 2분께서도 주택임차권을 신청해놓은 상태입니다. 건물주 명의의 건물이 하나 더 있는데 거기도 보증금을 돌려받지 못한 분들도 있고, 건물주는 돈이 없어서 줄 수가 없다는 식으로의 말만 했다고 합니다. 근데 저는 계약기간도 1년 넘게 남아 있어서 어떻게 대처를 해야 할지 모르겠습니다. 계약기간이 많이 남아 있어서 형사고소를 할 수도 없다는 말이 있던데 가압류가 걸리고 다른 세입자들이 돈도 못받은 상태에서 저는 계약 만료일까지 기다려야 하는 걸까요? | 특이사항 * 고객님의 요청으로 착신이 금지된 전화번호!!",provided_synthetic_consultations
CASE-0301,G03,부산,부산진구,1억~2억,계약중(종료예정),오피스텔,미상,미상,기타·일반문의,상담·검토,오피스텔 5월이 계약만료고 이직으로 인하여 2월 26일 중도퇴실 예정입니다. 중도계약해지를 해준다고 구두로 말한 상황에서 해지 서류는 2월 20일에 준다고. 불안하여 미리 받을 수 있냐고 하시던데 이런식으로 보채면 안해주겠다 (?) 등의 협박으로 보챌 수 없게 하고 있습니다. 이미 메세지 및 통화 녹음 내역으로 해지 해드리겠다고 하였는데 서류가 없어도 인정가능한 부분인가요?,,unknown,보증상품 보증상품 미확인 | 주택유형 오피스텔 | 보증금구간 1억~2억 | 계약상태 계약중(종료예정) | 선순위권리 미상 | 반환보증 미상 | 분쟁유형 기타·일반문의 | 진행단계 상담·검토 | 상황 오피스텔 5월이 계약만료고 이직으로 인하여 2월 26일 중도퇴실 예정입니다. 중도계약해지를 해준다고 구두로 말한 상황에서 해지 서류는 2월 20일에 준다고. 불안하여 미리 받을 수 있냐고 하시던데 이런식으로 보채면 안해주겠다 (?) 등의 협박으로 보챌 수 없게 하고 있습니다. 이미 메세지 및 통화 녹음 내역으로 해지 해드리겠다고 하였는데 서류가 없어도 인정가능한 부분인가요?,provided_synthetic_consultations
CASE-0302,G03,경기,수원시,1억 미만,계약중(종료예정),미상,근저당설정,미상,전세사기,상담·검토,"법인 임대인과 전세계약을 체결. 근저당 (수협, 개인채무자 2명)이 있고, 세입자들의 보증금 총액이 건물가보다 상향되어있어 깡똥전세임을 알면서도 갱신 진행시 정보 공유 안함 또한, 갱신 일자 이전 개인채무자에게 채무이행에 대해 독촉을 받았고 임의경매 할꺼라고 전달받았을텐데도 그또한 공유하지 않았음 허나, 본인은 법적 내 보호를 받고자 전세계약 보증금을 2억에서 2천으로 감소시켜 계약을함 (해당부분 실제 돈이 입금되었는지는 알수없음, 본인이 법인대표, 임대계약서 본인이 작성 (주인세대 거주 중) 해당건을 전세사기로 형사고소 가능한지",* 매매되어서 보증금 반환받았다고 함,unknown,"보증상품 보증상품 미확인 | 주택유형 미상 | 보증금구간 1억 미만 | 계약상태 계약중(종료예정) | 선순위권리 근저당설정 | 반환보증 미상 | 분쟁유형 전세사기 | 진행단계 상담·검토 | 상황 법인 임대인과 전세계약을 체결. 근저당 (수협, 개인채무자 2명)이 있고, 세입자들의 보증금 총액이 건물가보다 상향되어있어 깡똥전세임을 알면서도 갱신 진행시 정보 공유 안함 또한, 갱신 일자 이전 개인채무자에게 채무이행에 대해 독촉을 받았고 임의경매 할꺼라고 전달받았을텐데도 그또한 공유하지 않았음 허나, 본인은 법적 내 보호를 받고자 전세계약 보증금을 2억에서 2천으로 감소시켜 계약을함 (해당부분 실제 돈이 입금되었는지는 알수없음, 본인이 법인대표, 임대계약서 본인이 작성 (주인세대 거주 중) 해당건을 전세사기로 형사고소 가능한지 | 특이사항 * 매매되어서 보증금 반환받았다고 함",provided_synthetic_consultations
CASE-0303,G03,제주,제주시,2억~3억,계약중(종료예정),오피스텔,압류·가압류,미가입,기타·일반문의,상담·검토,2년 +1년 연장하여 25.9.24일 계약 종료입니다 법인 건물 오피스텔에 거주중이며 24.08월 경부터 전세 세입자에게 전세금 보증이 미뤄지고 있었고 이제는 지급을 할 능력이 없다고 합니다 건물 자체는 등기상 갑구 가압류 36억 잡혀 있습니다 -보증 보험 미가입 -확정일자 유지 및 실 거주중 계약 종료전 제가 할수 잇는 조치 및 계약 종료후 이뤄질 상황에 대해 궁금 합니다,,unknown,보증상품 보증상품 미확인 | 주택유형 오피스텔 | 보증금구간 2억~3억 | 계약상태 계약중(종료예정) | 선순위권리 압류·가압류 | 반환보증 미가입 | 분쟁유형 기타·일반문의 | 진행단계 상담·검토 | 상황 2년 +1년 연장하여 25.9.24일 계약 종료입니다 법인 건물 오피스텔에 거주중이며 24.08월 경부터 전세 세입자에게 전세금 보증이 미뤄지고 있었고 이제는 지급을 할 능력이 없다고 합니다 건물 자체는 등기상 갑구 가압류 36억 잡혀 있습니다 -보증 보험 미가입 -확정일자 유지 및 실 거주중 계약 종료전 제가 할수 잇는 조치 및 계약 종료후 이뤄질 상황에 대해 궁금 합니다,provided_synthetic_consultations
CASE-0304,G03,인천,인천미추홀구,1억 미만,계약중(종료예정),미상,선순위존재,미상,전세사기,상담·검토,전세사기로 경매예정입니다 전입신고는 되어있으나 확정일자가 없는상태로 권리신청은 하였으나 경매개시 가 코앞입니다 앞으로가 막막한 상태이며 전세사기피해센터 피해자 신청시 될지도 의문이 듭니다(확정일자가없어서)앞으로 어떤행보를 해야할지도 모르겟고 대처방법문의 위해 상담신청합니다,1. 대항력있는 선순위임차인(17년 최초계약),unknown,보증상품 보증상품 미확인 | 주택유형 미상 | 보증금구간 1억 미만 | 계약상태 계약중(종료예정) | 선순위권리 선순위존재 | 반환보증 미상 | 분쟁유형 전세사기 | 진행단계 상담·검토 | 상황 전세사기로 경매예정입니다 전입신고는 되어있으나 확정일자가 없는상태로 권리신청은 하였으나 경매개시 가 코앞입니다 앞으로가 막막한 상태이며 전세사기피해센터 피해자 신청시 될지도 의문이 듭니다(확정일자가없어서)앞으로 어떤행보를 해야할지도 모르겟고 대처방법문의 위해 상담신청합니다 | 특이사항 1. 대항력있는 선순위임차인(17년 최초계약),provided_synthetic_consultations
CASE-0305,G03,서울,송파구,2억~3억,계약중(종료예정),다세대주택,선순위존재,미상,기타·일반문의,임차권등기,1.20일 어제 임차권등기명령신청 했습니다. 내용증명도 보냈었고요 변호사 선임은 언제 부터하면 괜찮을까요?,1. 다세대주택 / 대항력있는 선순위임차인,unknown,보증상품 보증상품 미확인 | 주택유형 다세대주택 | 보증금구간 2억~3억 | 계약상태 계약중(종료예정) | 선순위권리 선순위존재 | 반환보증 미상 | 분쟁유형 기타·일반문의 | 진행단계 임차권등기 | 상황 1.20일 어제 임차권등기명령신청 했습니다. 내용증명도 보냈었고요 변호사 선임은 언제 부터하면 괜찮을까요? | 특이사항 1. 다세대주택 / 대항력있는 선순위임차인,provided_synthetic_consultations
CASE-0306,G03,미상,미상,1억~2억,계약중(종료예정),다가구주택,근저당설정,가입,경매·공매,상담·검토,제 건물이 경매로 넘어간다고 안내문이 왔고 계약서상 보증보험가입을 해주신다고 해서 보증보험이 되어있는 줄 알았는데 확인해보니까 집주인이 안해주셨더라구요 계약서상으론 보증보험 가입여부에 체크가 되어있는데 이런 경우는 어떻게 해야하는지 알고싶습니답,1. 다가구 / 5.28억 근저당설정 상태에서 임대차계약,unknown,보증상품 보증상품 미확인 | 주택유형 다가구주택 | 보증금구간 1억~2억 | 계약상태 계약중(종료예정) | 선순위권리 근저당설정 | 반환보증 가입 | 분쟁유형 경매·공매 | 진행단계 상담·검토 | 상황 제 건물이 경매로 넘어간다고 안내문이 왔고 계약서상 보증보험가입을 해주신다고 해서 보증보험이 되어있는 줄 알았는데 확인해보니까 집주인이 안해주셨더라구요 계약서상으론 보증보험 가입여부에 체크가 되어있는데 이런 경우는 어떻게 해야하는지 알고싶습니답 | 특이사항 1. 다가구 / 5.28억 근저당설정 상태에서 임대차계약,provided_synthetic_consultations
CASE-0307,G03,서울,성북구,3억 이상,계약중(종료예정),미상,미상,미상,기타·일반문의,상담·검토,? 편의상 음슴체로 기재함을 양해해주시면 감사드리겠습니다.,,unknown,보증상품 보증상품 미확인 | 주택유형 미상 | 보증금구간 3억 이상 | 계약상태 계약중(종료예정) | 선순위권리 미상 | 반환보증 미상 | 분쟁유형 기타·일반문의 | 진행단계 상담·검토 | 상황 ? 편의상 음슴체로 기재함을 양해해주시면 감사드리겠습니다.,provided_synthetic_consultations
CASE-0308,G03,경기,화성시,1억~2억,계약중(종료예정),미상,선순위존재,가입,보증금미반환,임차권등기,"현재 집주인(임대인) 은 법인이며, 만기 4개월 전부터 돈이 없어돌려줄수 없다는 입장 입니다. 현재 만기가 2/8이라서, 약3주밖에 남지 않은 상황인데요 전세권 설정이 되어있지만 보증보험은 들어있지 않습니다. 전세가 1.4억 그대로 매매 물건을 올려놓았으나 전혀 물건을 보러오는 사람도 없으며,집주인은 연락도 잘 되지 않는 상황입니다 3개월 전 해지의사를 밝혔으나, 집주인은 매매가 아니고서는 방법이 없다고 하고 있습니다. 현재 누군가 이집을 낙찰해주지 않으면 100% 제가 낙찰를 해야하는 상황입니다. 하지만 임차권등기를 당연히 할 예정이고,전세권 설정이 되어있어 누구도 이집을 살것 같지 않습니다 저는 20대의ㅜ나이에 제가 평생 모아온 돈과 대출한 돈까지 포함한 보증금으로 원하지도 않는 집을 취득세까지 내며 강제로 사야하는 상황에 있습니다 어떠한 방법이 없을까요, 집주인은 공황장애를 호소하고 있고, 해결은 하려고 하는듯 하지만 어떠한 해결책도 내놓지 않고 있습니다 저의 상황에 대한손해로 가압류가 불가능 할까요",1. 대항력있는 선순위임차인,unknown,"보증상품 보증상품 미확인 | 주택유형 미상 | 보증금구간 1억~2억 | 계약상태 계약중(종료예정) | 선순위권리 선순위존재 | 반환보증 가입 | 분쟁유형 보증금미반환 | 진행단계 임차권등기 | 상황 현재 집주인(임대인) 은 법인이며, 만기 4개월 전부터 돈이 없어돌려줄수 없다는 입장 입니다. 현재 만기가 2/8이라서, 약3주밖에 남지 않은 상황인데요 전세권 설정이 되어있지만 보증보험은 들어있지 않습니다. 전세가 1.4억 그대로 매매 물건을 올려놓았으나 전혀 물건을 보러오는 사람도 없으며,집주인은 연락도 잘 되지 않는 상황입니다 3개월 전 해지의사를 밝혔으나, 집주인은 매매가 아니고서는 방법이 없다고 하고 있습니다. 현재 누군가 이집을 낙찰해주지 않으면 100% 제가 낙찰를 해야하는 상황입니다. 하지만 임차권등기를 당연히 할 예정이고,전세권 설정이 되어있어 누구도 이집을 살것 같지 않습니다 저는 20대의ㅜ나이에 제가 평생 모아온 돈과 대출한 돈까지 포함한 보증금으로 원하지도 않는 집을 취득세까지 내며 강제로 사야하는 상황에 있습니다 어떠한 방법이 없을까요, 집주인은 공황장애를 호소하고 있고, 해결은 하려고 하는듯 하지만 어떠한 해결책도 내놓지 않고 있습니다 저의 상황에 대한손해로 가압류가 불가능 할까요 | 특이사항 1. 대항력있는 선순위임차인",provided_synthetic_consultations
CASE-0309,G03,대구,대구,1억~2억,계약중(종료예정),오피스텔,압류·가압류,가입,보증금미반환,상담·검토,"현재 거주중인 오피스텔이 5월에 계약종료 예정입니다. 이미 작년 10월부터 재계약 없이 나갈 거라고, 계약 종료 전이라도 세입자 나오면 바로 방 빼주겠다고 연락을 드린 상태입니다. 하지만 아직까지 부동산에 매물이 안올라와서 혹시나 싶어 등기사항증명서를 확인해봤는데 계약 당시에는 없었던 가압류 내용이 추가되어 있습니다. 이 상황에선 거 같고 그렇다고 계약종료 후에도 보증금을 돌려주지 않을 거 같아 불안하네요. (보증보험 가입은 되어있지 않습니다) 제가 등기사항을 알게 되었으니 집주인에게 가압류 건과 보증금 돌려줄 수 있는지 물어봐도 되는건가요?? 사진은 새로 추가된(가압류) 등기사항 내용입니다. (전세계약일은 23년5월25일입니다.)",1. 깡통주택,unknown,"보증상품 보증상품 미확인 | 주택유형 오피스텔 | 보증금구간 1억~2억 | 계약상태 계약중(종료예정) | 선순위권리 압류·가압류 | 반환보증 가입 | 분쟁유형 보증금미반환 | 진행단계 상담·검토 | 상황 현재 거주중인 오피스텔이 5월에 계약종료 예정입니다. 이미 작년 10월부터 재계약 없이 나갈 거라고, 계약 종료 전이라도 세입자 나오면 바로 방 빼주겠다고 연락을 드린 상태입니다. 하지만 아직까지 부동산에 매물이 안올라와서 혹시나 싶어 등기사항증명서를 확인해봤는데 계약 당시에는 없었던 가압류 내용이 추가되어 있습니다. 이 상황에선 거 같고 그렇다고 계약종료 후에도 보증금을 돌려주지 않을 거 같아 불안하네요. (보증보험 가입은 되어있지 않습니다) 제가 등기사항을 알게 되었으니 집주인에게 가압류 건과 보증금 돌려줄 수 있는지 물어봐도 되는건가요?? 사진은 새로 추가된(가압류) 등기사항 내용입니다. (전세계약일은 23년5월25일입니다.) | 특이사항 1. 깡통주택",provided_synthetic_consultations
CASE-0310,G03,미상,미상,1억~2억,계약종료,미상,미상,미상,기타·일반문의,임차권등기,24년9월 임대만기였고 그전에 새집을계약해서 9월에 전입은 그대로 두고 이사나왔습니다. 건물 임대인 명의만 자기꺼고 남동생에게 위임했다며 남동생에게 떠넘겼고 그분과 이야기후 보증금의 이자를 다달이 주겠으니 25년 3월까지 기다려달라고해서 기다렸으나 단 한번도 제때세 이자를 받은적도없고 이제는 배째라.임차권등기해라 그러고있는상황입니다. 임차권등기설정했고 현재 경찰서에 고소장접수해논상태입니다. 어떻게해야 제 보증금을 받을수있을까요??,,unknown,보증상품 보증상품 미확인 | 주택유형 미상 | 보증금구간 1억~2억 | 계약상태 계약종료 | 선순위권리 미상 | 반환보증 미상 | 분쟁유형 기타·일반문의 | 진행단계 임차권등기 | 상황 24년9월 임대만기였고 그전에 새집을계약해서 9월에 전입은 그대로 두고 이사나왔습니다. 건물 임대인 명의만 자기꺼고 남동생에게 위임했다며 남동생에게 떠넘겼고 그분과 이야기후 보증금의 이자를 다달이 주겠으니 25년 3월까지 기다려달라고해서 기다렸으나 단 한번도 제때세 이자를 받은적도없고 이제는 배째라.임차권등기해라 그러고있는상황입니다. 임차권등기설정했고 현재 경찰서에 고소장접수해논상태입니다. 어떻게해야 제 보증금을 받을수있을까요??,provided_synthetic_consultations
CASE-0311,G03,서울,도봉구,3억 이상,계약중(종료예정),미상,미상,가입,기타·일반문의,내용증명·공시송달,2025.4월 전세 만기예정이고 2024년 12월 임대인에게 내용증명 보냄 -> 이사로인해 실패 임대인에게 변경된 주소지 받아서 다시 12월에 발송 -> 가족(아들)이 수령 완료 한상태입니다. 집주인이신 임대인이 고령이라 병원에 입원중이시라 아들이 대신 수령한거같은데 임대인의 초본을 떼서 주소확인을 안한상태라 불안하네요 문자로 알려준 주소로 보내서 가족이 수령완료하였어도 상관없을까요? 아니면 다시 내용증명을 보내서 초본을 떼서 보내는게맞을까요?,1. 허그보증보험가입!!! / 자꾸 중요한 내용은 누락하고 문의를 하네!!!,unknown,보증상품 보증상품 미확인 | 주택유형 미상 | 보증금구간 3억 이상 | 계약상태 계약중(종료예정) | 선순위권리 미상 | 반환보증 가입 | 분쟁유형 기타·일반문의 | 진행단계 내용증명·공시송달 | 상황 2025.4월 전세 만기예정이고 2024년 12월 임대인에게 내용증명 보냄 -> 이사로인해 실패 임대인에게 변경된 주소지 받아서 다시 12월에 발송 -> 가족(아들)이 수령 완료 한상태입니다. 집주인이신 임대인이 고령이라 병원에 입원중이시라 아들이 대신 수령한거같은데 임대인의 초본을 떼서 주소확인을 안한상태라 불안하네요 문자로 알려준 주소로 보내서 가족이 수령완료하였어도 상관없을까요? 아니면 다시 내용증명을 보내서 초본을 떼서 보내는게맞을까요? | 특이사항 1. 허그보증보험가입!!! / 자꾸 중요한 내용은 누락하고 문의를 하네!!!,provided_synthetic_consultations
CASE-0312,G03,서울,동대문구,1억~2억,계약종료,다가구주택,미상,미상,전세사기,소송제기,20년 10월 24일부터 2년 전세계약을 하고 연장을 하여 24년 10월 23일까지 계약이 되어 있었지만 제가 지역이동을 해야하여 22년 10월 28일 계약을 만료하겠다고 부동산을 통해 통보하였습니다. 23년 3월 23일에 제가 이사하고 다음날인 24일 새세입자가 들어왔지만 저는 임대인이 새세입자에게 받은 보증금 1억 중 5천만원만 돌려받으며 나머지 금액을 받지 못한 상태입니다. 전입을 빼지 않은 상태라 임차권 등기를 설정하고 지급명령까지 진행하여 채무불이행 등록까지 진행되었고 살고 있던 다가구 건물이 경매로 넘어가 경매 중인 24년 10월 16일에 현 세입자의 요청으로 전세사기집 전입을 뺐습니다. 그 후 경매 낙찰이 되고 25년 1월 21일이 배당일에 배당표에 제 이름이 없어 이의신청을 하니 짐을 빼고 새세입자가 들어왔기 때문에 인정 받지 못한다는 이야기를 하셨습니다. 일단 임차권등기 설정까지 하여 후순위라도 인정 받지 않을까 생각했는데 아예 인정받지 못하는건지 이의가 있으면 소송을 하라고 하셨는데 소송을 한다면 가능성은 있는지,1. 공인중개사를 대상으로 손해배상청구 검토필요 / 지금은 폐업,unknown,보증상품 보증상품 미확인 | 주택유형 다가구주택 | 보증금구간 1억~2억 | 계약상태 계약종료 | 선순위권리 미상 | 반환보증 미상 | 분쟁유형 전세사기 | 진행단계 소송제기 | 상황 20년 10월 24일부터 2년 전세계약을 하고 연장을 하여 24년 10월 23일까지 계약이 되어 있었지만 제가 지역이동을 해야하여 22년 10월 28일 계약을 만료하겠다고 부동산을 통해 통보하였습니다. 23년 3월 23일에 제가 이사하고 다음날인 24일 새세입자가 들어왔지만 저는 임대인이 새세입자에게 받은 보증금 1억 중 5천만원만 돌려받으며 나머지 금액을 받지 못한 상태입니다. 전입을 빼지 않은 상태라 임차권 등기를 설정하고 지급명령까지 진행하여 채무불이행 등록까지 진행되었고 살고 있던 다가구 건물이 경매로 넘어가 경매 중인 24년 10월 16일에 현 세입자의 요청으로 전세사기집 전입을 뺐습니다. 그 후 경매 낙찰이 되고 25년 1월 21일이 배당일에 배당표에 제 이름이 없어 이의신청을 하니 짐을 빼고 새세입자가 들어왔기 때문에 인정 받지 못한다는 이야기를 하셨습니다. 일단 임차권등기 설정까지 하여 후순위라도 인정 받지 않을까 생각했는데 아예 인정받지 못하는건지 이의가 있으면 소송을 하라고 하셨는데 소송을 한다면 가능성은 있는지 | 특이사항 1. 공인중개사를 대상으로 손해배상청구 검토필요 / 지금은 폐업,provided_synthetic_consultations
CASE-0313,G03,부산,부산진구,1억~2억,계약종료,미상,미상,가입,보증금미반환,상담·검토,"1/19 계약종료인데 임대인과 합의하에 1/17 전출한다고 3달전부터 말했고 알겠다고 했는데 1/17 당일 집주인의 연락두절로 전세보증금 을 아무것도 반환받지 못했습니다. 지금 집은 전세권설정이 되어있으며, 연락이 아예 닿지 않는 상태에서 어떻게 해야할까요?",,unknown,"보증상품 보증상품 미확인 | 주택유형 미상 | 보증금구간 1억~2억 | 계약상태 계약종료 | 선순위권리 미상 | 반환보증 가입 | 분쟁유형 보증금미반환 | 진행단계 상담·검토 | 상황 1/19 계약종료인데 임대인과 합의하에 1/17 전출한다고 3달전부터 말했고 알겠다고 했는데 1/17 당일 집주인의 연락두절로 전세보증금 을 아무것도 반환받지 못했습니다. 지금 집은 전세권설정이 되어있으며, 연락이 아예 닿지 않는 상태에서 어떻게 해야할까요?",provided_synthetic_consultations
CASE-0314,G03,대전,유성구,1억~2억,계약중(종료예정),미상,근저당설정,미상,경매·공매,상담·검토,현재 묵시적 연장으로 거주 중인데 갑자기 다른 호수에서 임차권 등기 설정한 것을 등기부등본 보다가 발견 하였습니다.현재 전체금액 중 일부 변제는 한 상황입니다. 그런데 몹시 불안하여 빨리 나가고 싶은데 집 주인이랑 어떻게 얘기해야 할지 모르겠습니다. 그리고 최초의 여기 소개시켜준 부동산은 폐업 했고 그때 말했던 건물시세보다 지금 너무 떨어져서 최악의 상황으로 경매 넘어 갈 경우 은행 근저당 제외하면 저희가 돌려 받을 수 있을지도 모르겠습니다. 연락,,unknown,보증상품 보증상품 미확인 | 주택유형 미상 | 보증금구간 1억~2억 | 계약상태 계약중(종료예정) | 선순위권리 근저당설정 | 반환보증 미상 | 분쟁유형 경매·공매 | 진행단계 상담·검토 | 상황 현재 묵시적 연장으로 거주 중인데 갑자기 다른 호수에서 임차권 등기 설정한 것을 등기부등본 보다가 발견 하였습니다.현재 전체금액 중 일부 변제는 한 상황입니다. 그런데 몹시 불안하여 빨리 나가고 싶은데 집 주인이랑 어떻게 얘기해야 할지 모르겠습니다. 그리고 최초의 여기 소개시켜준 부동산은 폐업 했고 그때 말했던 건물시세보다 지금 너무 떨어져서 최악의 상황으로 경매 넘어 갈 경우 은행 근저당 제외하면 저희가 돌려 받을 수 있을지도 모르겠습니다. 연락,provided_synthetic_consultations
CASE-0315,G03,경남,창원시,1억 미만,계약중(종료예정),미상,미상,미상,기타·일반문의,임차권등기,현재 청년버팀목전세대출 이용중이고 25.01.24일에 계약 만료됩니다 두달 전 집주인에게 재계약 의사가 없음을 밝혔는데 전세금을 돌려주기 어렵다고 하네요 어쩔 수 없이 대출 연장을 신청 해놓은 상태인데 2년 연장된다고 하더라고요 만약 25.01.24일에 집주인이 돈을 안주게되면 대출이 실행되는데 대출 실행 된 이후에도 임차권등기를 신청할 수 있나요? 아니면 일정 기간이 지나야 임차권등기가 가능힌가요?,1. 대출연장했어도 임차권등기 할 수 있어요.,unknown,보증상품 보증상품 미확인 | 주택유형 미상 | 보증금구간 1억 미만 | 계약상태 계약중(종료예정) | 선순위권리 미상 | 반환보증 미상 | 분쟁유형 기타·일반문의 | 진행단계 임차권등기 | 상황 현재 청년버팀목전세대출 이용중이고 25.01.24일에 계약 만료됩니다 두달 전 집주인에게 재계약 의사가 없음을 밝혔는데 전세금을 돌려주기 어렵다고 하네요 어쩔 수 없이 대출 연장을 신청 해놓은 상태인데 2년 연장된다고 하더라고요 만약 25.01.24일에 집주인이 돈을 안주게되면 대출이 실행되는데 대출 실행 된 이후에도 임차권등기를 신청할 수 있나요? 아니면 일정 기간이 지나야 임차권등기가 가능힌가요? | 특이사항 1. 대출연장했어도 임차권등기 할 수 있어요.,provided_synthetic_consultations
CASE-0316,G03,경기,파주시,1억 미만,계약종료,미상,미상,미상,기타·일반문의,임차권등기,9월말 계약 종료되었구요 80대중후반의 노인부부로 정상적인 소통과 대화가 잘안되고 심지어 먼저 나가라고해서 나가게된 경우이고 전세가 나가지않으면 줄의사가 없었고 제가 대출을 받아서 이사를 와있는 상태이며 임차권등기는 해둔상태 대출금이자도 그간 주지않고 막말과 적반하장의 태도였고 지금은 3달치 은행이자는 받았고(며느리개입) 자식들은 먼저 전화왔다가도 불리하면 발뼘하는 분위기이고요 12월부터는 매달 대출신청을 했는데 탈략되었다고 합니다 1월에도 탈락했다고 하네요 제가 어떻게 해야 보증금을 받을수있는지 막막합니다,,unknown,보증상품 보증상품 미확인 | 주택유형 미상 | 보증금구간 1억 미만 | 계약상태 계약종료 | 선순위권리 미상 | 반환보증 미상 | 분쟁유형 기타·일반문의 | 진행단계 임차권등기 | 상황 9월말 계약 종료되었구요 80대중후반의 노인부부로 정상적인 소통과 대화가 잘안되고 심지어 먼저 나가라고해서 나가게된 경우이고 전세가 나가지않으면 줄의사가 없었고 제가 대출을 받아서 이사를 와있는 상태이며 임차권등기는 해둔상태 대출금이자도 그간 주지않고 막말과 적반하장의 태도였고 지금은 3달치 은행이자는 받았고(며느리개입) 자식들은 먼저 전화왔다가도 불리하면 발뼘하는 분위기이고요 12월부터는 매달 대출신청을 했는데 탈략되었다고 합니다 1월에도 탈락했다고 하네요 제가 어떻게 해야 보증금을 받을수있는지 막막합니다,provided_synthetic_consultations
CASE-0317,G03,경기,수원시,1억~2억,계약중(종료예정),미상,미상,가입,보증금미반환,임차권등기,"만기 2개월전에 퇴실하겠다고 통보했고 세입자 구해지면 보증금 줄 수 있다고 해서 집 열심히 보여드렸습니다. 계약하고 싶다는 분 나왔는데 다른 호실에 보증이행청구 이력이 있어어 전세대출이 안나오고 결국 임대인분께서 보증이행청구를 해야될것같다고 중도해지합의서를 써주겠다고 하시네요. 1. 이미 만기일자(2월19일)에 맞춰서 집 계약을 해뒀는데 지금 살고 있는 집에 임차권등기설정, 보증금이행청구를 해두고 새로운 집으로 이사를 가도 되는건가요? 2. 만약 이사를 가지 못하고 보증금 돌려받을때까지 살아야될 경우에 지금 임대인에게 이사갈 집 계약금을 받을 수 있을까요?",,unknown,"보증상품 보증상품 미확인 | 주택유형 미상 | 보증금구간 1억~2억 | 계약상태 계약중(종료예정) | 선순위권리 미상 | 반환보증 가입 | 분쟁유형 보증금미반환 | 진행단계 임차권등기 | 상황 만기 2개월전에 퇴실하겠다고 통보했고 세입자 구해지면 보증금 줄 수 있다고 해서 집 열심히 보여드렸습니다. 계약하고 싶다는 분 나왔는데 다른 호실에 보증이행청구 이력이 있어어 전세대출이 안나오고 결국 임대인분께서 보증이행청구를 해야될것같다고 중도해지합의서를 써주겠다고 하시네요. 1. 이미 만기일자(2월19일)에 맞춰서 집 계약을 해뒀는데 지금 살고 있는 집에 임차권등기설정, 보증금이행청구를 해두고 새로운 집으로 이사를 가도 되는건가요? 2. 만약 이사를 가지 못하고 보증금 돌려받을때까지 살아야될 경우에 지금 임대인에게 이사갈 집 계약금을 받을 수 있을까요?",provided_synthetic_consultations
CASE-0318,G03,서울,동작구,1억~2억,계약중(종료예정),미상,미상,미상,기타·일반문의,상담·검토,"수고 많으십니다! 3월 12일자로 전세 계약이 만료됩니다. 12월에 퇴사 의사를 밝혔고, 집주인이 부동산에 매물을 올려둔 상태입니다. 그런데 세입자가 아직 구해지지 않았다면서 혹시 세입자가 구해지지 않는다면 그때까지 월세+관리비(22만원)을 안 받을테니 좀 더 늦게 이사를 가는 건 어떻겠냐고 하네요. 저는 불안해서 빨리 보증금 받고 그냥 나가고 싶어요. 아직 이사까지 날도 남았고, 집주인이 계약금을 안 주겠다고 하는 상황은 아니지만 제가 미리 준비해야할 점들이 있는지 궁금합니다. 읽어주셔서 감사합니다~",,unknown,"보증상품 보증상품 미확인 | 주택유형 미상 | 보증금구간 1억~2억 | 계약상태 계약중(종료예정) | 선순위권리 미상 | 반환보증 미상 | 분쟁유형 기타·일반문의 | 진행단계 상담·검토 | 상황 수고 많으십니다! 3월 12일자로 전세 계약이 만료됩니다. 12월에 퇴사 의사를 밝혔고, 집주인이 부동산에 매물을 올려둔 상태입니다. 그런데 세입자가 아직 구해지지 않았다면서 혹시 세입자가 구해지지 않는다면 그때까지 월세+관리비(22만원)을 안 받을테니 좀 더 늦게 이사를 가는 건 어떻겠냐고 하네요. 저는 불안해서 빨리 보증금 받고 그냥 나가고 싶어요. 아직 이사까지 날도 남았고, 집주인이 계약금을 안 주겠다고 하는 상황은 아니지만 제가 미리 준비해야할 점들이 있는지 궁금합니다. 읽어주셔서 감사합니다~",provided_synthetic_consultations
CASE-0319,G03,서울,구로구,1억 미만,계약종료,오피스텔,미상,미상,기타·일반문의,소송제기,"임차권등기명령 신청 완료된 상황이고, 지급명령 진행상황을 살피다가 법원 직원과 전화를 하게되었는데, 보정사항이 많고, 집에 아직 살고 있으면 지급명령이 불가 하다고 들었습니다 어떤게 맞는지 모르겠어 상담 문의 드렸습니다.",1. 오피스텔 / 0.7억 매매시세인데 0.95억에 임대차계약,unknown,"보증상품 보증상품 미확인 | 주택유형 오피스텔 | 보증금구간 1억 미만 | 계약상태 계약종료 | 선순위권리 미상 | 반환보증 미상 | 분쟁유형 기타·일반문의 | 진행단계 소송제기 | 상황 임차권등기명령 신청 완료된 상황이고, 지급명령 진행상황을 살피다가 법원 직원과 전화를 하게되었는데, 보정사항이 많고, 집에 아직 살고 있으면 지급명령이 불가 하다고 들었습니다 어떤게 맞는지 모르겠어 상담 문의 드렸습니다. | 특이사항 1. 오피스텔 / 0.7억 매매시세인데 0.95억에 임대차계약",provided_synthetic_consultations
CASE-0320,G03,서울,관악구,1억~2억,계약중(종료예정),다가구주택,미상,미상,기타·일반문의,상담·검토,건물 단체로 고소 진행할까 하는데 부동산이랑 중개협회도 걸고 넘어질수있다고 얘기가나왔습니다 이럴경우 부동산이 각각마다 다른데 단체로 고소가 가능한지,1.깡통다가구,unknown,보증상품 보증상품 미확인 | 주택유형 다가구주택 | 보증금구간 1억~2억 | 계약상태 계약중(종료예정) | 선순위권리 미상 | 반환보증 미상 | 분쟁유형 기타·일반문의 | 진행단계 상담·검토 | 상황 건물 단체로 고소 진행할까 하는데 부동산이랑 중개협회도 걸고 넘어질수있다고 얘기가나왔습니다 이럴경우 부동산이 각각마다 다른데 단체로 고소가 가능한지 | 특이사항 1.깡통다가구,provided_synthetic_consultations
CASE-0321,G03,서울,도봉구,1억~2억,계약중(종료예정),오피스텔,미상,가입,묵시적갱신분쟁,HUG이행청구,현재 임대인이 파산선고를 받은 상태입니다 전세매물이고 확정일자를 받은 상태입니다 22년도6월에 계약후 작년도에 묵시적갱신으로 연장했습니다 카카오 청년전세대출 7000만원 끼고 있으며 이상황에 허그 전세보증보험을 가입할 수 있는가와 지금 현 상황에서 제가 보증금을 받고 나갈 수 있는 방법등이 궁금합니다 살려주세요 제발,1.깡통오피스텔 / 일부 손실예상,jeonse_return,보증상품 전세보증금반환보증 | 주택유형 오피스텔 | 보증금구간 1억~2억 | 계약상태 계약중(종료예정) | 선순위권리 미상 | 반환보증 가입 | 분쟁유형 묵시적갱신분쟁 | 진행단계 HUG이행청구 | 상황 현재 임대인이 파산선고를 받은 상태입니다 전세매물이고 확정일자를 받은 상태입니다 22년도6월에 계약후 작년도에 묵시적갱신으로 연장했습니다 카카오 청년전세대출 7000만원 끼고 있으며 이상황에 허그 전세보증보험을 가입할 수 있는가와 지금 현 상황에서 제가 보증금을 받고 나갈 수 있는 방법등이 궁금합니다 살려주세요 제발 | 특이사항 1.깡통오피스텔 / 일부 손실예상,provided_synthetic_consultations
CASE-0322,G03,미상,관악구,1억 미만,계약중(종료예정),다가구주택,선순위존재,미상,경매·공매,내용증명·공시송달,"[상황] 현재 집은 2종 근린시설로 묶여 있으며 전세입니다. 원래는 2023년 11월에 만료였으나 묵시적 갱신으로 지금까지 살고 있고 올해 4월 24일에 나간다고 통보한 상태입니다. 확정일자는 2024년에 받은 상태이며, 현재 집 등기부등본에 2024년 10월, 2025년 1월 22일 총 2건의 임차권설정이 되어있는 것을 확인하였습니다. --------- [질문] 이 집에서 보증금을 받을 때 까지 이사를 가지 않으려고 합니다. 지금 할 수 있는 것은 내용증명 발송 후, 임차권설정하는 것이 우선일까요? 계약 종료 전인데 임차권 설정할 수 있는지도 궁금합니다. *최악으로 경매가 될 경우, 제가 배당 금액을 얼추 계산했을 때에는 선순위임차금 제외하고 받을 수 있는 돈은 있는 것 같습니다.",1. 다가구주택 / 47세대,unknown,"보증상품 보증상품 미확인 | 주택유형 다가구주택 | 보증금구간 1억 미만 | 계약상태 계약중(종료예정) | 선순위권리 선순위존재 | 반환보증 미상 | 분쟁유형 경매·공매 | 진행단계 내용증명·공시송달 | 상황 [상황] 현재 집은 2종 근린시설로 묶여 있으며 전세입니다. 원래는 2023년 11월에 만료였으나 묵시적 갱신으로 지금까지 살고 있고 올해 4월 24일에 나간다고 통보한 상태입니다. 확정일자는 2024년에 받은 상태이며, 현재 집 등기부등본에 2024년 10월, 2025년 1월 22일 총 2건의 임차권설정이 되어있는 것을 확인하였습니다. --------- [질문] 이 집에서 보증금을 받을 때 까지 이사를 가지 않으려고 합니다. 지금 할 수 있는 것은 내용증명 발송 후, 임차권설정하는 것이 우선일까요? 계약 종료 전인데 임차권 설정할 수 있는지도 궁금합니다. *최악으로 경매가 될 경우, 제가 배당 금액을 얼추 계산했을 때에는 선순위임차금 제외하고 받을 수 있는 돈은 있는 것 같습니다. | 특이사항 1. 다가구주택 / 47세대",provided_synthetic_consultations
CASE-0323,G03,경기,성남시,2억~3억,계약중(종료예정),미상,미상,가입,보증금미반환,임차권등기,"전세 계약 중 등기부등본을 확인해보니 전 세입자의 임차권등기명령 내역이 있어 공인중개사에게 전 세입자는 어떤 돈으로 이사를 간것이냐 물어보니 전 세입자는 보증보험금을 받아 이사를 갔다고 합니다. 저희가 이 집 전세 계약시 전 세입자에게 보증금을 주는 형태로 계약한다고 하는데 전세로 들어가도 괜찮은 집인지, 저희도 추후 입주시 보증보험 가입이 가능한지","1. 보증사고가 최근에 있었던 집이라 전세보증금반환보증가입이 어려울것 같음 / 그러나 hug, hf, sgi 다 전화해보세요.",jeonse_return,"보증상품 전세보증금반환보증 | 주택유형 미상 | 보증금구간 2억~3억 | 계약상태 계약중(종료예정) | 선순위권리 미상 | 반환보증 가입 | 분쟁유형 보증금미반환 | 진행단계 임차권등기 | 상황 전세 계약 중 등기부등본을 확인해보니 전 세입자의 임차권등기명령 내역이 있어 공인중개사에게 전 세입자는 어떤 돈으로 이사를 간것이냐 물어보니 전 세입자는 보증보험금을 받아 이사를 갔다고 합니다. 저희가 이 집 전세 계약시 전 세입자에게 보증금을 주는 형태로 계약한다고 하는데 전세로 들어가도 괜찮은 집인지, 저희도 추후 입주시 보증보험 가입이 가능한지 | 특이사항 1. 보증사고가 최근에 있었던 집이라 전세보증금반환보증가입이 어려울것 같음 / 그러나 hug, hf, sgi 다 전화해보세요.",provided_synthetic_consultations
CASE-0324,G03,서울,강동구,1억~2억,계약중(종료예정),다세대주택,압류·가압류,미상,기타·일반문의,소송제기,"계약 및 대출종료일 : 25.02.20 한달도 남지않아서 은행에서는 세입자를 구할때까지 대출을 우선 연장하라고하는데 제가 볼땐 세입자가 구해질것같지 않을것 같아서 소송을 진행하려고 합니다. 문자나 전화녹취로 계약해지를 명확히 하진 못해서 지금 등기로 내용증명2차로 보냇고 공시송달을 하면 계약기간 후로 넘어갈 것 같은데, Q1.대출을 연장하고 2월20일 이후 임차권등기설정이나 반환소송을 할때 문제가 없을까요?? 또 계약당시 2021년 2월20일에 부동산에서 집주인을 불렀는데 집주인 형이 와서 계약을 하고 위임장같은건 없이 집주인 주민등록증만 가지고 와서 계약을하였습니다. 현재 집주인과도 번호를 알아내서 연락은 되고있습니다. Q2. 사는동안 집주인형(대리인)이 유지보수를 해주고 계약도 햇는데 반환소송시 이사람에게도 재산을 압류할수있나요?? Q3. 부동산에게도 위임증없이 계약을 한것에 대하여 책임을 물을수 있나요?? (계약서 상에 대리인이 했다는 것은 아무것도 없고 전화번호만 대리인의 것입니다.)",1. 다세대주택 / 깡통주택,unknown,"보증상품 보증상품 미확인 | 주택유형 다세대주택 | 보증금구간 1억~2억 | 계약상태 계약중(종료예정) | 선순위권리 압류·가압류 | 반환보증 미상 | 분쟁유형 기타·일반문의 | 진행단계 소송제기 | 상황 계약 및 대출종료일 : 25.02.20 한달도 남지않아서 은행에서는 세입자를 구할때까지 대출을 우선 연장하라고하는데 제가 볼땐 세입자가 구해질것같지 않을것 같아서 소송을 진행하려고 합니다. 문자나 전화녹취로 계약해지를 명확히 하진 못해서 지금 등기로 내용증명2차로 보냇고 공시송달을 하면 계약기간 후로 넘어갈 것 같은데, Q1.대출을 연장하고 2월20일 이후 임차권등기설정이나 반환소송을 할때 문제가 없을까요?? 또 계약당시 2021년 2월20일에 부동산에서 집주인을 불렀는데 집주인 형이 와서 계약을 하고 위임장같은건 없이 집주인 주민등록증만 가지고 와서 계약을하였습니다. 현재 집주인과도 번호를 알아내서 연락은 되고있습니다. Q2. 사는동안 집주인형(대리인)이 유지보수를 해주고 계약도 햇는데 반환소송시 이사람에게도 재산을 압류할수있나요?? Q3. 부동산에게도 위임증없이 계약을 한것에 대하여 책임을 물을수 있나요?? (계약서 상에 대리인이 했다는 것은 아무것도 없고 전화번호만 대리인의 것입니다.) | 특이사항 1. 다세대주택 / 깡통주택",provided_synthetic_consultations
CASE-0325,G03,경기,수원시,1억~2억,계약중(종료예정),다세대주택,근저당설정,미상,경매·공매,임차권등기,현재 계약만기일은 2월 23일입니다 24년 11월경 계약 갱신 하지 않겠다고 통보하였으나 새로운 세입자가 들어오지 않으면 보증금 반환이 불가능 하다고 얘기를 들었습니다 그 후 저희도 새로운 세입자를 받기 위해 노력하며 임대인과 계속 연락하였으나 계속 보증금 반환이 불가능하다는 답변만 내놓고 있습니다 저희는 선순위 채권자도 아니며 집에 근저당이 많아 경매로 넘어가게되면 배당도 받지 못해 불안하기만 하네요 일단 내용증명은 보냈고 임대인도 받은 상태 입니다 추후 임차권등기설정 이후에 어떻게 대처해야하는지에 대히여 문의드려봅니다,1. 다세대 / 깡통,unknown,보증상품 보증상품 미확인 | 주택유형 다세대주택 | 보증금구간 1억~2억 | 계약상태 계약중(종료예정) | 선순위권리 근저당설정 | 반환보증 미상 | 분쟁유형 경매·공매 | 진행단계 임차권등기 | 상황 현재 계약만기일은 2월 23일입니다 24년 11월경 계약 갱신 하지 않겠다고 통보하였으나 새로운 세입자가 들어오지 않으면 보증금 반환이 불가능 하다고 얘기를 들었습니다 그 후 저희도 새로운 세입자를 받기 위해 노력하며 임대인과 계속 연락하였으나 계속 보증금 반환이 불가능하다는 답변만 내놓고 있습니다 저희는 선순위 채권자도 아니며 집에 근저당이 많아 경매로 넘어가게되면 배당도 받지 못해 불안하기만 하네요 일단 내용증명은 보냈고 임대인도 받은 상태 입니다 추후 임차권등기설정 이후에 어떻게 대처해야하는지에 대히여 문의드려봅니다 | 특이사항 1. 다세대 / 깡통,provided_synthetic_consultations
CASE-0326,G03,대전,중구,1억 미만,계약중(종료예정),다가구주택,미상,미상,경매·공매,상담·검토,"오늘이 계약 만기일입니다. 계약 만기 3개월 전 문자메시지로 퇴거 의사를 밝혔으나, 세입자가 구해질때까지 전세금을 돌려줄 수 없다고 합니다. 11월 말, 임대인이 아랫층 세입자(임차인)의 보증금 일부를 돌려주지 않아 법원으로부터 강제경매 안내문을 받았습니다. 법원에 방문하여 배당요구신청 및 임차권 등기 절차를 마친 상태이고, 강제경매 취하로 배당요구도 취하된 상태입니다. (임차권 등기는 유효) 가구수 8개의 다가구 빌라인데, 현재 2가구만 거주중인 상태입니다. 저 역시 보증금을 돌려받고 싶어서 부동산, 온라인 중개 플랫폼 등에 매물을 올려놓았으나 연락을 받지 못하고 있는 상태입니다",,unknown,"보증상품 보증상품 미확인 | 주택유형 다가구주택 | 보증금구간 1억 미만 | 계약상태 계약중(종료예정) | 선순위권리 미상 | 반환보증 미상 | 분쟁유형 경매·공매 | 진행단계 상담·검토 | 상황 오늘이 계약 만기일입니다. 계약 만기 3개월 전 문자메시지로 퇴거 의사를 밝혔으나, 세입자가 구해질때까지 전세금을 돌려줄 수 없다고 합니다. 11월 말, 임대인이 아랫층 세입자(임차인)의 보증금 일부를 돌려주지 않아 법원으로부터 강제경매 안내문을 받았습니다. 법원에 방문하여 배당요구신청 및 임차권 등기 절차를 마친 상태이고, 강제경매 취하로 배당요구도 취하된 상태입니다. (임차권 등기는 유효) 가구수 8개의 다가구 빌라인데, 현재 2가구만 거주중인 상태입니다. 저 역시 보증금을 돌려받고 싶어서 부동산, 온라인 중개 플랫폼 등에 매물을 올려놓았으나 연락을 받지 못하고 있는 상태입니다",provided_synthetic_consultations
CASE-0327,G03,경기,안양시,1억~2억,계약종료,미상,미상,미상,기타·일반문의,소송제기,"2021.3.22~23.3.21 계약종료건입니다. 지금 현재 전입신고는 하지 않은 상태입니다. 2023.9.20 집주인으로부터 1억3천은 받은상태이며, 2천2백만원은 받지 못하는 상황입니다. 23.10~25.1월까지 집주인이 매월 30만원에서20만원을 상환하는 중입니다. (총3백6십만원 입금되었습니다) 현재 1천8백4십만원을 못받은 상황입니다. 제가 궁금한거는 지금 이상황에도 임차권등기명령신청이 가능한건지(지금 현재 다른세입자가 들어왔지만, 전입신고를 하지 않았고, 등본상에 저만 전입신고가 되어있습니다.) 소송진행을 해서 빨리 받고싶은데 가능성이 있는지 궁금합니다, 연락",1. 임차권등기 가능 / 전세금반환청구소송 가능,unknown,"보증상품 보증상품 미확인 | 주택유형 미상 | 보증금구간 1억~2억 | 계약상태 계약종료 | 선순위권리 미상 | 반환보증 미상 | 분쟁유형 기타·일반문의 | 진행단계 소송제기 | 상황 2021.3.22~23.3.21 계약종료건입니다. 지금 현재 전입신고는 하지 않은 상태입니다. 2023.9.20 집주인으로부터 1억3천은 받은상태이며, 2천2백만원은 받지 못하는 상황입니다. 23.10~25.1월까지 집주인이 매월 30만원에서20만원을 상환하는 중입니다. (총3백6십만원 입금되었습니다) 현재 1천8백4십만원을 못받은 상황입니다. 제가 궁금한거는 지금 이상황에도 임차권등기명령신청이 가능한건지(지금 현재 다른세입자가 들어왔지만, 전입신고를 하지 않았고, 등본상에 저만 전입신고가 되어있습니다.) 소송진행을 해서 빨리 받고싶은데 가능성이 있는지 궁금합니다, 연락 | 특이사항 1. 임차권등기 가능 / 전세금반환청구소송 가능",provided_synthetic_consultations
CASE-0328,G03,경기,미상,1억~2억,계약중(종료예정),미상,선순위존재,미상,기타·일반문의,상담·검토,자문을 얻고자 문의 드리게 되었습니다,1. 대항력있는 선순위임차인,unknown,보증상품 보증상품 미확인 | 주택유형 미상 | 보증금구간 1억~2억 | 계약상태 계약중(종료예정) | 선순위권리 선순위존재 | 반환보증 미상 | 분쟁유형 기타·일반문의 | 진행단계 상담·검토 | 상황 자문을 얻고자 문의 드리게 되었습니다 | 특이사항 1. 대항력있는 선순위임차인,provided_synthetic_consultations
CASE-0329,G03,광주,미상,3억 이상,계약종료,미상,미상,미상,기타·일반문의,내용증명·공시송달,"* 23년 12월 말, 전세 2년 계약만료 만료 1년전부터 집주인 연락두절! 내용증명, 공시송달에도 임대인 거주지 확인안됨! 집주인과 끝내 연락이 닿지않음",,unknown,"보증상품 보증상품 미확인 | 주택유형 미상 | 보증금구간 3억 이상 | 계약상태 계약종료 | 선순위권리 미상 | 반환보증 미상 | 분쟁유형 기타·일반문의 | 진행단계 내용증명·공시송달 | 상황 * 23년 12월 말, 전세 2년 계약만료 만료 1년전부터 집주인 연락두절! 내용증명, 공시송달에도 임대인 거주지 확인안됨! 집주인과 끝내 연락이 닿지않음",provided_synthetic_consultations
CASE-0330,G04,경기,미상,1억~2억,계약중(종료예정),미상,선순위존재,미상,기타·일반문의,상담·검토,자문을 얻고자 문의 드리게 되었습니다,1. 대항력있는 선순위임차인,unknown,보증상품 보증상품 미확인 | 주택유형 미상 | 보증금구간 1억~2억 | 계약상태 계약중(종료예정) | 선순위권리 선순위존재 | 반환보증 미상 | 분쟁유형 기타·일반문의 | 진행단계 상담·검토 | 상황 자문을 얻고자 문의 드리게 되었습니다 | 특이사항 1. 대항력있는 선순위임차인,provided_synthetic_consultations
CASE-0331,G04,광주,미상,3억 이상,계약종료,미상,선순위존재,미상,기타·일반문의,내용증명·공시송달,"* 23년 12월 말, 전세 2년 계약만료 만료 1년전부터 집주인 연락두절! 내용증명, 공시송달에도 임대인 거주지 확인안됨! 집주인과 끝내 연락이 닿지않음",1. 대항력있는 선순위임차인,unknown,"보증상품 보증상품 미확인 | 주택유형 미상 | 보증금구간 3억 이상 | 계약상태 계약종료 | 선순위권리 선순위존재 | 반환보증 미상 | 분쟁유형 기타·일반문의 | 진행단계 내용증명·공시송달 | 상황 * 23년 12월 말, 전세 2년 계약만료 만료 1년전부터 집주인 연락두절! 내용증명, 공시송달에도 임대인 거주지 확인안됨! 집주인과 끝내 연락이 닿지않음 | 특이사항 1. 대항력있는 선순위임차인",provided_synthetic_consultations
CASE-0332,G04,서울,관악구,1억~2억,계약중(종료예정),다가구주택,압류·가압류,미상,전세사기,상담·검토,"현재 다가구 주택에 거주 중입니다. 23년 5월 4일에 계약하여 올해 5월 3일에 계약이 끝이 납니다. 24년 6월 17일 처음으로 등기부등본에 강제경매개시결정을 년 7월 17일 가압류, 24년 9월 10일 가압류, 24년 9월 13일 강제경매개시결정 -> 금액이 낮아 11월 5일 말소, 24년 11월 5일 압류 이후 임차권 등기설정 이렇게 줄줄이 올라오길래 낌새가 이상해서 전세사기피해자 지원센터에서 상담 후 전세사기 피해자 결정 신청을 했고 24년 12월 10일에 - 전부 충족한 채 피해자 인정을 받은 상태입니다. 임대인은 모르구요 가압류가 기입된 후 관리인 통해 현황을 주고 받다가 임대인이 단체 문자로 경매 이슈로 죄송하다 취해 협의 중이다 라고 하였지만 아직까지 해결되지 않은 상태로 위에서 언급했듯 여러 항목들이 기재되었습니다. 임차권 등기 건에 대해서도 임대인에게 물어보니 임차인이 기다리다가 걸어놓았다 전부 해결해보려고 노력 중인데 계속 시간이 걸리고 있다 라고 하고 있습니다. 첫 강제경매 건에 대해서는 권리신고 및 배당요구신청서를 작성하여 제출하였습니다. 현재 대항력을 갖춘 상태이고 최우선변제권 대상자 입니다. 1월 20일에 문자로 추가적인 임대 계약 연장은 안하겠다. 계약 만료일에 보증금 차질없이 돌려 달라 라고 했고 지금까지 2통의 추가 확인 문자를 보냈지만 아직까지 대답이 없는 상태입니다., 더 이상 이 집에는 살고싶지 않네요 임차권 등기 설정은 피해자가 되면 임대차 계약 만료 전에 신청이 가능한지 또한 피하자 결정 이후 대응 방법에 대해 알고 싶습니다.",1. 다가구주택(20가구) / 4~5번쨰로 추정된다고함,unknown,"보증상품 보증상품 미확인 | 주택유형 다가구주택 | 보증금구간 1억~2억 | 계약상태 계약중(종료예정) | 선순위권리 압류·가압류 | 반환보증 미상 | 분쟁유형 전세사기 | 진행단계 상담·검토 | 상황 현재 다가구 주택에 거주 중입니다. 23년 5월 4일에 계약하여 올해 5월 3일에 계약이 끝이 납니다. 24년 6월 17일 처음으로 등기부등본에 강제경매개시결정을 년 7월 17일 가압류, 24년 9월 10일 가압류, 24년 9월 13일 강제경매개시결정 -> 금액이 낮아 11월 5일 말소, 24년 11월 5일 압류 이후 임차권 등기설정 이렇게 줄줄이 올라오길래 낌새가 이상해서 전세사기피해자 지원센터에서 상담 후 전세사기 피해자 결정 신청을 했고 24년 12월 10일에 - 전부 충족한 채 피해자 인정을 받은 상태입니다. 임대인은 모르구요 가압류가 기입된 후 관리인 통해 현황을 주고 받다가 임대인이 단체 문자로 경매 이슈로 죄송하다 취해 협의 중이다 라고 하였지만 아직까지 해결되지 않은 상태로 위에서 언급했듯 여러 항목들이 기재되었습니다. 임차권 등기 건에 대해서도 임대인에게 물어보니 임차인이 기다리다가 걸어놓았다 전부 해결해보려고 노력 중인데 계속 시간이 걸리고 있다 라고 하고 있습니다. 첫 강제경매 건에 대해서는 권리신고 및 배당요구신청서를 작성하여 제출하였습니다. 현재 대항력을 갖춘 상태이고 최우선변제권 대상자 입니다. 1월 20일에 문자로 추가적인 임대 계약 연장은 안하겠다. 계약 만료일에 보증금 차질없이 돌려 달라 라고 했고 지금까지 2통의 추가 확인 문자를 보냈지만 아직까지 대답이 없는 상태입니다., 더 이상 이 집에는 살고싶지 않네요 임차권 등기 설정은 피해자가 되면 임대차 계약 만료 전에 신청이 가능한지 또한 피하자 결정 이후 대응 방법에 대해 알고 싶습니다. | 특이사항 1. 다가구주택(20가구) / 4~5번쨰로 추정된다고함",provided_synthetic_consultations
CASE-0333,G04,충남,부여군,2억~3억,계약종료,빌라,압류·가압류,미상,기타·일반문의,소송제기,2024년 9월 계약종료 2025년 3월 이사예정 현재 거주중인 빌라에 건설사로부터 가압류가 걸려있음.(건설대금 미납으로 추정) 집주인: 현재 가압류 건으로 소송중이고 소송이 해결되면 이 빌라를 담보로 대출을 받아 보증금을 상한하겠다고 함. 늦어도 6월 말까지 해결해줄 수 있다. 라고 얘기중.,1. 지금 바쁘다 / 내일 다시 통화하자!!,unknown,보증상품 보증상품 미확인 | 주택유형 빌라 | 보증금구간 2억~3억 | 계약상태 계약종료 | 선순위권리 압류·가압류 | 반환보증 미상 | 분쟁유형 기타·일반문의 | 진행단계 소송제기 | 상황 2024년 9월 계약종료 2025년 3월 이사예정 현재 거주중인 빌라에 건설사로부터 가압류가 걸려있음.(건설대금 미납으로 추정) 집주인: 현재 가압류 건으로 소송중이고 소송이 해결되면 이 빌라를 담보로 대출을 받아 보증금을 상한하겠다고 함. 늦어도 6월 말까지 해결해줄 수 있다. 라고 얘기중. | 특이사항 1. 지금 바쁘다 / 내일 다시 통화하자!!,provided_synthetic_consultations
CASE-0334,G04,경기,경기도부천시,1억~2억,계약중(종료예정),미상,선순위존재,미가입,보증금미반환,HUG이행청구,"우선 21년4월에 안심전세대출로 입주했다가 23년 1월쯤 집주인과 전세계약 연장을 하기로 합의했고, 3월에 은행에서 대출 연장 심사를 받는데, 공시지가 하락으로 보증보험 가입이 안되어 허그안심전세대출 연장이 불가하다는 말을 듣고 집주인한테 안심전세대출 연장불가로 퇴거 해야 된다 문자로 보냈습니다, 근데 집주인의 문자의 답이 참고 하겠다라는 확실하지 않은 답으로 허그에서 대위변제를 못해준다 했고, 그래서 은행에서 보증보험 미가입으로 대출 상품을 갈아타고, 전세 연장을 할 수 밖에 없었습니다. 그리고 24년 11월 쯤 25년 4월 계약만기 때 나가겠다고, 집주인에게 퇴거 통보를 했고, 집주인도 동의했습니다. 이후 집주인(8년장기임대사업자)이 집을 내놓겠다고 말했지만, 인터넷과 부동산등 알아보니 집을 안 내놓은거 같아서 다시 집주인과 연락해서 집 내놓아 달라 했습니다. 그래서 부동산에 얼마에 내놓았는지 확인해 봤더니 매매로만 진행을 하고 시세보다 훨씬 비싸게(1억7천2백) 집을 내놓았습니다. 이런 상황에서 계약 만기 때까지 매매자를 절대 구할 수 없을꺼 같은 상황인데, 어떻게 해야 보증금을 돌려 받을수 있을까요? (집주인이 임대사업자인데 보증보험은 미가입인거 같습니다.)",1. 대항력있는 선순위임차인,unknown,"보증상품 보증상품 미확인 | 주택유형 미상 | 보증금구간 1억~2억 | 계약상태 계약중(종료예정) | 선순위권리 선순위존재 | 반환보증 미가입 | 분쟁유형 보증금미반환 | 진행단계 HUG이행청구 | 상황 우선 21년4월에 안심전세대출로 입주했다가 23년 1월쯤 집주인과 전세계약 연장을 하기로 합의했고, 3월에 은행에서 대출 연장 심사를 받는데, 공시지가 하락으로 보증보험 가입이 안되어 허그안심전세대출 연장이 불가하다는 말을 듣고 집주인한테 안심전세대출 연장불가로 퇴거 해야 된다 문자로 보냈습니다, 근데 집주인의 문자의 답이 참고 하겠다라는 확실하지 않은 답으로 허그에서 대위변제를 못해준다 했고, 그래서 은행에서 보증보험 미가입으로 대출 상품을 갈아타고, 전세 연장을 할 수 밖에 없었습니다. 그리고 24년 11월 쯤 25년 4월 계약만기 때 나가겠다고, 집주인에게 퇴거 통보를 했고, 집주인도 동의했습니다. 이후 집주인(8년장기임대사업자)이 집을 내놓겠다고 말했지만, 인터넷과 부동산등 알아보니 집을 안 내놓은거 같아서 다시 집주인과 연락해서 집 내놓아 달라 했습니다. 그래서 부동산에 얼마에 내놓았는지 확인해 봤더니 매매로만 진행을 하고 시세보다 훨씬 비싸게(1억7천2백) 집을 내놓았습니다. 이런 상황에서 계약 만기 때까지 매매자를 절대 구할 수 없을꺼 같은 상황인데, 어떻게 해야 보증금을 돌려 받을수 있을까요? (집주인이 임대사업자인데 보증보험은 미가입인거 같습니다.) | 특이사항 1. 대항력있는 선순위임차인",provided_synthetic_consultations
CASE-0335,G04,서울,금천구,2억~3억,계약중(종료예정),오피스텔,미상,미가입,보증금미반환,상담·검토,"21.2.26.부터 2년 계약+1년 연장 +1년 연장하여 25.2.25.에 계약만료예정인 집에 거주중입니다. 보증보험은 처음에만 들었고 이후에는 들지 않아, 현재 보증보험이 가입되어있지 않은 상황입니다. 이번에는 보증보험을 들고 연장을 하고 싶은데, 보증보험을 가입하기 위해서는 전세가격을 낮춰야 하는 상황입니다. 하지만 임대인은 세금체납이 있어 차액의 보증금 반환이 어렵다며 보증보험을 가입하지 않고 현재의 금액으로 연장을 하거나, 매매를 하는 방법을 이야기합니다.",1. 무자본갭투자 오피스텔 / 매매=전세 같은날(금액동일),unknown,"보증상품 보증상품 미확인 | 주택유형 오피스텔 | 보증금구간 2억~3억 | 계약상태 계약중(종료예정) | 선순위권리 미상 | 반환보증 미가입 | 분쟁유형 보증금미반환 | 진행단계 상담·검토 | 상황 21.2.26.부터 2년 계약+1년 연장 +1년 연장하여 25.2.25.에 계약만료예정인 집에 거주중입니다. 보증보험은 처음에만 들었고 이후에는 들지 않아, 현재 보증보험이 가입되어있지 않은 상황입니다. 이번에는 보증보험을 들고 연장을 하고 싶은데, 보증보험을 가입하기 위해서는 전세가격을 낮춰야 하는 상황입니다. 하지만 임대인은 세금체납이 있어 차액의 보증금 반환이 어렵다며 보증보험을 가입하지 않고 현재의 금액으로 연장을 하거나, 매매를 하는 방법을 이야기합니다. | 특이사항 1. 무자본갭투자 오피스텔 / 매매=전세 같은날(금액동일)",provided_synthetic_consultations
CASE-0336,G04,미상,영등포구,1억~2억,계약중(종료예정),오피스텔,선순위존재,가입,묵시적갱신분쟁,상담·검토,"3월 2일 자로 계약 만료되는 집에 거주중입니다. 살고 있던 집이 마음에 들어 집주인과 묵시적 연장하기로 하였습니다. 내일 은행 방문을 위해 서류를 확인하다가 갑구에 주택공사로부터 37억이 가압류 되어있는것을 확인하였습니다. 이후 집주인에게 연락하였으나 말을 모호하게 피하며 보증보험을 통해 반환 받으라는 말만 받았습니다. HF에 연락하니 우선 재계약하지않겠다는 의사를 전달하고 한달동안 전세금을 받지못하면 보증보험 절차를 신청할수있고, 우선 전세대출과 보증보험 연장을 하라고 연락 받았습니다. 궁금한점은 1. 집주인에게 거절의사 전달 2. 내일 은행에가서 전세대출 및 보증보험 연장 진행을 하고 1달을 그냥 기다리면 되는걸까요? 1달동안 따로 준비해야할것이 있는지 궁금합니다 참고로 중도해지합의서는 작성해주지않겠다고한 상황입니다",1. 오피스텔 / 대항력있는 선순위임차인,unknown,"보증상품 보증상품 미확인 | 주택유형 오피스텔 | 보증금구간 1억~2억 | 계약상태 계약중(종료예정) | 선순위권리 선순위존재 | 반환보증 가입 | 분쟁유형 묵시적갱신분쟁 | 진행단계 상담·검토 | 상황 3월 2일 자로 계약 만료되는 집에 거주중입니다. 살고 있던 집이 마음에 들어 집주인과 묵시적 연장하기로 하였습니다. 내일 은행 방문을 위해 서류를 확인하다가 갑구에 주택공사로부터 37억이 가압류 되어있는것을 확인하였습니다. 이후 집주인에게 연락하였으나 말을 모호하게 피하며 보증보험을 통해 반환 받으라는 말만 받았습니다. HF에 연락하니 우선 재계약하지않겠다는 의사를 전달하고 한달동안 전세금을 받지못하면 보증보험 절차를 신청할수있고, 우선 전세대출과 보증보험 연장을 하라고 연락 받았습니다. 궁금한점은 1. 집주인에게 거절의사 전달 2. 내일 은행에가서 전세대출 및 보증보험 연장 진행을 하고 1달을 그냥 기다리면 되는걸까요? 1달동안 따로 준비해야할것이 있는지 궁금합니다 참고로 중도해지합의서는 작성해주지않겠다고한 상황입니다 | 특이사항 1. 오피스텔 / 대항력있는 선순위임차인",provided_synthetic_consultations
CASE-0337,G04,부산,남구,1억 미만,계약종료,미상,미상,가입,기타·일반문의,소송제기,23년 10월 전세 만료로 새로운 세입자가 입주 예정이라 비워 주면 돈을 준다고 해서 다른 곳으로 이사를 갔습니다. 이후 보증금을 받지 못하였고 임차권등기도 없고 보증보험도 기간이 끝나서 기다리고만 있었습니다. 현재 집 주인은 파산 신청예정이라고 미안하다고만 하는데 소송이 가능할까요,1. 임차권등기 가능할 것 같다 / 이행청구는 못할것 같다,unknown,보증상품 보증상품 미확인 | 주택유형 미상 | 보증금구간 1억 미만 | 계약상태 계약종료 | 선순위권리 미상 | 반환보증 가입 | 분쟁유형 기타·일반문의 | 진행단계 소송제기 | 상황 23년 10월 전세 만료로 새로운 세입자가 입주 예정이라 비워 주면 돈을 준다고 해서 다른 곳으로 이사를 갔습니다. 이후 보증금을 받지 못하였고 임차권등기도 없고 보증보험도 기간이 끝나서 기다리고만 있었습니다. 현재 집 주인은 파산 신청예정이라고 미안하다고만 하는데 소송이 가능할까요 | 특이사항 1. 임차권등기 가능할 것 같다 / 이행청구는 못할것 같다,provided_synthetic_consultations
CASE-0338,G04,경기,화성시,1억~2억,계약중(종료예정),미상,미상,가입,보증금미반환,내용증명·공시송달,임대인이 법인이고 자금이 부족해 매매를 하지않으면 보증금을 돌려주지않는다고합니다. 3/24일이 계약 만기이고 2/5일 오늘 부동산 통해 통보 받았습니다. 이럴때 제가 내용증명 외에 어떤 행동을 해야하는지 알려주시면 정말 감사하겠습니다 (보증보험 23년에 가입. 24년 연장시 추가 연장은 안함),1. 건설업을 하는 중소기업이 임대인 / 깡통주택으로 추정,unknown,보증상품 보증상품 미확인 | 주택유형 미상 | 보증금구간 1억~2억 | 계약상태 계약중(종료예정) | 선순위권리 미상 | 반환보증 가입 | 분쟁유형 보증금미반환 | 진행단계 내용증명·공시송달 | 상황 임대인이 법인이고 자금이 부족해 매매를 하지않으면 보증금을 돌려주지않는다고합니다. 3/24일이 계약 만기이고 2/5일 오늘 부동산 통해 통보 받았습니다. 이럴때 제가 내용증명 외에 어떤 행동을 해야하는지 알려주시면 정말 감사하겠습니다 (보증보험 23년에 가입. 24년 연장시 추가 연장은 안함) | 특이사항 1. 건설업을 하는 중소기업이 임대인 / 깡통주택으로 추정,provided_synthetic_consultations
CASE-0339,G04,서울,강서구,1억~2억,계약종료,미상,미상,미상,경매·공매,상고심,"현재 계약만료된지 7개월이 지나도록 보증금을 못받고 있으며 임대인이 법인입니다. 해당 건물에 저 외에도 이미 13명정도 모두 보증금을 못받는 상태입니다.(등기부에 임차권등기설정 확인시) 현재는 해당 집은 퇴실하였고 임차권등기설정 완료했습니다. 지급명령신청도 진행하여 결정문도 받았지만 여전히 보증금은 주지 않고 있습니다. 특히 해당 건물이 등기부상 통건물로 이미 다른 임차인이 강제경매까지 진행되고 있습니다. 저도 뭐라도 하고 싶은데 더 진행 할 수 있는게 있는지, 보증금을 받을 가능성이 있는지 상담받고싶습니다.",1. 임대법인의 대표자와 중개법인의 대표자는 동인인물 / 이러한 사실은 숨기고 임대인 대신 중개사가 위임계약하는 것처럼 임차인기망,unknown,"보증상품 보증상품 미확인 | 주택유형 미상 | 보증금구간 1억~2억 | 계약상태 계약종료 | 선순위권리 미상 | 반환보증 미상 | 분쟁유형 경매·공매 | 진행단계 상고심 | 상황 현재 계약만료된지 7개월이 지나도록 보증금을 못받고 있으며 임대인이 법인입니다. 해당 건물에 저 외에도 이미 13명정도 모두 보증금을 못받는 상태입니다.(등기부에 임차권등기설정 확인시) 현재는 해당 집은 퇴실하였고 임차권등기설정 완료했습니다. 지급명령신청도 진행하여 결정문도 받았지만 여전히 보증금은 주지 않고 있습니다. 특히 해당 건물이 등기부상 통건물로 이미 다른 임차인이 강제경매까지 진행되고 있습니다. 저도 뭐라도 하고 싶은데 더 진행 할 수 있는게 있는지, 보증금을 받을 가능성이 있는지 상담받고싶습니다. | 특이사항 1. 임대법인의 대표자와 중개법인의 대표자는 동인인물 / 이러한 사실은 숨기고 임대인 대신 중개사가 위임계약하는 것처럼 임차인기망",provided_synthetic_consultations
CASE-0340,G04,서울,강북구,1억~2억,계약중(종료예정),미상,미상,가입,기타·일반문의,소송제기,중기청 80%로 9600만원 은행에서 대출 받고 전세로 살고 있습니다. 보증보험은 안들었습니다 집주인에게는 작년 11월 더이상 연장없이 계약 만료하고 이사 가야된다고 전화로 통보했으며 보증금도 받을 수 있다고 했습니다. 그런데 2월 3일 내집스캔이라는 앱에서 임차권설정이 됐다는 알림을 받게 되어 집주인에게 물어보니 2층집 세입자랑 보증금 관련으로 여러 소송 문제에 있다고 했습니다. 집주인 말로는 금방 해결한다고 했고 저는 다음달 3월 3일까지 만기인데 보증금 받을 수 있냐고 물어보니 조금밖에 못 줄것 같다고 얘기했습니다. 그 이후 직접 찾아가서 대화를 했는데 어떻게든 제 보증금 관련해서 해결해주겠다고 했는데 만약 이 시점에서는 집주인을 믿고 기다려보는게 답일까요? 아니면 따로 지금이라도 법적 준비를 대비하는게 좋을까요 ? 집주인분은 많이 협조적이며 연락은 잘 받는 편입니다,,unknown,보증상품 보증상품 미확인 | 주택유형 미상 | 보증금구간 1억~2억 | 계약상태 계약중(종료예정) | 선순위권리 미상 | 반환보증 가입 | 분쟁유형 기타·일반문의 | 진행단계 소송제기 | 상황 중기청 80%로 9600만원 은행에서 대출 받고 전세로 살고 있습니다. 보증보험은 안들었습니다 집주인에게는 작년 11월 더이상 연장없이 계약 만료하고 이사 가야된다고 전화로 통보했으며 보증금도 받을 수 있다고 했습니다. 그런데 2월 3일 내집스캔이라는 앱에서 임차권설정이 됐다는 알림을 받게 되어 집주인에게 물어보니 2층집 세입자랑 보증금 관련으로 여러 소송 문제에 있다고 했습니다. 집주인 말로는 금방 해결한다고 했고 저는 다음달 3월 3일까지 만기인데 보증금 받을 수 있냐고 물어보니 조금밖에 못 줄것 같다고 얘기했습니다. 그 이후 직접 찾아가서 대화를 했는데 어떻게든 제 보증금 관련해서 해결해주겠다고 했는데 만약 이 시점에서는 집주인을 믿고 기다려보는게 답일까요? 아니면 따로 지금이라도 법적 준비를 대비하는게 좋을까요 ? 집주인분은 많이 협조적이며 연락은 잘 받는 편입니다,provided_synthetic_consultations
CASE-0341,G04,인천,인천남동구,1억 미만,계약중(종료예정),미상,미상,가입,기타·일반문의,HUG이행청구,"2년+2년 중기청 계약 후 버팀목으로 재계약 예정. 기존에는 9천만원에 계약했으나, 2월초 재계약하자고 연락 드리면서 시세가 3천만원 떨어져 6천만원으로 재계약요청 (계약만료일 2.25) 집주인 : 9천에 재계약하고 따로 이자값 챙겨준다함 그러면 재계약 안하겠다 집 매물 올려달라하니 보증금 없다 말함 허그보증보험 들어놓은 상태여서 전세중도해지합의서, 인감증명서 등 필요 자료요청 하니 계속 연락 두절 어떻게 해야할 지",1. 24.11.1 매매 / 전임대인을 대상으로 임대차승계거부를 할 수 있음,unknown,"보증상품 보증상품 미확인 | 주택유형 미상 | 보증금구간 1억 미만 | 계약상태 계약중(종료예정) | 선순위권리 미상 | 반환보증 가입 | 분쟁유형 기타·일반문의 | 진행단계 HUG이행청구 | 상황 2년+2년 중기청 계약 후 버팀목으로 재계약 예정. 기존에는 9천만원에 계약했으나, 2월초 재계약하자고 연락 드리면서 시세가 3천만원 떨어져 6천만원으로 재계약요청 (계약만료일 2.25) 집주인 : 9천에 재계약하고 따로 이자값 챙겨준다함 그러면 재계약 안하겠다 집 매물 올려달라하니 보증금 없다 말함 허그보증보험 들어놓은 상태여서 전세중도해지합의서, 인감증명서 등 필요 자료요청 하니 계속 연락 두절 어떻게 해야할 지 | 특이사항 1. 24.11.1 매매 / 전임대인을 대상으로 임대차승계거부를 할 수 있음",provided_synthetic_consultations
CASE-0342,G04,경기,화성시,1억~2억,계약중(종료예정),다가구주택,미상,가입,경매·공매,임차권등기,"다가구주택(보증보험 가입 불가, 법인 명의 건물, 소액임차인 x, 후순위 임차인, 대항력 및 확정일자 o)에 살고 있으며 계약기간이 약 4개월 정도 남은 시점이고 1월 31일 경매에 넘어간다는 법원의 안내문을 받았습니다. 금일 권리신고 및 배당요구신청서 접수를 완료한 상태입니다. 1. 계약 기간이 끝나지 않았지만 건물이 경매로 넘어갔고 배당요구 접수증이 있다면 임차권 등기 설정 가능한가요? 만약 가능하다면 등기 설정해두고 이 집을 계약 기간이 넘어서까지 점유하고 있어도 되는걸까요? 2. 아직 내용증명을 보내지 않은 시점인데 임차권등기설정을 해도 되는 걸까요? 3. 건물주가 개인 명의 건물 14채, 법인 명의 건물 4채를 갖고 있는데 제가 거주하고 있는 건물이 경매로 넘어가게 되면 보증금을 돌려받지 못할 가능성이 매우 큰 상태입니다. 그럼 거주하고 있는 건물 외에 건물주가 가지고 있는 개인 명의 건물과 법인 명의 건물의 경매를 통해서 보증금을 반환 받을 수 있을까요?",1. 다가구(35가구) / 대항력없는 후순위임차인,unknown,"보증상품 보증상품 미확인 | 주택유형 다가구주택 | 보증금구간 1억~2억 | 계약상태 계약중(종료예정) | 선순위권리 미상 | 반환보증 가입 | 분쟁유형 경매·공매 | 진행단계 임차권등기 | 상황 다가구주택(보증보험 가입 불가, 법인 명의 건물, 소액임차인 x, 후순위 임차인, 대항력 및 확정일자 o)에 살고 있으며 계약기간이 약 4개월 정도 남은 시점이고 1월 31일 경매에 넘어간다는 법원의 안내문을 받았습니다. 금일 권리신고 및 배당요구신청서 접수를 완료한 상태입니다. 1. 계약 기간이 끝나지 않았지만 건물이 경매로 넘어갔고 배당요구 접수증이 있다면 임차권 등기 설정 가능한가요? 만약 가능하다면 등기 설정해두고 이 집을 계약 기간이 넘어서까지 점유하고 있어도 되는걸까요? 2. 아직 내용증명을 보내지 않은 시점인데 임차권등기설정을 해도 되는 걸까요? 3. 건물주가 개인 명의 건물 14채, 법인 명의 건물 4채를 갖고 있는데 제가 거주하고 있는 건물이 경매로 넘어가게 되면 보증금을 돌려받지 못할 가능성이 매우 큰 상태입니다. 그럼 거주하고 있는 건물 외에 건물주가 가지고 있는 개인 명의 건물과 법인 명의 건물의 경매를 통해서 보증금을 반환 받을 수 있을까요? | 특이사항 1. 다가구(35가구) / 대항력없는 후순위임차인",provided_synthetic_consultations
CASE-0343,G04,인천,미상,1억~2억,계약중(종료예정),다가구주택,압류·가압류,미상,전세사기,판결·집행,"전세 사기 의혹이 있어서 전세 정보 임대인은 현재 연락두절상태 입니다. 계약일자 - 2023.04.14~2025.04.13 현재 진행상황 - 2025.02.03 계약연장을 안하겠다는 문자, 전화 송부 (연락안됨) - 2025.02.05 계약연장 안하겠다는 1차 내용증명 발송 - 2025.02.07 1차 내용증명 반송 및 2차 내용증명(초본 주소지) 발송 차주 2차 반송 시 공시송달을 쓸 내용입니다. 여기서 질문사항이 있습니다. 공시송달내에 계약연장을 안하겠다는 내용으로 작성을 할 예정입니다. 이때 공시송달 효력이 발생하는건.03.20이라고 할 때 전세계약만료의 효력을 볼 수 있는건 묵시적갱신연장으로 인한 2025.07.14 인가요? 아니면 공시송달 효력 이후 3개월인 2025.06.20 인가요? 추가적으로, 전세계약이 만료된 이후 임대차 등기를 바로 진행하고, 전세계약이 만료되기전에 보증금 반환소송을 먼저 진행할 것입니다. (전세계약이 만료되지 않았지만 보증금 반환소송을 먼저 진행하는건 처리기한을 생각했습니다.) 이후 당연히, 보증금 반환소송은 승소할 것이지만 그 이후 절차는 어떤식으로 이루어 질까요? 또한, 보증금 반환소송 승소 이후 변호사분과 함께해야 할 것 같은데 비용이 어느정도 될까요? (가압류, 압류 등) ※ 저의 경우 다가구 주택으로 주택이 경매로 넘어갈 시 배당금을 받지 못할 확률이 커서 다가구 주택을 경매로 넘기는건 원하지 않습니다. ※ 현재 해당 다가구주택에서 퇴거를 원하는 세입자는 저뿐입니다.",,unknown,"보증상품 보증상품 미확인 | 주택유형 다가구주택 | 보증금구간 1억~2억 | 계약상태 계약중(종료예정) | 선순위권리 압류·가압류 | 반환보증 미상 | 분쟁유형 전세사기 | 진행단계 판결·집행 | 상황 전세 사기 의혹이 있어서 전세 정보 임대인은 현재 연락두절상태 입니다. 계약일자 - 2023.04.14~2025.04.13 현재 진행상황 - 2025.02.03 계약연장을 안하겠다는 문자, 전화 송부 (연락안됨) - 2025.02.05 계약연장 안하겠다는 1차 내용증명 발송 - 2025.02.07 1차 내용증명 반송 및 2차 내용증명(초본 주소지) 발송 차주 2차 반송 시 공시송달을 쓸 내용입니다. 여기서 질문사항이 있습니다. 공시송달내에 계약연장을 안하겠다는 내용으로 작성을 할 예정입니다. 이때 공시송달 효력이 발생하는건.03.20이라고 할 때 전세계약만료의 효력을 볼 수 있는건 묵시적갱신연장으로 인한 2025.07.14 인가요? 아니면 공시송달 효력 이후 3개월인 2025.06.20 인가요? 추가적으로, 전세계약이 만료된 이후 임대차 등기를 바로 진행하고, 전세계약이 만료되기전에 보증금 반환소송을 먼저 진행할 것입니다. (전세계약이 만료되지 않았지만 보증금 반환소송을 먼저 진행하는건 처리기한을 생각했습니다.) 이후 당연히, 보증금 반환소송은 승소할 것이지만 그 이후 절차는 어떤식으로 이루어 질까요? 또한, 보증금 반환소송 승소 이후 변호사분과 함께해야 할 것 같은데 비용이 어느정도 될까요? (가압류, 압류 등) ※ 저의 경우 다가구 주택으로 주택이 경매로 넘어갈 시 배당금을 받지 못할 확률이 커서 다가구 주택을 경매로 넘기는건 원하지 않습니다. ※ 현재 해당 다가구주택에서 퇴거를 원하는 세입자는 저뿐입니다.",provided_synthetic_consultations
CASE-0344,G04,경기,수원시,1억~2억,계약중(종료예정),원룸·도시형,미상,미가입,경매·공매,상담·검토,"✅ 계약 정보 계약일: 2024년 5월 18일 특약 사항: 보증보험 미가입 시 계약 해지 가능 ✅ 임대인의 문제점 보증보험 가입 불가 판정 (하지만 계약서에는 \`가입\`으로 표기됨) 임대차계약서에 임대사업자로 기재되어 있으나, 실제로는 임대사업자가 아님 ✅ 부동산(중개사)의 문제점 보증보험 접수증까지 확인 후 \""가입될 거다\""라고 설명함 그러나 보증보험 가입 거절 사실을 직접 통보받지 못하고, 다른 세입자를 통해 알게 됨 현재 해당 부동산(공인중개사)은 휴업 상태 ✅ 현재 상황 경매 안내문 수령함 → 전세보증금 반환이 어려운 상태",1. 도시형생활주택 / 21개호실 / 공동담보 8억설정 상태에서 계약,unknown,"보증상품 보증상품 미확인 | 주택유형 원룸·도시형 | 보증금구간 1억~2억 | 계약상태 계약중(종료예정) | 선순위권리 미상 | 반환보증 미가입 | 분쟁유형 경매·공매 | 진행단계 상담·검토 | 상황 ✅ 계약 정보 계약일: 2024년 5월 18일 특약 사항: 보증보험 미가입 시 계약 해지 가능 ✅ 임대인의 문제점 보증보험 가입 불가 판정 (하지만 계약서에는 \`가입\`으로 표기됨) 임대차계약서에 임대사업자로 기재되어 있으나, 실제로는 임대사업자가 아님 ✅ 부동산(중개사)의 문제점 보증보험 접수증까지 확인 후 \""가입될 거다\""라고 설명함 그러나 보증보험 가입 거절 사실을 직접 통보받지 못하고, 다른 세입자를 통해 알게 됨 현재 해당 부동산(공인중개사)은 휴업 상태 ✅ 현재 상황 경매 안내문 수령함 → 전세보증금 반환이 어려운 상태 | 특이사항 1. 도시형생활주택 / 21개호실 / 공동담보 8억설정 상태에서 계약",provided_synthetic_consultations
CASE-0345,G04,서울,미상,2억~3억,계약중(종료예정),빌라,선순위존재,미상,묵시적갱신분쟁,내용증명·공시송달,2011년 5월 11일 전세계약 체결(전세기간2년)하고 묵시적 갱신후 2025년 5월 계약종료하고 이사를 가려고 합니다. 그런데 24년 11월부터 집주인과 연락을 해보려 했으나 지금까지 연락이 되지 않고 있습니다. 1월초에는 계약종료 및 보증금 반환을 요청하는 내용증명을 보냈고 수신을 확인하였습니다. 그런데도 지금까지 연락이 되지 않고 있습니다. 어떠한 조치를 할 수 있는 건가요?,1. 대항력있는 선순위임차인 / 빌라,unknown,보증상품 보증상품 미확인 | 주택유형 빌라 | 보증금구간 2억~3억 | 계약상태 계약중(종료예정) | 선순위권리 선순위존재 | 반환보증 미상 | 분쟁유형 묵시적갱신분쟁 | 진행단계 내용증명·공시송달 | 상황 2011년 5월 11일 전세계약 체결(전세기간2년)하고 묵시적 갱신후 2025년 5월 계약종료하고 이사를 가려고 합니다. 그런데 24년 11월부터 집주인과 연락을 해보려 했으나 지금까지 연락이 되지 않고 있습니다. 1월초에는 계약종료 및 보증금 반환을 요청하는 내용증명을 보냈고 수신을 확인하였습니다. 그런데도 지금까지 연락이 되지 않고 있습니다. 어떠한 조치를 할 수 있는 건가요? | 특이사항 1. 대항력있는 선순위임차인 / 빌라,provided_synthetic_consultations
CASE-0346,G04,경기,고양시,1억 미만,계약중(종료예정),다가구주택,미상,미상,경매·공매,소송제기,"? 25.2.25만기되는 곳에 전세를 살고 있습니다. 집주인에게 25.1월, 24.6월에 계약 해지 통보 의사를 밝혔고 계약 종료 시 전세금을 반환해달라 하였으나 상황이 여의치 않아 다음 세입자가 들어오기 전까지 돈을 줄 수 없는 상황이다. 노력을 해보겠다. 기다려달라. 라는 말로 일관하며 계약 해지 날까지 돈을 받을 수 없을 것 같은 상황입니다. 사실 이 건물 명의자는 딸이고, 실 관리인은 딸의 아버지가 하고 있습니다. 그래서 부동산 계약 시 핸드폰번호와 주소 모두 아버지 것으로 해놓고 딸은 명의만 해놓은 바지사장 느낌입니다. 그래서 명의자(딸)의 연락처나 주소는 알 수가 없어 연락을 취할 수도 없는 그런 곤란한 상황입니다. 전세금반환 소송과 경매까지 고려하고 있는데 저까지 순번이 돌아올지 돈을 받을 수 있을지 모르겠습니다. 이런 상황에서 어떻게 해야할 지 막막해서 글 남깁니다. 28살 사회 초년생인데 이런 일이 생겨 참 마음이 힘듭니다. 피땀흘려 번 돈 전부인데 돌려받지 못할 것 같아 밥도 못 먹고 잠도 못 자고 있습니다 여러방면으로 조언주시면 감사하겠습니다.",1. 다가구주택(4가구) / 사실상은 13가구,unknown,"보증상품 보증상품 미확인 | 주택유형 다가구주택 | 보증금구간 1억 미만 | 계약상태 계약중(종료예정) | 선순위권리 미상 | 반환보증 미상 | 분쟁유형 경매·공매 | 진행단계 소송제기 | 상황 ? 25.2.25만기되는 곳에 전세를 살고 있습니다. 집주인에게 25.1월, 24.6월에 계약 해지 통보 의사를 밝혔고 계약 종료 시 전세금을 반환해달라 하였으나 상황이 여의치 않아 다음 세입자가 들어오기 전까지 돈을 줄 수 없는 상황이다. 노력을 해보겠다. 기다려달라. 라는 말로 일관하며 계약 해지 날까지 돈을 받을 수 없을 것 같은 상황입니다. 사실 이 건물 명의자는 딸이고, 실 관리인은 딸의 아버지가 하고 있습니다. 그래서 부동산 계약 시 핸드폰번호와 주소 모두 아버지 것으로 해놓고 딸은 명의만 해놓은 바지사장 느낌입니다. 그래서 명의자(딸)의 연락처나 주소는 알 수가 없어 연락을 취할 수도 없는 그런 곤란한 상황입니다. 전세금반환 소송과 경매까지 고려하고 있는데 저까지 순번이 돌아올지 돈을 받을 수 있을지 모르겠습니다. 이런 상황에서 어떻게 해야할 지 막막해서 글 남깁니다. 28살 사회 초년생인데 이런 일이 생겨 참 마음이 힘듭니다. 피땀흘려 번 돈 전부인데 돌려받지 못할 것 같아 밥도 못 먹고 잠도 못 자고 있습니다 여러방면으로 조언주시면 감사하겠습니다. | 특이사항 1. 다가구주택(4가구) / 사실상은 13가구",provided_synthetic_consultations
CASE-0347,G04,서울,동작구,1억~2억,계약종료,미상,근저당설정,미상,경매·공매,임차권등기,"2020년 4월 16일 이후로 묵시적 갱신으로 거주 중이며, 2024년 11월 5일 3개월 후인 202년 2월 5일 퇴실을 문자로 통보, 답장을 받았으며 2월 5일 만기에 맞춰 보증금 반환이 이루어 지지 않았습니다. 살고 있는 곳은 다중 주택이며 16명의 임차인이 살고 있습니다. 선순위 농협 근저당(2016/04/28) 6억, 저의 전입일자 2020/04/16 전세 보증금 1억 3천만원 후순위 근저당 (2023/02/23) 7억 입니다. 현재 임대인은 돈이 없어서 보증금 반환을 할 수 없으며, 제가 임차권 등기명령을 하면 이 건물의 임대가 전혀 안되고 자기는 파산을 할 것이라 협박하고 있습니다. 하여 저는 경매에 들어가게 될 때를 가정하여 계산해보고 있었습니다 저는 임차인 순위 1번이고 농협 근저당 기준 최우선 변제금(1억 이하 3400만원)을 받을 수 없으며, 최우선 변제금 받을수 있는 임차인은 16명 중 10명이라 34000만원이 최우선 변제금으로 나가고 이후 농협 근저당 배당, 그리고 상대적소액임차인 배당이 될텐데 이 배당금액이 얼마나 나오냐에 따라 저의 배당금액이 정해질 것 같습니다 농협 근저당이 말소되고 저의 확정일자 기준으로(1억1천 이하 3700) 최우선 변제금이 배당 된 후 제 배당금이 배당되는 걸로 예상하고 있는데 해당 순서가 맞나요? 아니면 후순위 근저당이 저에게 영향을 미치는 지 헷갈립니다. \`상대적 우선 소액임차인\` 때문에 배당 실무에서 배당금이 크게 갈린다고 하는데 이런 저런 글들을 읽어보고 있습니다만, 잘 이해가 가지 않아서 문의글 또 남깁니다. 그리고 임차권등기명령을 할지 말지도 고민하고 있습니다. 가장 순탄한 다음 세입자가 와서 무사히 보증금을 받고 나가는 상황을 그리고 있기 때문에 고민이 됩니다. 문의글 읽어주셔서 감사드리고, 연락을 기다리고 있겠습니다. 새해 복 많이 받으세요!",1. 16명의 세입자 중 첫번째임차인,unknown,"보증상품 보증상품 미확인 | 주택유형 미상 | 보증금구간 1억~2억 | 계약상태 계약종료 | 선순위권리 근저당설정 | 반환보증 미상 | 분쟁유형 경매·공매 | 진행단계 임차권등기 | 상황 2020년 4월 16일 이후로 묵시적 갱신으로 거주 중이며, 2024년 11월 5일 3개월 후인 202년 2월 5일 퇴실을 문자로 통보, 답장을 받았으며 2월 5일 만기에 맞춰 보증금 반환이 이루어 지지 않았습니다. 살고 있는 곳은 다중 주택이며 16명의 임차인이 살고 있습니다. 선순위 농협 근저당(2016/04/28) 6억, 저의 전입일자 2020/04/16 전세 보증금 1억 3천만원 후순위 근저당 (2023/02/23) 7억 입니다. 현재 임대인은 돈이 없어서 보증금 반환을 할 수 없으며, 제가 임차권 등기명령을 하면 이 건물의 임대가 전혀 안되고 자기는 파산을 할 것이라 협박하고 있습니다. 하여 저는 경매에 들어가게 될 때를 가정하여 계산해보고 있었습니다 저는 임차인 순위 1번이고 농협 근저당 기준 최우선 변제금(1억 이하 3400만원)을 받을 수 없으며, 최우선 변제금 받을수 있는 임차인은 16명 중 10명이라 34000만원이 최우선 변제금으로 나가고 이후 농협 근저당 배당, 그리고 상대적소액임차인 배당이 될텐데 이 배당금액이 얼마나 나오냐에 따라 저의 배당금액이 정해질 것 같습니다 농협 근저당이 말소되고 저의 확정일자 기준으로(1억1천 이하 3700) 최우선 변제금이 배당 된 후 제 배당금이 배당되는 걸로 예상하고 있는데 해당 순서가 맞나요? 아니면 후순위 근저당이 저에게 영향을 미치는 지 헷갈립니다. \`상대적 우선 소액임차인\` 때문에 배당 실무에서 배당금이 크게 갈린다고 하는데 이런 저런 글들을 읽어보고 있습니다만, 잘 이해가 가지 않아서 문의글 또 남깁니다. 그리고 임차권등기명령을 할지 말지도 고민하고 있습니다. 가장 순탄한 다음 세입자가 와서 무사히 보증금을 받고 나가는 상황을 그리고 있기 때문에 고민이 됩니다. 문의글 읽어주셔서 감사드리고, 연락을 기다리고 있겠습니다. 새해 복 많이 받으세요! | 특이사항 1. 16명의 세입자 중 첫번째임차인",provided_synthetic_consultations
CASE-0348,G04,대전,미상,1억 미만,계약중(종료예정),미상,미상,미상,기타·일반문의,판결·집행,현재 6700에 전세 들어와있습니다 올해 3월 4일부로 계약만기인상태고 작년 11월부터 명의변경되어 변경된분과 변경 전 주인과 계속 연락중입니다 현재 본인들 앞으로 대출이 되지않아 돈을 줄수가 없다고합니다. 전 주인은 잡혀있는 재산을 몰라 등기에 올라와있는 전주인 명의 4억 가량이 있으나 그집으로 대출이 4억이 잡혀있어 강제집행시 은행이 먼저라 제가 못받을수도 있다고합니다 어떻게해야할까요,,unknown,보증상품 보증상품 미확인 | 주택유형 미상 | 보증금구간 1억 미만 | 계약상태 계약중(종료예정) | 선순위권리 미상 | 반환보증 미상 | 분쟁유형 기타·일반문의 | 진행단계 판결·집행 | 상황 현재 6700에 전세 들어와있습니다 올해 3월 4일부로 계약만기인상태고 작년 11월부터 명의변경되어 변경된분과 변경 전 주인과 계속 연락중입니다 현재 본인들 앞으로 대출이 되지않아 돈을 줄수가 없다고합니다. 전 주인은 잡혀있는 재산을 몰라 등기에 올라와있는 전주인 명의 4억 가량이 있으나 그집으로 대출이 4억이 잡혀있어 강제집행시 은행이 먼저라 제가 못받을수도 있다고합니다 어떻게해야할까요,provided_synthetic_consultations
CASE-0349,G04,충남,아산시,1억 미만,계약중(종료예정),다가구주택,미상,미상,기타·일반문의,상담·검토,"24년 3월 2년 계약연장 후 년 9월 세입자 구하는 조건으로 중도해지 요청하였습니다 년1월 세입자 구해져서 집주인 연락하였으나 집주인 연락두절로 최근 집주인 딸에게 그 빌라를 팔아버리라는 연락만 하고 또 잠적했다고 합니다, 이럴경우 어떻게 해야 돈을 돌려받을 수 있을까요,.",1. 다가구주택 / 대항력없는 후순위임차인,unknown,"보증상품 보증상품 미확인 | 주택유형 다가구주택 | 보증금구간 1억 미만 | 계약상태 계약중(종료예정) | 선순위권리 미상 | 반환보증 미상 | 분쟁유형 기타·일반문의 | 진행단계 상담·검토 | 상황 24년 3월 2년 계약연장 후 년 9월 세입자 구하는 조건으로 중도해지 요청하였습니다 년1월 세입자 구해져서 집주인 연락하였으나 집주인 연락두절로 최근 집주인 딸에게 그 빌라를 팔아버리라는 연락만 하고 또 잠적했다고 합니다, 이럴경우 어떻게 해야 돈을 돌려받을 수 있을까요,. | 특이사항 1. 다가구주택 / 대항력없는 후순위임차인",provided_synthetic_consultations
CASE-0350,G04,부산,부산진구,1억 미만,계약종료,미상,미상,미상,경매·공매,상담·검토,"1년 전부터 계약 만료 의사표시 후 보증금 돌려줄 돈이 없다는 개월, 3개월, 3개월씩 작게 연장하다가 임의 경매 넘어가서 계약만료 + 임차권 등기 설정 완료했습니다. 전세피해자 신청도 했는데 미충족으로 반려 당했구요. 피해자는 여러명인데 이걸 입증해 피해자로 되고 보증금을 반환 받을 수 있는 방법이 있을까요 ㅠㅠ 은행 대출 연장도 최대 2년이라고 알고 있는데 그전에는 돌려 받아야해요",,unknown,"보증상품 보증상품 미확인 | 주택유형 미상 | 보증금구간 1억 미만 | 계약상태 계약종료 | 선순위권리 미상 | 반환보증 미상 | 분쟁유형 경매·공매 | 진행단계 상담·검토 | 상황 1년 전부터 계약 만료 의사표시 후 보증금 돌려줄 돈이 없다는 개월, 3개월, 3개월씩 작게 연장하다가 임의 경매 넘어가서 계약만료 + 임차권 등기 설정 완료했습니다. 전세피해자 신청도 했는데 미충족으로 반려 당했구요. 피해자는 여러명인데 이걸 입증해 피해자로 되고 보증금을 반환 받을 수 있는 방법이 있을까요 ㅠㅠ 은행 대출 연장도 최대 2년이라고 알고 있는데 그전에는 돌려 받아야해요",provided_synthetic_consultations
CASE-0351,G04,경기,의정부시,2억~3억,계약종료,미상,미상,미상,기타·일반문의,소송제기,"저는 현재 전세금 일부 미반환으로 곤란한 일을 겪고 있습니다. 전세금은 2억원이며, 24년 8월 13일까지 전세계약이 끝나는 거였고 계약 끝나기 5개월전 계약 연장하지않고 나가겠다고 알렸습니다. 집주인은 돈이없어 집이 매매되어야 돈을 돌려줄 수 있다고 얘기하여서 저는 내용증명과 임차권등기명령을 진행했었습니다. 24년 11월 다른지역으로 이사를 해야하는 상황이라 11월 말 집을 비우고 집주인에게 명도한 후 이사를 왔으나 불안해서 전입신고는 현재까지 안빼고 있는중이였습니다. 집이 매매가 되지않자 집주인은 전세를 내놓았고 전세세입자가 구해졌는데 다음 세입자가 제가 걸어놓은 임차권등기명령때문에 대출이 안나온다며 해제해 줄 것을 요청했습니다. 집주인은 저에게 다음 세입자의 전세금을 먼저 주고 차용증을 쓴 후 나머지 차액을 조금 늦게 줘도 되냐하였고 그렇게 진행하기로 한 후 임차권 등기명령을 해제하였습니다 (아직 주소지는 안뺐습니다) 다음 세입자는 1억5490만원에 전세금을 내기로 하였는데 25.01.15. 500만원의 계약금이 입금 되었습니다. 몇일전 집주인은 전화통화로 자기가 돈이없으니 전세금 들어온것에서 조금 빼서 보내줘도 되냐 물어서 안된다 전액 모두 나에게 주고 차액은 차용증 써서 줄것을 요구하였습니다. 그러나 오늘 다음 세입자의 전세금에서 290만원을 제외한 1억4700만원이 입금되어서 제가 전세금 전부만큼은 오늘 주셔야한다 전화를 했더니 자기는 돈없다며 니쪼대로 고소를 하든 뭘하든 하라며 소리치며 전화를 끊어버렸습니다. 현재 2억에서 4800만원을 돌려받지 못했으며 주소지는 아직 빼지 않은 상태입니다. 제가 여기서 어떻게 소송을 걸 수 있는지 그리고 변호사비용은 얼마가 드는지가 궁금합니다.😭",,unknown,"보증상품 보증상품 미확인 | 주택유형 미상 | 보증금구간 2억~3억 | 계약상태 계약종료 | 선순위권리 미상 | 반환보증 미상 | 분쟁유형 기타·일반문의 | 진행단계 소송제기 | 상황 저는 현재 전세금 일부 미반환으로 곤란한 일을 겪고 있습니다. 전세금은 2억원이며, 24년 8월 13일까지 전세계약이 끝나는 거였고 계약 끝나기 5개월전 계약 연장하지않고 나가겠다고 알렸습니다. 집주인은 돈이없어 집이 매매되어야 돈을 돌려줄 수 있다고 얘기하여서 저는 내용증명과 임차권등기명령을 진행했었습니다. 24년 11월 다른지역으로 이사를 해야하는 상황이라 11월 말 집을 비우고 집주인에게 명도한 후 이사를 왔으나 불안해서 전입신고는 현재까지 안빼고 있는중이였습니다. 집이 매매가 되지않자 집주인은 전세를 내놓았고 전세세입자가 구해졌는데 다음 세입자가 제가 걸어놓은 임차권등기명령때문에 대출이 안나온다며 해제해 줄 것을 요청했습니다. 집주인은 저에게 다음 세입자의 전세금을 먼저 주고 차용증을 쓴 후 나머지 차액을 조금 늦게 줘도 되냐하였고 그렇게 진행하기로 한 후 임차권 등기명령을 해제하였습니다 (아직 주소지는 안뺐습니다) 다음 세입자는 1억5490만원에 전세금을 내기로 하였는데 25.01.15. 500만원의 계약금이 입금 되었습니다. 몇일전 집주인은 전화통화로 자기가 돈이없으니 전세금 들어온것에서 조금 빼서 보내줘도 되냐 물어서 안된다 전액 모두 나에게 주고 차액은 차용증 써서 줄것을 요구하였습니다. 그러나 오늘 다음 세입자의 전세금에서 290만원을 제외한 1억4700만원이 입금되어서 제가 전세금 전부만큼은 오늘 주셔야한다 전화를 했더니 자기는 돈없다며 니쪼대로 고소를 하든 뭘하든 하라며 소리치며 전화를 끊어버렸습니다. 현재 2억에서 4800만원을 돌려받지 못했으며 주소지는 아직 빼지 않은 상태입니다. 제가 여기서 어떻게 소송을 걸 수 있는지 그리고 변호사비용은 얼마가 드는지가 궁금합니다.😭",provided_synthetic_consultations
CASE-0352,G04,미상,수영구,1억 미만,계약중(종료예정),미상,근저당설정,미상,묵시적갱신분쟁,상담·검토,"1. 20년 2월 첫 입주 후 22년 2월 전세 계약 연장 (갱신청구권), 24년 2월 계약 연장 시 묵시적 연장인지, 재계약 연장인지 확인이 필요한 상황 2. 현재 전세 7천, % 대출 받고 입주. 3. 24년 재계약 시점까지 집주인과 계약 연장에 대한 말이 없다가, 24년 2월 16일, 대출 만기 일주일 전 알림을 받고 본인이 먼저 관리인에게 연락 4. 계약 및 대출 만기 일주일 전 문자로 주고 받은 연락 (본인)대출 만기가 다음주로 확인했다. 연장해도 될까요? (관리인) 24년 2월부터 26년 2월까지 재계약 하는 것으로 하겠다. (본인) 알겠다. (관리인) 퇴실 청소비가 올랐으니 그것만 유념해 달라. (본인) 알겠다. 5. 24년 12월 이직으로 인해 중도 퇴실 사유가 본인에게 생김. 본인은 23년 12월 이미 묵시적으로 계약이 연장된 상황이므로, 묵시적 계약 연장이 된 상황에서 중도 퇴실이니 3개월 내로 보증금을 돌려받을 의무를 주장하고자 하는 상황 다만, 집주인은 문자로 기한을 명시하였기 때문에 재계약으로 인한 연장이므로 계약 시점까지 보증금을 돌려줄 의무도 없고 임차인도 알아서 구해야 하고, 현재 설정되어 있는 근저당도 말소할 계획이 없음을 주장하는 상황. --- 현재 겪고 있는 상황을 작성해보았는데, 논점은 현재 저의 전세 계약 연장 형태가 묵시적 계약으로 인한 연장인지, 재계약으로 인한 연장인지가 중요한 것 같습니다. 어떻게 보이실까요? (문자를 주고 받을 때 별도 계약서를 재작성하지 않았으며, 대출 연장 시 은행에서 집주인에게 전화로 확인을 한다고 해서 관리인에게 문자를 한 상황입니다.)",1. 서울에서 근무중이라 방문상담가능,unknown,"보증상품 보증상품 미확인 | 주택유형 미상 | 보증금구간 1억 미만 | 계약상태 계약중(종료예정) | 선순위권리 근저당설정 | 반환보증 미상 | 분쟁유형 묵시적갱신분쟁 | 진행단계 상담·검토 | 상황 1. 20년 2월 첫 입주 후 22년 2월 전세 계약 연장 (갱신청구권), 24년 2월 계약 연장 시 묵시적 연장인지, 재계약 연장인지 확인이 필요한 상황 2. 현재 전세 7천, % 대출 받고 입주. 3. 24년 재계약 시점까지 집주인과 계약 연장에 대한 말이 없다가, 24년 2월 16일, 대출 만기 일주일 전 알림을 받고 본인이 먼저 관리인에게 연락 4. 계약 및 대출 만기 일주일 전 문자로 주고 받은 연락 (본인)대출 만기가 다음주로 확인했다. 연장해도 될까요? (관리인) 24년 2월부터 26년 2월까지 재계약 하는 것으로 하겠다. (본인) 알겠다. (관리인) 퇴실 청소비가 올랐으니 그것만 유념해 달라. (본인) 알겠다. 5. 24년 12월 이직으로 인해 중도 퇴실 사유가 본인에게 생김. 본인은 23년 12월 이미 묵시적으로 계약이 연장된 상황이므로, 묵시적 계약 연장이 된 상황에서 중도 퇴실이니 3개월 내로 보증금을 돌려받을 의무를 주장하고자 하는 상황 다만, 집주인은 문자로 기한을 명시하였기 때문에 재계약으로 인한 연장이므로 계약 시점까지 보증금을 돌려줄 의무도 없고 임차인도 알아서 구해야 하고, 현재 설정되어 있는 근저당도 말소할 계획이 없음을 주장하는 상황. --- 현재 겪고 있는 상황을 작성해보았는데, 논점은 현재 저의 전세 계약 연장 형태가 묵시적 계약으로 인한 연장인지, 재계약으로 인한 연장인지가 중요한 것 같습니다. 어떻게 보이실까요? (문자를 주고 받을 때 별도 계약서를 재작성하지 않았으며, 대출 연장 시 은행에서 집주인에게 전화로 확인을 한다고 해서 관리인에게 문자를 한 상황입니다.) | 특이사항 1. 서울에서 근무중이라 방문상담가능",provided_synthetic_consultations
CASE-0353,G04,대구,대구,1억 미만,계약종료,미상,근저당설정,미상,경매·공매,임차권등기,"2020.10.08 확정일자 2020.10.23 점유개시 2022.10.~ 연장 2023.08.16 퇴거의사전달 2023.10.28 이사 2024.07.22 임차권등기결정 2024.09.02 강제경매개시결정 (청구금액 206,246,846원) 2025.02.10 매각(351,380,000원) 전체적인 타임라인은 이렇습니다 (경매사건) 해당 사건 경매 진행중인데 오늘 경매 매각 소식을 확인했습니다! 중요한 것은 근저당권자인 신협이 경매를 진행했고 근저당권 설정이 2013.12.31 해당 날짜로 되어있습니다 경매 전 임차권등기를 완료 했다고 하더라도 근저당권 설정 이후 전입신고를 했으니 제가 후순위라고 봐야될까요? 저보다 선순위인 세입자들은 대부분 소액임차인으로 알고있습니다! 만약 매각 확정이 되면 경매 배당금을 100퍼센트 다 받을수 있을지 걱정이 되는데 어떻게 보아야 할까요?",1. 대항력없는 후순위임차인 / 법원에서 임차권등기를 하면 배당요구신청을 할 필요가 없다고 함 / 법원에 다시 확인해보세요.,unknown,"보증상품 보증상품 미확인 | 주택유형 미상 | 보증금구간 1억 미만 | 계약상태 계약종료 | 선순위권리 근저당설정 | 반환보증 미상 | 분쟁유형 경매·공매 | 진행단계 임차권등기 | 상황 2020.10.08 확정일자 2020.10.23 점유개시 2022.10.~ 연장 2023.08.16 퇴거의사전달 2023.10.28 이사 2024.07.22 임차권등기결정 2024.09.02 강제경매개시결정 (청구금액 206,246,846원) 2025.02.10 매각(351,380,000원) 전체적인 타임라인은 이렇습니다 (경매사건) 해당 사건 경매 진행중인데 오늘 경매 매각 소식을 확인했습니다! 중요한 것은 근저당권자인 신협이 경매를 진행했고 근저당권 설정이 2013.12.31 해당 날짜로 되어있습니다 경매 전 임차권등기를 완료 했다고 하더라도 근저당권 설정 이후 전입신고를 했으니 제가 후순위라고 봐야될까요? 저보다 선순위인 세입자들은 대부분 소액임차인으로 알고있습니다! 만약 매각 확정이 되면 경매 배당금을 100퍼센트 다 받을수 있을지 걱정이 되는데 어떻게 보아야 할까요? | 특이사항 1. 대항력없는 후순위임차인 / 법원에서 임차권등기를 하면 배당요구신청을 할 필요가 없다고 함 / 법원에 다시 확인해보세요.",provided_synthetic_consultations
CASE-0354,G04,서울,광진구,2억~3억,계약중(종료예정),오피스텔,근저당설정,가입,경매·공매,소송제기,"! 답답한 마음에 법률상담을 신청하게 되었습니다 건물: 오피스텔(근린생활시설) 보증금: 전세 2억5천 기간: 2년 계약: 신탁해지 및 근저당권 말소조건의 계약 전세권: 계약시 보증보험 불가능하여 전세권2년설정 전입신고: 완료 대출: 신한은행 청년버팀목전세대출 2년, 금리2.3% --------------------------- 현재 같은 오피스텔에 거주중인 집주인이 경제가 어려워져서 임차인에게 부정적인 상황이 없게 하도록 세대별 매각을 진행하는 상태이며 계약완료 시점인2025.05.30까지 약 3개월 남아있는 상태입니다. 집주인에게는 만료일자에 나가겠다고 문자로 남겨놓은 상태고 오피스텔에서 안내해준 담당 부동산 담당자님과 연락중에 있는데 현재 오피스텔 3분의 1 입주자들이 계약만료된 상황이며 임차인들은 임차권 등기명령, 전세보증금 반환소송, 지불약정서 등 변호사를 쓰신 분도 있다고 합니다.그러나 집주인이 부채가 약 70억대이며 현금이 없는 상황이라 집이 매각되지 않으면 나갈 수 없는 상황입니다. 문제는 청년버팀목전세대출 만기가 3개월 남았는데 연장여부와 연체시 현재 대출금리2.3%에서 금리가 얼마나 오르는지와 신용등급,이후 대출여부,2년 전세권 설정은 이후 경매가 이루어질 시 연장을 해야하는지, 계약만료시점인 5월30일 이후에 임차권등기와 소송을 하는게 맞는지, 은행에 미리 알리는게 좋을지, 제가 지금 여기서 최선으로 할 수 있는 해결방안 등 이 필요한 상황입니다.",1. 대항력있는 선순위임차인,unknown,"보증상품 보증상품 미확인 | 주택유형 오피스텔 | 보증금구간 2억~3억 | 계약상태 계약중(종료예정) | 선순위권리 근저당설정 | 반환보증 가입 | 분쟁유형 경매·공매 | 진행단계 소송제기 | 상황 ! 답답한 마음에 법률상담을 신청하게 되었습니다 건물: 오피스텔(근린생활시설) 보증금: 전세 2억5천 기간: 2년 계약: 신탁해지 및 근저당권 말소조건의 계약 전세권: 계약시 보증보험 불가능하여 전세권2년설정 전입신고: 완료 대출: 신한은행 청년버팀목전세대출 2년, 금리2.3% --------------------------- 현재 같은 오피스텔에 거주중인 집주인이 경제가 어려워져서 임차인에게 부정적인 상황이 없게 하도록 세대별 매각을 진행하는 상태이며 계약완료 시점인2025.05.30까지 약 3개월 남아있는 상태입니다. 집주인에게는 만료일자에 나가겠다고 문자로 남겨놓은 상태고 오피스텔에서 안내해준 담당 부동산 담당자님과 연락중에 있는데 현재 오피스텔 3분의 1 입주자들이 계약만료된 상황이며 임차인들은 임차권 등기명령, 전세보증금 반환소송, 지불약정서 등 변호사를 쓰신 분도 있다고 합니다.그러나 집주인이 부채가 약 70억대이며 현금이 없는 상황이라 집이 매각되지 않으면 나갈 수 없는 상황입니다. 문제는 청년버팀목전세대출 만기가 3개월 남았는데 연장여부와 연체시 현재 대출금리2.3%에서 금리가 얼마나 오르는지와 신용등급,이후 대출여부,2년 전세권 설정은 이후 경매가 이루어질 시 연장을 해야하는지, 계약만료시점인 5월30일 이후에 임차권등기와 소송을 하는게 맞는지, 은행에 미리 알리는게 좋을지, 제가 지금 여기서 최선으로 할 수 있는 해결방안 등 이 필요한 상황입니다. | 특이사항 1. 대항력있는 선순위임차인",provided_synthetic_consultations
CASE-0355,G04,서울,중랑구,1억~2억,계약중(종료예정),미상,선순위존재,미상,기타·일반문의,내용증명·공시송달,"3월 16일 전세계약 만기일인데, 이를 1월 초 집주인에게 알렸으나 지금 사정이 어렵다는 이유로 한달만 기다려달라고 하길래 불안해서 부동산 중개업자와 통화해서 현재 집주인의 상황을 들었습니다. 등기부등본을 떼어서 확인한 결과 작년 7월 압류가 되어있었습니다. 그리고 집주인과 다시 통화하니 부동산 사업이 잘못되어 현재 보증금을 줄수 없고 계약 갱신을 해달라합니다. 세금체납이 작년부터 된것으로 보아 계약 갱신하는 것은 더 불안한 상태이고 부동산중개업자에게 들어보니 통장도 압류된 상태인것 같은데요. 집주인에게 다시 한번 문자로 계약해지 의사를 밝힌 상태인데 답은 없습니다. 아직 전세 만료일까지 기한이 남았는데, 지금 당장 시작할 수 있는 것은 내용증명 보내는 것 외에 또 무엇이 있을까요? 그리고 임대인 명의자와 실질적인 관리(대리인)이 다른데요. 명의자는 대리인의 아버지, 즉 둘이 부자관계입니다. 둘이서 이 건물을 소유하고 있는 것으로 알고있고 건물을 여러채 소유하고 있는것으로 알고있어요. 그럴경우 이 둘의 재산을 모두 조회해서 압류하고 받을 수 있을까요?",1. 대항력있는 선순위임차인,unknown,"보증상품 보증상품 미확인 | 주택유형 미상 | 보증금구간 1억~2억 | 계약상태 계약중(종료예정) | 선순위권리 선순위존재 | 반환보증 미상 | 분쟁유형 기타·일반문의 | 진행단계 내용증명·공시송달 | 상황 3월 16일 전세계약 만기일인데, 이를 1월 초 집주인에게 알렸으나 지금 사정이 어렵다는 이유로 한달만 기다려달라고 하길래 불안해서 부동산 중개업자와 통화해서 현재 집주인의 상황을 들었습니다. 등기부등본을 떼어서 확인한 결과 작년 7월 압류가 되어있었습니다. 그리고 집주인과 다시 통화하니 부동산 사업이 잘못되어 현재 보증금을 줄수 없고 계약 갱신을 해달라합니다. 세금체납이 작년부터 된것으로 보아 계약 갱신하는 것은 더 불안한 상태이고 부동산중개업자에게 들어보니 통장도 압류된 상태인것 같은데요. 집주인에게 다시 한번 문자로 계약해지 의사를 밝힌 상태인데 답은 없습니다. 아직 전세 만료일까지 기한이 남았는데, 지금 당장 시작할 수 있는 것은 내용증명 보내는 것 외에 또 무엇이 있을까요? 그리고 임대인 명의자와 실질적인 관리(대리인)이 다른데요. 명의자는 대리인의 아버지, 즉 둘이 부자관계입니다. 둘이서 이 건물을 소유하고 있는 것으로 알고있고 건물을 여러채 소유하고 있는것으로 알고있어요. 그럴경우 이 둘의 재산을 모두 조회해서 압류하고 받을 수 있을까요? | 특이사항 1. 대항력있는 선순위임차인",provided_synthetic_consultations
CASE-0356,G04,대전,서구,1억~2억,계약종료,아파트,선순위존재,가입,보증금미반환,소송제기,2020.12-2025.1까지 전세보증금 1억2천에 계약 중이었고 계약당시 전입신고와 확정일자는 받았습니다 2024년 10월 만기가 다가와 임대인에게연락하니 계약서 쓰지말고 연장하자고했지만 뭔가 찜찜하여 1월에 계약서 쓰기로 했는데 바쁘다며 날짜를 미룹니다 2월 15일 계약서 쓰기로 약속했고 혹시나하여 오늘 등기부등본 떼어보니 가압류 1억4천이 잡혀있습니다(가압류한 사람은 지인이라고 함)-집매매가 1억4-5천정도 집주인과 통화해서 퇴거 하겠다고 보증금 돌려달라고 하니 가압류 상태를 몰랐다고 거짓진술을하고 지금 소송 중이라 보증금 반환은 어렵다고 합니다 이 경우 어떻게 대처해야하나요?,1. 아파트 / 대항력있는 선순위임차인,unknown,보증상품 보증상품 미확인 | 주택유형 아파트 | 보증금구간 1억~2억 | 계약상태 계약종료 | 선순위권리 선순위존재 | 반환보증 가입 | 분쟁유형 보증금미반환 | 진행단계 소송제기 | 상황 2020.12-2025.1까지 전세보증금 1억2천에 계약 중이었고 계약당시 전입신고와 확정일자는 받았습니다 2024년 10월 만기가 다가와 임대인에게연락하니 계약서 쓰지말고 연장하자고했지만 뭔가 찜찜하여 1월에 계약서 쓰기로 했는데 바쁘다며 날짜를 미룹니다 2월 15일 계약서 쓰기로 약속했고 혹시나하여 오늘 등기부등본 떼어보니 가압류 1억4천이 잡혀있습니다(가압류한 사람은 지인이라고 함)-집매매가 1억4-5천정도 집주인과 통화해서 퇴거 하겠다고 보증금 돌려달라고 하니 가압류 상태를 몰랐다고 거짓진술을하고 지금 소송 중이라 보증금 반환은 어렵다고 합니다 이 경우 어떻게 대처해야하나요? | 특이사항 1. 아파트 / 대항력있는 선순위임차인,provided_synthetic_consultations
CASE-0357,G04,경기,화성시,1억~2억,계약종료,다세대주택,근저당설정,미상,경매·공매,소송제기,"현재 다세대주택에서 전세금을 돌려받지 못한채로 계약만료가 되어 소송진행중입니다 확정일자는 재계약때문에 2번 받았는데 계약내용,전세금 변동없어 첫번째 확정일자로 적용될거 같습니다 계약기간이 끝나면서 임차권등기명령을 신청해두고 전출한 상태이고 저희집 한 호실에 대해 소송진행중인 상황에서 임대인이 은행에 대출한 이자를 내지못해 건물 전체에 대한 부동산임의경매가 진행중인 상황입니다 아마 소송이후에 건물 전체에 대한 경매로 이어질거 같은데 전세금이 1억7천만원이라 소액임차인에도 해당되지 않아 최우선변제금도 못받는 상황인데 질문. 경매가 진행되었을때 최우선변제금4,800만원(화성시기준) 17명, 월세(3,4,5,6천만 각 1명씩 총4명) 근저당(31억정도) 그다음이 저희인데 다세대주택은 각호실별로 낙찰가를 나눠서 배분한다고 들었습니다 그럼 만약 호실당 1억이라고 가정했을때 9천만원 근저당이 가져가고 남은 천만원의 배당금을 받을수 있는데 다른 호실에서 남은 금액(전세금1억4천,월세5천,공실도 있음)은 임대인에게 반환된다고 알고 있습니다 그럼 나머지 1억6천만원에 대해서는 다시 임대인에게 반환 소송? 그런걸 해서 찾을수 있는건가요? 가능하시면 전화로 상담하고 싶습니다ㅠㅠ",1. 깡통주택 / 대항력없는 후순위임차인,unknown,"보증상품 보증상품 미확인 | 주택유형 다세대주택 | 보증금구간 1억~2억 | 계약상태 계약종료 | 선순위권리 근저당설정 | 반환보증 미상 | 분쟁유형 경매·공매 | 진행단계 소송제기 | 상황 현재 다세대주택에서 전세금을 돌려받지 못한채로 계약만료가 되어 소송진행중입니다 확정일자는 재계약때문에 2번 받았는데 계약내용,전세금 변동없어 첫번째 확정일자로 적용될거 같습니다 계약기간이 끝나면서 임차권등기명령을 신청해두고 전출한 상태이고 저희집 한 호실에 대해 소송진행중인 상황에서 임대인이 은행에 대출한 이자를 내지못해 건물 전체에 대한 부동산임의경매가 진행중인 상황입니다 아마 소송이후에 건물 전체에 대한 경매로 이어질거 같은데 전세금이 1억7천만원이라 소액임차인에도 해당되지 않아 최우선변제금도 못받는 상황인데 질문. 경매가 진행되었을때 최우선변제금4,800만원(화성시기준) 17명, 월세(3,4,5,6천만 각 1명씩 총4명) 근저당(31억정도) 그다음이 저희인데 다세대주택은 각호실별로 낙찰가를 나눠서 배분한다고 들었습니다 그럼 만약 호실당 1억이라고 가정했을때 9천만원 근저당이 가져가고 남은 천만원의 배당금을 받을수 있는데 다른 호실에서 남은 금액(전세금1억4천,월세5천,공실도 있음)은 임대인에게 반환된다고 알고 있습니다 그럼 나머지 1억6천만원에 대해서는 다시 임대인에게 반환 소송? 그런걸 해서 찾을수 있는건가요? 가능하시면 전화로 상담하고 싶습니다ㅠㅠ | 특이사항 1. 깡통주택 / 대항력없는 후순위임차인",provided_synthetic_consultations
CASE-0358,G04,경기,용인시,1억~2억,계약중(종료예정),미상,미상,가입,묵시적갱신분쟁,상담·검토,만기가 되어 임대인이 보증보험 연장이 안된다고 하는데 묵시적갱신이 되고 전세보증금 보증보험을 새롭게 발급 안받으면 보호가 안되는 건가요?,,unknown,보증상품 보증상품 미확인 | 주택유형 미상 | 보증금구간 1억~2억 | 계약상태 계약중(종료예정) | 선순위권리 미상 | 반환보증 가입 | 분쟁유형 묵시적갱신분쟁 | 진행단계 상담·검토 | 상황 만기가 되어 임대인이 보증보험 연장이 안된다고 하는데 묵시적갱신이 되고 전세보증금 보증보험을 새롭게 발급 안받으면 보호가 안되는 건가요?,provided_synthetic_consultations
CASE-0359,G04,인천,인천미추홀구,1억~2억,계약종료,미상,미상,가입,묵시적갱신분쟁,내용증명·공시송달,"저희 시부모님이 인천에 거주중이신데요 갑작스런 임대인의 사망으로 평생 힘들게 모으신 전 재산인 전세보증금을 돌려받지 못할 위기에 처해 계십니다. 현재 전세 임대기간은 2024.10.14일로 종료된 상태입니다. HUG에 가입되어 있기는 하나, 보증금 반환 신청 하려고 방문하였더니, 계약종료 2개월전에 보험갱신을 했어야 보증금을 반환 받을수 있다고 하더라구요 임대인 사망 소식은 9월 중순쯤 계약한 부동산을 통해서 전해 들었습니다. 계약 당시 저희는 묵시적으로 사망한 임대인과 5년 계약을 해서, 계약 만료 6개월전에 해지 의사 통보 또한 하지 않은 상태입니다. 오히려 해지 의사 통보라도 했으면 보증보험에서 보증금을 쉽게 받을수 있었을텐데 답답한 마음뿐입니다. 상속인(배우자, 자녀)에게 내용증명(주택임대차계약 계약해지통지)를 보냈더니, 상속인이 상속포기 결정서를 저희쪽에 보내왔습니다.(임대인 배우자, 자녀2명, 자녀배우자 및 손자) 이제 저희는 어떻게 해야하는지요? 이대로 보증금을 포기해야 하는지요 저희 시부모님이 보증금을 받을수 있도록 도움 부탁드립니다. 두서 없는 제 글 읽어주셔서",1. 상속재산관리인 선임이 필요하다 / 법무사에게 문의하였으나 곤란할 수 있다고 함,unknown,"보증상품 보증상품 미확인 | 주택유형 미상 | 보증금구간 1억~2억 | 계약상태 계약종료 | 선순위권리 미상 | 반환보증 가입 | 분쟁유형 묵시적갱신분쟁 | 진행단계 내용증명·공시송달 | 상황 저희 시부모님이 인천에 거주중이신데요 갑작스런 임대인의 사망으로 평생 힘들게 모으신 전 재산인 전세보증금을 돌려받지 못할 위기에 처해 계십니다. 현재 전세 임대기간은 2024.10.14일로 종료된 상태입니다. HUG에 가입되어 있기는 하나, 보증금 반환 신청 하려고 방문하였더니, 계약종료 2개월전에 보험갱신을 했어야 보증금을 반환 받을수 있다고 하더라구요 임대인 사망 소식은 9월 중순쯤 계약한 부동산을 통해서 전해 들었습니다. 계약 당시 저희는 묵시적으로 사망한 임대인과 5년 계약을 해서, 계약 만료 6개월전에 해지 의사 통보 또한 하지 않은 상태입니다. 오히려 해지 의사 통보라도 했으면 보증보험에서 보증금을 쉽게 받을수 있었을텐데 답답한 마음뿐입니다. 상속인(배우자, 자녀)에게 내용증명(주택임대차계약 계약해지통지)를 보냈더니, 상속인이 상속포기 결정서를 저희쪽에 보내왔습니다.(임대인 배우자, 자녀2명, 자녀배우자 및 손자) 이제 저희는 어떻게 해야하는지요? 이대로 보증금을 포기해야 하는지요 저희 시부모님이 보증금을 받을수 있도록 도움 부탁드립니다. 두서 없는 제 글 읽어주셔서 | 특이사항 1. 상속재산관리인 선임이 필요하다 / 법무사에게 문의하였으나 곤란할 수 있다고 함",provided_synthetic_consultations
CASE-0360,G04,경기,수원시,1억~2억,계약중(종료예정),빌라,미상,미상,경매·공매,소송제기,현상황은 2020년3월에 빌라 전세 계약을하였고 2022년3월에 계약연장 2024년에 계약종료였는데 임대인이 돈이없다고 하여서 은행이자 때문에 묵시적갱신중에 있었는데 등본에 표기된 상태입니다 계약당시 임대인이 아닌 임대인 대리인과 계약을 하였고 그이후 얘기도 대리인과 하였습니다. 알아본 바로는 임대인은 려준것도 모르고 임대인 남편분이랑 대리인이랑 친분관계가 있는거같습니다 사시는 임차인분중 소송까지가서 임대인의 재산을 확인하였지만 임대인 재산이라고 할만한게 없습니다 제가 알고싶은건 임대인의 배우자와 임대인 대리인에게 소송을걸고 보증금을 요구할수 있는가 입니다.,1. 대항력없는 후순위임차인,unknown,보증상품 보증상품 미확인 | 주택유형 빌라 | 보증금구간 1억~2억 | 계약상태 계약중(종료예정) | 선순위권리 미상 | 반환보증 미상 | 분쟁유형 경매·공매 | 진행단계 소송제기 | 상황 현상황은 2020년3월에 빌라 전세 계약을하였고 2022년3월에 계약연장 2024년에 계약종료였는데 임대인이 돈이없다고 하여서 은행이자 때문에 묵시적갱신중에 있었는데 등본에 표기된 상태입니다 계약당시 임대인이 아닌 임대인 대리인과 계약을 하였고 그이후 얘기도 대리인과 하였습니다. 알아본 바로는 임대인은 려준것도 모르고 임대인 남편분이랑 대리인이랑 친분관계가 있는거같습니다 사시는 임차인분중 소송까지가서 임대인의 재산을 확인하였지만 임대인 재산이라고 할만한게 없습니다 제가 알고싶은건 임대인의 배우자와 임대인 대리인에게 소송을걸고 보증금을 요구할수 있는가 입니다. | 특이사항 1. 대항력없는 후순위임차인,provided_synthetic_consultations
CASE-0361,G04,미상,김천시,1억 미만,계약종료,다가구주택,미상,미상,전세사기,상담·검토,"임대인이 경제 사정이 나빠지면서 건물이 경매로 넘어갓으며 전세사기 피해자의결을 넣어놨으나 아직도 피해자의결이 나지 않았으며, 배당금도 후순위 권이라 받을 것도 없습니다 경매자가 당일2/14 잔금을 지불하여서, 현재 대항력 상실입니다. 새로운 집주인이 나타나서 나가달라고 요청하셨고, 여기서 살려면 월세를 내고 그 만큼 거주 하라고 하는데 따로 지원이나 받을 수 있는 부분은 없나요 ? 돈도 잃고 찾지도 못하고 피해자 의결 결정도 나지 않은 상태이며 대출도 대항력 소멸로 인해 따로 해당되지도 않는것 같습니다 당장 나가야하는데 막막합니다",1. 다가구 주택 / 대항력없는 후순위임차인,unknown,"보증상품 보증상품 미확인 | 주택유형 다가구주택 | 보증금구간 1억 미만 | 계약상태 계약종료 | 선순위권리 미상 | 반환보증 미상 | 분쟁유형 전세사기 | 진행단계 상담·검토 | 상황 임대인이 경제 사정이 나빠지면서 건물이 경매로 넘어갓으며 전세사기 피해자의결을 넣어놨으나 아직도 피해자의결이 나지 않았으며, 배당금도 후순위 권이라 받을 것도 없습니다 경매자가 당일2/14 잔금을 지불하여서, 현재 대항력 상실입니다. 새로운 집주인이 나타나서 나가달라고 요청하셨고, 여기서 살려면 월세를 내고 그 만큼 거주 하라고 하는데 따로 지원이나 받을 수 있는 부분은 없나요 ? 돈도 잃고 찾지도 못하고 피해자 의결 결정도 나지 않은 상태이며 대출도 대항력 소멸로 인해 따로 해당되지도 않는것 같습니다 당장 나가야하는데 막막합니다 | 특이사항 1. 다가구 주택 / 대항력없는 후순위임차인",provided_synthetic_consultations
CASE-0362,G04,부산,사상구,1억~2억,계약중(종료예정),미상,미상,가입,경매·공매,내용증명·공시송달,"안녕하십니까 답답하고 처절한마음에 쓰는 글이라 두서가 없더라도 양해부탁드립니다 25년 1월 20일쯤 법원으로부터 집이 경매로 넘어갔다는 우편을받았습니다 현재 법인 건물이고요 집주인에게는 아무런 연락을 받지못한상황입니다 안내문절차에 따라 법원에 우편을 통해 배당요구신청 을 한 상태입니다 제가 현재 시점에서 궁금한건 집주인(법인회사)에게 계약종료 의사를 밝혀야 하는지, 법인은 전화나 문자가 아니라 내용증명을 보내 계약 해지 의사를 밝혀야 한다는데 맞나요? 허그보증보험에 가입이 되어있는 상황으로 허그에 반환신청은 어느시점에 해야하는지 내용 증명 보낸후 임차권설정을 해야하는지 등등 순서가 어떻게되는지 알고싶습니다 참고로 경매개시결정일자는 2025.1.16 입니다 보증사고 발생후 2개월안으로 신청해야 보증보험받을수있다는데 답답한마음에 여기저기찾아봐도 쉽게 정리가안되 답답한마음에 글남깁니다",1. 통상의 경우는 어떠냐 등등 / 그런거 상관없다 경매가 진행되었으니 이러한 사실을 알리고 배당요구신청확인서를 제출하라,unknown,"보증상품 보증상품 미확인 | 주택유형 미상 | 보증금구간 1억~2억 | 계약상태 계약중(종료예정) | 선순위권리 미상 | 반환보증 가입 | 분쟁유형 경매·공매 | 진행단계 내용증명·공시송달 | 상황 안녕하십니까 답답하고 처절한마음에 쓰는 글이라 두서가 없더라도 양해부탁드립니다 25년 1월 20일쯤 법원으로부터 집이 경매로 넘어갔다는 우편을받았습니다 현재 법인 건물이고요 집주인에게는 아무런 연락을 받지못한상황입니다 안내문절차에 따라 법원에 우편을 통해 배당요구신청 을 한 상태입니다 제가 현재 시점에서 궁금한건 집주인(법인회사)에게 계약종료 의사를 밝혀야 하는지, 법인은 전화나 문자가 아니라 내용증명을 보내 계약 해지 의사를 밝혀야 한다는데 맞나요? 허그보증보험에 가입이 되어있는 상황으로 허그에 반환신청은 어느시점에 해야하는지 내용 증명 보낸후 임차권설정을 해야하는지 등등 순서가 어떻게되는지 알고싶습니다 참고로 경매개시결정일자는 2025.1.16 입니다 보증사고 발생후 2개월안으로 신청해야 보증보험받을수있다는데 답답한마음에 여기저기찾아봐도 쉽게 정리가안되 답답한마음에 글남깁니다 | 특이사항 1. 통상의 경우는 어떠냐 등등 / 그런거 상관없다 경매가 진행되었으니 이러한 사실을 알리고 배당요구신청확인서를 제출하라",provided_synthetic_consultations
CASE-0363,G04,미상,광양시,1억 미만,계약중(종료예정),아파트,미상,미상,보증금미반환,내용증명·공시송달,"23.4.25.-25.4.24.(계약기간) 임차인: 남편명의 24.11.7. 임대인에게 퇴거예정 내용증명 발송(임대인 부모 수령 확인) ----------이후 이사갈집 보고 아직 계약서는 쓰지않은 상황------ 25.4.24. 계약기간 종료후 이사갈집 (양수인:남편명의예정)총보증금 16,200만원 중 8000만원 선입금 예정 25.4.24.-25.4.30. 중 잔금 8,200만원 입금시 이사 및 명의변경 전입신고 하는것으로 특약 생성 예정 이 경우, 현재 거주중인 전세집 임대인이 보증금을 4.24.까지 돌려주지 못할경우 질문@1 4.25. 임차권 등기명령을 신청하고 완료되면 전입을 빼도된다고 하는데, 새로 이사갈 집 명의변경 계약서상 특약을 어떤식으로 작성하면 좋을지. 질문@2 아니면 새로 이사갈 집을 남편 명의가 아닌 아내 명의로 진행하여 아내만 전출하고 진행하능게 나은지. (해당경우 이사갈집 대출 문제가 있을수 있어 남편 명의로 하고싶은 상황임)",,unknown,"보증상품 보증상품 미확인 | 주택유형 아파트 | 보증금구간 1억 미만 | 계약상태 계약중(종료예정) | 선순위권리 미상 | 반환보증 미상 | 분쟁유형 보증금미반환 | 진행단계 내용증명·공시송달 | 상황 23.4.25.-25.4.24.(계약기간) 임차인: 남편명의 24.11.7. 임대인에게 퇴거예정 내용증명 발송(임대인 부모 수령 확인) ----------이후 이사갈집 보고 아직 계약서는 쓰지않은 상황------ 25.4.24. 계약기간 종료후 이사갈집 (양수인:남편명의예정)총보증금 16,200만원 중 8000만원 선입금 예정 25.4.24.-25.4.30. 중 잔금 8,200만원 입금시 이사 및 명의변경 전입신고 하는것으로 특약 생성 예정 이 경우, 현재 거주중인 전세집 임대인이 보증금을 4.24.까지 돌려주지 못할경우 질문@1 4.25. 임차권 등기명령을 신청하고 완료되면 전입을 빼도된다고 하는데, 새로 이사갈 집 명의변경 계약서상 특약을 어떤식으로 작성하면 좋을지. 질문@2 아니면 새로 이사갈 집을 남편 명의가 아닌 아내 명의로 진행하여 아내만 전출하고 진행하능게 나은지. (해당경우 이사갈집 대출 문제가 있을수 있어 남편 명의로 하고싶은 상황임)",provided_synthetic_consultations
CASE-0364,G04,미상,미상,1억~2억,계약중(종료예정),다세대주택,근저당설정,미가입,기타·일반문의,소송제기,"집 스펙은 다세대, 처음부터 매매<전세인 집이었습니다. - 계약 종료일은 작년 10월, 작년 초부터 계약 종료하겠다고 부동산에 통보했으나 뒤늦게 세입자가 없어 돈을 못준다고 해 어떻게든 트러블 없이 잘 나가려고 12월까지는 기다렸습니다. - 집주인이 법인인데 작년부터 연락 두절(병원 입원이라고 함)되어 작년 12월 등기부등본 확인해보니 집이 압류로 뜨는 상황입니다. 근저당은 없습니다. - 집주인 연락 두절 이후 부동산 사장이 대리업무 수행중인데 위 상황에 대한 설명은 아예 없었고 자기는 대리인이기 때문에 할 수 있는게 없으며, 소송하려면 하라고 큰소리치고 있습니다. - 보증보험 임대인이 가입 안 한 것 같고 구청에 신고할 예정입니다. - 이런 상황에서 제가 일반적인 내용증명-임차권등기명령 진행하면 될까요? 근저당은 없어 선순위 임차인이나 매매가가 전세금보다 낮기 때문에 현실적으로 다 받기는 어려울까요?",1. 오피스텔 / 대항력있는 선순위임차인,unknown,"보증상품 보증상품 미확인 | 주택유형 다세대주택 | 보증금구간 1억~2억 | 계약상태 계약중(종료예정) | 선순위권리 근저당설정 | 반환보증 미가입 | 분쟁유형 기타·일반문의 | 진행단계 소송제기 | 상황 집 스펙은 다세대, 처음부터 매매<전세인 집이었습니다. - 계약 종료일은 작년 10월, 작년 초부터 계약 종료하겠다고 부동산에 통보했으나 뒤늦게 세입자가 없어 돈을 못준다고 해 어떻게든 트러블 없이 잘 나가려고 12월까지는 기다렸습니다. - 집주인이 법인인데 작년부터 연락 두절(병원 입원이라고 함)되어 작년 12월 등기부등본 확인해보니 집이 압류로 뜨는 상황입니다. 근저당은 없습니다. - 집주인 연락 두절 이후 부동산 사장이 대리업무 수행중인데 위 상황에 대한 설명은 아예 없었고 자기는 대리인이기 때문에 할 수 있는게 없으며, 소송하려면 하라고 큰소리치고 있습니다. - 보증보험 임대인이 가입 안 한 것 같고 구청에 신고할 예정입니다. - 이런 상황에서 제가 일반적인 내용증명-임차권등기명령 진행하면 될까요? 근저당은 없어 선순위 임차인이나 매매가가 전세금보다 낮기 때문에 현실적으로 다 받기는 어려울까요? | 특이사항 1. 오피스텔 / 대항력있는 선순위임차인",provided_synthetic_consultations
CASE-0365,G04,서울,강서구,2억~3억,계약중(종료예정),미상,선순위존재,가입,묵시적갱신분쟁,상담·검토,"조언구하고자 상담신청합니다. 기존 계약이 25.01.28 만료였고 재계약 논의 시작할때도 집주인 연락안받아서 부동산이랑 고생하다가 집주인이 수술받고 항암치료로 연락못받았다고 다시 연락이 닿아 1월초 보증보험 기준에 맞게 900만원 감액/월세7월 중순에 감액 계약서 다시 써서 진행하고 주민센터에 보증보험 제출 서류 등 발급하고 임대차신고도 해놓은 상황 여기서 문제가 다시 발생한게 1) 집주인이 계약서 명시한 1/28 일자에 감액분 미입금(현재까지 미입금) 2) 부동산이랑 제가 카톡 전화 문자 해봐도 연락두절. 결국엔 계약금 반환 이행 관련 얘기하려하니 연락달라는 내용의 빠른 등기발송(2/11), 2번 동안 폐문 이슈로 미전달/우체국 보관중으로 확인 3)부동산은 또 병원치료등으로 못 챙기는 거 아니냐고 기다려보자하는데 그게 3주가 되어가고, 연장 계약에 대해 보증보험 갱신 받으려면 감액분 이체내역을 증빙해야하니 그것도 보험 갱신도 불가 4) 부동산에 1월 종료였던 기존 계약건에 대한 보증보험으로 청구가 가능할까 문의해보니, 재계약 논의 전 퇴거 의사 미표시했으니 (1)묵시적 계약 연장이 된거고, (2) 서로 논의하에 재계약도 한거나 해당 보증보험으로는 해결이 어려울 것 같다고 함 그치만 일단 재계약에서 명시한 기존 보증금의 일부 감액분에 대한 입금 시행을 안했으니 이 계약을 무효로 하고 기존 계약에 대한 사고처리를 할 수 있을까요? 부동산은 기존 보증보험으로는 해결이 어려울 거 같으니 이체 내역을 어떻게 만들어서라도 보증보험 갱신 신청해놓고 만약을 대비 하자고 하는데 지금 제상황에서 새로한 임대차신고 취소하고 기존 보증 보험으로 이행 청구같은 걸 할 수 있는 건지",1. 대항력있는 선순위임차인,unknown,"보증상품 보증상품 미확인 | 주택유형 미상 | 보증금구간 2억~3억 | 계약상태 계약중(종료예정) | 선순위권리 선순위존재 | 반환보증 가입 | 분쟁유형 묵시적갱신분쟁 | 진행단계 상담·검토 | 상황 조언구하고자 상담신청합니다. 기존 계약이 25.01.28 만료였고 재계약 논의 시작할때도 집주인 연락안받아서 부동산이랑 고생하다가 집주인이 수술받고 항암치료로 연락못받았다고 다시 연락이 닿아 1월초 보증보험 기준에 맞게 900만원 감액/월세7월 중순에 감액 계약서 다시 써서 진행하고 주민센터에 보증보험 제출 서류 등 발급하고 임대차신고도 해놓은 상황 여기서 문제가 다시 발생한게 1) 집주인이 계약서 명시한 1/28 일자에 감액분 미입금(현재까지 미입금) 2) 부동산이랑 제가 카톡 전화 문자 해봐도 연락두절. 결국엔 계약금 반환 이행 관련 얘기하려하니 연락달라는 내용의 빠른 등기발송(2/11), 2번 동안 폐문 이슈로 미전달/우체국 보관중으로 확인 3)부동산은 또 병원치료등으로 못 챙기는 거 아니냐고 기다려보자하는데 그게 3주가 되어가고, 연장 계약에 대해 보증보험 갱신 받으려면 감액분 이체내역을 증빙해야하니 그것도 보험 갱신도 불가 4) 부동산에 1월 종료였던 기존 계약건에 대한 보증보험으로 청구가 가능할까 문의해보니, 재계약 논의 전 퇴거 의사 미표시했으니 (1)묵시적 계약 연장이 된거고, (2) 서로 논의하에 재계약도 한거나 해당 보증보험으로는 해결이 어려울 것 같다고 함 그치만 일단 재계약에서 명시한 기존 보증금의 일부 감액분에 대한 입금 시행을 안했으니 이 계약을 무효로 하고 기존 계약에 대한 사고처리를 할 수 있을까요? 부동산은 기존 보증보험으로는 해결이 어려울 거 같으니 이체 내역을 어떻게 만들어서라도 보증보험 갱신 신청해놓고 만약을 대비 하자고 하는데 지금 제상황에서 새로한 임대차신고 취소하고 기존 보증 보험으로 이행 청구같은 걸 할 수 있는 건지 | 특이사항 1. 대항력있는 선순위임차인",provided_synthetic_consultations
CASE-0366,G04,미상,미상,1억~2억,계약중(종료예정),미상,근저당설정,미상,경매·공매,상담·검토,"✅2020년 3월 31일 / 확정일자 / 1억1천 -집주인은 가족과 캐나다에 거주중이고 건물에 은행 근저당 6억원이 있어 계약을 고민했으나 공인중개사 : ”고객에게 이런 말 잘 안하는데 형부다“, “카페를 운영하다 본인의 추천으로 임대사업을 하게됐다.”며 안심시켜서 믿고 계약 진행. -계약서 작성 시 집주인은 직접 오지않고 중개사 핸드폰으로 영상통화 후 계약 진행(영상통화 녹취 있음) -계약금, 보증금, 매달 관리비는 집주인 계좌로 입금했으나 집주인이 해외 거주중으로 건물 관리는 중개사가 했음. ✅22.3.23 / 확정일자(보증금증액) / 1억1천550만 -보증금 증액이 있어서 확정일자 받음 ✅24.4.2 / 보증금 증액 없음 -보증금 증액이 없어서 확정일자 받지 않음 ✅ 25.2.14 현관문에 법원 경매 안내문 붙어있었음 ✅25.2.15 집주인에게 상황 설명 요청, 공인중개사에게 선순위 임차인 목록 요청(카톡) -공인중개사의 통화 요청 > 통화내용 “선순위 임차인 목록 확인은 집주인의 동의가 있어야 열람이 가능한데, 본인도 작년 10월경부터 집주인과 연락이 안된다. 집이 경매에 넘어갔다는 소식은 다른 임차인을 통해 이미 들었다.” > 통화 종료 후 카톡으로 ‘그리고 다슬씨 관리비 일단 내지마세요’ 라고 얘기함 이와 같은 경우 중개사에게도 과실이 있는지, 현재 상황에서 어떻게 대처해야 효과적일지",1. 방문상담예정 / 문자발송완료,unknown,"보증상품 보증상품 미확인 | 주택유형 미상 | 보증금구간 1억~2억 | 계약상태 계약중(종료예정) | 선순위권리 근저당설정 | 반환보증 미상 | 분쟁유형 경매·공매 | 진행단계 상담·검토 | 상황 ✅2020년 3월 31일 / 확정일자 / 1억1천 -집주인은 가족과 캐나다에 거주중이고 건물에 은행 근저당 6억원이 있어 계약을 고민했으나 공인중개사 : ”고객에게 이런 말 잘 안하는데 형부다“, “카페를 운영하다 본인의 추천으로 임대사업을 하게됐다.”며 안심시켜서 믿고 계약 진행. -계약서 작성 시 집주인은 직접 오지않고 중개사 핸드폰으로 영상통화 후 계약 진행(영상통화 녹취 있음) -계약금, 보증금, 매달 관리비는 집주인 계좌로 입금했으나 집주인이 해외 거주중으로 건물 관리는 중개사가 했음. ✅22.3.23 / 확정일자(보증금증액) / 1억1천550만 -보증금 증액이 있어서 확정일자 받음 ✅24.4.2 / 보증금 증액 없음 -보증금 증액이 없어서 확정일자 받지 않음 ✅ 25.2.14 현관문에 법원 경매 안내문 붙어있었음 ✅25.2.15 집주인에게 상황 설명 요청, 공인중개사에게 선순위 임차인 목록 요청(카톡) -공인중개사의 통화 요청 > 통화내용 “선순위 임차인 목록 확인은 집주인의 동의가 있어야 열람이 가능한데, 본인도 작년 10월경부터 집주인과 연락이 안된다. 집이 경매에 넘어갔다는 소식은 다른 임차인을 통해 이미 들었다.” > 통화 종료 후 카톡으로 ‘그리고 다슬씨 관리비 일단 내지마세요’ 라고 얘기함 이와 같은 경우 중개사에게도 과실이 있는지, 현재 상황에서 어떻게 대처해야 효과적일지 | 특이사항 1. 방문상담예정 / 문자발송완료",provided_synthetic_consultations
CASE-0367,G04,전북,익산시,1억~2억,계약중(종료예정),아파트,미상,가입,기타·일반문의,HUG이행청구,전세 재계약을 2년전 1억 3천 100만원으로 같은 금액으로 다시 한 상태 입니다 저는 전세대출 1억을 받은 상황이구요 현재 아파트 전세 시세는 1억 500으로 떨어진걸 확인 하지 못하고 재계약 계약서를 서로 동의 후 도장까지 찍었구요 그치만 허그 보증보험 가입을 위해 허그에 문의 해 보니 1억 125만원까지 감액해서 재계약을 하지 않으면 보증보험 연장이 어렵다고 하더군요 이상황에서 임대인과 감액 협의가 안된다고 하면 저는 집을 나가야 하는 경우일까요? 재계약서에 서로 도장까지 찍은 상황에서 집주인이 돈을 안돌려 주거나 세입자를 구하고 나가라고 하는 조건이 생길수가 있는걸까요 아니면 계약서를 파기 할수 있나요? 현재는 집 계약종료까지 1달 남았습니다,1. 깡통주택,unknown,보증상품 보증상품 미확인 | 주택유형 아파트 | 보증금구간 1억~2억 | 계약상태 계약중(종료예정) | 선순위권리 미상 | 반환보증 가입 | 분쟁유형 기타·일반문의 | 진행단계 HUG이행청구 | 상황 전세 재계약을 2년전 1억 3천 100만원으로 같은 금액으로 다시 한 상태 입니다 저는 전세대출 1억을 받은 상황이구요 현재 아파트 전세 시세는 1억 500으로 떨어진걸 확인 하지 못하고 재계약 계약서를 서로 동의 후 도장까지 찍었구요 그치만 허그 보증보험 가입을 위해 허그에 문의 해 보니 1억 125만원까지 감액해서 재계약을 하지 않으면 보증보험 연장이 어렵다고 하더군요 이상황에서 임대인과 감액 협의가 안된다고 하면 저는 집을 나가야 하는 경우일까요? 재계약서에 서로 도장까지 찍은 상황에서 집주인이 돈을 안돌려 주거나 세입자를 구하고 나가라고 하는 조건이 생길수가 있는걸까요 아니면 계약서를 파기 할수 있나요? 현재는 집 계약종료까지 1달 남았습니다 | 특이사항 1. 깡통주택,provided_synthetic_consultations
CASE-0368,G04,서울,광진구,2억~3억,계약중(종료예정),오피스텔,근저당설정,가입,보증금미반환,내용증명·공시송달,"건물: 오피스텔(근린생활시설) 보증금: 전세 2억5천 기간: 2년 계약: 신탁해지 및 근저당권 말소조건의 계약 계약만료: 2025.05.29 전세권: 계약시 보증보험 불가능하여 전세권2년설정 전입신고: 완료 ---------------------------- 현재 계약 만료 3개월전이라 내용증명을 보내려고 합니다. 최근에 상담을 받았을때 지연이자,특별손해배상을 알게되었는데 ***1.제가 보증금을 받을 때까지 이사를 가지않고 살면 지연이자금은 청구를 할 수 없는 게 맞을까요? 제가 듣기론 전세금반환 자체가 늦어지는 지연에 대해서 받을 수 있다고 상담을 받았는데 정확히 내용증명에 어떠한 문구가 들어가는게 좋을까요? 그리고 대출이자금의 정확한 금액을 적는게 좋을까요? 그리고 금리가 오르면 변동될 수 있고 갑자기 대출 종류가 바뀔 수도 있는데 그런 부분도 어떠한 문구로 기재하는 게 좋을까요? 그리고 집주인이 현재 같은 오피스텔 젤 윗층 거주인데 등기부에는 1203호라고 되어있는데 12층을 보면 1201호라고 되어있습니다. (다른 층과 달리 1층으로 확장공사) **2.내용증명 보낼때 호수는 1201호로 보내는게 맞을까요? **3.임대차계약서 특약부분을 언급하며 근저당을 설정하지 않기로 하였단걸 내용증명에 강조하는게 좋을까요?",1. 기존에 통화함,unknown,"보증상품 보증상품 미확인 | 주택유형 오피스텔 | 보증금구간 2억~3억 | 계약상태 계약중(종료예정) | 선순위권리 근저당설정 | 반환보증 가입 | 분쟁유형 보증금미반환 | 진행단계 내용증명·공시송달 | 상황 건물: 오피스텔(근린생활시설) 보증금: 전세 2억5천 기간: 2년 계약: 신탁해지 및 근저당권 말소조건의 계약 계약만료: 2025.05.29 전세권: 계약시 보증보험 불가능하여 전세권2년설정 전입신고: 완료 ---------------------------- 현재 계약 만료 3개월전이라 내용증명을 보내려고 합니다. 최근에 상담을 받았을때 지연이자,특별손해배상을 알게되었는데 ***1.제가 보증금을 받을 때까지 이사를 가지않고 살면 지연이자금은 청구를 할 수 없는 게 맞을까요? 제가 듣기론 전세금반환 자체가 늦어지는 지연에 대해서 받을 수 있다고 상담을 받았는데 정확히 내용증명에 어떠한 문구가 들어가는게 좋을까요? 그리고 대출이자금의 정확한 금액을 적는게 좋을까요? 그리고 금리가 오르면 변동될 수 있고 갑자기 대출 종류가 바뀔 수도 있는데 그런 부분도 어떠한 문구로 기재하는 게 좋을까요? 그리고 집주인이 현재 같은 오피스텔 젤 윗층 거주인데 등기부에는 1203호라고 되어있는데 12층을 보면 1201호라고 되어있습니다. (다른 층과 달리 1층으로 확장공사) **2.내용증명 보낼때 호수는 1201호로 보내는게 맞을까요? **3.임대차계약서 특약부분을 언급하며 근저당을 설정하지 않기로 하였단걸 내용증명에 강조하는게 좋을까요? | 특이사항 1. 기존에 통화함",provided_synthetic_consultations
CASE-0369,G04,서울,강북구,1억~2억,계약중(종료예정),다가구주택,선순위존재,미가입,기타·일반문의,임차권등기,"2021년 3월 3일 전세금 1억 2천으로 중기청80% 은행대출을 받고 입주 했습니다. (다가구주택, 보증보험X, 2년 계약) 2023년 3월 3일 계약 만기전 집주인에게 2년 더 살겠다고 전화로 통보 했습니다. 그리고 2025년 3월 3일 계약 만기 4개월 전 2024년 10월 31일 집주인에게 전화로 더이상 연장을 안하고 나가겠다고 했으며 전세금 받을 수 있는지에 대해 여부를 물어보니 가능하다고 했습니다. 그리고 2025년 1월 13일 집주인에게 전화로 계약 만기보다 일주일 정도 빨리 나가봐야 될 것 같다고 했으며 짐은 다 빼겠으니 계약 만기일보다 일주일 빨리 전세금을 받을 수 있냐라고 물어봤습니다. 집주인은 세입자가 들어와야지 전세금을 줄 수 있다고 했으며 만약 만기일까지 세입자를 못 구하면 어떻게 할거냐라고 물어봤더니 집주인은 금방 구한다고 걱정하지 말라고 했습니다. 그러고 다음날 바로 집주인에게 찾아가 다시 한번더 계약 만기일 까지 못 구하면 어떻게 할거냐라고 물었는데 그때는 집주인이 대출 해줄께라고 했습니다. 여기서 중요한게 일이 터졌습니다. 제가 내집스캔이라는 앱을 이용하는데 변동이 있으면 바로 알려주는 앱이 있습니다. 2025년 2월 3일 임차권 설정이 됐다는 걸 알림 받았습니다. 이 건물이 지하, 1층(제가 거주중), 2층 이렇게 돼 있는데 2층에 임차권 설정이 됐다고 알림을 받고 집주인에게 물어봤더니 2층이 월세를 안내서 분쟁이 생겨 사정을 얘기하더라구요. 그래서 제 전세금은 돌려받을 수 있냐고 했더니 조금밖에 못 줄것 같다고 하더니 계속 말이 바뀌는 겁니다. 2025년 2월 17일 만기까지 보름이 남았으며 저는 집주인에게 은행 대출 상환액 최소 1억이라도 달라고 했으며 나머지 2천만원은 차용증이라도 써서 기한을 정해놓고 달라고 했습니다. (차용증 쓰게 되면 공증도 같이 받을 예정 입니다.) 만약 은행 상환을 못하게 되면 저도 어쩔수 없이 임차권등기를 하고 은행 연장을 해야된다고 했으며 그러면 집주인분께서도 세입자 구하는데에 문제가 계속 생길거다 라고 얘기했습니다. 집주인도 이에 이해를 했구요. 다음날 저녁에 확답을 주겠다고 했습니다. 여기서 제가 할 수 있는 방안은 무엇이 있을까요? 제가 급한게 은행 대출 상환액 때문에 최소 1억이라도 먼저 달라고 했는데 혹시나 이 말에 대해서 실수를 한게 아닌지 그래서 변호사님께 자문을 구해보고자 (위에 내용들은 통화녹음, 카톡, 문자, 만나서 얘기한 것까지 녹음 다 돼있습니다.)",1. 선순위권리 없는 상태에서 계약 / 젊은 남자애인데 맹함,unknown,"보증상품 보증상품 미확인 | 주택유형 다가구주택 | 보증금구간 1억~2억 | 계약상태 계약중(종료예정) | 선순위권리 선순위존재 | 반환보증 미가입 | 분쟁유형 기타·일반문의 | 진행단계 임차권등기 | 상황 2021년 3월 3일 전세금 1억 2천으로 중기청80% 은행대출을 받고 입주 했습니다. (다가구주택, 보증보험X, 2년 계약) 2023년 3월 3일 계약 만기전 집주인에게 2년 더 살겠다고 전화로 통보 했습니다. 그리고 2025년 3월 3일 계약 만기 4개월 전 2024년 10월 31일 집주인에게 전화로 더이상 연장을 안하고 나가겠다고 했으며 전세금 받을 수 있는지에 대해 여부를 물어보니 가능하다고 했습니다. 그리고 2025년 1월 13일 집주인에게 전화로 계약 만기보다 일주일 정도 빨리 나가봐야 될 것 같다고 했으며 짐은 다 빼겠으니 계약 만기일보다 일주일 빨리 전세금을 받을 수 있냐라고 물어봤습니다. 집주인은 세입자가 들어와야지 전세금을 줄 수 있다고 했으며 만약 만기일까지 세입자를 못 구하면 어떻게 할거냐라고 물어봤더니 집주인은 금방 구한다고 걱정하지 말라고 했습니다. 그러고 다음날 바로 집주인에게 찾아가 다시 한번더 계약 만기일 까지 못 구하면 어떻게 할거냐라고 물었는데 그때는 집주인이 대출 해줄께라고 했습니다. 여기서 중요한게 일이 터졌습니다. 제가 내집스캔이라는 앱을 이용하는데 변동이 있으면 바로 알려주는 앱이 있습니다. 2025년 2월 3일 임차권 설정이 됐다는 걸 알림 받았습니다. 이 건물이 지하, 1층(제가 거주중), 2층 이렇게 돼 있는데 2층에 임차권 설정이 됐다고 알림을 받고 집주인에게 물어봤더니 2층이 월세를 안내서 분쟁이 생겨 사정을 얘기하더라구요. 그래서 제 전세금은 돌려받을 수 있냐고 했더니 조금밖에 못 줄것 같다고 하더니 계속 말이 바뀌는 겁니다. 2025년 2월 17일 만기까지 보름이 남았으며 저는 집주인에게 은행 대출 상환액 최소 1억이라도 달라고 했으며 나머지 2천만원은 차용증이라도 써서 기한을 정해놓고 달라고 했습니다. (차용증 쓰게 되면 공증도 같이 받을 예정 입니다.) 만약 은행 상환을 못하게 되면 저도 어쩔수 없이 임차권등기를 하고 은행 연장을 해야된다고 했으며 그러면 집주인분께서도 세입자 구하는데에 문제가 계속 생길거다 라고 얘기했습니다. 집주인도 이에 이해를 했구요. 다음날 저녁에 확답을 주겠다고 했습니다. 여기서 제가 할 수 있는 방안은 무엇이 있을까요? 제가 급한게 은행 대출 상환액 때문에 최소 1억이라도 먼저 달라고 했는데 혹시나 이 말에 대해서 실수를 한게 아닌지 그래서 변호사님께 자문을 구해보고자 (위에 내용들은 통화녹음, 카톡, 문자, 만나서 얘기한 것까지 녹음 다 돼있습니다.) | 특이사항 1. 선순위권리 없는 상태에서 계약 / 젊은 남자애인데 맹함",provided_synthetic_consultations
CASE-0370,G04,서울,구로구,1억~2억,계약중(종료예정),미상,미상,미상,기타·일반문의,소송제기,"다름이 아니라 이번 계약이 5월 18일부로 종료예정인데 재계약 하지 않겠다는 의사를 문자 및 카톡으로 전달 드렸는데 연락 두절이시며, 이후 내용증명을 보냈는데 수취인 불명으로 반송되었습니다. 이런 경우 제가 어떻게 대처해야 하는지 알 수 있을까요? 바로 민사소송 가능한지도 알고 싶습니다.",,unknown,"보증상품 보증상품 미확인 | 주택유형 미상 | 보증금구간 1억~2억 | 계약상태 계약중(종료예정) | 선순위권리 미상 | 반환보증 미상 | 분쟁유형 기타·일반문의 | 진행단계 소송제기 | 상황 다름이 아니라 이번 계약이 5월 18일부로 종료예정인데 재계약 하지 않겠다는 의사를 문자 및 카톡으로 전달 드렸는데 연락 두절이시며, 이후 내용증명을 보냈는데 수취인 불명으로 반송되었습니다. 이런 경우 제가 어떻게 대처해야 하는지 알 수 있을까요? 바로 민사소송 가능한지도 알고 싶습니다.",provided_synthetic_consultations
CASE-0371,G04,제주,서귀포시,1억 미만,계약중(종료예정),미상,미상,미상,경매·공매,상담·검토,계약 종료는 3월14일 예정인데 임의경매개시결정이라는 문자를 받았습니다. 보증금을 받기 어려운 상황일 것 같아서 어떻게 해야 하는지 상담 받고싶습니다.,1. 단독주택 / 8가구,unknown,보증상품 보증상품 미확인 | 주택유형 미상 | 보증금구간 1억 미만 | 계약상태 계약중(종료예정) | 선순위권리 미상 | 반환보증 미상 | 분쟁유형 경매·공매 | 진행단계 상담·검토 | 상황 계약 종료는 3월14일 예정인데 임의경매개시결정이라는 문자를 받았습니다. 보증금을 받기 어려운 상황일 것 같아서 어떻게 해야 하는지 상담 받고싶습니다. | 특이사항 1. 단독주택 / 8가구,provided_synthetic_consultations
CASE-0372,G04,미상,미상,1억~2억,계약중(종료예정),미상,미상,미상,기타·일반문의,상담·검토,계약서에 있는 전화번호는 임대인(37년생)의 아들 번호인데 연락이 두절되었습니다. 임대인아들 번호로 계약해지 문자 보내놓은 것도 법적 근거가 되는지 이후에 어떻게 진행해야 되는지 전세권설정을 해놓긴 했는데 전세가=매매가라 걱정이 됩니다 어떻게 하는게 제일 빠르고 보증금을 제대로 받을까요?,,unknown,보증상품 보증상품 미확인 | 주택유형 미상 | 보증금구간 1억~2억 | 계약상태 계약중(종료예정) | 선순위권리 미상 | 반환보증 미상 | 분쟁유형 기타·일반문의 | 진행단계 상담·검토 | 상황 계약서에 있는 전화번호는 임대인(37년생)의 아들 번호인데 연락이 두절되었습니다. 임대인아들 번호로 계약해지 문자 보내놓은 것도 법적 근거가 되는지 이후에 어떻게 진행해야 되는지 전세권설정을 해놓긴 했는데 전세가=매매가라 걱정이 됩니다 어떻게 하는게 제일 빠르고 보증금을 제대로 받을까요?,provided_synthetic_consultations
CASE-0373,G04,서울,강서구,1억 미만,계약중(종료예정),다가구주택,미상,미상,전세사기,소송제기,"저는 2021. 2. 10. 등촌동의 한 다가구주택에 정상적인 전세계약을 하고 바로 다음날 전입신고를하였으며 확정일자도 받았습니다 2년의 계약기간이 지나고 묵시적 동의하에 연장하여 현재까지 거주를 하고있는데요 처음 건물에 문제가 있다는걸 안것은 제작년 겨울이었습니다 몇개의 호실에 집주인이 전세사기로 구속이 되어 전세금 반환이 불가하다는 쪽지가 붙어있었고 즉시 등기를 떼보니 현재 집주인은 저와 계약한 집주인이 아닌 다른 사람이었고 찾아보니 21년 9월경 집주인이 바뀌며 신탁 이 맺어져있었는데 이 신탁사기로 다수의 피해가 발생한 건물이었다는 것을 알게되었습니다 (https://n.news.naver.com/article/308/) 다행히 대항력이 있어 전세사기 피해자 등록은 될수 없었고 제가 할수 있는것은 새로운 낙찰자가 오기까지 거주를 해야한다고 들었는데 1. 현시점 전세계약기간이 4년이 넘었는데 따로 전세금반환청구소송이라는걸 해야하는지, 그외 해야할 법적조치가 무엇이 있는지 2. 관리비와 가스비, 전기세등 공과금을 착실히 납부중에있는데 납부를 하고있지 않은 세대도있다고 하여 납부를 하는게 맞는지 3. 보통 새 낙찰자가 오기까지 (문제 해결까지) 평균 얼마의 시간이 걸리는지 등등입니다.",1. 통 근생시설을 쪼개서 임대차,unknown,"보증상품 보증상품 미확인 | 주택유형 다가구주택 | 보증금구간 1억 미만 | 계약상태 계약중(종료예정) | 선순위권리 미상 | 반환보증 미상 | 분쟁유형 전세사기 | 진행단계 소송제기 | 상황 저는 2021. 2. 10. 등촌동의 한 다가구주택에 정상적인 전세계약을 하고 바로 다음날 전입신고를하였으며 확정일자도 받았습니다 2년의 계약기간이 지나고 묵시적 동의하에 연장하여 현재까지 거주를 하고있는데요 처음 건물에 문제가 있다는걸 안것은 제작년 겨울이었습니다 몇개의 호실에 집주인이 전세사기로 구속이 되어 전세금 반환이 불가하다는 쪽지가 붙어있었고 즉시 등기를 떼보니 현재 집주인은 저와 계약한 집주인이 아닌 다른 사람이었고 찾아보니 21년 9월경 집주인이 바뀌며 신탁 이 맺어져있었는데 이 신탁사기로 다수의 피해가 발생한 건물이었다는 것을 알게되었습니다 (https://n.news.naver.com/article/308/) 다행히 대항력이 있어 전세사기 피해자 등록은 될수 없었고 제가 할수 있는것은 새로운 낙찰자가 오기까지 거주를 해야한다고 들었는데 1. 현시점 전세계약기간이 4년이 넘었는데 따로 전세금반환청구소송이라는걸 해야하는지, 그외 해야할 법적조치가 무엇이 있는지 2. 관리비와 가스비, 전기세등 공과금을 착실히 납부중에있는데 납부를 하고있지 않은 세대도있다고 하여 납부를 하는게 맞는지 3. 보통 새 낙찰자가 오기까지 (문제 해결까지) 평균 얼마의 시간이 걸리는지 등등입니다. | 특이사항 1. 통 근생시설을 쪼개서 임대차",provided_synthetic_consultations
CASE-0374,G04,부산,연제구,1억 미만,계약중(종료예정),미상,미상,가입,보증금미반환,임차권등기,2년 거주 후 2024년 12월에 계약만료되어서 계약연장 하였습니다. 월세변동이 있어서 계약서를 재작성 하였고 이후 보증보험 가입이 어렵고 전세사업이 힘들어 보증금을 못 돌려줄 거 같으니 보증보험 신청하라고 2025년 2/19 연락왔습니다. 1. 이런 경우 중도계약해지 합의서를 작성 후 보증보험을 신청을 해야하는걸까요? 아니면 계약파기를 해야하는걸까요? *계약 파기 시에도 작성해야할 서류가 있을까요? 2. 임차권등기명령도 신청해야할까요? 3. 재계약시 특약사항으로 보증보험 가입 불가시 이전 계약으로 이행한다는 문구를 작성하였는데 보증보험 신청이 가능할까요? 보증보험 신청하는 거에 있어서 어느정도 순서를 알고 준비하고 싶습니다.,1. 갱신계약상태,unknown,보증상품 보증상품 미확인 | 주택유형 미상 | 보증금구간 1억 미만 | 계약상태 계약중(종료예정) | 선순위권리 미상 | 반환보증 가입 | 분쟁유형 보증금미반환 | 진행단계 임차권등기 | 상황 2년 거주 후 2024년 12월에 계약만료되어서 계약연장 하였습니다. 월세변동이 있어서 계약서를 재작성 하였고 이후 보증보험 가입이 어렵고 전세사업이 힘들어 보증금을 못 돌려줄 거 같으니 보증보험 신청하라고 2025년 2/19 연락왔습니다. 1. 이런 경우 중도계약해지 합의서를 작성 후 보증보험을 신청을 해야하는걸까요? 아니면 계약파기를 해야하는걸까요? *계약 파기 시에도 작성해야할 서류가 있을까요? 2. 임차권등기명령도 신청해야할까요? 3. 재계약시 특약사항으로 보증보험 가입 불가시 이전 계약으로 이행한다는 문구를 작성하였는데 보증보험 신청이 가능할까요? 보증보험 신청하는 거에 있어서 어느정도 순서를 알고 준비하고 싶습니다. | 특이사항 1. 갱신계약상태,provided_synthetic_consultations
CASE-0375,G04,인천,서구,2억~3억,계약종료,미상,미상,미상,보증금미반환,소송제기,보증금반환소송 준비중(임차권 등기 완료),"1. 상세주소를 알아야 의미있는 자문을 할 수 있다고 하니, 보류중이라고 알려줄 수 없다고 함",unknown,"보증상품 보증상품 미확인 | 주택유형 미상 | 보증금구간 2억~3억 | 계약상태 계약종료 | 선순위권리 미상 | 반환보증 미상 | 분쟁유형 보증금미반환 | 진행단계 소송제기 | 상황 보증금반환소송 준비중(임차권 등기 완료) | 특이사항 1. 상세주소를 알아야 의미있는 자문을 할 수 있다고 하니, 보류중이라고 알려줄 수 없다고 함",provided_synthetic_consultations
CASE-0376,G04,전북,익산시,1억 미만,계약종료,아파트,미상,미상,기타·일반문의,임차권등기,"배우자가 2023. 02. 21. 임대인 소유의 대하여 임차보증금 90,000,000원 기간 24개월로 한 임대차 계약을 체결하였습니다. 이후 12월 10일경 퇴거의사를 밝혔으며, 실질적 퇴거 후 전입신고만 유지한 상태입니다. 이후 임대인의 확인 및 매물로 내놓은 것을 확인하였습니다. 기존 임대시 진행한 전세대출은 신규 자가 주택구매 대출을 위해 모두 상환한 상태이며, 전세권은 신청하지 못한상태입니다. 임대인은 별말이 없다가 계약종료일인 어제 연락이와 임차인의 개인 대출이자를 내줄테니 다음달에 줄수 있는지 문의후 하였습니다. 이하 문의사항입니다. 문의1. 우선변제권이 있는 상태인지 문의2. 임대인의 요청에 따라 계약을 익월까지 연장할경우 우선변제권이 있는지 문의3. 임차권등기명령신청시 임대인의 개인대출 실행시 문제가 있는지 문의4. 임차권등기설정이후부터 지연이자가 발생하는지 문의5. 임대인의 변제지연으로 발생한 손해에 대해 청구가능한지",,unknown,"보증상품 보증상품 미확인 | 주택유형 아파트 | 보증금구간 1억 미만 | 계약상태 계약종료 | 선순위권리 미상 | 반환보증 미상 | 분쟁유형 기타·일반문의 | 진행단계 임차권등기 | 상황 배우자가 2023. 02. 21. 임대인 소유의 대하여 임차보증금 90,000,000원 기간 24개월로 한 임대차 계약을 체결하였습니다. 이후 12월 10일경 퇴거의사를 밝혔으며, 실질적 퇴거 후 전입신고만 유지한 상태입니다. 이후 임대인의 확인 및 매물로 내놓은 것을 확인하였습니다. 기존 임대시 진행한 전세대출은 신규 자가 주택구매 대출을 위해 모두 상환한 상태이며, 전세권은 신청하지 못한상태입니다. 임대인은 별말이 없다가 계약종료일인 어제 연락이와 임차인의 개인 대출이자를 내줄테니 다음달에 줄수 있는지 문의후 하였습니다. 이하 문의사항입니다. 문의1. 우선변제권이 있는 상태인지 문의2. 임대인의 요청에 따라 계약을 익월까지 연장할경우 우선변제권이 있는지 문의3. 임차권등기명령신청시 임대인의 개인대출 실행시 문제가 있는지 문의4. 임차권등기설정이후부터 지연이자가 발생하는지 문의5. 임대인의 변제지연으로 발생한 손해에 대해 청구가능한지",provided_synthetic_consultations
CASE-0377,G04,대전,서구,1억~2억,계약중(종료예정),미상,근저당설정,미상,경매·공매,상담·검토,"리파인, 현재대출중인 카카오뱅크에서 거주중인 건물이 임의경매개시결정 접수가 되었고, 현재는 등기처리완료 되었다고 문자를 받았습니다. 집주인은(여자) 항상 답이없고 남편이 대신 일처리하고 답을 해왔어서 집주인(여자)에게도 답변달라고 문자하였고 남편에게도 이상황을 말했더니 2월24일 월요일되면 은행에가서 확인해보겠다는 답변을 받았습니다. 이사오기전에 새마을금고에 근저당되어있었고 새마을금고에서 임의경매신청을 한 것으로 보입니다. 저는 너무 불안해서 이집을 나가고싶고 1번 연장해서 25년12월이면 계약 만료 예정인데, 일단 이사 가겠다고 통보 한 상태입니다. 뭐부터 해야할지 모르겠는데 도와주세요",1. 공동담보에 의한 임의경매,unknown,"보증상품 보증상품 미확인 | 주택유형 미상 | 보증금구간 1억~2억 | 계약상태 계약중(종료예정) | 선순위권리 근저당설정 | 반환보증 미상 | 분쟁유형 경매·공매 | 진행단계 상담·검토 | 상황 리파인, 현재대출중인 카카오뱅크에서 거주중인 건물이 임의경매개시결정 접수가 되었고, 현재는 등기처리완료 되었다고 문자를 받았습니다. 집주인은(여자) 항상 답이없고 남편이 대신 일처리하고 답을 해왔어서 집주인(여자)에게도 답변달라고 문자하였고 남편에게도 이상황을 말했더니 2월24일 월요일되면 은행에가서 확인해보겠다는 답변을 받았습니다. 이사오기전에 새마을금고에 근저당되어있었고 새마을금고에서 임의경매신청을 한 것으로 보입니다. 저는 너무 불안해서 이집을 나가고싶고 1번 연장해서 25년12월이면 계약 만료 예정인데, 일단 이사 가겠다고 통보 한 상태입니다. 뭐부터 해야할지 모르겠는데 도와주세요 | 특이사항 1. 공동담보에 의한 임의경매",provided_synthetic_consultations
CASE-0378,G04,제주,제주시,2억~3억,계약중(종료예정),미상,압류·가압류,미가입,경매·공매,소송제기,"보증금 반환 관련 상담이 절실하여 여기라도 문의남겨봅니다. 저는 현재 2억1천만원 (대출금 7천만원)에 전세계약이 되어있고, 보증보험은 가입하지 않은 상태입니다. (전세권설정도 없음) 확정일자는 계약당시 바로 받아서 1순위인것은 확인하였습니다. 지금 현재 집주인(법인)이 소송에 휩싸여서 집이 가압류가 잡혀있고 보증금 반환을 할 수 없는 상황입니다. 계약기간은 ~`25년 2월 16일까지였으나 묵시적 계약연장이 되어있는 상태입니다. 법적절차(계약해지 통보 내용증명, 반환소송, 경매)를 진행해야하는데 혼자 진행하기 너무 버겁네요ㅠ 관련해서 상담 후 도움을 요청드리고 싶습니다.",,unknown,"보증상품 보증상품 미확인 | 주택유형 미상 | 보증금구간 2억~3억 | 계약상태 계약중(종료예정) | 선순위권리 압류·가압류 | 반환보증 미가입 | 분쟁유형 경매·공매 | 진행단계 소송제기 | 상황 보증금 반환 관련 상담이 절실하여 여기라도 문의남겨봅니다. 저는 현재 2억1천만원 (대출금 7천만원)에 전세계약이 되어있고, 보증보험은 가입하지 않은 상태입니다. (전세권설정도 없음) 확정일자는 계약당시 바로 받아서 1순위인것은 확인하였습니다. 지금 현재 집주인(법인)이 소송에 휩싸여서 집이 가압류가 잡혀있고 보증금 반환을 할 수 없는 상황입니다. 계약기간은 ~`25년 2월 16일까지였으나 묵시적 계약연장이 되어있는 상태입니다. 법적절차(계약해지 통보 내용증명, 반환소송, 경매)를 진행해야하는데 혼자 진행하기 너무 버겁네요ㅠ 관련해서 상담 후 도움을 요청드리고 싶습니다.",provided_synthetic_consultations
CASE-0379,G04,서울,영등포구,1억~2억,계약중(종료예정),미상,미상,미가입,경매·공매,임차권등기,올 3월8일이 계약만료입니다. 작년 12월경 달간 연장계약을 요청했고 임대인은 동의하엿습니다. 그런데 2월7일 경매신청이 들어왔다는 통보를 받았습니다. 그래서 2월21일 달연장 계약서작성과 임대인보증보험을 가입해달라고 하니 경매진행중이라 보증보험가입이 안되니 연장계약서 쓰지말고 2달간 지내시고 5월8일 퇴거할때 다음세입자가 들어오든 안들어오든 보증금 돌려주겟다고 합니다 저는 그럼 3월8일건에 대해 계약종료하는것에 동의해주시고 종료동의 문자에 답변해 주시면 기존 가입되어 있는 허그보증보험은 5월8일까지 청구신청하지 않고 기다려주겠다고 했습니다. 그러나 임대인의 문자 답변에 계약종료에 동의합니다. 임차인은 5월8일까지 임차권등기를 비롯한 보증보험신청을 하지않겠다고 협의했다는 문자까지 덧붙여 보내왔습니다. 통화상 임차권등기란 말은 일언반구 없었고 보증보험 청구를 5월8일까지 않고 기다려준다고만 했습니다. 5월8일까지 보증금 못받을시 허그이행신청을 위해서 임차권등기는 반드시 해야하는데 임대인은 임차권등기 마저 수용않겠다는 의사입니다. 궁금한 사항 1. 두달간 연장하려 햇으나 경매진행이 시작됨. 연장계약서 미작성. 임대보증보험미가입. 위 3가지 임대인 실책 달간 연장은 자동해지되고 지금 3월8일건에 대해 연장계약이 파기되었다고 문자 및 내용증명통보하면 허그에서 3월8일 계약건의 종료를 인정해 줄까요? 2. 3월9일 관할법원에서 임차권등기신청하는 것에는 차질이 없을까요?,1. 아들은 취직해서 연수중이라 시간이 안되어서 아버지가 대신 알아보고 있음,rental_deposit,보증상품 임대보증금보증 | 주택유형 미상 | 보증금구간 1억~2억 | 계약상태 계약중(종료예정) | 선순위권리 미상 | 반환보증 미가입 | 분쟁유형 경매·공매 | 진행단계 임차권등기 | 상황 올 3월8일이 계약만료입니다. 작년 12월경 달간 연장계약을 요청했고 임대인은 동의하엿습니다. 그런데 2월7일 경매신청이 들어왔다는 통보를 받았습니다. 그래서 2월21일 달연장 계약서작성과 임대인보증보험을 가입해달라고 하니 경매진행중이라 보증보험가입이 안되니 연장계약서 쓰지말고 2달간 지내시고 5월8일 퇴거할때 다음세입자가 들어오든 안들어오든 보증금 돌려주겟다고 합니다 저는 그럼 3월8일건에 대해 계약종료하는것에 동의해주시고 종료동의 문자에 답변해 주시면 기존 가입되어 있는 허그보증보험은 5월8일까지 청구신청하지 않고 기다려주겠다고 했습니다. 그러나 임대인의 문자 답변에 계약종료에 동의합니다. 임차인은 5월8일까지 임차권등기를 비롯한 보증보험신청을 하지않겠다고 협의했다는 문자까지 덧붙여 보내왔습니다. 통화상 임차권등기란 말은 일언반구 없었고 보증보험 청구를 5월8일까지 않고 기다려준다고만 했습니다. 5월8일까지 보증금 못받을시 허그이행신청을 위해서 임차권등기는 반드시 해야하는데 임대인은 임차권등기 마저 수용않겠다는 의사입니다. 궁금한 사항 1. 두달간 연장하려 햇으나 경매진행이 시작됨. 연장계약서 미작성. 임대보증보험미가입. 위 3가지 임대인 실책 달간 연장은 자동해지되고 지금 3월8일건에 대해 연장계약이 파기되었다고 문자 및 내용증명통보하면 허그에서 3월8일 계약건의 종료를 인정해 줄까요? 2. 3월9일 관할법원에서 임차권등기신청하는 것에는 차질이 없을까요? | 특이사항 1. 아들은 취직해서 연수중이라 시간이 안되어서 아버지가 대신 알아보고 있음,provided_synthetic_consultations
CASE-0380,G04,경기,이천시,1억~2억,계약종료,미상,미상,미상,경매·공매,소송제기,"이미 계약은 종료 된 상태이며, 임차권 등기명령은 하였으나 경매가 이미 낙찰이 되어 임차권이 말소가 되었습니다. 또한, 현재 전세금 반환 소송 진행 중이며 26일 재판에 앞두고 있습니다. 또한 전세대출이 만기가 되어 연체 이자 및 신용에 문제가 생기기 시작 하였습니다. 도움이 절실 합니다. 임대인이 그간 밀린 이자며 신용상 불이익을 금전적 보상을 해준다라고 해서 차용증 작성을 해준다라고 하는데 법적으로 보호 받을 수 있는지 또한",,unknown,"보증상품 보증상품 미확인 | 주택유형 미상 | 보증금구간 1억~2억 | 계약상태 계약종료 | 선순위권리 미상 | 반환보증 미상 | 분쟁유형 경매·공매 | 진행단계 소송제기 | 상황 이미 계약은 종료 된 상태이며, 임차권 등기명령은 하였으나 경매가 이미 낙찰이 되어 임차권이 말소가 되었습니다. 또한, 현재 전세금 반환 소송 진행 중이며 26일 재판에 앞두고 있습니다. 또한 전세대출이 만기가 되어 연체 이자 및 신용에 문제가 생기기 시작 하였습니다. 도움이 절실 합니다. 임대인이 그간 밀린 이자며 신용상 불이익을 금전적 보상을 해준다라고 해서 차용증 작성을 해준다라고 하는데 법적으로 보호 받을 수 있는지 또한",provided_synthetic_consultations
CASE-0381,G04,서울,강서구,2억~3억,계약중(종료예정),미상,미상,가입,기타·일반문의,상담·검토,"전세만기는 25년 5월 24일이며, HUH 안심전세 보험에 가입되어있습니다. 작년 하반기부터 전세 연장 의사가 없음을 말하였으며 저번주에 이사갈 집을 가계약 후 집주인에게 전세 만기일 날 퇴거하겠다고 문자로 말하였습니다. 집주인은 집이 매매되면 계약금을 날짜에 맞춰서 줄 수 있지만 그렇지 않을 경우 보증보험 신청하라며 답장이 왔습니다. 그렇게 될 경우 저희는 전세금 대출 상환 후 신생아 특례대출로 이사 잔금을 맞추려고 했는데 전세금 상환을 못하게 되고 이로 인해 특례대출을 받을 수 없게 됩니다. 계약금을 날릴 수 없어서 시중 주담대를 이용해야하는데 이렇게 될 경우 보증보험에서 전세금을 돌려받시 전까지 내야하는 전세대출 지연이자가 발생하고 저희가 빌려야하는 주담대 비용 및 이자가 증가하여 손실이 발생하게 됩니다. 이런경우 민사를 통하여 저희에게 일어난 금전적 손실 및 정신적 피해보상을 받을 수 있는지",,unknown,"보증상품 보증상품 미확인 | 주택유형 미상 | 보증금구간 2억~3억 | 계약상태 계약중(종료예정) | 선순위권리 미상 | 반환보증 가입 | 분쟁유형 기타·일반문의 | 진행단계 상담·검토 | 상황 전세만기는 25년 5월 24일이며, HUH 안심전세 보험에 가입되어있습니다. 작년 하반기부터 전세 연장 의사가 없음을 말하였으며 저번주에 이사갈 집을 가계약 후 집주인에게 전세 만기일 날 퇴거하겠다고 문자로 말하였습니다. 집주인은 집이 매매되면 계약금을 날짜에 맞춰서 줄 수 있지만 그렇지 않을 경우 보증보험 신청하라며 답장이 왔습니다. 그렇게 될 경우 저희는 전세금 대출 상환 후 신생아 특례대출로 이사 잔금을 맞추려고 했는데 전세금 상환을 못하게 되고 이로 인해 특례대출을 받을 수 없게 됩니다. 계약금을 날릴 수 없어서 시중 주담대를 이용해야하는데 이렇게 될 경우 보증보험에서 전세금을 돌려받시 전까지 내야하는 전세대출 지연이자가 발생하고 저희가 빌려야하는 주담대 비용 및 이자가 증가하여 손실이 발생하게 됩니다. 이런경우 민사를 통하여 저희에게 일어난 금전적 손실 및 정신적 피해보상을 받을 수 있는지",provided_synthetic_consultations
CASE-0382,G04,경북,구미시,1억 미만,계약중(종료예정),미상,미상,가입,기타·일반문의,HUG이행청구,궁금한것이 있어 여쭙니다. 계약서를 작성한 날짜는 2023년 2월 19일이며 계약서상 계약기간은 2023. 2.27-2025.2.27입니다. 부동산 및 집주인분께서는 미리 전입신고 해도 상관없다고 해서 2월 20일에 전입신고하고 28일쯤 확정일자를 받았는데 향후 보증보험 이행청구시.문제가 되진 않는지,,unknown,보증상품 보증상품 미확인 | 주택유형 미상 | 보증금구간 1억 미만 | 계약상태 계약중(종료예정) | 선순위권리 미상 | 반환보증 가입 | 분쟁유형 기타·일반문의 | 진행단계 HUG이행청구 | 상황 궁금한것이 있어 여쭙니다. 계약서를 작성한 날짜는 2023년 2월 19일이며 계약서상 계약기간은 2023. 2.27-2025.2.27입니다. 부동산 및 집주인분께서는 미리 전입신고 해도 상관없다고 해서 2월 20일에 전입신고하고 28일쯤 확정일자를 받았는데 향후 보증보험 이행청구시.문제가 되진 않는지,provided_synthetic_consultations
CASE-0383,G04,인천,인천서구,1억~2억,계약종료,미상,미상,미상,경매·공매,판결·집행,"제가 혼자 기록했던내용 그대로 쓰겠습니다! 전세금 첫계약시 1억4천으로 계약 -> 이중 1억5백만원을 은행대출 받았었음 -> 계약하고 나서야 보험가입이 불가하다는 것을 알게 되었으나 사태심각성을 몰라 그냥 넘어감 -> 이집에 들어간지 반년후 대출받은 하나은행에서 집주인이 바뀌었는데 알고있냐는 전화가옴 -> 그때서야 알게되었으나 크게 문제가 없을 줄 알았음 (진짜 너무너무 바보였다) -> 그다음해 여름 지붕에서 물이 새기 시작함 -> 집주인에게 연락을 하였으나 수리를 해주지 않았음 -> 계약만기가 오래 남지 않은 시점에 이 집이 경매로 넘어갈거라는 통보를 받았음 -> 그때서야 이상했던 나는 집주인에게 연락하여 나가겠다 하였으나 집주인은 돈이없다며 배째라 하였고 울며 겨자 먹기 심정으로 재계약 및 은행대출 연장을 받음 -> 이때 집가격 하락으로 인해 대출가능 최소금액이 200만원정도 하락하여 내돈으로 일단 상환후 집주인에게 받기로함 -> 이러면서 집 계약금액도 1억 4천에서 1억 3천7백50만원으로 줄고 상환한 금액에 대해서는 따로 차용증을 씀 -> 집주인은 이 집에 걸린 채무(세금미납) 을 해결하여 전세보험을 들게 해준다 하였지만 당연히 해결하지 않았고 내돈도 갚지 않음 -> 이러는 와중 지붕 누수는 점점 심해져 내돈으로 지붕수리를 함 (270만원정도) -> 변호사 선임하여 전세금반환소송 및 임차권등기를 함 (결과는 당연히 승소하였고, 임차권등기도 완료) (350만원 정도 들었음) -> 현재 4년 넘게 살고있지만 집주인은 이문제를 방치하고 있고 나는 계속 이집에서 살수 밖에 없는상태임 이문제를 해결하기 위해서는 두가지 해결법이 있지만 다 문제가 있는상태 - 이집을 부동산에 내놓는다 이집을 부동산에 내놓고 싶지만 집주인의 채무때문에 불가능함 내가 이집을 살때도 그 세금이 문제가 될까? 집주인에게 세금문제 해결을 언제할꺼냐 따진다 내돈을 보태서라도 세금문제를 해결한뒤 집을 내놓는다 만약 가능하다해도 이집을 남한테 팔아야하는지 내가 산뒤 월세로 돌린후 팔아야할지도 고민되는 부분 - 경매신청을 한다 경매심사때 베란다와 옥상이 불법건축물로 지정될것 같다 -> 내가 받아야하는데 그렇다면 그 건축물을 철거해야하는데 비용이 만만치 않을 것 같다는 생각이 든다. (또한 옥상같은 경우는 건축물을 철거하면 또다시 지붕누수가 발생하여 철거가 쉽지 않은 상태입니다. 경매 심사 나올때 옥상까지도 심사 대상이 되는것인가요?) 현재 이런상황인데 두가지 방법밖에 저에겐 없는 것 같습니다. 집주인의 세금이 2~3천정도 인걸로 알고있는데 그것을 대신 갚아주면서까지 이집을 해결해야하나 너무 바보 호구같은 생각같아서 자괴감도 드는데 이집을 제 명의로라도 받는다면 어떻게 숨통이 좀 트일것 같은데 어떻게 해야할지 모르겠어요, 카페에 렌트윈이라는 서비스를 알게되어 일단, 이미 사비로 나간돈이 많고 앞으로도 나갈일이 많아보여,",1. 전세금반환청구소송 300만원으로 진행했고 24.08 판결,unknown,"보증상품 보증상품 미확인 | 주택유형 미상 | 보증금구간 1억~2억 | 계약상태 계약종료 | 선순위권리 미상 | 반환보증 미상 | 분쟁유형 경매·공매 | 진행단계 판결·집행 | 상황 제가 혼자 기록했던내용 그대로 쓰겠습니다! 전세금 첫계약시 1억4천으로 계약 -> 이중 1억5백만원을 은행대출 받았었음 -> 계약하고 나서야 보험가입이 불가하다는 것을 알게 되었으나 사태심각성을 몰라 그냥 넘어감 -> 이집에 들어간지 반년후 대출받은 하나은행에서 집주인이 바뀌었는데 알고있냐는 전화가옴 -> 그때서야 알게되었으나 크게 문제가 없을 줄 알았음 (진짜 너무너무 바보였다) -> 그다음해 여름 지붕에서 물이 새기 시작함 -> 집주인에게 연락을 하였으나 수리를 해주지 않았음 -> 계약만기가 오래 남지 않은 시점에 이 집이 경매로 넘어갈거라는 통보를 받았음 -> 그때서야 이상했던 나는 집주인에게 연락하여 나가겠다 하였으나 집주인은 돈이없다며 배째라 하였고 울며 겨자 먹기 심정으로 재계약 및 은행대출 연장을 받음 -> 이때 집가격 하락으로 인해 대출가능 최소금액이 200만원정도 하락하여 내돈으로 일단 상환후 집주인에게 받기로함 -> 이러면서 집 계약금액도 1억 4천에서 1억 3천7백50만원으로 줄고 상환한 금액에 대해서는 따로 차용증을 씀 -> 집주인은 이 집에 걸린 채무(세금미납) 을 해결하여 전세보험을 들게 해준다 하였지만 당연히 해결하지 않았고 내돈도 갚지 않음 -> 이러는 와중 지붕 누수는 점점 심해져 내돈으로 지붕수리를 함 (270만원정도) -> 변호사 선임하여 전세금반환소송 및 임차권등기를 함 (결과는 당연히 승소하였고, 임차권등기도 완료) (350만원 정도 들었음) -> 현재 4년 넘게 살고있지만 집주인은 이문제를 방치하고 있고 나는 계속 이집에서 살수 밖에 없는상태임 이문제를 해결하기 위해서는 두가지 해결법이 있지만 다 문제가 있는상태 - 이집을 부동산에 내놓는다 이집을 부동산에 내놓고 싶지만 집주인의 채무때문에 불가능함 내가 이집을 살때도 그 세금이 문제가 될까? 집주인에게 세금문제 해결을 언제할꺼냐 따진다 내돈을 보태서라도 세금문제를 해결한뒤 집을 내놓는다 만약 가능하다해도 이집을 남한테 팔아야하는지 내가 산뒤 월세로 돌린후 팔아야할지도 고민되는 부분 - 경매신청을 한다 경매심사때 베란다와 옥상이 불법건축물로 지정될것 같다 -> 내가 받아야하는데 그렇다면 그 건축물을 철거해야하는데 비용이 만만치 않을 것 같다는 생각이 든다. (또한 옥상같은 경우는 건축물을 철거하면 또다시 지붕누수가 발생하여 철거가 쉽지 않은 상태입니다. 경매 심사 나올때 옥상까지도 심사 대상이 되는것인가요?) 현재 이런상황인데 두가지 방법밖에 저에겐 없는 것 같습니다. 집주인의 세금이 2~3천정도 인걸로 알고있는데 그것을 대신 갚아주면서까지 이집을 해결해야하나 너무 바보 호구같은 생각같아서 자괴감도 드는데 이집을 제 명의로라도 받는다면 어떻게 숨통이 좀 트일것 같은데 어떻게 해야할지 모르겠어요, 카페에 렌트윈이라는 서비스를 알게되어 일단, 이미 사비로 나간돈이 많고 앞으로도 나갈일이 많아보여, | 특이사항 1. 전세금반환청구소송 300만원으로 진행했고 24.08 판결",provided_synthetic_consultations
CASE-0384,G04,전남,순천시,1억 미만,계약중(종료예정),미상,미상,미상,기타·일반문의,내용증명·공시송달,집주인이 계속 새로운임차인을 나머지 차액이 없다고 미입금증(매달보내주겠다고함)으로 달달이 차액을 갚겠다고만 얘기합니다. 내용증명도 보내고싶은데 어떤식으로 써야할지를 모르겠어요 2021년11월계약했는데 여태껏 돈을못받고 못나가고있어요 2024년11월까지 살고 나가기로 했는데 미입금증 얘기만합니다 너무 스트레스받네요 어떻게 해야할까요 ?? 그리고 확정일자는 처음계약시 2021년11월자로 한번만 받았는데 인터넷 등기소에 안떠서 걱정됩니다. 2021년11월 계약서 확정일자받음 2023년 11월 만기시 임대인이 돈이없다고하여 1년만 연장한다고 계약서 새로하나 작성하였는데 이 계약서에는 확정일자 받은게 없는데 상관없는건가요?? 너무 걱정되서 잠도안오네요 ㅠㅠ,,unknown,보증상품 보증상품 미확인 | 주택유형 미상 | 보증금구간 1억 미만 | 계약상태 계약중(종료예정) | 선순위권리 미상 | 반환보증 미상 | 분쟁유형 기타·일반문의 | 진행단계 내용증명·공시송달 | 상황 집주인이 계속 새로운임차인을 나머지 차액이 없다고 미입금증(매달보내주겠다고함)으로 달달이 차액을 갚겠다고만 얘기합니다. 내용증명도 보내고싶은데 어떤식으로 써야할지를 모르겠어요 2021년11월계약했는데 여태껏 돈을못받고 못나가고있어요 2024년11월까지 살고 나가기로 했는데 미입금증 얘기만합니다 너무 스트레스받네요 어떻게 해야할까요 ?? 그리고 확정일자는 처음계약시 2021년11월자로 한번만 받았는데 인터넷 등기소에 안떠서 걱정됩니다. 2021년11월 계약서 확정일자받음 2023년 11월 만기시 임대인이 돈이없다고하여 1년만 연장한다고 계약서 새로하나 작성하였는데 이 계약서에는 확정일자 받은게 없는데 상관없는건가요?? 너무 걱정되서 잠도안오네요 ㅠㅠ,provided_synthetic_consultations
CASE-0385,G04,인천,남동구,1억 미만,계약중(종료예정),오피스텔,미상,가입,전세사기,상담·검토,"현재 저는 전세사기 피해를 입은 상황입니다. 집주인은 무자본 갭투기를 진행하면서 현재 구속되어 6년간의 직영형을 선고받고 현재 서울 구치소에 있는 상황입니다. 해당 집주인을 담당하는 변호사에게 연락을받고 전세보증금을 반환할 수 있는 상황이 아닌것을 확인 했습니다. 변호사가 말해주기를, 현재 제가 거주중인 오피스텔의 소유권을 저에게 이전함으로써 전세보증금에 대한 채무를 변제 하는 방법에 대해 안내 받앗습니다. 이전등기에 필요한 등기필증과 권리증의 경우에는 검찰에 모두 압수 당해 해당변호사가 직접 서면으로 확인을 받아준다고 하였습니다. 또한 추후 발생할 수 있는 문제에 대해서 문제제기릉 하지 않겟다는 합의서를 같이 작성한다고 확인 받았습니다. 소유권이전등기 처리를 위해 필요항 서류들과 절차들이 있을것으로 사료되는데, 혼자서 개인으로 진행하기에는 어려움이 있어 도움을 요청드립니다. 이 내용에 대해서 수임을 해주실 수 있는지",1. 전세사기피해자결정문 받고 다시 연락주세요.,unknown,"보증상품 보증상품 미확인 | 주택유형 오피스텔 | 보증금구간 1억 미만 | 계약상태 계약중(종료예정) | 선순위권리 미상 | 반환보증 가입 | 분쟁유형 전세사기 | 진행단계 상담·검토 | 상황 현재 저는 전세사기 피해를 입은 상황입니다. 집주인은 무자본 갭투기를 진행하면서 현재 구속되어 6년간의 직영형을 선고받고 현재 서울 구치소에 있는 상황입니다. 해당 집주인을 담당하는 변호사에게 연락을받고 전세보증금을 반환할 수 있는 상황이 아닌것을 확인 했습니다. 변호사가 말해주기를, 현재 제가 거주중인 오피스텔의 소유권을 저에게 이전함으로써 전세보증금에 대한 채무를 변제 하는 방법에 대해 안내 받앗습니다. 이전등기에 필요한 등기필증과 권리증의 경우에는 검찰에 모두 압수 당해 해당변호사가 직접 서면으로 확인을 받아준다고 하였습니다. 또한 추후 발생할 수 있는 문제에 대해서 문제제기릉 하지 않겟다는 합의서를 같이 작성한다고 확인 받았습니다. 소유권이전등기 처리를 위해 필요항 서류들과 절차들이 있을것으로 사료되는데, 혼자서 개인으로 진행하기에는 어려움이 있어 도움을 요청드립니다. 이 내용에 대해서 수임을 해주실 수 있는지 | 특이사항 1. 전세사기피해자결정문 받고 다시 연락주세요.",provided_synthetic_consultations
CASE-0386,G04,서울,동대문구,2억~3억,계약종료,미상,미상,가입,기타·일반문의,HUG이행청구,계약종료일이 25년 2월 25일입니다. 저의 주택매수로 인해 전세계약 연장이 어렵다고 24년 12월 16일 집주인에게 전달했습니다. 문제는 집주인이 3층에 살고 있어 면전에서 이야기하느라 계약종료의사를 문자나 카톡으로 못 남겼습니다. 평소 사이가 좋은 편이라 당시 이것이 문제가 되지 않을꺼라 판단했습니다. (24년 12월 16일 단순히 3층에 올라가겠다는 녹음된 통화내역은 있습니다) 집주인은 이후 집을 부동산에 내놨는데 5천만원을 증액시켜 3억원에 내놓더군요. 그래서인지 보러 오는 사람이 거의 없었습니다. 그럼에도 저는 의사를 전달했기에 당연히 보증금을 받을 줄 알고 알아서 하시겠지 하고 넘겼습니다. 기한이 다가오고 저는 집을 결정해서 이사하겠다고 하니 집주인이 다음 세입자가 오지 않으면 나갈 수 없다고 단언하였습니다. 이때부터 언성이 높아졌고 주인은 자기 주장만 내기 시작했습니다. 부동산에도 그제서야 2억 5천에 내놓았습니다. 그럼에도 전세기피현상 때문인지 사람들이 별로 오지 않더군요. 허그에 문의하니 이래저래 해야한다고 복잡한 과정을 이야기주었습니다. 어떤 과정을 밟아가야 할까요? (첨부내용은 3억원에서 2억 5천원으로 내린 네이버부동산사진),1. 해결되었다고 함,unknown,보증상품 보증상품 미확인 | 주택유형 미상 | 보증금구간 2억~3억 | 계약상태 계약종료 | 선순위권리 미상 | 반환보증 가입 | 분쟁유형 기타·일반문의 | 진행단계 HUG이행청구 | 상황 계약종료일이 25년 2월 25일입니다. 저의 주택매수로 인해 전세계약 연장이 어렵다고 24년 12월 16일 집주인에게 전달했습니다. 문제는 집주인이 3층에 살고 있어 면전에서 이야기하느라 계약종료의사를 문자나 카톡으로 못 남겼습니다. 평소 사이가 좋은 편이라 당시 이것이 문제가 되지 않을꺼라 판단했습니다. (24년 12월 16일 단순히 3층에 올라가겠다는 녹음된 통화내역은 있습니다) 집주인은 이후 집을 부동산에 내놨는데 5천만원을 증액시켜 3억원에 내놓더군요. 그래서인지 보러 오는 사람이 거의 없었습니다. 그럼에도 저는 의사를 전달했기에 당연히 보증금을 받을 줄 알고 알아서 하시겠지 하고 넘겼습니다. 기한이 다가오고 저는 집을 결정해서 이사하겠다고 하니 집주인이 다음 세입자가 오지 않으면 나갈 수 없다고 단언하였습니다. 이때부터 언성이 높아졌고 주인은 자기 주장만 내기 시작했습니다. 부동산에도 그제서야 2억 5천에 내놓았습니다. 그럼에도 전세기피현상 때문인지 사람들이 별로 오지 않더군요. 허그에 문의하니 이래저래 해야한다고 복잡한 과정을 이야기주었습니다. 어떤 과정을 밟아가야 할까요? (첨부내용은 3억원에서 2억 5천원으로 내린 네이버부동산사진) | 특이사항 1. 해결되었다고 함,provided_synthetic_consultations
CASE-0387,G04,경기,화성시,1억~2억,계약중(종료예정),미상,미상,미상,묵시적갱신분쟁,내용증명·공시송달,"5월12일까지 계약입니다. 부동산을 통해 임대인이 현 시세(약 3억원)의 전세금에 맞춰 재계약 아닐경우 본인 실거주 의사를 밝혔습니다. 실거주가 아닌 시세를 올리기 위한 퇴거통보로 여겨져, 이후 임차인은 임대인에게 문자메시지로 두차례 임대차계약갱신청구권 사용을 요청한다는 내용으로 보냈으나 읽고서 답장이 없습니다. 하여 어제 오늘 전화하였으나 연락도 받지 않는 상태입니다. 현재 내용증명 발송을 고민중인데, 내용증명에 계약만료 2개월 전일(3월11일)까지 지속 연락 두절일경우 묵시적 갱신으로 받아들이겠다는 내용으로 작성을 할지, 아니면 계약갱신권청구를 하겠다는 내용으로 작성을 해야할지",1. 현저히 낮은 금액의 전세가격이 문제,unknown,"보증상품 보증상품 미확인 | 주택유형 미상 | 보증금구간 1억~2억 | 계약상태 계약중(종료예정) | 선순위권리 미상 | 반환보증 미상 | 분쟁유형 묵시적갱신분쟁 | 진행단계 내용증명·공시송달 | 상황 5월12일까지 계약입니다. 부동산을 통해 임대인이 현 시세(약 3억원)의 전세금에 맞춰 재계약 아닐경우 본인 실거주 의사를 밝혔습니다. 실거주가 아닌 시세를 올리기 위한 퇴거통보로 여겨져, 이후 임차인은 임대인에게 문자메시지로 두차례 임대차계약갱신청구권 사용을 요청한다는 내용으로 보냈으나 읽고서 답장이 없습니다. 하여 어제 오늘 전화하였으나 연락도 받지 않는 상태입니다. 현재 내용증명 발송을 고민중인데, 내용증명에 계약만료 2개월 전일(3월11일)까지 지속 연락 두절일경우 묵시적 갱신으로 받아들이겠다는 내용으로 작성을 할지, 아니면 계약갱신권청구를 하겠다는 내용으로 작성을 해야할지 | 특이사항 1. 현저히 낮은 금액의 전세가격이 문제",provided_synthetic_consultations
CASE-0388,G04,서울,영등포구,1억~2억,계약중(종료예정),다가구주택,미상,가입,기타·일반문의,임차권등기,"현재 2년 계약만기(24.11.10)가 끝나고 돈을 바로 못받아서 계약연장을 했습니다, HF대출, 보증보험신청안함 이번달2월 말까지는 세입자 안구해져도 돈 돌려달라고는 문자로 명시했는데 노력해보겠다고하고 확답증거는 없는상황입니다 2월말에 계약금 못돌려받을 시 변호사선임해서 진행해야할 것 같은데 미리 임차인에게 변호사선임비랑 청구한다고 말해야하나요? 아니면 바로 그냥 진행해서 나중에 변호사비까지 청구하면될까요? 임차권등기랑 당장해야할게 있을까요",1. 다가구주택,unknown,"보증상품 보증상품 미확인 | 주택유형 다가구주택 | 보증금구간 1억~2억 | 계약상태 계약중(종료예정) | 선순위권리 미상 | 반환보증 가입 | 분쟁유형 기타·일반문의 | 진행단계 임차권등기 | 상황 현재 2년 계약만기(24.11.10)가 끝나고 돈을 바로 못받아서 계약연장을 했습니다, HF대출, 보증보험신청안함 이번달2월 말까지는 세입자 안구해져도 돈 돌려달라고는 문자로 명시했는데 노력해보겠다고하고 확답증거는 없는상황입니다 2월말에 계약금 못돌려받을 시 변호사선임해서 진행해야할 것 같은데 미리 임차인에게 변호사선임비랑 청구한다고 말해야하나요? 아니면 바로 그냥 진행해서 나중에 변호사비까지 청구하면될까요? 임차권등기랑 당장해야할게 있을까요 | 특이사항 1. 다가구주택",provided_synthetic_consultations
CASE-0389,G04,전남,여수시,3억 이상,계약중(종료예정),미상,근저당설정,가입,기타·일반문의,HUG이행청구,"전세 만기는 25년 7월 입니다(2년 계약) 갱신청구권을 써서 전세2년 연장할 생각이였는데 지난달 1월에(만기 6개월 남은 싯점) 집주인이 돈문제로 매매를 하려고 한다고 연락이 왔습니다 (전세만기일까지는 거주가능하다고 함.) (계약때도 4년 살고 싶다고 이야기 해뒀고-2년 후 상황을 봐야한다고는 하셨음. 생기면서 4년 거주 가능할거라고 하셨고요.) HUG 가입 못했고, 전세 대출은 없는 상황이고 근저당이 있던 집을 제가 전세 들어오면서 근저당 말소한 상황입니다. (선순위 임차인 상태.) 저는 갱신청구권을 못쓰는 건가요? 갱신청구를 거부하면 손해배상을 해야하는 것으로 알고 있는데, 저는 손해배상을 받을 수 있나요? 집주인이 바뀐다면, 그사람에게 갱신청구를 할 수 있는 것인지(집주인 말로는 전세끼고 매매예정인거라 모르겠다고 합니다.) 제가 할 수 있는 것들이 무엇이 있을까요",,unknown,"보증상품 보증상품 미확인 | 주택유형 미상 | 보증금구간 3억 이상 | 계약상태 계약중(종료예정) | 선순위권리 근저당설정 | 반환보증 가입 | 분쟁유형 기타·일반문의 | 진행단계 HUG이행청구 | 상황 전세 만기는 25년 7월 입니다(2년 계약) 갱신청구권을 써서 전세2년 연장할 생각이였는데 지난달 1월에(만기 6개월 남은 싯점) 집주인이 돈문제로 매매를 하려고 한다고 연락이 왔습니다 (전세만기일까지는 거주가능하다고 함.) (계약때도 4년 살고 싶다고 이야기 해뒀고-2년 후 상황을 봐야한다고는 하셨음. 생기면서 4년 거주 가능할거라고 하셨고요.) HUG 가입 못했고, 전세 대출은 없는 상황이고 근저당이 있던 집을 제가 전세 들어오면서 근저당 말소한 상황입니다. (선순위 임차인 상태.) 저는 갱신청구권을 못쓰는 건가요? 갱신청구를 거부하면 손해배상을 해야하는 것으로 알고 있는데, 저는 손해배상을 받을 수 있나요? 집주인이 바뀐다면, 그사람에게 갱신청구를 할 수 있는 것인지(집주인 말로는 전세끼고 매매예정인거라 모르겠다고 합니다.) 제가 할 수 있는 것들이 무엇이 있을까요",provided_synthetic_consultations
CASE-0390,G04,서울,관악구,1억~2억,계약종료,다가구주택,압류·가압류,미상,경매·공매,상담·검토,"다가구 후순위 임의경매 진행 중 임대인 파산신청을 하겠답니다. 근데 임대인 자산이 저희 건물포함 다가구2채, 오피스텔 방 하나, 상가, 토지 여러개인걸 알았습니다. 경매진행중이고 자산을 몰랐어서 반환소는 안하고 있었는데 이렇게 자산이 있음에도 파산이 가능한지, 안됐을경우를 대비해 지금이라도 반환소를 걸어서 나머지 재산에 가압류를 걸어야할지 지금 뭘해야할지 상담받고싶습니다.",,unknown,"보증상품 보증상품 미확인 | 주택유형 다가구주택 | 보증금구간 1억~2억 | 계약상태 계약종료 | 선순위권리 압류·가압류 | 반환보증 미상 | 분쟁유형 경매·공매 | 진행단계 상담·검토 | 상황 다가구 후순위 임의경매 진행 중 임대인 파산신청을 하겠답니다. 근데 임대인 자산이 저희 건물포함 다가구2채, 오피스텔 방 하나, 상가, 토지 여러개인걸 알았습니다. 경매진행중이고 자산을 몰랐어서 반환소는 안하고 있었는데 이렇게 자산이 있음에도 파산이 가능한지, 안됐을경우를 대비해 지금이라도 반환소를 걸어서 나머지 재산에 가압류를 걸어야할지 지금 뭘해야할지 상담받고싶습니다.",provided_synthetic_consultations
CASE-0391,G04,대전,중구,2억~3억,계약종료,빌라,미상,미상,전세사기,임차권등기,보증금을 제 날짜에 주지 못할거같다고하여 묵시적계약연장으로 은행전세대출 연장한 상태입니다. 이런경우에도 임차권등기설정이 가능한지 세입자중 계약종료되신분들보다 계약종료전이신분들이 많은데 이런경우 계약파기합의 내용이 들어간 공증 작성 후 고소 진행해도 불리한상황이 일어나지않는지 빌라전체가아닌 5-9층까지 경매접수된상태인데 경매심사(?)후 경매사건번호가 나오면 계약 만료 전 세입자들도 전세사기에 당한게 아닌가요? 그리고 임대인은 명의만 빌려줬을뿐 다른 사람이 한거다라고하고 그런부분에대한 녹취 및 임대인이 주범이라고하는 사람을 고소중인거로 알고있습니다 저는 두명 다 고소진행을 할건데 그 부분에대해서도 궁금한게 있습니다,전원이 꺼져있음,unknown,보증상품 보증상품 미확인 | 주택유형 빌라 | 보증금구간 2억~3억 | 계약상태 계약종료 | 선순위권리 미상 | 반환보증 미상 | 분쟁유형 전세사기 | 진행단계 임차권등기 | 상황 보증금을 제 날짜에 주지 못할거같다고하여 묵시적계약연장으로 은행전세대출 연장한 상태입니다. 이런경우에도 임차권등기설정이 가능한지 세입자중 계약종료되신분들보다 계약종료전이신분들이 많은데 이런경우 계약파기합의 내용이 들어간 공증 작성 후 고소 진행해도 불리한상황이 일어나지않는지 빌라전체가아닌 5-9층까지 경매접수된상태인데 경매심사(?)후 경매사건번호가 나오면 계약 만료 전 세입자들도 전세사기에 당한게 아닌가요? 그리고 임대인은 명의만 빌려줬을뿐 다른 사람이 한거다라고하고 그런부분에대한 녹취 및 임대인이 주범이라고하는 사람을 고소중인거로 알고있습니다 저는 두명 다 고소진행을 할건데 그 부분에대해서도 궁금한게 있습니다 | 특이사항 전원이 꺼져있음,provided_synthetic_consultations
CASE-0392,G04,충남,보령시,미상,계약종료,빌라,근저당설정,미상,기타·일반문의,내용증명·공시송달,12월30일날 계약 종료 되서 1억5천만원중 계약 종료 전에 1억 천만원 받았고 종료후 1월10일 2천5백만원 1월11일 5백만원 받아서 1억 4천만원 받았고 천만원이 많아 있는데 계속 미루고 있습니다. 대출이 안나온다는 이유로 밀루는 중입니다. 저는 지금 임차권 설정하고서 계약 종료일 부터 다른곳에서 전임신고 하고 거주중이고요 임대인은 아직 천만원에 남은 사실을 알고 있고 기존에 내용증명서를 보냈을때 반환 왔습니다 그래서 주소는 확실히 모르는 상황이고 핸드폰으로 연락은 통화랑 문자로 하고있습니다. 어떻게 해야될까요.?,1. 빌라에 대항력있는 선순위임차인으로 거주하던 중 근저당권 설정,unknown,보증상품 보증상품 미확인 | 주택유형 빌라 | 보증금구간 미상 | 계약상태 계약종료 | 선순위권리 근저당설정 | 반환보증 미상 | 분쟁유형 기타·일반문의 | 진행단계 내용증명·공시송달 | 상황 12월30일날 계약 종료 되서 1억5천만원중 계약 종료 전에 1억 천만원 받았고 종료후 1월10일 2천5백만원 1월11일 5백만원 받아서 1억 4천만원 받았고 천만원이 많아 있는데 계속 미루고 있습니다. 대출이 안나온다는 이유로 밀루는 중입니다. 저는 지금 임차권 설정하고서 계약 종료일 부터 다른곳에서 전임신고 하고 거주중이고요 임대인은 아직 천만원에 남은 사실을 알고 있고 기존에 내용증명서를 보냈을때 반환 왔습니다 그래서 주소는 확실히 모르는 상황이고 핸드폰으로 연락은 통화랑 문자로 하고있습니다. 어떻게 해야될까요.? | 특이사항 1. 빌라에 대항력있는 선순위임차인으로 거주하던 중 근저당권 설정,provided_synthetic_consultations
CASE-0393,G04,인천,중구,1억~2억,계약중(종료예정),미상,미상,가입,보증금미반환,판결·집행,"보증보험 가입된 전세보증금 일부를(10%이상) 임차인에게 반환하였는데 제가 전세 만기시 어떻게 대처를 할 수 있을까요? 임차인이 저의 지인인데 임차인 친아들의 명의를 빌려 전세자금대출을 받아 저와 전세 계약을 맺었습니다. 전세 계약당시 명의를 빌려준 친아들도 함께 동반하여 부동산에서 계약을 하였습니다. 근데 임차인이 본인이 전세보증금 일부를 먼저 받아서 추후 은행에 제가(임대인) 반환 할때 그때 자기가 받은 금액을 은행에 반환하겠다고 하여 일부를 보내 주었습니다. 그때까지만 해도 10%이하만 가능하다는 사실을 모르고 있었습니다. 총 1억5천 전세에 6천만원 정도를 보내주었는데, 혹시 몰라 반환한 전세보증금에 대해 저와 거래 당사자인 (명의자의 어머니) 지인의 통장으로 보내 주었고, 반환한 6천만원에 대해 개인채무에 대한 약속어음 공증을 받아 두었습니다. 여기서 질문입니다. 1. 추후 전세만기시 제가 은행에 남은 보증금을 반환할때, 임차인이 미리 받아간 보증금을 함께 반환하지 않을경우, 제가 다 물어줘야 한다는데, 어떻게 대처를 할 수 있을까요? (제가 반환하고 추후, 임차인에게 반환소송을 걸면 된다고 들었는데 이와같이 법적으로 대처 할 수 있는 방법들이 궁금합니다.) 2. 제가 반환한 보증금은 저와 실거래를 한 지인의 통장으로 보냈고, 전세계약 명의자는 친아들인데, 아들과는 계약날 처음 얼굴만 보았고, 그동안 모든 소통은 지인과 하였습니다. 제가 법적 대응을 할 시에, 위 내용이 명의자인 임차인에게 반환한 것으로 되는것 일까요, 아니면 아들은 명의만 빌려준 것이지만 그래도 계약자가 아들명의기 때문에 어머니에게 보낸것이 보증금 반환이라 볼 수 없는것 일까요? 3. 2번의 경우 전세보증금 일부를 임차인에게 보낸것으로 간주된다면, 제가 임차인에게 법적 대응을 할시, 지인에게 받은 공증으로 강제집행도 함께 대응을 할 수 있는것 인가요? 4. 전세 만기가 다음달인데, 저는 임차인이 미리 받은 보증금을 만기시 은행에 함께 상환하고 전세를 갱신하지 않겠다고 하였는데, 임차인이 모르쇠로 나온다면 추후 제가 법적대응을 한 뒤, 자금 회수를 하게 된다면, 부득이 하게 연장되는 전세계약이 만료되기전 임차인을 내보낼 수 있는지",1. 임대인,unknown,"보증상품 보증상품 미확인 | 주택유형 미상 | 보증금구간 1억~2억 | 계약상태 계약중(종료예정) | 선순위권리 미상 | 반환보증 가입 | 분쟁유형 보증금미반환 | 진행단계 판결·집행 | 상황 보증보험 가입된 전세보증금 일부를(10%이상) 임차인에게 반환하였는데 제가 전세 만기시 어떻게 대처를 할 수 있을까요? 임차인이 저의 지인인데 임차인 친아들의 명의를 빌려 전세자금대출을 받아 저와 전세 계약을 맺었습니다. 전세 계약당시 명의를 빌려준 친아들도 함께 동반하여 부동산에서 계약을 하였습니다. 근데 임차인이 본인이 전세보증금 일부를 먼저 받아서 추후 은행에 제가(임대인) 반환 할때 그때 자기가 받은 금액을 은행에 반환하겠다고 하여 일부를 보내 주었습니다. 그때까지만 해도 10%이하만 가능하다는 사실을 모르고 있었습니다. 총 1억5천 전세에 6천만원 정도를 보내주었는데, 혹시 몰라 반환한 전세보증금에 대해 저와 거래 당사자인 (명의자의 어머니) 지인의 통장으로 보내 주었고, 반환한 6천만원에 대해 개인채무에 대한 약속어음 공증을 받아 두었습니다. 여기서 질문입니다. 1. 추후 전세만기시 제가 은행에 남은 보증금을 반환할때, 임차인이 미리 받아간 보증금을 함께 반환하지 않을경우, 제가 다 물어줘야 한다는데, 어떻게 대처를 할 수 있을까요? (제가 반환하고 추후, 임차인에게 반환소송을 걸면 된다고 들었는데 이와같이 법적으로 대처 할 수 있는 방법들이 궁금합니다.) 2. 제가 반환한 보증금은 저와 실거래를 한 지인의 통장으로 보냈고, 전세계약 명의자는 친아들인데, 아들과는 계약날 처음 얼굴만 보았고, 그동안 모든 소통은 지인과 하였습니다. 제가 법적 대응을 할 시에, 위 내용이 명의자인 임차인에게 반환한 것으로 되는것 일까요, 아니면 아들은 명의만 빌려준 것이지만 그래도 계약자가 아들명의기 때문에 어머니에게 보낸것이 보증금 반환이라 볼 수 없는것 일까요? 3. 2번의 경우 전세보증금 일부를 임차인에게 보낸것으로 간주된다면, 제가 임차인에게 법적 대응을 할시, 지인에게 받은 공증으로 강제집행도 함께 대응을 할 수 있는것 인가요? 4. 전세 만기가 다음달인데, 저는 임차인이 미리 받은 보증금을 만기시 은행에 함께 상환하고 전세를 갱신하지 않겠다고 하였는데, 임차인이 모르쇠로 나온다면 추후 제가 법적대응을 한 뒤, 자금 회수를 하게 된다면, 부득이 하게 연장되는 전세계약이 만료되기전 임차인을 내보낼 수 있는지 | 특이사항 1. 임대인",provided_synthetic_consultations
CASE-0394,G04,대구,대구,1억~2억,계약종료,미상,미상,미상,경매·공매,소송제기,임대인은 현재 개인파산신청중이며 만약에 경매진행시 얼마정도를 받을 수 있을까요? (8천5백 전세권 설정되어 있음),"1, 셀프소송했다",unknown,"보증상품 보증상품 미확인 | 주택유형 미상 | 보증금구간 1억~2억 | 계약상태 계약종료 | 선순위권리 미상 | 반환보증 미상 | 분쟁유형 경매·공매 | 진행단계 소송제기 | 상황 임대인은 현재 개인파산신청중이며 만약에 경매진행시 얼마정도를 받을 수 있을까요? (8천5백 전세권 설정되어 있음) | 특이사항 1, 셀프소송했다",provided_synthetic_consultations
CASE-0395,G04,서울,종로구,1억~2억,계약종료,오피스텔,압류·가압류,가입,전세사기,판결·집행,"2023.01.16 임대차계약 + 계약금 지불 2023.01.17 확정일자 받음 2023.02.16 이사 + 전입신고 + 잔금 지불 ㄴ 처음에 부동산 중개인이 보증보험 가입 가능하다고 했는데 이후 은행에 가니 전세가>매매가 라서 가입 불가하다고 함 2024.09.20 등기부 국민건강보험공단에 압류 2024.11.14 압류 내용 인지, 당일 집주인에게 재계약 의사 없음 통보 ㄴ 당시 집주인은 본인이 타 지역에 투자한 토지와 건물을 매매 의뢰해놓았으니 압류는 곧 해제하겠다고 함 2024.12.30 통화 중 ㄴ 아무래도 토지와 건물이 금방 팔릴 것 같지 않으니 다음 세입자를 구해서 보증금 돌려주겠다고 함 ㄴ 본인: 집이 압류 걸려있으면 전세공고조차 못 올리니 조속히 해제하셔라 ㄴ 집주인: 본인이 거래처로부터 받을 미수금이 2천만원 정도 있으니 곧 해결하겠다 2025.01.15 내용증명 발송 + 수취 완료 ㄴ 내용증명 발송 사유 : 집주인이 전화는 하면서 문자에 대한 답장은 단한번도 하지 않음 2025.01.24 통화 중 ㄴ 현재 건강보험료 체납금이 700만원 정도 남았고 다다음주쯤 해결하겠다고 함 2025.02.07 통화 중 ㄴ 현재 체납금이 800만원 정도 남았고 월말까지 기다려달라고 함 ㄴ 본인: 3개월 전부터 충분히 시간 드렸고 2/16 일이 계약 만기일이다. 못 기다려드린다. ㄴ 집주인: 하여튼 기다려달라 2025.02.16 계약 종료, 보증금 못 받음 2025.02.17 임차권등기명령신청 2025.02.24 등기부등본 임차권등기 설정 현재 집주인 연락 안 닿는 상황입니다. 저는 저대로 반환청구소송을 진행해야 할까요? 만약 승소 후 강제집행 권한을 받게 되었는데, 집주인에게 압류할 다른 재산이 없다면 현재 집을 경매로 넘기는 방법밖에 없을까요? 이 집을 사기는 싫습니다 정말로",1. 깡통오피스텔,unknown,"보증상품 보증상품 미확인 | 주택유형 오피스텔 | 보증금구간 1억~2억 | 계약상태 계약종료 | 선순위권리 압류·가압류 | 반환보증 가입 | 분쟁유형 전세사기 | 진행단계 판결·집행 | 상황 2023.01.16 임대차계약 + 계약금 지불 2023.01.17 확정일자 받음 2023.02.16 이사 + 전입신고 + 잔금 지불 ㄴ 처음에 부동산 중개인이 보증보험 가입 가능하다고 했는데 이후 은행에 가니 전세가>매매가 라서 가입 불가하다고 함 2024.09.20 등기부 국민건강보험공단에 압류 2024.11.14 압류 내용 인지, 당일 집주인에게 재계약 의사 없음 통보 ㄴ 당시 집주인은 본인이 타 지역에 투자한 토지와 건물을 매매 의뢰해놓았으니 압류는 곧 해제하겠다고 함 2024.12.30 통화 중 ㄴ 아무래도 토지와 건물이 금방 팔릴 것 같지 않으니 다음 세입자를 구해서 보증금 돌려주겠다고 함 ㄴ 본인: 집이 압류 걸려있으면 전세공고조차 못 올리니 조속히 해제하셔라 ㄴ 집주인: 본인이 거래처로부터 받을 미수금이 2천만원 정도 있으니 곧 해결하겠다 2025.01.15 내용증명 발송 + 수취 완료 ㄴ 내용증명 발송 사유 : 집주인이 전화는 하면서 문자에 대한 답장은 단한번도 하지 않음 2025.01.24 통화 중 ㄴ 현재 건강보험료 체납금이 700만원 정도 남았고 다다음주쯤 해결하겠다고 함 2025.02.07 통화 중 ㄴ 현재 체납금이 800만원 정도 남았고 월말까지 기다려달라고 함 ㄴ 본인: 3개월 전부터 충분히 시간 드렸고 2/16 일이 계약 만기일이다. 못 기다려드린다. ㄴ 집주인: 하여튼 기다려달라 2025.02.16 계약 종료, 보증금 못 받음 2025.02.17 임차권등기명령신청 2025.02.24 등기부등본 임차권등기 설정 현재 집주인 연락 안 닿는 상황입니다. 저는 저대로 반환청구소송을 진행해야 할까요? 만약 승소 후 강제집행 권한을 받게 되었는데, 집주인에게 압류할 다른 재산이 없다면 현재 집을 경매로 넘기는 방법밖에 없을까요? 이 집을 사기는 싫습니다 정말로 | 특이사항 1. 깡통오피스텔",provided_synthetic_consultations
CASE-0396,G04,서울,성북구,2억~3억,계약종료,미상,미상,가입,보증금미반환,소송제기,"계약1차 2020.11.27 임대인 신은희와 243,000,000계약 2020.12. 임대인 성순자로 변경됨.2022.11.8 전세연장 12,150,000증액계약함 2024.10월 은행대출심사중 감액33,750,000원하라고연락와서 전세보증금 221,400,000재계약하고 계약서에 감액보증금 25.1.20까지 반환하지 않을시 계약해지하며 이사비지원하라고명시했어요 임대인은 현제까지 감액보증금주겠다했지만며 약속을 지키지않고 24년 12월부터 투자금이 들어오면주겠다고만한는데 정말인지 믿기어려워요 허풍으로 들려요 현제 현금이 전세보증금이 다인상태여서 이사갈수도 없는상태여서 임차권등기는 안하는게 나을까요?전세보증금반환소송으로 가야할지 고민되요 매매가 2억5천이어서 소송으로 받을수있을지 재산도 없는것같은데 어떻게 하는게 좋을까요?",,unknown,"보증상품 보증상품 미확인 | 주택유형 미상 | 보증금구간 2억~3억 | 계약상태 계약종료 | 선순위권리 미상 | 반환보증 가입 | 분쟁유형 보증금미반환 | 진행단계 소송제기 | 상황 계약1차 2020.11.27 임대인 신은희와 243,000,000계약 2020.12. 임대인 성순자로 변경됨.2022.11.8 전세연장 12,150,000증액계약함 2024.10월 은행대출심사중 감액33,750,000원하라고연락와서 전세보증금 221,400,000재계약하고 계약서에 감액보증금 25.1.20까지 반환하지 않을시 계약해지하며 이사비지원하라고명시했어요 임대인은 현제까지 감액보증금주겠다했지만며 약속을 지키지않고 24년 12월부터 투자금이 들어오면주겠다고만한는데 정말인지 믿기어려워요 허풍으로 들려요 현제 현금이 전세보증금이 다인상태여서 이사갈수도 없는상태여서 임차권등기는 안하는게 나을까요?전세보증금반환소송으로 가야할지 고민되요 매매가 2억5천이어서 소송으로 받을수있을지 재산도 없는것같은데 어떻게 하는게 좋을까요?",provided_synthetic_consultations
CASE-0397,G04,대전,미상,1억 미만,계약중(종료예정),미상,근저당설정,미상,경매·공매,소송제기,현재 거주 중 근저당으로 인해 임의경매로 넘어간 상황입니다. 배당신청은 해놓았으나 확정일자 번째고 소액임차인들도 있습니다. 민사소송을 준비해야 하는지,,unknown,보증상품 보증상품 미확인 | 주택유형 미상 | 보증금구간 1억 미만 | 계약상태 계약중(종료예정) | 선순위권리 근저당설정 | 반환보증 미상 | 분쟁유형 경매·공매 | 진행단계 소송제기 | 상황 현재 거주 중 근저당으로 인해 임의경매로 넘어간 상황입니다. 배당신청은 해놓았으나 확정일자 번째고 소액임차인들도 있습니다. 민사소송을 준비해야 하는지,provided_synthetic_consultations
CASE-0398,G04,미상,미상,1억 미만,계약종료,미상,미상,미상,전세사기,상담·검토,유형 : 신탁 전세사기 현재 상태 : 계약만료 후 무한 대기중. 전세사기피해자로 등록된 상태. 임대인은 연락이 됨. 경찰이 혐의 입증을 위해 조사중.,,unknown,보증상품 보증상품 미확인 | 주택유형 미상 | 보증금구간 1억 미만 | 계약상태 계약종료 | 선순위권리 미상 | 반환보증 미상 | 분쟁유형 전세사기 | 진행단계 상담·검토 | 상황 유형 : 신탁 전세사기 현재 상태 : 계약만료 후 무한 대기중. 전세사기피해자로 등록된 상태. 임대인은 연락이 됨. 경찰이 혐의 입증을 위해 조사중.,provided_synthetic_consultations
CASE-0399,G04,서울,영등포구,1억 미만,계약중(종료예정),미상,미상,가입,보증금미반환,임차권등기,"2021년 6월25일에 전입신고 확정일자 다받고 처음 이사왔습니다 2년 전세계약 설정했고, 2023년 6월 재계약 시즌때 1년 계약으로 서류 다시써서 재계약했고,(이땐 확정일자 따로 다시 받은적 없음) 2024 6월 재계약은 구두로 기존 계약과 연장하는 식으로 계약했습니다 이후 2024 9월부터 임차권등기명령 6000만원짜리가 처음 걸렸고, 이전까진 전세반환에 전혀 문제가 없었던 건물이다보니 기다렸는데, 1월달에 또 임차권등기명령 8000만원이 걸린 상황이라 상황이 심히 좋지 않단 생각을 했습니다. 저는 전세를 8500만원을 주고 들어온 입장인데, 그중 7000만원은 전세대출로 받아 들어온 상황이라, 여기서 돈을 못받으면 당장 이사를 갈수도 없는 상황이라 임차권등기를 걸어도 이사를 할수없어서 난감합니다. 보증보험도 가입이 되어있지 않은 상황입니다. 집주인과 연락을 취해본 결과, 지금 자기가 변제해줄수 있는 능력이 없고, 건물을 능력있는분께 매각해서 세입자들의 보증금을 변제해주는건이 최적의 상황이라고 하시며, 매각할 길을 이리저리 찾아보고 있다고 하셨고, 압니다 당장 전세금 변제는 못해주더라도 임차권등기라던가 계약해지 등, 본인이 해줄수 있는 부분들은 최대한 협조해주시겠다고 하셨습니다. 일단 계약만료인 6월말까지 집주인에게 보증금은 받을수 없을 확률이 너무 명확한 이 상황에서 제가 어떻게 하는것이 좋을지 고견구합니다. 파일첨부가 제대로 안되는데,",,unknown,"보증상품 보증상품 미확인 | 주택유형 미상 | 보증금구간 1억 미만 | 계약상태 계약중(종료예정) | 선순위권리 미상 | 반환보증 가입 | 분쟁유형 보증금미반환 | 진행단계 임차권등기 | 상황 2021년 6월25일에 전입신고 확정일자 다받고 처음 이사왔습니다 2년 전세계약 설정했고, 2023년 6월 재계약 시즌때 1년 계약으로 서류 다시써서 재계약했고,(이땐 확정일자 따로 다시 받은적 없음) 2024 6월 재계약은 구두로 기존 계약과 연장하는 식으로 계약했습니다 이후 2024 9월부터 임차권등기명령 6000만원짜리가 처음 걸렸고, 이전까진 전세반환에 전혀 문제가 없었던 건물이다보니 기다렸는데, 1월달에 또 임차권등기명령 8000만원이 걸린 상황이라 상황이 심히 좋지 않단 생각을 했습니다. 저는 전세를 8500만원을 주고 들어온 입장인데, 그중 7000만원은 전세대출로 받아 들어온 상황이라, 여기서 돈을 못받으면 당장 이사를 갈수도 없는 상황이라 임차권등기를 걸어도 이사를 할수없어서 난감합니다. 보증보험도 가입이 되어있지 않은 상황입니다. 집주인과 연락을 취해본 결과, 지금 자기가 변제해줄수 있는 능력이 없고, 건물을 능력있는분께 매각해서 세입자들의 보증금을 변제해주는건이 최적의 상황이라고 하시며, 매각할 길을 이리저리 찾아보고 있다고 하셨고, 압니다 당장 전세금 변제는 못해주더라도 임차권등기라던가 계약해지 등, 본인이 해줄수 있는 부분들은 최대한 협조해주시겠다고 하셨습니다. 일단 계약만료인 6월말까지 집주인에게 보증금은 받을수 없을 확률이 너무 명확한 이 상황에서 제가 어떻게 하는것이 좋을지 고견구합니다. 파일첨부가 제대로 안되는데,",provided_synthetic_consultations
CASE-0400,G04,서울,영등포구,1억~2억,계약종료,다가구주택,근저당설정,미상,경매·공매,임차권등기,"변호사님 안녕하세요, 다가구주택에 거주중입니다. 임대차 계약 종료 당일에 집주인은 변제능력이 없으며 파산예정이니 알아서 법적조치를 취해 재산권을 지키라는 답변을 보내왔습니다. 지금 거주중인 집은 19년도에 들어왔고 두 번의 년을 거주하였으며, 19년도에 1억, 21년도에 500증액, 23년도에 2000증액 이렇게 해서 보증금이 총 1억 2500이 되었습니다. 제가 가장 먼저 확정일자,입주해서 근저당권 은행 후로는 가장 선순위 보증금자라고 생각하여 이 집이 경매로 넘어가도 괜찮을거라고 생각했는데, 최우선변제금이 있다는걸 알게되었습니다. 확정일자를 받은 사람은 7명이고, 이 건물에 전입신고 되어있는 사람이 총 16명이고 그 중 한명은 집주인인데 지난주 금요일에 파산하겠다고 얘기한 후 월요일에 이쪽으로 전입신고를 해놓았습니다. 알아보니 최우선변제권은 확정일자와 상관없이 전입신고 되어있는 사람에게 똑같이 돌아간다고 보았는데 그럼 보증금 1000만원에 월세를 살고 있는 사람에게도 똑같은 금액이 가는것인가요? 그리고 현재 임차권등기를 신청해놓은 상태이고 임차권등기가 되면 주소를 뺄 예정인데 지연이자를 포기하고 집주인에게 비밀번호를 알려주지 않아도 되나요? 임차권등기 해놓고 퇴거를 했다는 사실을 집주인이 알게되면 여기에 단기월세나 이런걸로 사람을 들일거같고 또 이 사람이 전입신고를 하게되면 최우선변제권으로 그 사람의 몫까지 나누어야 할 것 같아서 문제가 없다면 비밀번호 공유를 하지 않으려고 합니다. 그리고 호수 표기 없이 전입신고가 가능하다고 들었는데 집주인이 본인의 지인들을 이용해 여기에 전입신고를 해놓아도 최우선변제권은 다 돌아가나요? 최우선변제권을 나누기 전, 전입신고자들이 몇 호에 살았는지 이런 모든 것들을 다 확인하고 분배되는건지도",1. 16가구 중 첫번째 임차인,unknown,"보증상품 보증상품 미확인 | 주택유형 다가구주택 | 보증금구간 1억~2억 | 계약상태 계약종료 | 선순위권리 근저당설정 | 반환보증 미상 | 분쟁유형 경매·공매 | 진행단계 임차권등기 | 상황 변호사님 안녕하세요, 다가구주택에 거주중입니다. 임대차 계약 종료 당일에 집주인은 변제능력이 없으며 파산예정이니 알아서 법적조치를 취해 재산권을 지키라는 답변을 보내왔습니다. 지금 거주중인 집은 19년도에 들어왔고 두 번의 년을 거주하였으며, 19년도에 1억, 21년도에 500증액, 23년도에 2000증액 이렇게 해서 보증금이 총 1억 2500이 되었습니다. 제가 가장 먼저 확정일자,입주해서 근저당권 은행 후로는 가장 선순위 보증금자라고 생각하여 이 집이 경매로 넘어가도 괜찮을거라고 생각했는데, 최우선변제금이 있다는걸 알게되었습니다. 확정일자를 받은 사람은 7명이고, 이 건물에 전입신고 되어있는 사람이 총 16명이고 그 중 한명은 집주인인데 지난주 금요일에 파산하겠다고 얘기한 후 월요일에 이쪽으로 전입신고를 해놓았습니다. 알아보니 최우선변제권은 확정일자와 상관없이 전입신고 되어있는 사람에게 똑같이 돌아간다고 보았는데 그럼 보증금 1000만원에 월세를 살고 있는 사람에게도 똑같은 금액이 가는것인가요? 그리고 현재 임차권등기를 신청해놓은 상태이고 임차권등기가 되면 주소를 뺄 예정인데 지연이자를 포기하고 집주인에게 비밀번호를 알려주지 않아도 되나요? 임차권등기 해놓고 퇴거를 했다는 사실을 집주인이 알게되면 여기에 단기월세나 이런걸로 사람을 들일거같고 또 이 사람이 전입신고를 하게되면 최우선변제권으로 그 사람의 몫까지 나누어야 할 것 같아서 문제가 없다면 비밀번호 공유를 하지 않으려고 합니다. 그리고 호수 표기 없이 전입신고가 가능하다고 들었는데 집주인이 본인의 지인들을 이용해 여기에 전입신고를 해놓아도 최우선변제권은 다 돌아가나요? 최우선변제권을 나누기 전, 전입신고자들이 몇 호에 살았는지 이런 모든 것들을 다 확인하고 분배되는건지도 | 특이사항 1. 16가구 중 첫번째 임차인",provided_synthetic_consultations
CASE-0401,G04,서울,강동구,2억~3억,계약중(종료예정),미상,미상,가입,묵시적갱신분쟁,소송제기,"내 용 증 명 수 신 송 완 호 주 소, (자곡동, 강남블루지움) 발 신 김 정 은 주 소, 목 적 물, 내 용 임대차계약 해지 및 전세보증금 반환 요청의 건 1. 귀하의 무궁한 발전을 기원합니다. 2. 발신인(임차인) 본인 은 송완호(이하 임대인)의 소유지) 에 대한 임대차 기간 2021년 08월 17일부터 2023년 08월 16일까지 총 24개월간 전세보증금 금 200,000,000원으로 하는 임대차 계약서를 2021년 07월 28일 상호 작성하여 임대차 계약을 체결하였습니다. 2. 이후 2023년 08월 17일 묵시적 갱신으로 계약이 자동 연장되었으나, 본인은 개인 년 02월 24일 전세 계약을 해지하고자 합니다. 3. 본인은 임대인에게 임대차 계약 종료 및 임차보증금 반환을 요구하고자 2024년 11월 5일 문자 메시지 및 카카오톡 메시지로 임대차 계약 해지 의사를 밝혔으며, 수차례 통화를 시도한 바 있습니다. 그러나 제대로된 답변을 받지 못하였으므로, 해당 내용을 본 내용증명서를 통해 확실히 하고자 합니다. 4. 새로운 임차인이 결정되지 않았다 할지라도 해당 일(2025년 2월 24일)까지 전세보증금 금 200,000,000원을 반환받지 못할 경우, 임차권등기를 통해 주택도시보증공사의 임대보증금 보증 이행 청구를 진행할 것임을 알려드립니다. 또한, 전세보증금 반환 지연에 대한 법정이자 및 그에 따른 제반 소송비용에 대해서도 별도로 청구할 것임을 알려드리니 기간 내에 지급하여 주시기를 요청합니다. ++위 내용의 내용증명을 우체국을 통해 전달하고 수령확인까지 했으나 이후 무응답으로 어떠한 답변도 받지 못했습니다. 추가로 저의 친오빠가 집주인과 연락이 닿아 통화해 저의 계약종료 의사를 밝히고 전달한 녹음파일이 있습니다. 제 연락만 지속적으로 무시 중입니다. 이런 경우 어떻게 진행하면 좋을까요ㅠㅠ",1. 임차권등기와 이행청구 가능할 것으로 보임,unknown,"보증상품 보증상품 미확인 | 주택유형 미상 | 보증금구간 2억~3억 | 계약상태 계약중(종료예정) | 선순위권리 미상 | 반환보증 가입 | 분쟁유형 묵시적갱신분쟁 | 진행단계 소송제기 | 상황 내 용 증 명 수 신 송 완 호 주 소, (자곡동, 강남블루지움) 발 신 김 정 은 주 소, 목 적 물, 내 용 임대차계약 해지 및 전세보증금 반환 요청의 건 1. 귀하의 무궁한 발전을 기원합니다. 2. 발신인(임차인) 본인 은 송완호(이하 임대인)의 소유지) 에 대한 임대차 기간 2021년 08월 17일부터 2023년 08월 16일까지 총 24개월간 전세보증금 금 200,000,000원으로 하는 임대차 계약서를 2021년 07월 28일 상호 작성하여 임대차 계약을 체결하였습니다. 2. 이후 2023년 08월 17일 묵시적 갱신으로 계약이 자동 연장되었으나, 본인은 개인 년 02월 24일 전세 계약을 해지하고자 합니다. 3. 본인은 임대인에게 임대차 계약 종료 및 임차보증금 반환을 요구하고자 2024년 11월 5일 문자 메시지 및 카카오톡 메시지로 임대차 계약 해지 의사를 밝혔으며, 수차례 통화를 시도한 바 있습니다. 그러나 제대로된 답변을 받지 못하였으므로, 해당 내용을 본 내용증명서를 통해 확실히 하고자 합니다. 4. 새로운 임차인이 결정되지 않았다 할지라도 해당 일(2025년 2월 24일)까지 전세보증금 금 200,000,000원을 반환받지 못할 경우, 임차권등기를 통해 주택도시보증공사의 임대보증금 보증 이행 청구를 진행할 것임을 알려드립니다. 또한, 전세보증금 반환 지연에 대한 법정이자 및 그에 따른 제반 소송비용에 대해서도 별도로 청구할 것임을 알려드리니 기간 내에 지급하여 주시기를 요청합니다. ++위 내용의 내용증명을 우체국을 통해 전달하고 수령확인까지 했으나 이후 무응답으로 어떠한 답변도 받지 못했습니다. 추가로 저의 친오빠가 집주인과 연락이 닿아 통화해 저의 계약종료 의사를 밝히고 전달한 녹음파일이 있습니다. 제 연락만 지속적으로 무시 중입니다. 이런 경우 어떻게 진행하면 좋을까요ㅠㅠ | 특이사항 1. 임차권등기와 이행청구 가능할 것으로 보임",provided_synthetic_consultations
CASE-0402,G04,경기,남양주시,1억~2억,계약중(종료예정),빌라,미상,미상,기타·일반문의,상담·검토,"2022년에 입주 -> 2024년 입주한 빌라 시세가 낮아져 낮아진 시세 차액 반환 요청 했지만 받지 못함 (2년 계약하되 1년 이후에는 조건 없이 이사 가능하며 그동안 부담해되는 이자에 대한 부분은 계산해서 나갈때 돌려 받기로하고 계약 연장) -> 25년에 다시 전세금 차액 반환 요청 했으나 거절, 계약일에 맞춰서 나가는 방법 밖에는 없을 것 같다 문자 드리니 무시로 일관 (현재까지 답변없음) 1. 낮아진 전세금 차액 반환 안됨 (이자 포함) 2. 계얀 만료 날짜에 전세금 돌려두겠다는 말 없음 3. 집 시세보다 쫌 더 보태서 우리가 집 구매하겠다 말씀드렸지만 낮아진 금액으로는 못팔겠다 함(지금 시세 대략 1억 초반대, 집주인이 말한 매매가 1억 5천 5백) 가장 원하는 조건은 차라리 시세에 맞춰서 매매가 가능하면 좋을 것 같고 안된다면 무조건 전세금 돌려받고 집을 빼고 싶습니다 어떻게 하는게 가장 좋은 방법일 까요",,unknown,"보증상품 보증상품 미확인 | 주택유형 빌라 | 보증금구간 1억~2억 | 계약상태 계약중(종료예정) | 선순위권리 미상 | 반환보증 미상 | 분쟁유형 기타·일반문의 | 진행단계 상담·검토 | 상황 2022년에 입주 -> 2024년 입주한 빌라 시세가 낮아져 낮아진 시세 차액 반환 요청 했지만 받지 못함 (2년 계약하되 1년 이후에는 조건 없이 이사 가능하며 그동안 부담해되는 이자에 대한 부분은 계산해서 나갈때 돌려 받기로하고 계약 연장) -> 25년에 다시 전세금 차액 반환 요청 했으나 거절, 계약일에 맞춰서 나가는 방법 밖에는 없을 것 같다 문자 드리니 무시로 일관 (현재까지 답변없음) 1. 낮아진 전세금 차액 반환 안됨 (이자 포함) 2. 계얀 만료 날짜에 전세금 돌려두겠다는 말 없음 3. 집 시세보다 쫌 더 보태서 우리가 집 구매하겠다 말씀드렸지만 낮아진 금액으로는 못팔겠다 함(지금 시세 대략 1억 초반대, 집주인이 말한 매매가 1억 5천 5백) 가장 원하는 조건은 차라리 시세에 맞춰서 매매가 가능하면 좋을 것 같고 안된다면 무조건 전세금 돌려받고 집을 빼고 싶습니다 어떻게 하는게 가장 좋은 방법일 까요",provided_synthetic_consultations
CASE-0403,G05,인천,서구,2억~3억,계약중(종료예정),미상,근저당설정,미상,경매·공매,소송제기,2억 5천 월 27일 계약을 하였고 확정일자도 1월 27일날 받았습니다. 전입신고는 이미 되어있는 상태입니다. 문제는 제가 나가려고 하는데 후순위 근저당권이 있어 전세금 반환을 못받는상태입니다. 집주인은 현재 법인파산진행 중으로 법인 파산이 종결되면 개인파산이 진행될거 같은상황입니다. 전세금중 2억은 금융권에서 대출을 받은 상태이며 저는 하루라도 빨리 전세를 빼고 이사를 나가야 하는실정인데 움직이 못하는 상황입니다. 경매를 신청하고자 하는데 어떻게 해야할지 막막하여 상담요청을 드립니다.,1. 셀프소송 후 셀프낙찰 희망,unknown,보증상품 보증상품 미확인 | 주택유형 미상 | 보증금구간 2억~3억 | 계약상태 계약중(종료예정) | 선순위권리 근저당설정 | 반환보증 미상 | 분쟁유형 경매·공매 | 진행단계 소송제기 | 상황 2억 5천 월 27일 계약을 하였고 확정일자도 1월 27일날 받았습니다. 전입신고는 이미 되어있는 상태입니다. 문제는 제가 나가려고 하는데 후순위 근저당권이 있어 전세금 반환을 못받는상태입니다. 집주인은 현재 법인파산진행 중으로 법인 파산이 종결되면 개인파산이 진행될거 같은상황입니다. 전세금중 2억은 금융권에서 대출을 받은 상태이며 저는 하루라도 빨리 전세를 빼고 이사를 나가야 하는실정인데 움직이 못하는 상황입니다. 경매를 신청하고자 하는데 어떻게 해야할지 막막하여 상담요청을 드립니다. | 특이사항 1. 셀프소송 후 셀프낙찰 희망,provided_synthetic_consultations
CASE-0404,G05,서울,구로구,2억~3억,계약종료,미상,미상,가입,기타·일반문의,HUG이행청구,"저는 2018.8.2경 최초 계약하여 6년간 살다가 24.8.16경 계약이 종료되었습니다. 현재 집은 임대인이 2명으로 공동임대며 아버지와 딸관계입니다. 허그에서.12월 이전 계약은 1달전에 통지하더라도 유효하다는 안내를 받고 24.7.2경 집주인 1명에게 계약해지통보를 하였습니다. 허그에서 현재 접수를 안해주겠다는 달전에 통보하지 않은 것과 집주인 모두에게 통보하지 않았다는 사유인데, 최초 계약부터 연장까지 모두 따님분과 연락하여 진행하였기에 이에 대해 임대인 두 명에게 임차인에게 유효하게 해약통보를 받았다는 내용의 사실확인서를 제출받아 다시 요청하였습니다. 그런데도 접수가 안된다고 하네요 또한 보증사고 발생이후 3개월 내에 청구를 하여야 한다는 사유도 있는데 제가 실제 보증공사에 접수한 것은 25.1.13이구요. 현재 심정이 막막하여 상담을 좀 받고 싶어 문의합니다. 필요하다면 상담방문도 적극적으로 받고 싶습니다",1. 임대인이 인근 모아주택 조합장,unknown,"보증상품 보증상품 미확인 | 주택유형 미상 | 보증금구간 2억~3억 | 계약상태 계약종료 | 선순위권리 미상 | 반환보증 가입 | 분쟁유형 기타·일반문의 | 진행단계 HUG이행청구 | 상황 저는 2018.8.2경 최초 계약하여 6년간 살다가 24.8.16경 계약이 종료되었습니다. 현재 집은 임대인이 2명으로 공동임대며 아버지와 딸관계입니다. 허그에서.12월 이전 계약은 1달전에 통지하더라도 유효하다는 안내를 받고 24.7.2경 집주인 1명에게 계약해지통보를 하였습니다. 허그에서 현재 접수를 안해주겠다는 달전에 통보하지 않은 것과 집주인 모두에게 통보하지 않았다는 사유인데, 최초 계약부터 연장까지 모두 따님분과 연락하여 진행하였기에 이에 대해 임대인 두 명에게 임차인에게 유효하게 해약통보를 받았다는 내용의 사실확인서를 제출받아 다시 요청하였습니다. 그런데도 접수가 안된다고 하네요 또한 보증사고 발생이후 3개월 내에 청구를 하여야 한다는 사유도 있는데 제가 실제 보증공사에 접수한 것은 25.1.13이구요. 현재 심정이 막막하여 상담을 좀 받고 싶어 문의합니다. 필요하다면 상담방문도 적극적으로 받고 싶습니다 | 특이사항 1. 임대인이 인근 모아주택 조합장",provided_synthetic_consultations
CASE-0405,G05,미상,미상,2억~3억,계약중(종료예정),미상,미상,미상,기타·일반문의,상담·검토,"최초 계약일 21.9.27 23년 계약 갱신 당시 전세금 감액하며 재계약(임대인 계약갱신청구권 사용 먼저 제안) 현재 전세 계약서상 만기일 25.9.26 중도 해지 합의일 25.2.28(중도해지 합의서는 없는 상황, 임대인 작성 거부,4개월 전 문자로 통보함) 현재 다음 세입자가 구해지지 않아 전세금 전액 반환이 어려워 일부(1억5500만원)만 받고 이사 예정 나머지 차액 8000만원에 대하여 공정증서 작성완료 작성시 미반환금에 대한 이자 요구 하였으나 임대인 거부로 공정증서상 이자 내용 공란. 임차인등기설정을 하고 싶으나 중도해지합의서가 없어 어려운 상황. 이 경우 중도해지합의서를 대체할 수 있는 방법은 없는지 ? 임대인에게 8000만원에 대한 이자를 받을 방법도 전혀 없는건지?",,unknown,"보증상품 보증상품 미확인 | 주택유형 미상 | 보증금구간 2억~3억 | 계약상태 계약중(종료예정) | 선순위권리 미상 | 반환보증 미상 | 분쟁유형 기타·일반문의 | 진행단계 상담·검토 | 상황 최초 계약일 21.9.27 23년 계약 갱신 당시 전세금 감액하며 재계약(임대인 계약갱신청구권 사용 먼저 제안) 현재 전세 계약서상 만기일 25.9.26 중도 해지 합의일 25.2.28(중도해지 합의서는 없는 상황, 임대인 작성 거부,4개월 전 문자로 통보함) 현재 다음 세입자가 구해지지 않아 전세금 전액 반환이 어려워 일부(1억5500만원)만 받고 이사 예정 나머지 차액 8000만원에 대하여 공정증서 작성완료 작성시 미반환금에 대한 이자 요구 하였으나 임대인 거부로 공정증서상 이자 내용 공란. 임차인등기설정을 하고 싶으나 중도해지합의서가 없어 어려운 상황. 이 경우 중도해지합의서를 대체할 수 있는 방법은 없는지 ? 임대인에게 8000만원에 대한 이자를 받을 방법도 전혀 없는건지?",provided_synthetic_consultations
CASE-0406,G05,경기,수원시,2억~3억,계약종료,미상,미상,미상,이중·다운계약,상담·검토,계약 종료되었는데 아직 전세금을 반한 받지 못했는데 다운계약서 관련,,unknown,보증상품 보증상품 미확인 | 주택유형 미상 | 보증금구간 2억~3억 | 계약상태 계약종료 | 선순위권리 미상 | 반환보증 미상 | 분쟁유형 이중·다운계약 | 진행단계 상담·검토 | 상황 계약 종료되었는데 아직 전세금을 반한 받지 못했는데 다운계약서 관련,provided_synthetic_consultations
CASE-0407,G05,대전,유성구,1억 미만,계약종료,미상,미상,미상,경매·공매,상담·검토,임대인의 사망 시 진행절차.,1. 임의경매 안내문이 아닌 문자를 받았다,unknown,보증상품 보증상품 미확인 | 주택유형 미상 | 보증금구간 1억 미만 | 계약상태 계약종료 | 선순위권리 미상 | 반환보증 미상 | 분쟁유형 경매·공매 | 진행단계 상담·검토 | 상황 임대인의 사망 시 진행절차. | 특이사항 1. 임의경매 안내문이 아닌 문자를 받았다,provided_synthetic_consultations
CASE-0408,G05,경기,오산시,1억~2억,계약종료,미상,미상,미상,보증금미반환,상담·검토,저희가 3월12일 날짜로 이사가야되는데 전화하니까 1년연장했다는 식으로 얘기하길래 그런적없다고 다시 확인해보라고 했더니 확인후 전화와서 본인이 다른집이랑 착각을 했다고 죄송하다고하고 지금 당장 돈이 없으니 1년연장하던가 아니면 저희보고 대출을 해서 집을 이사나가고 다른 전세세입자가 들어오면 그때 돌려준다고합니다 이럴땐 어떻게 해야되나요,1. 보증금반환받았다고 함,unknown,보증상품 보증상품 미확인 | 주택유형 미상 | 보증금구간 1억~2억 | 계약상태 계약종료 | 선순위권리 미상 | 반환보증 미상 | 분쟁유형 보증금미반환 | 진행단계 상담·검토 | 상황 저희가 3월12일 날짜로 이사가야되는데 전화하니까 1년연장했다는 식으로 얘기하길래 그런적없다고 다시 확인해보라고 했더니 확인후 전화와서 본인이 다른집이랑 착각을 했다고 죄송하다고하고 지금 당장 돈이 없으니 1년연장하던가 아니면 저희보고 대출을 해서 집을 이사나가고 다른 전세세입자가 들어오면 그때 돌려준다고합니다 이럴땐 어떻게 해야되나요 | 특이사항 1. 보증금반환받았다고 함,provided_synthetic_consultations
CASE-0409,G05,부산,동래구,2억~3억,계약중(종료예정),미상,미상,가입,기타·일반문의,상담·검토,보증보험 가입이 안되있어요,,unknown,보증상품 보증상품 미확인 | 주택유형 미상 | 보증금구간 2억~3억 | 계약상태 계약중(종료예정) | 선순위권리 미상 | 반환보증 가입 | 분쟁유형 기타·일반문의 | 진행단계 상담·검토 | 상황 보증보험 가입이 안되있어요,provided_synthetic_consultations
CASE-0410,G05,경기,양주시,1억~2억,계약종료,미상,미상,가입,보증금미반환,소송제기,전세보증금 반환소송을 진행하고싶어요,,unknown,보증상품 보증상품 미확인 | 주택유형 미상 | 보증금구간 1억~2억 | 계약상태 계약종료 | 선순위권리 미상 | 반환보증 가입 | 분쟁유형 보증금미반환 | 진행단계 소송제기 | 상황 전세보증금 반환소송을 진행하고싶어요,provided_synthetic_consultations
CASE-0411,G05,경기,화성시,1억~2억,계약종료,다가구주택,선순위존재,미상,경매·공매,상담·검토,"현재 다가구에 거주 중이며, 계약은 23년 5월 13일 만료이고, 초기 보증금 1억9천 중에서 4천만원만 23년 5월 12일 경에 반환 받았습니다. 1.신한 은행 2. 선순위 세입자 (2.4억) 3. 본인(1.5억) 4. 채권자(2.4억) 5. 후순위 세입자(2.2억) 작년에는 4번 채권자가 임의 경매를 걸었다가 무잉여로 취하했습니다. 경매 시작 감정평가액 12.5억 유찰 8.8억에서 경매 시작 전 취하 그리고 현재 등기부등본에는 갖은 가압류들이 붙기 시작했습니다. 어떻게 대응해야 할지 모르겠습니다.",,unknown,"보증상품 보증상품 미확인 | 주택유형 다가구주택 | 보증금구간 1억~2억 | 계약상태 계약종료 | 선순위권리 선순위존재 | 반환보증 미상 | 분쟁유형 경매·공매 | 진행단계 상담·검토 | 상황 현재 다가구에 거주 중이며, 계약은 23년 5월 13일 만료이고, 초기 보증금 1억9천 중에서 4천만원만 23년 5월 12일 경에 반환 받았습니다. 1.신한 은행 2. 선순위 세입자 (2.4억) 3. 본인(1.5억) 4. 채권자(2.4억) 5. 후순위 세입자(2.2억) 작년에는 4번 채권자가 임의 경매를 걸었다가 무잉여로 취하했습니다. 경매 시작 감정평가액 12.5억 유찰 8.8억에서 경매 시작 전 취하 그리고 현재 등기부등본에는 갖은 가압류들이 붙기 시작했습니다. 어떻게 대응해야 할지 모르겠습니다.",provided_synthetic_consultations
CASE-0412,G05,인천,서구,1억 미만,계약중(종료예정),미상,미상,미상,경매·공매,임차권등기,"25년 1월 7일 임의경매 개시가 되었고 배당요구 신청서 접수 안내장이 1월 22일에 발송이되어 보게 되었습니다 2월 1일에 배당요구신청서를 제출을 하게 되었고 전입신고는 했지만 확정일자가 없어 임차권 등기설정이 불가능하여 2월17일에 주민센터에서 확정일자를 받아 임차권등기 설정을 하기 시작했습니다 임차권 등기 보정서가 날아와서 보정을 하려하는데 배당요구 신청서 접수한 사본을 보내달라고 하는데 아직까지는 배당요구 신청서 보정서를 보내지 않아 배당요구 신청서에는 확정일자는 없습니다. 임차권 등기 보정서로 배당요구 신청서를 그대로 보내도 되는지, 또한 배당요구 신청서 보정서는 임차권 등기 확정 후 제출하여도 되는지, 경매사실을 알아 차리기 전 월세를 미리 당겨달라는 집주인의 이야기에 월세를 드리고 난 후 경매 사실을 알게 되었습니다. 거주 하는동안 월세를 내야하는것 맞으나 2월에 이사하고 싶다는 말에 집주인은 5월까지 계약을 채우고 나가야 보증금을 준다는 등 말들을 하였습니다. 원래 월세는 후불제 입니다. 당겨서 주는 바람에 선불제로 바뀌었습니다. 그래서 저희는 3월 월세까지 미리 준 상황입니다. 임차권등기는 아직 확정은 아니나 짐을 여러가지 놔두고 이사를 했습니다. 집주인에게 집을 명도하지는 않았습니다. 임차권등기를 마친 후 이사를 해서 명도하면 집계약서 상에 적혀져 있는 특약사항에 미납월세 이외에 보증금에서 200만원 포기 조건이라고 적혀져있는데 해당이 될까요 ?",,unknown,"보증상품 보증상품 미확인 | 주택유형 미상 | 보증금구간 1억 미만 | 계약상태 계약중(종료예정) | 선순위권리 미상 | 반환보증 미상 | 분쟁유형 경매·공매 | 진행단계 임차권등기 | 상황 25년 1월 7일 임의경매 개시가 되었고 배당요구 신청서 접수 안내장이 1월 22일에 발송이되어 보게 되었습니다 2월 1일에 배당요구신청서를 제출을 하게 되었고 전입신고는 했지만 확정일자가 없어 임차권 등기설정이 불가능하여 2월17일에 주민센터에서 확정일자를 받아 임차권등기 설정을 하기 시작했습니다 임차권 등기 보정서가 날아와서 보정을 하려하는데 배당요구 신청서 접수한 사본을 보내달라고 하는데 아직까지는 배당요구 신청서 보정서를 보내지 않아 배당요구 신청서에는 확정일자는 없습니다. 임차권 등기 보정서로 배당요구 신청서를 그대로 보내도 되는지, 또한 배당요구 신청서 보정서는 임차권 등기 확정 후 제출하여도 되는지, 경매사실을 알아 차리기 전 월세를 미리 당겨달라는 집주인의 이야기에 월세를 드리고 난 후 경매 사실을 알게 되었습니다. 거주 하는동안 월세를 내야하는것 맞으나 2월에 이사하고 싶다는 말에 집주인은 5월까지 계약을 채우고 나가야 보증금을 준다는 등 말들을 하였습니다. 원래 월세는 후불제 입니다. 당겨서 주는 바람에 선불제로 바뀌었습니다. 그래서 저희는 3월 월세까지 미리 준 상황입니다. 임차권등기는 아직 확정은 아니나 짐을 여러가지 놔두고 이사를 했습니다. 집주인에게 집을 명도하지는 않았습니다. 임차권등기를 마친 후 이사를 해서 명도하면 집계약서 상에 적혀져 있는 특약사항에 미납월세 이외에 보증금에서 200만원 포기 조건이라고 적혀져있는데 해당이 될까요 ?",provided_synthetic_consultations
CASE-0413,G05,인천,미상,1억~2억,계약중(종료예정),미상,미상,미상,기타·일반문의,소송제기,23년 입주 후 거주중 /HF청년대출 하였음/25년6월9일 만료예정/중간에 집주인 바뀜/집주인 채 소유중/ 대리인은 남편/연장계약 거절 문자 보내려고 하니 와이프 번호 안알려줌/지금 돈이 없으니 다음세입자 받아서 주겠다 함/현재집 재개발중이라 언제 이사나가야 할지도 모르고 집주인 29채 소유인거 보고 아무도 안 올 수도 있음/지금 상황에서 최선의 방법은 뭔가요?,1. 임대차승계거부 & 팔고 도망간 임대인을 대상으로 전세금반환청구소송을 해야 한다./ 지금 임대인은 용돈받고 나타난 거지다,unknown,보증상품 보증상품 미확인 | 주택유형 미상 | 보증금구간 1억~2억 | 계약상태 계약중(종료예정) | 선순위권리 미상 | 반환보증 미상 | 분쟁유형 기타·일반문의 | 진행단계 소송제기 | 상황 23년 입주 후 거주중 /HF청년대출 하였음/25년6월9일 만료예정/중간에 집주인 바뀜/집주인 채 소유중/ 대리인은 남편/연장계약 거절 문자 보내려고 하니 와이프 번호 안알려줌/지금 돈이 없으니 다음세입자 받아서 주겠다 함/현재집 재개발중이라 언제 이사나가야 할지도 모르고 집주인 29채 소유인거 보고 아무도 안 올 수도 있음/지금 상황에서 최선의 방법은 뭔가요? | 특이사항 1. 임대차승계거부 & 팔고 도망간 임대인을 대상으로 전세금반환청구소송을 해야 한다./ 지금 임대인은 용돈받고 나타난 거지다,provided_synthetic_consultations
CASE-0414,G05,서울,관악구,1억 미만,계약종료,미상,미상,미상,전세사기,소송제기,1. 신탁전세사기 관련 공인중개사 협회에 소송 가능 여부 2. 임차권 등기 명령 설정 가능 여부 3. 그 외 소송 가능 여부,1. 중개사가 잘못을 인정했고 공제증서로 보증금 돌려받을꺼라고 했다고 함(녹취有),unknown,보증상품 보증상품 미확인 | 주택유형 미상 | 보증금구간 1억 미만 | 계약상태 계약종료 | 선순위권리 미상 | 반환보증 미상 | 분쟁유형 전세사기 | 진행단계 소송제기 | 상황 1. 신탁전세사기 관련 공인중개사 협회에 소송 가능 여부 2. 임차권 등기 명령 설정 가능 여부 3. 그 외 소송 가능 여부 | 특이사항 1. 중개사가 잘못을 인정했고 공제증서로 보증금 돌려받을꺼라고 했다고 함(녹취有),provided_synthetic_consultations
CASE-0415,G05,세종,미상,1억~2억,계약종료,다가구주택,미상,미상,경매·공매,소송제기,"현재상황 계약만기일 24년 11월 7일로 임대인이 돈이 없다는 이유로 보증금 반환하지 않는 상황임. 내용증명 발송 1회, 임차권등기 설정완료 문의사항 1. 현재 임차권등기 완료된 상황에 추후 경매 진행 시 문제될 여지가 있는지? - 최초계약(22.10.7) 진행시 1동으로 계약서를 부동산에서 잘못 작성함 (확정일자 22.10.17, 전입신고 22.10.17) - 2동으로 잘못기재 발견하여 22.10.17 전입신고 상세주소 변경 요청하여 2동으로 변경함 (22.10.17 동일날짜) - 2동으로 변경하여 계약서 재작성함 22.10.19 (확정일자 22.10.19, 전입신고 최초 유지) 2. 경매 진행 시 보증금 전액 회수가 가능한지? 3. 보증금 회수를 위해 임차권등기설정 이후 진행절차가 궁금함 4. 임차권등기설정 완료되었으니, 세대내 물품이적, 주소 이전, 주택 인도를 하고 지급명령 진행이 맞는지? 4-1 만약 임차권등기설정이, 주택인도를 하여서 해당 세대에 새로운 세입자가 들어왔을 경우 대항력 및 최우선 변제금은 문제가 없는지?",1. 다가구주택 / 6세대 중 2번째 임차인 / 대항력있는 임차인,unknown,"보증상품 보증상품 미확인 | 주택유형 다가구주택 | 보증금구간 1억~2억 | 계약상태 계약종료 | 선순위권리 미상 | 반환보증 미상 | 분쟁유형 경매·공매 | 진행단계 소송제기 | 상황 현재상황 계약만기일 24년 11월 7일로 임대인이 돈이 없다는 이유로 보증금 반환하지 않는 상황임. 내용증명 발송 1회, 임차권등기 설정완료 문의사항 1. 현재 임차권등기 완료된 상황에 추후 경매 진행 시 문제될 여지가 있는지? - 최초계약(22.10.7) 진행시 1동으로 계약서를 부동산에서 잘못 작성함 (확정일자 22.10.17, 전입신고 22.10.17) - 2동으로 잘못기재 발견하여 22.10.17 전입신고 상세주소 변경 요청하여 2동으로 변경함 (22.10.17 동일날짜) - 2동으로 변경하여 계약서 재작성함 22.10.19 (확정일자 22.10.19, 전입신고 최초 유지) 2. 경매 진행 시 보증금 전액 회수가 가능한지? 3. 보증금 회수를 위해 임차권등기설정 이후 진행절차가 궁금함 4. 임차권등기설정 완료되었으니, 세대내 물품이적, 주소 이전, 주택 인도를 하고 지급명령 진행이 맞는지? 4-1 만약 임차권등기설정이, 주택인도를 하여서 해당 세대에 새로운 세입자가 들어왔을 경우 대항력 및 최우선 변제금은 문제가 없는지? | 특이사항 1. 다가구주택 / 6세대 중 2번째 임차인 / 대항력있는 임차인",provided_synthetic_consultations
CASE-0416,G05,광주,북구,1억~2억,계약종료,미상,미상,미상,기타·일반문의,판결·집행,소 판결나왔으며 신용정보회사 조회해보니 갭투자인것같다고 합니다 추후 어떻게해야할지,,unknown,보증상품 보증상품 미확인 | 주택유형 미상 | 보증금구간 1억~2억 | 계약상태 계약종료 | 선순위권리 미상 | 반환보증 미상 | 분쟁유형 기타·일반문의 | 진행단계 판결·집행 | 상황 소 판결나왔으며 신용정보회사 조회해보니 갭투자인것같다고 합니다 추후 어떻게해야할지,provided_synthetic_consultations
CASE-0417,G05,부산,금정구,1억 미만,계약종료,다세대주택,미상,미상,기타·일반문의,상담·검토,계약은 만료되었는데 제가 해외로 취업을 한 상황이라 임차권 등기명령을 신청하였습니다. 집주인은 다음 세입자가 들어와야지 돈을 줄 수 있다는데 임차권을 설정한 이상 세입자가 들어오긴 힘들 걸로 보이는데 어떤 조치를 해야 돈을 받을 수 있을까요? ㅠ,1. 다세대 / 공동담보 14억,unknown,보증상품 보증상품 미확인 | 주택유형 다세대주택 | 보증금구간 1억 미만 | 계약상태 계약종료 | 선순위권리 미상 | 반환보증 미상 | 분쟁유형 기타·일반문의 | 진행단계 상담·검토 | 상황 계약은 만료되었는데 제가 해외로 취업을 한 상황이라 임차권 등기명령을 신청하였습니다. 집주인은 다음 세입자가 들어와야지 돈을 줄 수 있다는데 임차권을 설정한 이상 세입자가 들어오긴 힘들 걸로 보이는데 어떤 조치를 해야 돈을 받을 수 있을까요? ㅠ | 특이사항 1. 다세대 / 공동담보 14억,provided_synthetic_consultations
CASE-0418,G05,인천,부평구,1억 미만,계약중(종료예정),미상,압류·가압류,가입,기타·일반문의,상담·검토,도움이 필요해서 연락드립니다 제가 2020년 9월달부터 전세를 살고 있는데 계약서에 연장개념이 적혀있지않아 지금까지 살고 있고 최근이사를 위해 1월달경 집주인한테 집을 나가겠다고 했습니다 어제 집에 와보니깐 집주인 통장이 압류가 되어 전세대에 다 보증보험으로 돈받으라는 식으로 서류가 날라왔더라구요 제가 계약할당시 공인중개사 끼지않고 직거래로했고 확정일자 또한 받지않았는데 어떻게 해야하나요 너무 정신를 못차리겠습니다,,unknown,보증상품 보증상품 미확인 | 주택유형 미상 | 보증금구간 1억 미만 | 계약상태 계약중(종료예정) | 선순위권리 압류·가압류 | 반환보증 가입 | 분쟁유형 기타·일반문의 | 진행단계 상담·검토 | 상황 도움이 필요해서 연락드립니다 제가 2020년 9월달부터 전세를 살고 있는데 계약서에 연장개념이 적혀있지않아 지금까지 살고 있고 최근이사를 위해 1월달경 집주인한테 집을 나가겠다고 했습니다 어제 집에 와보니깐 집주인 통장이 압류가 되어 전세대에 다 보증보험으로 돈받으라는 식으로 서류가 날라왔더라구요 제가 계약할당시 공인중개사 끼지않고 직거래로했고 확정일자 또한 받지않았는데 어떻게 해야하나요 너무 정신를 못차리겠습니다,provided_synthetic_consultations
CASE-0419,G05,서울,광진구,1억~2억,계약중(종료예정),미상,미상,미상,묵시적갱신분쟁,임차권등기,"현재 전세 묵시적 갱신 후 계약 해지 통보한 상태로, 4월6일 만기입니다. 임대인이랑 카톡 및 전화 연락은 잘 되는 상태로, 만기 전 세입자가 안 구해지면 보증금은 못 주지만 만기일에는 세입자 유무와 상관없이 돈은 마련하겠다고 카톡으로 답을 들은 상태입니다. 저는 혹시라도 말이 달라질 것을 대비해서 어제 내용증명을 발송했고 임대인에게도 연락해둔 상태입니다. 궁금한 것은, 오늘 폐문부재로 반송이 되었고 내일 다시 한번 더 발송 예정인데, 또 폐문부재로 반송이 된다면 임대인과 연락이 잘 되는 것과는 상관없이 공시송달로 진행해도 되는지가 궁금합니다. 아니면 카톡으로 내용증명을 보내도 되는지요? 보증금 미반환 시, 임차권등기명령 신청도 염두에 두고 있는데 대처를 어떻게 해야햐는지",,unknown,"보증상품 보증상품 미확인 | 주택유형 미상 | 보증금구간 1억~2억 | 계약상태 계약중(종료예정) | 선순위권리 미상 | 반환보증 미상 | 분쟁유형 묵시적갱신분쟁 | 진행단계 임차권등기 | 상황 현재 전세 묵시적 갱신 후 계약 해지 통보한 상태로, 4월6일 만기입니다. 임대인이랑 카톡 및 전화 연락은 잘 되는 상태로, 만기 전 세입자가 안 구해지면 보증금은 못 주지만 만기일에는 세입자 유무와 상관없이 돈은 마련하겠다고 카톡으로 답을 들은 상태입니다. 저는 혹시라도 말이 달라질 것을 대비해서 어제 내용증명을 발송했고 임대인에게도 연락해둔 상태입니다. 궁금한 것은, 오늘 폐문부재로 반송이 되었고 내일 다시 한번 더 발송 예정인데, 또 폐문부재로 반송이 된다면 임대인과 연락이 잘 되는 것과는 상관없이 공시송달로 진행해도 되는지가 궁금합니다. 아니면 카톡으로 내용증명을 보내도 되는지요? 보증금 미반환 시, 임차권등기명령 신청도 염두에 두고 있는데 대처를 어떻게 해야햐는지",provided_synthetic_consultations
CASE-0420,G05,미상,마포구,1억~2억,계약종료,미상,미상,미상,보증금미반환,임차권등기,"22년 06월23일에 전세계약을 하고 2년뒤 재계약때 개월만 연장을 하였습니다. 그리고 지금, 원래 25년 2월 23일에 나간다고 말씀드렸는데 돈이 없어서 보증금을 돌려주지 못하겠다고 하십니다. 신혼집으로 입주해야하는 상황인데 보증금이 묶여있어 이사도 못하는 상황입니다. 그래서 임차권등기명령신청을 했는데 보정명령에서 임대인에게 해지통보 후 3개월이 경과되어야 신청할수있다는데 그러면 25년2월23일 개월 지나야 임차권등기명령신청을 할 수 있다는 뜻인가요?",1. 임대인 두 노인네 중 한명 사망 / 상속등기 안되고 있음,unknown,"보증상품 보증상품 미확인 | 주택유형 미상 | 보증금구간 1억~2억 | 계약상태 계약종료 | 선순위권리 미상 | 반환보증 미상 | 분쟁유형 보증금미반환 | 진행단계 임차권등기 | 상황 22년 06월23일에 전세계약을 하고 2년뒤 재계약때 개월만 연장을 하였습니다. 그리고 지금, 원래 25년 2월 23일에 나간다고 말씀드렸는데 돈이 없어서 보증금을 돌려주지 못하겠다고 하십니다. 신혼집으로 입주해야하는 상황인데 보증금이 묶여있어 이사도 못하는 상황입니다. 그래서 임차권등기명령신청을 했는데 보정명령에서 임대인에게 해지통보 후 3개월이 경과되어야 신청할수있다는데 그러면 25년2월23일 개월 지나야 임차권등기명령신청을 할 수 있다는 뜻인가요? | 특이사항 1. 임대인 두 노인네 중 한명 사망 / 상속등기 안되고 있음",provided_synthetic_consultations
CASE-0421,G05,미상,영등포구,2억~3억,계약중(종료예정),미상,미상,가입,기타·일반문의,상담·검토,집주인 통해서가 아닌 중개사 통해 2개월 전 퇴거 의사를 밝혔고 이후 집주인이 집을 매매에 내놓은 상태라 그 다음 구매자분이 계약하기로 해서 4월7일 들어올 예정이므로 퇴거 통보를 받았어요 이후 저희는 다른 집을 알아보고 계약까지 했는데 오늘 집을 새로 보러 온다는 내용을 다른 부동산에서 듣고 그 퇴거 통보한 부동산에 연락을 해보자 매매가 보류 되었다는 걸 알게되었습니다. 현재 계약금 2500만원을 새로 이사갈 집에 넣은 상태이고 3월7일 나머지 2천500만원 입금을 해야하는 시점인데 집주인은 매매 금액을 내리는게 한계가 있고 현재 가지고있는 다른 집에 문제가 생겨 잔금이 많이 필요한 상태로 보입니다. 저희가 주택반환보증보험 HF에 가입이 되어있지만 제가 2달전에 집주인에게 직접 퇴거 여부를 밝히지 않아 문제가 되고있어요,1. 임대인에게는 3/5 계약해지통보,unknown,보증상품 보증상품 미확인 | 주택유형 미상 | 보증금구간 2억~3억 | 계약상태 계약중(종료예정) | 선순위권리 미상 | 반환보증 가입 | 분쟁유형 기타·일반문의 | 진행단계 상담·검토 | 상황 집주인 통해서가 아닌 중개사 통해 2개월 전 퇴거 의사를 밝혔고 이후 집주인이 집을 매매에 내놓은 상태라 그 다음 구매자분이 계약하기로 해서 4월7일 들어올 예정이므로 퇴거 통보를 받았어요 이후 저희는 다른 집을 알아보고 계약까지 했는데 오늘 집을 새로 보러 온다는 내용을 다른 부동산에서 듣고 그 퇴거 통보한 부동산에 연락을 해보자 매매가 보류 되었다는 걸 알게되었습니다. 현재 계약금 2500만원을 새로 이사갈 집에 넣은 상태이고 3월7일 나머지 2천500만원 입금을 해야하는 시점인데 집주인은 매매 금액을 내리는게 한계가 있고 현재 가지고있는 다른 집에 문제가 생겨 잔금이 많이 필요한 상태로 보입니다. 저희가 주택반환보증보험 HF에 가입이 되어있지만 제가 2달전에 집주인에게 직접 퇴거 여부를 밝히지 않아 문제가 되고있어요 | 특이사항 1. 임대인에게는 3/5 계약해지통보,provided_synthetic_consultations
CASE-0422,G05,서울,서울송파구,3억 이상,계약중(종료예정),미상,미상,미상,기타·일반문의,소송제기,다포기하려던찰나 고견구해봅니다. 현 전세세입자로있고 중간에 매도가되며 임대인이 바뀐상태입니다. 계약연장가능조건으로 협조한다고 했는데 말을 바꿨다며 서로 모르쇠로 일관하여 어쨌든 새매수인은 실거주를 주장하고있습니다. 집구하는과정에 어려움이있어 한달정도라도 더필요해 협의하고자하니 하루도안된다며 만기도전 명도소송을 제기해 소장을 받은 상태입니다. 제가 가장 걱정하는부분은 상대가 꾸준히 주장하는 본인들이 단기월세145만원에 살고있는부분을 제게 청구하는데 이게 인정이되는건지 궁금합니다. 법을 잘 모르는 제 상식엔 인정이되야할거같은데 그러한 판례가없다고 절대 안된다는 당연히 특별손해에 해당하니 인정될확률이 높아 그냥 만기날 나가라는 근데 판례올리신것중 그 소송비 변호사비 집에들어오지못해 생긴 임대인의월세임차비용이 받아들여지지않는걸 봐서 어떤경우에 그런건지 미리 제게 그 손해를 고지했음에도 인정안되는지 그부분이,,unknown,보증상품 보증상품 미확인 | 주택유형 미상 | 보증금구간 3억 이상 | 계약상태 계약중(종료예정) | 선순위권리 미상 | 반환보증 미상 | 분쟁유형 기타·일반문의 | 진행단계 소송제기 | 상황 다포기하려던찰나 고견구해봅니다. 현 전세세입자로있고 중간에 매도가되며 임대인이 바뀐상태입니다. 계약연장가능조건으로 협조한다고 했는데 말을 바꿨다며 서로 모르쇠로 일관하여 어쨌든 새매수인은 실거주를 주장하고있습니다. 집구하는과정에 어려움이있어 한달정도라도 더필요해 협의하고자하니 하루도안된다며 만기도전 명도소송을 제기해 소장을 받은 상태입니다. 제가 가장 걱정하는부분은 상대가 꾸준히 주장하는 본인들이 단기월세145만원에 살고있는부분을 제게 청구하는데 이게 인정이되는건지 궁금합니다. 법을 잘 모르는 제 상식엔 인정이되야할거같은데 그러한 판례가없다고 절대 안된다는 당연히 특별손해에 해당하니 인정될확률이 높아 그냥 만기날 나가라는 근데 판례올리신것중 그 소송비 변호사비 집에들어오지못해 생긴 임대인의월세임차비용이 받아들여지지않는걸 봐서 어떤경우에 그런건지 미리 제게 그 손해를 고지했음에도 인정안되는지 그부분이,provided_synthetic_consultations
CASE-0423,G05,전북,익산시,1억~2억,계약종료,미상,미상,미상,전세사기,판결·집행,집주인이 전문사기꾼이고 빚이 많아서 돈을 받을 방법이 막막한데 자식명의로(미성년자) 구입한 집이고 깡통전세라 보험도 가입이 안된답니다. 집주인은 전번 바꾸고 잠수탔어요.임차권등기를 할까 보증금 반환소송을 할까 아님 둘다할까 고민중인데요. 좀 손해를 보더라도 지금 거주중인 집을 구입할까도 고민중입니다. 문제는 집주인과 연락이 안되니 무엇도 못하고 있어요. 강제집행을 통해서 집을 구입하거나 보증금을 받아낼 방법은 없을까요?,,unknown,보증상품 보증상품 미확인 | 주택유형 미상 | 보증금구간 1억~2억 | 계약상태 계약종료 | 선순위권리 미상 | 반환보증 미상 | 분쟁유형 전세사기 | 진행단계 판결·집행 | 상황 집주인이 전문사기꾼이고 빚이 많아서 돈을 받을 방법이 막막한데 자식명의로(미성년자) 구입한 집이고 깡통전세라 보험도 가입이 안된답니다. 집주인은 전번 바꾸고 잠수탔어요.임차권등기를 할까 보증금 반환소송을 할까 아님 둘다할까 고민중인데요. 좀 손해를 보더라도 지금 거주중인 집을 구입할까도 고민중입니다. 문제는 집주인과 연락이 안되니 무엇도 못하고 있어요. 강제집행을 통해서 집을 구입하거나 보증금을 받아낼 방법은 없을까요?,provided_synthetic_consultations
CASE-0424,G05,미상,강서구,1억~2억,계약종료,미상,선순위존재,미상,전세사기,판결·집행,전세계약종료 후 보증금 반환받지 못해서 임차권등기명령 및 반환소송 진행하여 승소하였고 전세사기피해접수 인정되어 전세사기피해접수자 인 상태인데 집주인에 대한 가압류 및 추심명령 시 국세 체납2억으로 배당금을 받지 못한 사례가 있어 현재 상태에서 강제 경매 진행 시 국세 체납보다 선순위로 낙찰 시 보증금에 대해 받을 수 있는지,,unknown,보증상품 보증상품 미확인 | 주택유형 미상 | 보증금구간 1억~2억 | 계약상태 계약종료 | 선순위권리 선순위존재 | 반환보증 미상 | 분쟁유형 전세사기 | 진행단계 판결·집행 | 상황 전세계약종료 후 보증금 반환받지 못해서 임차권등기명령 및 반환소송 진행하여 승소하였고 전세사기피해접수 인정되어 전세사기피해접수자 인 상태인데 집주인에 대한 가압류 및 추심명령 시 국세 체납2억으로 배당금을 받지 못한 사례가 있어 현재 상태에서 강제 경매 진행 시 국세 체납보다 선순위로 낙찰 시 보증금에 대해 받을 수 있는지,provided_synthetic_consultations
CASE-0425,G05,대전,미상,1억 미만,계약종료,다가구주택,미상,미상,경매·공매,소송제기,보증금반환 민사소송중입니다. 소장만 제출만 진행된 상태입니다. 건축물현황도에 표기된 호실과 실제 문패상 호실이 다른다는걸 알았습니다. 다가구 건물이고 다른 세입자들도 문패상 호실에 거주하고있는데요 재판이나 경매시 문제가 될수있나요? 만약 문제가된다면 지금 어떤조치를 취해야하는지 도와주세요,,unknown,보증상품 보증상품 미확인 | 주택유형 다가구주택 | 보증금구간 1억 미만 | 계약상태 계약종료 | 선순위권리 미상 | 반환보증 미상 | 분쟁유형 경매·공매 | 진행단계 소송제기 | 상황 보증금반환 민사소송중입니다. 소장만 제출만 진행된 상태입니다. 건축물현황도에 표기된 호실과 실제 문패상 호실이 다른다는걸 알았습니다. 다가구 건물이고 다른 세입자들도 문패상 호실에 거주하고있는데요 재판이나 경매시 문제가 될수있나요? 만약 문제가된다면 지금 어떤조치를 취해야하는지 도와주세요,provided_synthetic_consultations
CASE-0426,G05,대전,동구,1억~2억,계약종료,미상,미상,미상,보증금미반환,임차권등기,24년7월부로 전세2년계약이 종료였으나 돈이 없다며 보증금을 돌려줄수없다고 하여 임차권등기설정을 완료하고 최근 3일전 임대인이 개인회생 개시신청을 진행했다고 법원으로부터 등기를 받았습니다. 정말 너무 막막하고 어찌할바를 모르겠습니다 변호사님의 자문이 절실하게 필요합니다,1. 중개사를 대상으로 손해배상청구를 준비하는게 좋다,unknown,보증상품 보증상품 미확인 | 주택유형 미상 | 보증금구간 1억~2억 | 계약상태 계약종료 | 선순위권리 미상 | 반환보증 미상 | 분쟁유형 보증금미반환 | 진행단계 임차권등기 | 상황 24년7월부로 전세2년계약이 종료였으나 돈이 없다며 보증금을 돌려줄수없다고 하여 임차권등기설정을 완료하고 최근 3일전 임대인이 개인회생 개시신청을 진행했다고 법원으로부터 등기를 받았습니다. 정말 너무 막막하고 어찌할바를 모르겠습니다 변호사님의 자문이 절실하게 필요합니다 | 특이사항 1. 중개사를 대상으로 손해배상청구를 준비하는게 좋다,provided_synthetic_consultations
CASE-0427,G05,경기,파주시,1억~2억,계약종료,미상,미상,미상,기타·일반문의,내용증명·공시송달,임차인 등기 완료 내용증명서 반송 예정 메세지 받음 법적절차 및 방법을 알고 싶어요,,unknown,보증상품 보증상품 미확인 | 주택유형 미상 | 보증금구간 1억~2억 | 계약상태 계약종료 | 선순위권리 미상 | 반환보증 미상 | 분쟁유형 기타·일반문의 | 진행단계 내용증명·공시송달 | 상황 임차인 등기 완료 내용증명서 반송 예정 메세지 받음 법적절차 및 방법을 알고 싶어요,provided_synthetic_consultations
CASE-0428,G05,경기,구리시,3억 이상,계약중(종료예정),아파트,미상,가입,기타·일반문의,내용증명·공시송달,? 현재 경기도 소재 아파트에 전세 살고 있습니다. 전세계약갱신요구권행사하려는데 관련해서 몇가지 ---내 용 ---- * 계약기간 : 23년 6월10 - 25년 6월10 * 계약금액 : 4.5억 * 계약자(실소유주) : 홍길동 (아버지 – 78세. 치매초기.한글못씀.휴대폰 없슴 계약시 부동산중계인 입회하에 부인과 아들이 동행하여 주도적으로 계약함) * 확정일자완료 / 보증보험가입 완료. *입주후 1부모님(실소유자)이 생활비가 없어서 갑자기 집을 매매한다고 함. 지금까지 10여차례 이상 집을 보여줌. (매매 금액을 낮추질 않아서 아직 안팔림) *6월까지 매매가 안되면 계약갱신요구권을 행사 하려고 합니다. ---질 문 ---- 1. 계약갱신청구권은 꼭 내용증명이나 문자 등으로 알려야 하나요? 2. 부동산에서는 특별히 알릴필요 없고 연장 재계약시 서류에 [계약갱신청구권 요구에 따른 계약연장] 이라는 문구만 넣으면 된다고 해서요. 긴글 끝까지 읽어 주셔서,1. 계약갱신청구권 행사가능,unknown,보증상품 보증상품 미확인 | 주택유형 아파트 | 보증금구간 3억 이상 | 계약상태 계약중(종료예정) | 선순위권리 미상 | 반환보증 가입 | 분쟁유형 기타·일반문의 | 진행단계 내용증명·공시송달 | 상황 ? 현재 경기도 소재 아파트에 전세 살고 있습니다. 전세계약갱신요구권행사하려는데 관련해서 몇가지 ---내 용 ---- * 계약기간 : 23년 6월10 - 25년 6월10 * 계약금액 : 4.5억 * 계약자(실소유주) : 홍길동 (아버지 – 78세. 치매초기.한글못씀.휴대폰 없슴 계약시 부동산중계인 입회하에 부인과 아들이 동행하여 주도적으로 계약함) * 확정일자완료 / 보증보험가입 완료. *입주후 1부모님(실소유자)이 생활비가 없어서 갑자기 집을 매매한다고 함. 지금까지 10여차례 이상 집을 보여줌. (매매 금액을 낮추질 않아서 아직 안팔림) *6월까지 매매가 안되면 계약갱신요구권을 행사 하려고 합니다. ---질 문 ---- 1. 계약갱신청구권은 꼭 내용증명이나 문자 등으로 알려야 하나요? 2. 부동산에서는 특별히 알릴필요 없고 연장 재계약시 서류에 [계약갱신청구권 요구에 따른 계약연장] 이라는 문구만 넣으면 된다고 해서요. 긴글 끝까지 읽어 주셔서 | 특이사항 1. 계약갱신청구권 행사가능,provided_synthetic_consultations
CASE-0429,G05,서울,미상,1억~2억,계약종료,미상,미상,미상,전세사기,소송제기,2023.3월31일부터 2025.03.30 까지 전세계약기간인데 24.9월말에 같은건물 임차인들을 통해 집주인이 보증금반환능력이없다는걸 알았고 집주인이 계약기간 남은사람들은 중도해지합의서를 써준다고 임차권등기신청하라고 해서 합의서작성후 임차권등기신청했습니다 그리고 전세사기 피해자신청했는데 제3호 불충족 받았고 지금 집은 임의경매개시결정이 난상태입니다 제가알기론 다른피해자분들이 꽤많이 형사고소를 진행하여서 이사건은 거의마무리단계에 3월초쯤 집주인이 검찰송치 될거같다고 들었는데 지금 제가 형사고소를 할수있는건지 아니면 따로 사건번호를 확인해서 전세사기피해자 이의신청을 할수있는건지를 여쭤보고싶어요 그리고 전세금반환소송을하면 저한테 이득이 있는건지도 궁금해요,1. 중개사를 대상으로 손해배상청구를 하는게 실익이 있을수 있음 / 통상 임대인은 빈털털이,unknown,보증상품 보증상품 미확인 | 주택유형 미상 | 보증금구간 1억~2억 | 계약상태 계약종료 | 선순위권리 미상 | 반환보증 미상 | 분쟁유형 전세사기 | 진행단계 소송제기 | 상황 2023.3월31일부터 2025.03.30 까지 전세계약기간인데 24.9월말에 같은건물 임차인들을 통해 집주인이 보증금반환능력이없다는걸 알았고 집주인이 계약기간 남은사람들은 중도해지합의서를 써준다고 임차권등기신청하라고 해서 합의서작성후 임차권등기신청했습니다 그리고 전세사기 피해자신청했는데 제3호 불충족 받았고 지금 집은 임의경매개시결정이 난상태입니다 제가알기론 다른피해자분들이 꽤많이 형사고소를 진행하여서 이사건은 거의마무리단계에 3월초쯤 집주인이 검찰송치 될거같다고 들었는데 지금 제가 형사고소를 할수있는건지 아니면 따로 사건번호를 확인해서 전세사기피해자 이의신청을 할수있는건지를 여쭤보고싶어요 그리고 전세금반환소송을하면 저한테 이득이 있는건지도 궁금해요 | 특이사항 1. 중개사를 대상으로 손해배상청구를 하는게 실익이 있을수 있음 / 통상 임대인은 빈털털이,provided_synthetic_consultations
CASE-0430,G05,강원,원주시,1억 미만,계약종료,오피스텔,미상,미상,전세사기,소송제기,"① 5번과 관련하여, 본인이 임차권등기설정을 위해 집주인을 속이고 문서를 받은 것에 대해 추후 법적 문제가 될 수 있는지? ② 10번과 관련하여, 본인명으로 전세권이 설정 및 전세금이 미반환된 집에 다른 세입자를 연락 및 동의 없이 구하는 것이 문제를 삼을 수 있을지? ③ 11,12번과 관련하여, 가해자는 전세금을 미반환하면서도 오히려 갑질을 하는 행태 및 다음 세입자를 구하기 위해서는 소송을 취하해야만 한다고 하는 점은 문제가 되지 않는지? 본인은 어떻게든 집주인의 비위를 맞추기 위해 해당 내용에 대해 동의한 부분에 대해서 추후 문제가 될 수 있는지? ④ 14번과 관련하여, 현재 해당 오피스텔에는 다수의 피해자가 발생한 상태로, 경매, 형사고소, 다음 세입자 보증금을 통한 전출 등 전세금미반환에 대한 다양한 대응을 하는 상황으로, 법쪽으로 잘 알고있다는 악덕임대인에 대응하기에는 어떤 방법이 제일 괜찮은지? 해당 임대인은 형사고소를 진행한다면 분명 고소에 대해 무혐의를 주장하며 오히려 무고죄로 역고소를 할 것이라 예상되는데 이때 본인의 행동(5번 관련), 협조(12번) 및 전세사기임을 인지하고도 다른 세입자를 구하고자 했던 본인의 노력 등이 문제가 될 수 있는지? ⑤ 형사고소를 고려하고 있는데, 계약당시에 해당 집주인 및 공인중개사가 물건이 안전하다고 했지만 그 부분에 대한 증거는 없는 상태로, 형사고소가 가능한지?(다른 피해자는 계약당시 녹취록이 있고 녹취록 상 해당 건물가 50억 이상이라고 한 말이 있음) 다른 피해자와 함께 형사고소를 진행했을때, 본인은 해당 증거가 없는데 함께 전세사기피해로 고소가 가능한지?(개별 사건으로 본다면, 본인은 증거불충분일지?)",유효하지 않은 연락처,unknown,"보증상품 보증상품 미확인 | 주택유형 오피스텔 | 보증금구간 1억 미만 | 계약상태 계약종료 | 선순위권리 미상 | 반환보증 미상 | 분쟁유형 전세사기 | 진행단계 소송제기 | 상황 ① 5번과 관련하여, 본인이 임차권등기설정을 위해 집주인을 속이고 문서를 받은 것에 대해 추후 법적 문제가 될 수 있는지? ② 10번과 관련하여, 본인명으로 전세권이 설정 및 전세금이 미반환된 집에 다른 세입자를 연락 및 동의 없이 구하는 것이 문제를 삼을 수 있을지? ③ 11,12번과 관련하여, 가해자는 전세금을 미반환하면서도 오히려 갑질을 하는 행태 및 다음 세입자를 구하기 위해서는 소송을 취하해야만 한다고 하는 점은 문제가 되지 않는지? 본인은 어떻게든 집주인의 비위를 맞추기 위해 해당 내용에 대해 동의한 부분에 대해서 추후 문제가 될 수 있는지? ④ 14번과 관련하여, 현재 해당 오피스텔에는 다수의 피해자가 발생한 상태로, 경매, 형사고소, 다음 세입자 보증금을 통한 전출 등 전세금미반환에 대한 다양한 대응을 하는 상황으로, 법쪽으로 잘 알고있다는 악덕임대인에 대응하기에는 어떤 방법이 제일 괜찮은지? 해당 임대인은 형사고소를 진행한다면 분명 고소에 대해 무혐의를 주장하며 오히려 무고죄로 역고소를 할 것이라 예상되는데 이때 본인의 행동(5번 관련), 협조(12번) 및 전세사기임을 인지하고도 다른 세입자를 구하고자 했던 본인의 노력 등이 문제가 될 수 있는지? ⑤ 형사고소를 고려하고 있는데, 계약당시에 해당 집주인 및 공인중개사가 물건이 안전하다고 했지만 그 부분에 대한 증거는 없는 상태로, 형사고소가 가능한지?(다른 피해자는 계약당시 녹취록이 있고 녹취록 상 해당 건물가 50억 이상이라고 한 말이 있음) 다른 피해자와 함께 형사고소를 진행했을때, 본인은 해당 증거가 없는데 함께 전세사기피해로 고소가 가능한지?(개별 사건으로 본다면, 본인은 증거불충분일지?) | 특이사항 유효하지 않은 연락처",provided_synthetic_consultations
CASE-0431,G05,인천,남동구,1억~2억,계약중(종료예정),미상,압류·가압류,미상,전세사기,내용증명·공시송달,"상황 1. 집주인측 전세금 반환 불가 통보 (사유 : 돈이 없다) 2. 세입자 : 전세사기피해 접수 완료(3/7) 3. 내용증명 준비 중 4. 등기부 등본 확인결과 압류상태 5. 집주인 : 그냥 집을 주겠다 집을 가져라 ㄴ전세가격이 1억4천만원인데, 현재집값 시세 7천만원",임대인과 협의 중 / 잘되어가고 있음,unknown,"보증상품 보증상품 미확인 | 주택유형 미상 | 보증금구간 1억~2억 | 계약상태 계약중(종료예정) | 선순위권리 압류·가압류 | 반환보증 미상 | 분쟁유형 전세사기 | 진행단계 내용증명·공시송달 | 상황 상황 1. 집주인측 전세금 반환 불가 통보 (사유 : 돈이 없다) 2. 세입자 : 전세사기피해 접수 완료(3/7) 3. 내용증명 준비 중 4. 등기부 등본 확인결과 압류상태 5. 집주인 : 그냥 집을 주겠다 집을 가져라 ㄴ전세가격이 1억4천만원인데, 현재집값 시세 7천만원 | 특이사항 임대인과 협의 중 / 잘되어가고 있음",provided_synthetic_consultations
CASE-0432,G05,경기,성남시,1억~2억,계약중(종료예정),미상,미상,가입,이중·다운계약,임차권등기,"본 계약은 23년 2월 28일-25년 2월 27일 만기로 버팀목 대출 1억 500만원을 받았으며 보증금 1억7600만원으로 체결함. 대출 및 보증보험 만료날짜는 25년 3월 27일임. 만기 1달 반 전인 25년 1월 초 허그보증보험 연장을 위해서는 보증금 감액이 필요함을 인지하고 집주인에게 알림. 임대인은 감액한 만큼 차용증을 쓰고 다운계약서를 쓰자고 제안하였고 이에 응할 수 없어서 25년 1월 18일 계약해지통보 문자를 보냄. 25년 1월 20일 날짜로 임대인에게 전화로 문자를 확인했다는 연락이 옴. 이후 임대인은 1억 6200만원으로 매물을 올렸고, 새로운 세입자A와 23년 2월 중순경 계약을 진행함. 이에 따른 계약금 1600만원을 일부 받았으나, A가 대출승인이 나지않아 계약이 파기됨. 1억 7600만원중 1600만원은 돌려받아 1억 6000만원을 받아내야하는 상황에서 임대인은 또다시 매물을 올렸고 1억 3800만원으로 새로운 세입자 B와 계약을 체결함. 세입자B의 잔금날짜는 4월 21일로 임대인은 이 날 나머지 보증금 1억6000만원을 돌려주겠다는 연락을 취함. 계약만료날짜 두달전에 해지통지를 하지않아서 보증보험도 이행을 못하는 상황임. 묵시적연장이 되어 25년 1월 18일날 계약해지통지를 보낸 3개월 뒤인 4월 18일 이후 임차권등기를 올릴 수 있는 상황임. 임대인이 보증금을 주겠다는 날짜는 4월 21일 날짜인데 이 날에 보증금을 주지않으면 바로 임차권등기를 올리고 방을 빼지 않을 예정인데 추가로 대비해두거나 준비해야할 점이 있는지",,unknown,"보증상품 보증상품 미확인 | 주택유형 미상 | 보증금구간 1억~2억 | 계약상태 계약중(종료예정) | 선순위권리 미상 | 반환보증 가입 | 분쟁유형 이중·다운계약 | 진행단계 임차권등기 | 상황 본 계약은 23년 2월 28일-25년 2월 27일 만기로 버팀목 대출 1억 500만원을 받았으며 보증금 1억7600만원으로 체결함. 대출 및 보증보험 만료날짜는 25년 3월 27일임. 만기 1달 반 전인 25년 1월 초 허그보증보험 연장을 위해서는 보증금 감액이 필요함을 인지하고 집주인에게 알림. 임대인은 감액한 만큼 차용증을 쓰고 다운계약서를 쓰자고 제안하였고 이에 응할 수 없어서 25년 1월 18일 계약해지통보 문자를 보냄. 25년 1월 20일 날짜로 임대인에게 전화로 문자를 확인했다는 연락이 옴. 이후 임대인은 1억 6200만원으로 매물을 올렸고, 새로운 세입자A와 23년 2월 중순경 계약을 진행함. 이에 따른 계약금 1600만원을 일부 받았으나, A가 대출승인이 나지않아 계약이 파기됨. 1억 7600만원중 1600만원은 돌려받아 1억 6000만원을 받아내야하는 상황에서 임대인은 또다시 매물을 올렸고 1억 3800만원으로 새로운 세입자 B와 계약을 체결함. 세입자B의 잔금날짜는 4월 21일로 임대인은 이 날 나머지 보증금 1억6000만원을 돌려주겠다는 연락을 취함. 계약만료날짜 두달전에 해지통지를 하지않아서 보증보험도 이행을 못하는 상황임. 묵시적연장이 되어 25년 1월 18일날 계약해지통지를 보낸 3개월 뒤인 4월 18일 이후 임차권등기를 올릴 수 있는 상황임. 임대인이 보증금을 주겠다는 날짜는 4월 21일 날짜인데 이 날에 보증금을 주지않으면 바로 임차권등기를 올리고 방을 빼지 않을 예정인데 추가로 대비해두거나 준비해야할 점이 있는지",provided_synthetic_consultations
CASE-0433,G05,부산,동래구,2억~3억,계약중(종료예정),미상,미상,가입,기타·일반문의,상담·검토,보증보험가입이 안되있어요 곧 계약만료인데 집주인은 다음세입자가 들어와야된다고만 말만 하고있는 상황이예요,,unknown,보증상품 보증상품 미확인 | 주택유형 미상 | 보증금구간 2억~3억 | 계약상태 계약중(종료예정) | 선순위권리 미상 | 반환보증 가입 | 분쟁유형 기타·일반문의 | 진행단계 상담·검토 | 상황 보증보험가입이 안되있어요 곧 계약만료인데 집주인은 다음세입자가 들어와야된다고만 말만 하고있는 상황이예요,provided_synthetic_consultations
CASE-0434,G05,서울,광진구,1억~2억,계약종료,미상,미상,가입,경매·공매,소송제기,"2024년 12월31일에 계약이 만료되었습니다. 목적물은 공동명의 (남편50%, 아내50%)이고 전세보증금 1억7500만원 중 일부를 반환하지 않아서, 몇번에걸쳐 받았고 현재 1400만원 남은상황입니다. 현재 지급명령까지 확정된 상태인데, 어제 임대인-아내가 2월초에 남편이 사망했다고 하더라구요. 아내는 상속포기하고 파산신청할거라는데 어떻게 대응해야할지 상담받고싶습니다. 추가로, 목적물에 임차권등기를 할때 다음과같은순서로 진행되었는데, 이런상황에서 해당목적물이 경매로넘어갔을때 제가 돈을 받을수 있을지도 궁금합니다. - 임대인이 보증금 일부 미지급 -> 저는 이사 거부 (전입상태 유지) -> 집주인이 몰래 집따고들어와 이사시킴 -> 새임차인 전입신고 ->제가 임차권등기 후 전입해제",1. 임차권등기 안하고 이사했다 / 전입신고유지+책가방놔뒀다 = 대항력있는거맞죠? 간접점유가 인정되냐 안되냐의 문제 ox로 찍을문제가 아니다,unknown,"보증상품 보증상품 미확인 | 주택유형 미상 | 보증금구간 1억~2억 | 계약상태 계약종료 | 선순위권리 미상 | 반환보증 가입 | 분쟁유형 경매·공매 | 진행단계 소송제기 | 상황 2024년 12월31일에 계약이 만료되었습니다. 목적물은 공동명의 (남편50%, 아내50%)이고 전세보증금 1억7500만원 중 일부를 반환하지 않아서, 몇번에걸쳐 받았고 현재 1400만원 남은상황입니다. 현재 지급명령까지 확정된 상태인데, 어제 임대인-아내가 2월초에 남편이 사망했다고 하더라구요. 아내는 상속포기하고 파산신청할거라는데 어떻게 대응해야할지 상담받고싶습니다. 추가로, 목적물에 임차권등기를 할때 다음과같은순서로 진행되었는데, 이런상황에서 해당목적물이 경매로넘어갔을때 제가 돈을 받을수 있을지도 궁금합니다. - 임대인이 보증금 일부 미지급 -> 저는 이사 거부 (전입상태 유지) -> 집주인이 몰래 집따고들어와 이사시킴 -> 새임차인 전입신고 ->제가 임차권등기 후 전입해제 | 특이사항 1. 임차권등기 안하고 이사했다 / 전입신고유지+책가방놔뒀다 = 대항력있는거맞죠? 간접점유가 인정되냐 안되냐의 문제 ox로 찍을문제가 아니다",provided_synthetic_consultations
CASE-0435,G05,서울,미상,1억 미만,계약중(종료예정),다세대주택,압류·가압류,미상,경매·공매,소송제기,"임대차 계약 관련 상황 및 법적 대응 문의 저는 2023년 7월부터 2024년 7월까지 신탁등기가 설정된 상태에서 보증금 3,000만 원, 월세 90만 원의 조건으로 임대차 계약을 체결하였습니다. 이후 전세로 전환하는 과정에서 집주인이 신탁에서 개인 명의로 변경하는 절차가 필요하다고 하였고, 최소 5개월이 소요된다고 설명하였습니다. 이에 따라 집주인은 해당 기간 동안 월세 없이 무상 거주할 것을 약속하며, 이행각서를 작성하였고, 전세 보증금을 2억 5,300만 원으로 설정하되 기존 보증금 3,000만 원에서 2,300만 원을 추가 증액하는 조건으로 월세 연장 계약서(2024년 6월 24일~2024년 10월 31일, 보증금 5,300만 원, 월세 0원)를 2024년 6월 24일에 작성하였습니다. 이후 묵시적 갱신 상태로 거주하던 중, 2025년 1월 9일자로 집주인에게 계약 해지를 통보하였습니다. 이에 대해 집주인은 새로운 세입자가 구해지는 대로 보증금 반환 및 퇴실 절차를 진행하겠다고 하였으나, 이후 연락이 두절된 상태이며, 세입자도 구해주지 않고 있습니다. 이에 따라 2025년 3월 6일, 임대차계약서상 주소로 내용증명을 발송하였으나, 주소불명으로 반송되었습니다. 그러던 중 2025년 3월 7일, 해당 세대가 압류되어 공매 결정이 내려졌다는 사실을 알게 되었으며, 공매 입찰은 2025년 3월 24일부터 시작될 예정입니다. 이에 대해 집주인에게 문자로 압류 사실을 문의하였으나, 신탁사의 세금 문제로 압류가 진행되었다는 답변만 받은 뒤 추가적인 연락이 두절된 상태입니다. 현재 같은 건물 내 총 17세대 중 13세대가 공매 결정이 내려졌으며, 이들은 모두 월세 거주 중이며 계약 기간이 남아있는 상황입니다. 이러한 상황에서 제가 취할 수 있는 법적 조치는 무엇인지 궁금합니다. 집주인을 상대로 개별적으로 법적 대응(고소 및 민사 소송 등)을 진행해야 하는지, 혹은 동일한 공매 결정이 내려진 세대들과 공동으로 대응하는 것이 더 효과적인지 조언",1. 다세대 신탁부동산 / 위탁자와 계약,unknown,"보증상품 보증상품 미확인 | 주택유형 다세대주택 | 보증금구간 1억 미만 | 계약상태 계약중(종료예정) | 선순위권리 압류·가압류 | 반환보증 미상 | 분쟁유형 경매·공매 | 진행단계 소송제기 | 상황 임대차 계약 관련 상황 및 법적 대응 문의 저는 2023년 7월부터 2024년 7월까지 신탁등기가 설정된 상태에서 보증금 3,000만 원, 월세 90만 원의 조건으로 임대차 계약을 체결하였습니다. 이후 전세로 전환하는 과정에서 집주인이 신탁에서 개인 명의로 변경하는 절차가 필요하다고 하였고, 최소 5개월이 소요된다고 설명하였습니다. 이에 따라 집주인은 해당 기간 동안 월세 없이 무상 거주할 것을 약속하며, 이행각서를 작성하였고, 전세 보증금을 2억 5,300만 원으로 설정하되 기존 보증금 3,000만 원에서 2,300만 원을 추가 증액하는 조건으로 월세 연장 계약서(2024년 6월 24일~2024년 10월 31일, 보증금 5,300만 원, 월세 0원)를 2024년 6월 24일에 작성하였습니다. 이후 묵시적 갱신 상태로 거주하던 중, 2025년 1월 9일자로 집주인에게 계약 해지를 통보하였습니다. 이에 대해 집주인은 새로운 세입자가 구해지는 대로 보증금 반환 및 퇴실 절차를 진행하겠다고 하였으나, 이후 연락이 두절된 상태이며, 세입자도 구해주지 않고 있습니다. 이에 따라 2025년 3월 6일, 임대차계약서상 주소로 내용증명을 발송하였으나, 주소불명으로 반송되었습니다. 그러던 중 2025년 3월 7일, 해당 세대가 압류되어 공매 결정이 내려졌다는 사실을 알게 되었으며, 공매 입찰은 2025년 3월 24일부터 시작될 예정입니다. 이에 대해 집주인에게 문자로 압류 사실을 문의하였으나, 신탁사의 세금 문제로 압류가 진행되었다는 답변만 받은 뒤 추가적인 연락이 두절된 상태입니다. 현재 같은 건물 내 총 17세대 중 13세대가 공매 결정이 내려졌으며, 이들은 모두 월세 거주 중이며 계약 기간이 남아있는 상황입니다. 이러한 상황에서 제가 취할 수 있는 법적 조치는 무엇인지 궁금합니다. 집주인을 상대로 개별적으로 법적 대응(고소 및 민사 소송 등)을 진행해야 하는지, 혹은 동일한 공매 결정이 내려진 세대들과 공동으로 대응하는 것이 더 효과적인지 조언 | 특이사항 1. 다세대 신탁부동산 / 위탁자와 계약",provided_synthetic_consultations
CASE-0436,G05,경남,진주시,1억 미만,계약종료,미상,근저당설정,가입,전세사기,판결·집행,"카카오뱅크 청년전세대출을 받고 2021년 7월 4,500만 전세 집을 2년 계약했습니다. 전입신고와 확정일자를 받았고 2023년 1월 타지로 이사를 가야되서 집주인에게 통보하고 새로운 세입자를 구해달라고 했지만 월세로 전환할건데 월세 금액을 못 정했다는 이유로 저를 속이고 경매 올라온 사실도 말하지 않고 미뤘습니다. 이 때 이미 집주인은 코로나 시즌,기준금리 상승으로 높아진 근저당의 이자를 못 내고 있던 상황이었습니다. 참고로 부동산중개 통해서 계약했는데 근저당이 뭔지 물어봤는데 부동산 직원은 별로 신경 안 써도 된다고 하여서 저또한 믿고 계약서 작성을 했고 특약에 보증보험 가입이 안된다는 내용도 있었지만 다 그렇게 하는건가보다 하고 대수롭지 않게 여겼습니다. 타지로 이사를 가서 청년월세지원금을 받기위해 전입신고를 하였고 이 행동이 최우선변제금조차 못 받게 될 거라는걸 몰랐습니다 계약만료일 2달 전부터 계약 연장하지않을 거라는 통보를 문자로 두 차례 했었고 2023년 7월경까지 집주인이 연락이 되지않자 당시 중개했던 부동산 직원을 통해 삼자대면을 했습니다. 계약 당시 둘은 호형호제 하는 사이라며 집주인을 믿어도된다고 말했고 삼자대면 사전에는 부동산 직원이 집주인이 도박으로 돈을 날려먹었다는 소문을 들었다며 제게 말해주었습니다. 가정사가 있고 금리가 올라가서 이자 낼 돈이 없다며 자초지종하는데 제 돈을 돌려줄 생각은 없었습니다. 현재 연락조차 되지 않고있는 상황입니다 법률상담소를 통해 임차권등기명령은 완료되어있고 보증금반환 재판도 승소하였지만 재산조회를 하니 집과 차는 압류되어있는 상태이고 그 외 재산은 없는 상황입니다. 경찰서 가서 상담하니 기망의 태도가 없었기에 사기죄는 미성립한다 하였고 전세사기 피해자 특별법 신청을 하였더니 똑같은 답변으로 미선정되었습니다. 돈을 받을 수 있는 방법이 있을까요? 그리고 특약에 보증금반환 보험에 가입이 불가하다는 것을 기재한 것 자체로 문제 삼을 수 있을까요?",1. 대항력상실하고 임차권등기,unknown,"보증상품 보증상품 미확인 | 주택유형 미상 | 보증금구간 1억 미만 | 계약상태 계약종료 | 선순위권리 근저당설정 | 반환보증 가입 | 분쟁유형 전세사기 | 진행단계 판결·집행 | 상황 카카오뱅크 청년전세대출을 받고 2021년 7월 4,500만 전세 집을 2년 계약했습니다. 전입신고와 확정일자를 받았고 2023년 1월 타지로 이사를 가야되서 집주인에게 통보하고 새로운 세입자를 구해달라고 했지만 월세로 전환할건데 월세 금액을 못 정했다는 이유로 저를 속이고 경매 올라온 사실도 말하지 않고 미뤘습니다. 이 때 이미 집주인은 코로나 시즌,기준금리 상승으로 높아진 근저당의 이자를 못 내고 있던 상황이었습니다. 참고로 부동산중개 통해서 계약했는데 근저당이 뭔지 물어봤는데 부동산 직원은 별로 신경 안 써도 된다고 하여서 저또한 믿고 계약서 작성을 했고 특약에 보증보험 가입이 안된다는 내용도 있었지만 다 그렇게 하는건가보다 하고 대수롭지 않게 여겼습니다. 타지로 이사를 가서 청년월세지원금을 받기위해 전입신고를 하였고 이 행동이 최우선변제금조차 못 받게 될 거라는걸 몰랐습니다 계약만료일 2달 전부터 계약 연장하지않을 거라는 통보를 문자로 두 차례 했었고 2023년 7월경까지 집주인이 연락이 되지않자 당시 중개했던 부동산 직원을 통해 삼자대면을 했습니다. 계약 당시 둘은 호형호제 하는 사이라며 집주인을 믿어도된다고 말했고 삼자대면 사전에는 부동산 직원이 집주인이 도박으로 돈을 날려먹었다는 소문을 들었다며 제게 말해주었습니다. 가정사가 있고 금리가 올라가서 이자 낼 돈이 없다며 자초지종하는데 제 돈을 돌려줄 생각은 없었습니다. 현재 연락조차 되지 않고있는 상황입니다 법률상담소를 통해 임차권등기명령은 완료되어있고 보증금반환 재판도 승소하였지만 재산조회를 하니 집과 차는 압류되어있는 상태이고 그 외 재산은 없는 상황입니다. 경찰서 가서 상담하니 기망의 태도가 없었기에 사기죄는 미성립한다 하였고 전세사기 피해자 특별법 신청을 하였더니 똑같은 답변으로 미선정되었습니다. 돈을 받을 수 있는 방법이 있을까요? 그리고 특약에 보증금반환 보험에 가입이 불가하다는 것을 기재한 것 자체로 문제 삼을 수 있을까요? | 특이사항 1. 대항력상실하고 임차권등기",provided_synthetic_consultations
CASE-0437,G05,미상,미상,3억 이상,계약종료,오피스텔,미상,미상,보증금미반환,상담·검토,"현재 2곳의 오피스텔 전세계약을 맺고, 계약기간이 종료되었으나 전세금을 돌려받지 못함 전세 계약1. 1억 7천만원 오피스텔, 23.7.22 계약종료, 21.7.23 전세권 설정 해놓음 현재 입주자 없음, 부동산/임대인 모두 연락 안됨 전세계약2. 2억 4천만원 오피스텔, 24.4.14 계약종료, 22.4.14 전세권 설정 해놓음 현재 집주인이 월세 수익으로 보증금을 분할 정산해주겠다고 하나, 아직 하나도 이행되지 않은 상태",,unknown,"보증상품 보증상품 미확인 | 주택유형 오피스텔 | 보증금구간 3억 이상 | 계약상태 계약종료 | 선순위권리 미상 | 반환보증 미상 | 분쟁유형 보증금미반환 | 진행단계 상담·검토 | 상황 현재 2곳의 오피스텔 전세계약을 맺고, 계약기간이 종료되었으나 전세금을 돌려받지 못함 전세 계약1. 1억 7천만원 오피스텔, 23.7.22 계약종료, 21.7.23 전세권 설정 해놓음 현재 입주자 없음, 부동산/임대인 모두 연락 안됨 전세계약2. 2억 4천만원 오피스텔, 24.4.14 계약종료, 22.4.14 전세권 설정 해놓음 현재 집주인이 월세 수익으로 보증금을 분할 정산해주겠다고 하나, 아직 하나도 이행되지 않은 상태",provided_synthetic_consultations
CASE-0438,G05,경기,수원시,1억~2억,계약중(종료예정),미상,미상,미가입,보증금미반환,소송제기,"우선 2024.10.30 - 2026.10.29 2년 전세계약을 했습니다. \`임대인은 민간임대사업자로 임차인의 보증금 전액을 HUG보증보험에 가입한다. 미 가입시 임차인은 본 계약을 해지할 수 있으며, 개인은 보증금 전액을 반환한다. 미가입으로 인하여 임차인에게 피해 발생시 임대인이 민/형사상 책임을 지도록 한다.(보증료 임대인75% 임차인25%로 한다.) \` 라는 특약을 넣어 놨지만 임대인은 계속해서 보증보험 가입을 미뤘고, 1월 17일 이후 문자, 전화 모든 연락이 되지 않아 2월7일, 2월19일 두 차례 계약 해지를 통보했습니다. (연락은 안되는 상황에 문자를 보내놨습니다.)",1. 특약에 의한 해지가능 / 전세금반환청구소송 당장 가능,unknown,"보증상품 보증상품 미확인 | 주택유형 미상 | 보증금구간 1억~2억 | 계약상태 계약중(종료예정) | 선순위권리 미상 | 반환보증 미가입 | 분쟁유형 보증금미반환 | 진행단계 소송제기 | 상황 우선 2024.10.30 - 2026.10.29 2년 전세계약을 했습니다. \`임대인은 민간임대사업자로 임차인의 보증금 전액을 HUG보증보험에 가입한다. 미 가입시 임차인은 본 계약을 해지할 수 있으며, 개인은 보증금 전액을 반환한다. 미가입으로 인하여 임차인에게 피해 발생시 임대인이 민/형사상 책임을 지도록 한다.(보증료 임대인75% 임차인25%로 한다.) \` 라는 특약을 넣어 놨지만 임대인은 계속해서 보증보험 가입을 미뤘고, 1월 17일 이후 문자, 전화 모든 연락이 되지 않아 2월7일, 2월19일 두 차례 계약 해지를 통보했습니다. (연락은 안되는 상황에 문자를 보내놨습니다.) | 특이사항 1. 특약에 의한 해지가능 / 전세금반환청구소송 당장 가능",provided_synthetic_consultations
CASE-0439,G05,광주,광산구,1억~2억,계약중(종료예정),미상,미상,미가입,이중·다운계약,내용증명·공시송달,"1) 당근으로 개인간 거래 하였습니다. 2) 25년 4월 게약 만료 예정 입니다. 3) 임대인분은 개인임대사업자로 등록되어있습니다. 4) 임대, 임차 전세보증보험 가입 안 되어있습니다. 5) 확정일자 전입신고 완료 되어있습니다. 6) 임대인이 임대인전세보증보험 가입 해야한다고 다운계약서를 쓰자고 하셨습니다 7) 차액분 먼저 상환해주면 다운계약서 작성하겠다고 하다가 당장 빌릴때도 없다고 하셔서 그럼 차용증 작성 후 공증까지 써달라고 요구한 상황입니다. 8) 현재 임대인의 주민등록지상 주소와 실거주지가 상이해 내용증명을 보낸다한들 발송이 될지 모르겠습니다.",,jeonse_return,"보증상품 전세보증금반환보증 | 주택유형 미상 | 보증금구간 1억~2억 | 계약상태 계약중(종료예정) | 선순위권리 미상 | 반환보증 미가입 | 분쟁유형 이중·다운계약 | 진행단계 내용증명·공시송달 | 상황 1) 당근으로 개인간 거래 하였습니다. 2) 25년 4월 게약 만료 예정 입니다. 3) 임대인분은 개인임대사업자로 등록되어있습니다. 4) 임대, 임차 전세보증보험 가입 안 되어있습니다. 5) 확정일자 전입신고 완료 되어있습니다. 6) 임대인이 임대인전세보증보험 가입 해야한다고 다운계약서를 쓰자고 하셨습니다 7) 차액분 먼저 상환해주면 다운계약서 작성하겠다고 하다가 당장 빌릴때도 없다고 하셔서 그럼 차용증 작성 후 공증까지 써달라고 요구한 상황입니다. 8) 현재 임대인의 주민등록지상 주소와 실거주지가 상이해 내용증명을 보낸다한들 발송이 될지 모르겠습니다.",provided_synthetic_consultations
CASE-0440,G05,인천,미추홀구,1억 미만,계약중(종료예정),미상,근저당설정,미상,기타·일반문의,상담·검토,"매매가 보다 높은 근저당권 고지 없이 가계약 이루어짐. 특이사항 있냐 물었을 때 없다함. > 중개인 중대과실 본계약 당일 사무소에서 근저당권 고지하고, 계약서는 작성했으나 혹시 몰라, 근저당권 더 알아보기 위해 계약금 일부를 중개인에게 예치해놓음. (월세계약 처음인데 중개인이 최우선변제권때문에 괜찮다 함. 뭔가 이상해서 계약금 일부 중개인에게 예치) 문제가 있는 집이라 판단하여 계약 취소 원함. (매매가 1.1억, 근저당권 1.5억, 개인간 거래, 집주인 매수 후 3달 후 바로 근저당 잡음. 친척이라 함.) 계약은 계약서 작성과 계약금 지급으로 완성됨. 계약금 일부 미지급이므로 계약성립 안됨. 그럼 가계약으로 돌아가서, 가계약 때 근저당권 고지 하지 않은 것은 중개인 중대과실이므로 계약 취소 가능. 또는 무효 주장. 이런 경우 계약금 돌려 받을 수 있을까요? 계약 어렵네요. ㄷㄷ 사회초년생 도움",,unknown,"보증상품 보증상품 미확인 | 주택유형 미상 | 보증금구간 1억 미만 | 계약상태 계약중(종료예정) | 선순위권리 근저당설정 | 반환보증 미상 | 분쟁유형 기타·일반문의 | 진행단계 상담·검토 | 상황 매매가 보다 높은 근저당권 고지 없이 가계약 이루어짐. 특이사항 있냐 물었을 때 없다함. > 중개인 중대과실 본계약 당일 사무소에서 근저당권 고지하고, 계약서는 작성했으나 혹시 몰라, 근저당권 더 알아보기 위해 계약금 일부를 중개인에게 예치해놓음. (월세계약 처음인데 중개인이 최우선변제권때문에 괜찮다 함. 뭔가 이상해서 계약금 일부 중개인에게 예치) 문제가 있는 집이라 판단하여 계약 취소 원함. (매매가 1.1억, 근저당권 1.5억, 개인간 거래, 집주인 매수 후 3달 후 바로 근저당 잡음. 친척이라 함.) 계약은 계약서 작성과 계약금 지급으로 완성됨. 계약금 일부 미지급이므로 계약성립 안됨. 그럼 가계약으로 돌아가서, 가계약 때 근저당권 고지 하지 않은 것은 중개인 중대과실이므로 계약 취소 가능. 또는 무효 주장. 이런 경우 계약금 돌려 받을 수 있을까요? 계약 어렵네요. ㄷㄷ 사회초년생 도움",provided_synthetic_consultations
CASE-0441,G05,미상,동탄시,3억 이상,계약중(종료예정),아파트,미상,가입,기타·일반문의,소송제기,전세보증보험 무효소송이나 계약해지가 가능할까요? 안녕하세요 저희가 이번에 기존에 전세로 살고 있던 집을 증액하여 전세계약을 다시 하기로 했습니다. 5천을 올려서 4억에 계약하기로 했는데 부동산에 가보니 얼마 전 저희가 살고 있는 아파트로 집주인분이 후순위 대출을 받았다고 하시더라고요. 잘 모르는 상태에서 대출이 있으면 위험하지않냐 저희가 후순위로 밀리지 않냐 물어봤지만 이미 저희가 전세를 살고 있었기때문에 증액한 금액까지 1순위다 걱정마라 부동산과 집주인 모두 말하셔서 싸인을 하고 돌아왔습니다.(통화 음성 녹음에도 이 내용이 있어요) 돌아오면서 검색해보니 증액한 금액은 3순위가 된다고 하고 보증보험에 들려고 했더니 후순위 대출하신 것 때문에 한도가 넘어 전세보증보험도 가입이 안된다고 해서 이 계약을 무효나 해지 시키고 싶은데요. (전세보증보험 안될 시 계약 무효로 한다는 별도의 특약같은건 몰라서 안넣은 상황입니다) 계약 당시 잘못된 정보 기준으로 인지하여 싸인을 했는데 이 경우에도 파기 시 계약금 지급이나 이런 이슈 없이 무효나 해지 개념으로 소송을 할 수 있을까요?,,jeonse_return,보증상품 전세보증금반환보증 | 주택유형 아파트 | 보증금구간 3억 이상 | 계약상태 계약중(종료예정) | 선순위권리 미상 | 반환보증 가입 | 분쟁유형 기타·일반문의 | 진행단계 소송제기 | 상황 전세보증보험 무효소송이나 계약해지가 가능할까요? 안녕하세요 저희가 이번에 기존에 전세로 살고 있던 집을 증액하여 전세계약을 다시 하기로 했습니다. 5천을 올려서 4억에 계약하기로 했는데 부동산에 가보니 얼마 전 저희가 살고 있는 아파트로 집주인분이 후순위 대출을 받았다고 하시더라고요. 잘 모르는 상태에서 대출이 있으면 위험하지않냐 저희가 후순위로 밀리지 않냐 물어봤지만 이미 저희가 전세를 살고 있었기때문에 증액한 금액까지 1순위다 걱정마라 부동산과 집주인 모두 말하셔서 싸인을 하고 돌아왔습니다.(통화 음성 녹음에도 이 내용이 있어요) 돌아오면서 검색해보니 증액한 금액은 3순위가 된다고 하고 보증보험에 들려고 했더니 후순위 대출하신 것 때문에 한도가 넘어 전세보증보험도 가입이 안된다고 해서 이 계약을 무효나 해지 시키고 싶은데요. (전세보증보험 안될 시 계약 무효로 한다는 별도의 특약같은건 몰라서 안넣은 상황입니다) 계약 당시 잘못된 정보 기준으로 인지하여 싸인을 했는데 이 경우에도 파기 시 계약금 지급이나 이런 이슈 없이 무효나 해지 개념으로 소송을 할 수 있을까요?,provided_synthetic_consultations
CASE-0442,G05,충북,청주시,1억 미만,계약중(종료예정),미상,미상,미상,묵시적갱신분쟁,상담·검토,210617~250617 묵시적 갱신중 2/28 전화통화 이후 집주인은 연락이 닿질 않고 있습니다 통화 내용이 모호한 거 같아 문자로 다시 한번 고지했으나 이후 잠적한 상황이에요 다행히 녹음은 하여 통화내용을요약하자면 6월에 계약끝나면 돈을 돌려주는건 맞는건데 4월 중순에 조금 일찍나가고 싶어서 세입자를 구해야하니 둘다 일단 매물을 내놓기로 했습니다 밑에는 내용 중에 중요한 멘트 같아서요ㅠㅠ 세입자 안구해지면 그냥 살까 한다고 했지만 그럼 1년만 더 살라는 말엔 ‘아니요’라고 확실히 말함 다른 세입자 못구하면 돈 못주냐는 물음에 당연히 기간되면(만기) 줘야지 라고 말함 만기보다 일찍 나가고 싶어 세입자 구하기 위해 서로 매물을 내놓기로 함 저의 궁금한 점은 6월 만기 때 재계약은 안하겠다고 말하진 않았으나 이전에 매물을 서로 내놓음으로써 재계약 안하는 의미로 확실히 받아들여지는지 입니다ㅠㅠ,1. 갱신거절의 의사표시가 명확한지에 대해서? / 된다안된다 ox찍어드리지는 않는다.,unknown,보증상품 보증상품 미확인 | 주택유형 미상 | 보증금구간 1억 미만 | 계약상태 계약중(종료예정) | 선순위권리 미상 | 반환보증 미상 | 분쟁유형 묵시적갱신분쟁 | 진행단계 상담·검토 | 상황 210617~250617 묵시적 갱신중 2/28 전화통화 이후 집주인은 연락이 닿질 않고 있습니다 통화 내용이 모호한 거 같아 문자로 다시 한번 고지했으나 이후 잠적한 상황이에요 다행히 녹음은 하여 통화내용을요약하자면 6월에 계약끝나면 돈을 돌려주는건 맞는건데 4월 중순에 조금 일찍나가고 싶어서 세입자를 구해야하니 둘다 일단 매물을 내놓기로 했습니다 밑에는 내용 중에 중요한 멘트 같아서요ㅠㅠ 세입자 안구해지면 그냥 살까 한다고 했지만 그럼 1년만 더 살라는 말엔 ‘아니요’라고 확실히 말함 다른 세입자 못구하면 돈 못주냐는 물음에 당연히 기간되면(만기) 줘야지 라고 말함 만기보다 일찍 나가고 싶어 세입자 구하기 위해 서로 매물을 내놓기로 함 저의 궁금한 점은 6월 만기 때 재계약은 안하겠다고 말하진 않았으나 이전에 매물을 서로 내놓음으로써 재계약 안하는 의미로 확실히 받아들여지는지 입니다ㅠㅠ | 특이사항 1. 갱신거절의 의사표시가 명확한지에 대해서? / 된다안된다 ox찍어드리지는 않는다.,provided_synthetic_consultations
CASE-0443,G05,미상,의왕시,3억 이상,계약중(종료예정),다세대주택,미상,미상,기타·일반문의,상담·검토,"21년 3월 첫 입주후 1차 만료에 집이 안나가 전세금을 돌려줄 수 없다고 하여, 집주인이 전세이자의 절반을 지원하는 년 연장을 하였습니다. 그러나 1년 뒤에도 세입자가 구해지지 않아 또 전세금을 돌려받지 못했고, 같은 년 연장 계약을 했습니다. (매년 전출 의사를 밝힘.) 그사이 이자가 며칠 늦어진 적은 있었으나 1월부터는 제가 독촉을 해야 핑계를 대고 미루다미루다 입금하였고, 2월분 부터는 아예 연락도 피하고 계속 돈을 주지 않고 있습니다. 내년 4월이 만기인데, 이대로는 이자분은 물론이고 전세금에 장기보수금까지 다 떼일것 같아 너무 불안하고 염려됩니다. 미리 대책을 마련해야 할 것 같은데, 역전세 현상으로 반환보증도 가입거절 당해 눈앞이 캄캄하네요, 지금부터 미리 준비해야할 것은 무엇인지, 계속 모르쇠로 잠수타는 집주인에게 어떡해야 밀린 이자금도 받고 전세금을 지킬 수 있는지 자문요청드립니다.",1. 다세대주택,unknown,"보증상품 보증상품 미확인 | 주택유형 다세대주택 | 보증금구간 3억 이상 | 계약상태 계약중(종료예정) | 선순위권리 미상 | 반환보증 미상 | 분쟁유형 기타·일반문의 | 진행단계 상담·검토 | 상황 21년 3월 첫 입주후 1차 만료에 집이 안나가 전세금을 돌려줄 수 없다고 하여, 집주인이 전세이자의 절반을 지원하는 년 연장을 하였습니다. 그러나 1년 뒤에도 세입자가 구해지지 않아 또 전세금을 돌려받지 못했고, 같은 년 연장 계약을 했습니다. (매년 전출 의사를 밝힘.) 그사이 이자가 며칠 늦어진 적은 있었으나 1월부터는 제가 독촉을 해야 핑계를 대고 미루다미루다 입금하였고, 2월분 부터는 아예 연락도 피하고 계속 돈을 주지 않고 있습니다. 내년 4월이 만기인데, 이대로는 이자분은 물론이고 전세금에 장기보수금까지 다 떼일것 같아 너무 불안하고 염려됩니다. 미리 대책을 마련해야 할 것 같은데, 역전세 현상으로 반환보증도 가입거절 당해 눈앞이 캄캄하네요, 지금부터 미리 준비해야할 것은 무엇인지, 계속 모르쇠로 잠수타는 집주인에게 어떡해야 밀린 이자금도 받고 전세금을 지킬 수 있는지 자문요청드립니다. | 특이사항 1. 다세대주택",provided_synthetic_consultations
CASE-0444,G05,경기,안양시,1억~2억,계약종료,오피스텔,선순위존재,미상,기타·일반문의,소송제기,"(1차) 2020.08.28~2022.08.28 계약(확정일자 o) (2차) 2022.08.29~2024.08.28 계약(확정일자 o) 전세 만기 직전 세입자 구하는 도중 등기부등본 떼어보니 가압류가 잡혀있었습니다. 내용증명 보냈고, 24년 10월에 임차권등기명령까지 한 상태이며, 소송은 따로 진행하지 않았습니다. 25년 3월 임대인이 가압류 해제위해 개인회생 신청중이라고 하는데 제가 이후에 어떤 행동을 취해야할지",1. 오피스텔 / 대항력있는 선순위임차인,unknown,"보증상품 보증상품 미확인 | 주택유형 오피스텔 | 보증금구간 1억~2억 | 계약상태 계약종료 | 선순위권리 선순위존재 | 반환보증 미상 | 분쟁유형 기타·일반문의 | 진행단계 소송제기 | 상황 (1차) 2020.08.28~2022.08.28 계약(확정일자 o) (2차) 2022.08.29~2024.08.28 계약(확정일자 o) 전세 만기 직전 세입자 구하는 도중 등기부등본 떼어보니 가압류가 잡혀있었습니다. 내용증명 보냈고, 24년 10월에 임차권등기명령까지 한 상태이며, 소송은 따로 진행하지 않았습니다. 25년 3월 임대인이 가압류 해제위해 개인회생 신청중이라고 하는데 제가 이후에 어떤 행동을 취해야할지 | 특이사항 1. 오피스텔 / 대항력있는 선순위임차인",provided_synthetic_consultations
CASE-0445,G05,서울,구로구,1억~2억,계약종료,다가구주택,근저당설정,미상,경매·공매,판결·집행,"다가구 무보험 22/2/25~24/2/24 계약이었으나 24년에 1년만 더 연장해달라는 부탁에 25/2/24까지 연장하였고, 반환불가하다하여 임차권등기 설정 완료한 상태입니다. 근저당 22년 9.12억 잡혀있고, 신축 첫 입주라 세입자 중 1순위 입니다. 지급명령or반환소 진행을 두고 고민입니다. 가압류를 걸거나 따로 더 해야할 액션이 있을까요? 건물 착공 시 집주인이 27억정도 사용했다고 하고 건물 공시지가는 8.1억, 토지는 평당 300만원 179억 나옵니다. AI 감정 돌려주는 사이트 보니 예상가 토지 20억 + 건물 7억으로 나옵니다 근저당(120% 계산시 7.6억)+최우선변제(6억) 합쳐서 13.6억 으로 계산되는데 반환소 승소 등 진행하고 나면 경매까지 밀어붙여도되는 상황일까요?",1. 대항력없는 후순위임차인 / 임차인 중에 1번,unknown,"보증상품 보증상품 미확인 | 주택유형 다가구주택 | 보증금구간 1억~2억 | 계약상태 계약종료 | 선순위권리 근저당설정 | 반환보증 미상 | 분쟁유형 경매·공매 | 진행단계 판결·집행 | 상황 다가구 무보험 22/2/25~24/2/24 계약이었으나 24년에 1년만 더 연장해달라는 부탁에 25/2/24까지 연장하였고, 반환불가하다하여 임차권등기 설정 완료한 상태입니다. 근저당 22년 9.12억 잡혀있고, 신축 첫 입주라 세입자 중 1순위 입니다. 지급명령or반환소 진행을 두고 고민입니다. 가압류를 걸거나 따로 더 해야할 액션이 있을까요? 건물 착공 시 집주인이 27억정도 사용했다고 하고 건물 공시지가는 8.1억, 토지는 평당 300만원 179억 나옵니다. AI 감정 돌려주는 사이트 보니 예상가 토지 20억 + 건물 7억으로 나옵니다 근저당(120% 계산시 7.6억)+최우선변제(6억) 합쳐서 13.6억 으로 계산되는데 반환소 승소 등 진행하고 나면 경매까지 밀어붙여도되는 상황일까요? | 특이사항 1. 대항력없는 후순위임차인 / 임차인 중에 1번",provided_synthetic_consultations
CASE-0446,G05,경기,김포시,1억~2억,계약종료,미상,미상,가입,보증금미반환,소송제기,임차권등기 명령 결정이 난 상태입니다. 이 다음 절차로 허그에 보증보험 이행청구를 해야하는지 아니면 보증금반환소송을 해야하는지 절차를 모르겠어요. 허그 보증보험 이행청구하는게 반환소송하는건지 헷갈리네요 ㅠ,1. 보증보험가입,unknown,보증상품 보증상품 미확인 | 주택유형 미상 | 보증금구간 1억~2억 | 계약상태 계약종료 | 선순위권리 미상 | 반환보증 가입 | 분쟁유형 보증금미반환 | 진행단계 소송제기 | 상황 임차권등기 명령 결정이 난 상태입니다. 이 다음 절차로 허그에 보증보험 이행청구를 해야하는지 아니면 보증금반환소송을 해야하는지 절차를 모르겠어요. 허그 보증보험 이행청구하는게 반환소송하는건지 헷갈리네요 ㅠ | 특이사항 1. 보증보험가입,provided_synthetic_consultations
CASE-0447,G05,미상,부평구,1억 미만,계약중(종료예정),다세대주택,선순위존재,미가입,경매·공매,소송제기,"보증보험x, 확정일자ㅇ 4월 30일 전세만기로 집주인에게 10월 25일 종료의사 밝혔고 사정이 어려워 외국에 있어 보증금반환이 어렵다고 답을 받았습니다. 그래서 보증금대신 집을 등기이전으로 받으려고 했으나(집주인동의함) 주소상 문제가 있어서 진행하지 않고있습니다. 2021년 4월 집계약당시 등기부등본상 주소가 22-9로 되어있었고 집실물과 일치하여 계약하고 살고 있었습니다. 그 후 보증보험을 가입하려고 등기부등본을 다시 발급받았더니 2021년 6월22일에 도로명주소변경이라고 적혀있고 22-11로 변경되어 있었습니다. 현재 살고있고 위치는 22-9인데, 등기부등본상 22-11로 변경된겁니다. 구청에 문의하니 도로명 부여를 잘못해서 변경된거라고 입주할때부터 옆동과 바꿔서 살고 있었던거라 자체적으로 주소변경은 해줄 수없다고 합니다. 2023년 대출연장을 위해 등본에 주소 정정신청을하고 연장되어 살고있는 중입니다. 다른곳에서 자문 받아보니 소송후 압류되어 경매로 넘어가도 서류상과 실거주주소가 달라 경매진행이 되지않을 가능성이 높다고 합니다. 이경우 어떻게 해결해야 보증금을 돌려받을 수 있을까요. 등기이전을 받고 주소를 행정소송으로 돌려놓은 후 매매하는 것이 나을까요",1. 다세대주택 / 대항력있는 선순위임차인,unknown,"보증상품 보증상품 미확인 | 주택유형 다세대주택 | 보증금구간 1억 미만 | 계약상태 계약중(종료예정) | 선순위권리 선순위존재 | 반환보증 미가입 | 분쟁유형 경매·공매 | 진행단계 소송제기 | 상황 보증보험x, 확정일자ㅇ 4월 30일 전세만기로 집주인에게 10월 25일 종료의사 밝혔고 사정이 어려워 외국에 있어 보증금반환이 어렵다고 답을 받았습니다. 그래서 보증금대신 집을 등기이전으로 받으려고 했으나(집주인동의함) 주소상 문제가 있어서 진행하지 않고있습니다. 2021년 4월 집계약당시 등기부등본상 주소가 22-9로 되어있었고 집실물과 일치하여 계약하고 살고 있었습니다. 그 후 보증보험을 가입하려고 등기부등본을 다시 발급받았더니 2021년 6월22일에 도로명주소변경이라고 적혀있고 22-11로 변경되어 있었습니다. 현재 살고있고 위치는 22-9인데, 등기부등본상 22-11로 변경된겁니다. 구청에 문의하니 도로명 부여를 잘못해서 변경된거라고 입주할때부터 옆동과 바꿔서 살고 있었던거라 자체적으로 주소변경은 해줄 수없다고 합니다. 2023년 대출연장을 위해 등본에 주소 정정신청을하고 연장되어 살고있는 중입니다. 다른곳에서 자문 받아보니 소송후 압류되어 경매로 넘어가도 서류상과 실거주주소가 달라 경매진행이 되지않을 가능성이 높다고 합니다. 이경우 어떻게 해결해야 보증금을 돌려받을 수 있을까요. 등기이전을 받고 주소를 행정소송으로 돌려놓은 후 매매하는 것이 나을까요 | 특이사항 1. 다세대주택 / 대항력있는 선순위임차인",provided_synthetic_consultations
CASE-0448,G05,경기,성남시,3억 이상,계약중(종료예정),오피스텔,근저당설정,가입,보증금미반환,소송제기,"특약에 \`압류, 가압류, 근저당 등 하자없는 조건을 유지해야 한다\` 라는 조항이 있으나 압류(세금미납으로 인한 압류로 보임)관련 2건이 있음. 특약위반으로 중도계약 해지하고 전세금반환 받고 싶어 소송하고 싶습니다. 자세한 상담",1. 오피스텔 / 허그전세보증금반환보증가입,jeonse_return,"보증상품 전세보증금반환보증 | 주택유형 오피스텔 | 보증금구간 3억 이상 | 계약상태 계약중(종료예정) | 선순위권리 근저당설정 | 반환보증 가입 | 분쟁유형 보증금미반환 | 진행단계 소송제기 | 상황 특약에 \`압류, 가압류, 근저당 등 하자없는 조건을 유지해야 한다\` 라는 조항이 있으나 압류(세금미납으로 인한 압류로 보임)관련 2건이 있음. 특약위반으로 중도계약 해지하고 전세금반환 받고 싶어 소송하고 싶습니다. 자세한 상담 | 특이사항 1. 오피스텔 / 허그전세보증금반환보증가입",provided_synthetic_consultations
CASE-0449,G05,인천,계양구,1억~2억,계약중(종료예정),미상,압류·가압류,가입,기타·일반문의,상담·검토,집주인은 돈이없다 돌려줄수없다는 입장이고 등기부등본을 열어보니 압류되엇다고 나와있습니다. 현재 hug통해 보증보험 가입된 상태이고 어떻게 진행하면 좋을지,,unknown,보증상품 보증상품 미확인 | 주택유형 미상 | 보증금구간 1억~2억 | 계약상태 계약중(종료예정) | 선순위권리 압류·가압류 | 반환보증 가입 | 분쟁유형 기타·일반문의 | 진행단계 상담·검토 | 상황 집주인은 돈이없다 돌려줄수없다는 입장이고 등기부등본을 열어보니 압류되엇다고 나와있습니다. 현재 hug통해 보증보험 가입된 상태이고 어떻게 진행하면 좋을지,provided_synthetic_consultations
CASE-0450,G05,서울,광진구,2억~3억,계약중(종료예정),다세대주택,근저당설정,미상,전세사기,소송제기,"현재 위주소에 실거주 중 (확정일자, 전입신고 완료) 임대인이 부부공동명의 였으나 남편이 사고로 사망하였으며 채무가 많아 부인이 상속포기하고 자신도 파산신청할 예정이라는 문자를 받음 계약은 25년 7월만기로 계약종료 및 전세금 반환 요청 함. 현 건물은 다세대주택으로 현재 12가구가 등기되어 있음. 등기부등본 상 토지 및 201, 503, 공동담보로 근저당 최대 427백이 설정되어 있음 (강동농협) 이외에는 근저당 없는것으로 확인됨 자체 파악한 것으로는 고인이 공동명의로 소유한 건물(집합건물)이 이곳 외에 2곳이 더 있는 것으로 알고 있음 (채) Q1- 근저당이 있는 상태인데, 제가 대항력 있는 선순위 임차인 인가요? Q2- 현상활에서 보증금 반환을 위해 제가 해야하는 조치는 무엇이 있나요? - 전세사기 신고가 가능한가요? - 임대인 명의의 남은 재산 가압류 필요성 이 있나요? 가능한가요? - 보증금 반환 소송의 필요성? 있다면 어떻게? Q3- 파산신청 시 별재권행사를 하라는데 가능한가요? - 파산면책에 대해 적극적인 이의제기를 하라는데 어떻게 해야하나요? - 파산관재인에게 보증금을 청구하라는데 파산관재인은 누가 배정되는건가요? 청구는 어떻게? Q4- 경매는 근저당권자인 농협이 신청하나요? - 우선변재권 확보하면 경매시 다른채권보다 먼저 보증금 반환이 가능하다는데 저희경우에도 가능한가요? - 제가 직접 경매에 참여 하는것도 방법인가요? 기타 제가 할 수 있는 방법이 있으면 알려주세요 ㅜㅜ",1. 다세대주택 / 전체를 다 임대인이 소유,unknown,"보증상품 보증상품 미확인 | 주택유형 다세대주택 | 보증금구간 2억~3억 | 계약상태 계약중(종료예정) | 선순위권리 근저당설정 | 반환보증 미상 | 분쟁유형 전세사기 | 진행단계 소송제기 | 상황 현재 위주소에 실거주 중 (확정일자, 전입신고 완료) 임대인이 부부공동명의 였으나 남편이 사고로 사망하였으며 채무가 많아 부인이 상속포기하고 자신도 파산신청할 예정이라는 문자를 받음 계약은 25년 7월만기로 계약종료 및 전세금 반환 요청 함. 현 건물은 다세대주택으로 현재 12가구가 등기되어 있음. 등기부등본 상 토지 및 201, 503, 공동담보로 근저당 최대 427백이 설정되어 있음 (강동농협) 이외에는 근저당 없는것으로 확인됨 자체 파악한 것으로는 고인이 공동명의로 소유한 건물(집합건물)이 이곳 외에 2곳이 더 있는 것으로 알고 있음 (채) Q1- 근저당이 있는 상태인데, 제가 대항력 있는 선순위 임차인 인가요? Q2- 현상활에서 보증금 반환을 위해 제가 해야하는 조치는 무엇이 있나요? - 전세사기 신고가 가능한가요? - 임대인 명의의 남은 재산 가압류 필요성 이 있나요? 가능한가요? - 보증금 반환 소송의 필요성? 있다면 어떻게? Q3- 파산신청 시 별재권행사를 하라는데 가능한가요? - 파산면책에 대해 적극적인 이의제기를 하라는데 어떻게 해야하나요? - 파산관재인에게 보증금을 청구하라는데 파산관재인은 누가 배정되는건가요? 청구는 어떻게? Q4- 경매는 근저당권자인 농협이 신청하나요? - 우선변재권 확보하면 경매시 다른채권보다 먼저 보증금 반환이 가능하다는데 저희경우에도 가능한가요? - 제가 직접 경매에 참여 하는것도 방법인가요? 기타 제가 할 수 있는 방법이 있으면 알려주세요 ㅜㅜ | 특이사항 1. 다세대주택 / 전체를 다 임대인이 소유",provided_synthetic_consultations
CASE-0451,G05,서울,종로구,1억~2억,계약중(종료예정),미상,미상,가입,묵시적갱신분쟁,판결·집행,"임대인 사망으로 보증금을 돌려받지 못하는 상황이라, 법률 상담 요청하게 되었습니다. [상황] - 전세계약기간 : 2022.03.30 ~ 2024.03.30(기간이 얼마 남지 않아 묵시적 계약 예정 - 임대인은 11월 사망, 현재 자녀 1명이 한정승인 절차 진행중으로 판결문이 나오진 않음.(다른 형제는 상속포기, 정확한 형제자매 관계는 파악하지 못함.) - 사망한 임대인 연락처로 자녀와 연락하고 있음. - 한정승인 절차 진행중인 임대인 자녀가 보증금을 돌려줄 돈은 없어서 보증보험으로 반환 받으라고 함. 현재 묵시적으로 연장 진행하고 있으나, 가능한 빠르게 보증보험 이행청구를 하여 불안감을 해소하고 싶습니다. 한정승인 절차가 진행중인 상태에서 보증보험 이행청구는 불가능할지, 지금 단계에서는 어떤 절차를 진행하거나 준비해야할지",,unknown,"보증상품 보증상품 미확인 | 주택유형 미상 | 보증금구간 1억~2억 | 계약상태 계약중(종료예정) | 선순위권리 미상 | 반환보증 가입 | 분쟁유형 묵시적갱신분쟁 | 진행단계 판결·집행 | 상황 임대인 사망으로 보증금을 돌려받지 못하는 상황이라, 법률 상담 요청하게 되었습니다. [상황] - 전세계약기간 : 2022.03.30 ~ 2024.03.30(기간이 얼마 남지 않아 묵시적 계약 예정 - 임대인은 11월 사망, 현재 자녀 1명이 한정승인 절차 진행중으로 판결문이 나오진 않음.(다른 형제는 상속포기, 정확한 형제자매 관계는 파악하지 못함.) - 사망한 임대인 연락처로 자녀와 연락하고 있음. - 한정승인 절차 진행중인 임대인 자녀가 보증금을 돌려줄 돈은 없어서 보증보험으로 반환 받으라고 함. 현재 묵시적으로 연장 진행하고 있으나, 가능한 빠르게 보증보험 이행청구를 하여 불안감을 해소하고 싶습니다. 한정승인 절차가 진행중인 상태에서 보증보험 이행청구는 불가능할지, 지금 단계에서는 어떤 절차를 진행하거나 준비해야할지",provided_synthetic_consultations
CASE-0452,G05,서울,금천구,1억~2억,계약종료,다가구주택,근저당설정,미상,경매·공매,판결·집행,"작년 7월중 이사를 위해 주인에게 연락했을 때 공동명의인 다른 주인의 사망으로 보증금을 돌려줄 수 없다고 통보 받아 바로 전세금반환소송 + 임차권 등기를 신청하였고, 3월말에 선고기일이 잡혔습니다. 이 건물은 20세대 조금 안되고, 작년 말 기준으로 근저당 채권최고액 10억8천, 확정일자 순위 임차권 9천만원 있고 제가 그 다음으로 확인 되었습니다. 최초 채권자 강구수산업협동조합에서 주식회사우드랜드자산관리대부 라는 회사로 근저당이 이전되었고, 채권액은 8억1240만 입니다. 제가 알기로 선고 후 2주내 항소 없을 시 판결문 확정이 난다고 하는데 판결문 확정 이후 채권 추심같은 후속조치가 필요할 것 같습니다. 해당 건물은 다가구 주택이며 임의경매 진행중이고, 매각기일은 25년 6~7월중이라고 들었습니다. 제가 알아본 바에 의하면 저 집주인이 대표로 있는 건설회사에서 빌라를 여러채 짓고 깡통전세로 돌린 것들이 다 경매로 넘어간 상황이고 약 10채정도에 피해자는 100세대가 넘어가고 있는것으로 확인되었습니다. 판결문 확정 이후 어떤 조치가 필요할지 자문을 구합니다.",,unknown,"보증상품 보증상품 미확인 | 주택유형 다가구주택 | 보증금구간 1억~2억 | 계약상태 계약종료 | 선순위권리 근저당설정 | 반환보증 미상 | 분쟁유형 경매·공매 | 진행단계 판결·집행 | 상황 작년 7월중 이사를 위해 주인에게 연락했을 때 공동명의인 다른 주인의 사망으로 보증금을 돌려줄 수 없다고 통보 받아 바로 전세금반환소송 + 임차권 등기를 신청하였고, 3월말에 선고기일이 잡혔습니다. 이 건물은 20세대 조금 안되고, 작년 말 기준으로 근저당 채권최고액 10억8천, 확정일자 순위 임차권 9천만원 있고 제가 그 다음으로 확인 되었습니다. 최초 채권자 강구수산업협동조합에서 주식회사우드랜드자산관리대부 라는 회사로 근저당이 이전되었고, 채권액은 8억1240만 입니다. 제가 알기로 선고 후 2주내 항소 없을 시 판결문 확정이 난다고 하는데 판결문 확정 이후 채권 추심같은 후속조치가 필요할 것 같습니다. 해당 건물은 다가구 주택이며 임의경매 진행중이고, 매각기일은 25년 6~7월중이라고 들었습니다. 제가 알아본 바에 의하면 저 집주인이 대표로 있는 건설회사에서 빌라를 여러채 짓고 깡통전세로 돌린 것들이 다 경매로 넘어간 상황이고 약 10채정도에 피해자는 100세대가 넘어가고 있는것으로 확인되었습니다. 판결문 확정 이후 어떤 조치가 필요할지 자문을 구합니다.",provided_synthetic_consultations
CASE-0453,G05,대구,대구,1억~2억,계약중(종료예정),미상,미상,가입,기타·일반문의,HUG이행청구,2월 24일자에 전세2년 만기되어 기존 조건 동일하게 전세연장을 하였고 3월에 대출 연장건때문에 은행 방문 하였는데 허그 조건이 바뀌어 기존 계약서에 문구 추가 해야한다고 했고 (2년 연장 내용)추가서류 까지 모두 제출했습니다 근데 3월14일 밤에 은행에서 보증보험 가입이 거절되어 연장이 어렵다. 라고 이야기를 하고 주인과 이야기해 금액을 낮춰라 그러면 보증보험 가능하다 라고 답변을 받아 집주인에게 연락 드렸으나 나는 낮추기 싫다 나갈꺼면 다음 세입자 구하고 나가라! 가 된 상태입니다 2년 전 시세와 비교했을때와 시세가 달라져 보증보험 거절이 된 상태인데 은행에서는 20일에 대출 연장이 되어야 한다! 근데 알게 된건 14일 밤 심지어 주말입니다 ㅜㅠㅠ 당장 9600 만원을 갚아야 한다고 하는데 혹시 방법이 없을까요 ㅠㅠ,,unknown,보증상품 보증상품 미확인 | 주택유형 미상 | 보증금구간 1억~2억 | 계약상태 계약중(종료예정) | 선순위권리 미상 | 반환보증 가입 | 분쟁유형 기타·일반문의 | 진행단계 HUG이행청구 | 상황 2월 24일자에 전세2년 만기되어 기존 조건 동일하게 전세연장을 하였고 3월에 대출 연장건때문에 은행 방문 하였는데 허그 조건이 바뀌어 기존 계약서에 문구 추가 해야한다고 했고 (2년 연장 내용)추가서류 까지 모두 제출했습니다 근데 3월14일 밤에 은행에서 보증보험 가입이 거절되어 연장이 어렵다. 라고 이야기를 하고 주인과 이야기해 금액을 낮춰라 그러면 보증보험 가능하다 라고 답변을 받아 집주인에게 연락 드렸으나 나는 낮추기 싫다 나갈꺼면 다음 세입자 구하고 나가라! 가 된 상태입니다 2년 전 시세와 비교했을때와 시세가 달라져 보증보험 거절이 된 상태인데 은행에서는 20일에 대출 연장이 되어야 한다! 근데 알게 된건 14일 밤 심지어 주말입니다 ㅜㅠㅠ 당장 9600 만원을 갚아야 한다고 하는데 혹시 방법이 없을까요 ㅠㅠ,provided_synthetic_consultations
CASE-0454,G05,서울,관악구,1억~2억,계약중(종료예정),미상,미상,미상,경매·공매,소송제기,"1. 등기부등본상 \`건물\` 인 물건지 입니다. 2. 다음세입자가 들어오지 않아 묵시적 연장으로 살고 있는 세입자들이 4가구 정도 있습니다 3. 그 중 한가구가 임차권등기명령을 하고, 보증금반환소송을 진행한것으로 보입니다. 강제경매개시결정 등기된 상태입니다. 4. 내년 2월 1일 계약기간 만료인데, 어떻게 대처해야 할지 미리 대비하고 싶습니다.",1. 조호성 = 은행원,unknown,"보증상품 보증상품 미확인 | 주택유형 미상 | 보증금구간 1억~2억 | 계약상태 계약중(종료예정) | 선순위권리 미상 | 반환보증 미상 | 분쟁유형 경매·공매 | 진행단계 소송제기 | 상황 1. 등기부등본상 \`건물\` 인 물건지 입니다. 2. 다음세입자가 들어오지 않아 묵시적 연장으로 살고 있는 세입자들이 4가구 정도 있습니다 3. 그 중 한가구가 임차권등기명령을 하고, 보증금반환소송을 진행한것으로 보입니다. 강제경매개시결정 등기된 상태입니다. 4. 내년 2월 1일 계약기간 만료인데, 어떻게 대처해야 할지 미리 대비하고 싶습니다. | 특이사항 1. 조호성 = 은행원",provided_synthetic_consultations
CASE-0455,G05,서울,관악구,1억~2억,계약중(종료예정),미상,미상,미상,기타·일반문의,임차권등기,"1. 계약 만료 전 까지 1년 가량 남았는데, 강제집해개시결정 됐다고 합니다. 임차권등기명령 신청 가능한가요? 2. 임차권등기명령 신청 후 계약날짜까지 계속 주거 해도 괜찮나요?",1. 조호성과 같은집 임차인,unknown,"보증상품 보증상품 미확인 | 주택유형 미상 | 보증금구간 1억~2억 | 계약상태 계약중(종료예정) | 선순위권리 미상 | 반환보증 미상 | 분쟁유형 기타·일반문의 | 진행단계 임차권등기 | 상황 1. 계약 만료 전 까지 1년 가량 남았는데, 강제집해개시결정 됐다고 합니다. 임차권등기명령 신청 가능한가요? 2. 임차권등기명령 신청 후 계약날짜까지 계속 주거 해도 괜찮나요? | 특이사항 1. 조호성과 같은집 임차인",provided_synthetic_consultations
CASE-0456,G05,경남,진주시,2억~3억,계약종료,오피스텔,근저당설정,미상,전세사기,소송제기,깡통전세인줄도 모르고 계약 이사당일 잔금치룸 잔세대출 1억7천 6백있음 만기가 25년 올해 8월 17일임 21.08.17일 계약 확정일자 전입식고 완료 23.1.27 가압류시작 여러건 등록 현 25.3월 집주인 파산관제소에서 연락이 옮 지금 사는 집을 관제소에서 매매 계약하자고함 2억2천 5백만원으로 거래하되 가입류건 모두 삭제해주기로함 궁금한사항 파산관제소와 매매계약을 해도 되는지 주의사항이 뭔지 알고싶음 오피스텔 업무시설로 매매계약서에 되어있지만 전입신고하고 주거용 오피스텔이라고 하는데 맞는지 부과세나 제가 혹시 내야할 금액이 더 생기는지 알고싶음 파산관제소랑 계약시 주의사항이나 계약서 작성시 필요한 내용 알고싶음 전세만기가 8월이라 어쩔슈없이 이집을 받아야하는데 더 좋은 방법이 있는지 궁금합니다 작년 9월에 강제경매를 신청해놨는게 아직 시작도 않했고 8월전세대출 만기까지 경매진행이 안될수있어 파산관제소와 매매계약을 생각합니다 경매가 더 낳은건지 파산관제인에 5백만원 더주고 매매하는게 낫는지도 궁금합니다 전세사기피햐자 요청이 가능한지 알고싶어요 작년에 했을때 부결이 났습니다 주인이 1주택이라 조건에 맞지않는다는거 같아요 젤 중요한 파산관제인과 매매 계약시 유의사항 혹시나 계약해서 제가 또 피해볼 사항이있는지 부탁드립니다 추가로 적어드려요 강제경매소송을 했고 전세자금 반환소송까지 맞쳤급니다 1순위이고 우선 변제권갖추고있다고합니다 파산관제소에서 매매를 할때 가압류는 다 삭제되고 근저당은 없다고하네요,1. 매매호가 2.2억,unknown,보증상품 보증상품 미확인 | 주택유형 오피스텔 | 보증금구간 2억~3억 | 계약상태 계약종료 | 선순위권리 근저당설정 | 반환보증 미상 | 분쟁유형 전세사기 | 진행단계 소송제기 | 상황 깡통전세인줄도 모르고 계약 이사당일 잔금치룸 잔세대출 1억7천 6백있음 만기가 25년 올해 8월 17일임 21.08.17일 계약 확정일자 전입식고 완료 23.1.27 가압류시작 여러건 등록 현 25.3월 집주인 파산관제소에서 연락이 옮 지금 사는 집을 관제소에서 매매 계약하자고함 2억2천 5백만원으로 거래하되 가입류건 모두 삭제해주기로함 궁금한사항 파산관제소와 매매계약을 해도 되는지 주의사항이 뭔지 알고싶음 오피스텔 업무시설로 매매계약서에 되어있지만 전입신고하고 주거용 오피스텔이라고 하는데 맞는지 부과세나 제가 혹시 내야할 금액이 더 생기는지 알고싶음 파산관제소랑 계약시 주의사항이나 계약서 작성시 필요한 내용 알고싶음 전세만기가 8월이라 어쩔슈없이 이집을 받아야하는데 더 좋은 방법이 있는지 궁금합니다 작년 9월에 강제경매를 신청해놨는게 아직 시작도 않했고 8월전세대출 만기까지 경매진행이 안될수있어 파산관제소와 매매계약을 생각합니다 경매가 더 낳은건지 파산관제인에 5백만원 더주고 매매하는게 낫는지도 궁금합니다 전세사기피햐자 요청이 가능한지 알고싶어요 작년에 했을때 부결이 났습니다 주인이 1주택이라 조건에 맞지않는다는거 같아요 젤 중요한 파산관제인과 매매 계약시 유의사항 혹시나 계약해서 제가 또 피해볼 사항이있는지 부탁드립니다 추가로 적어드려요 강제경매소송을 했고 전세자금 반환소송까지 맞쳤급니다 1순위이고 우선 변제권갖추고있다고합니다 파산관제소에서 매매를 할때 가압류는 다 삭제되고 근저당은 없다고하네요 | 특이사항 1. 매매호가 2.2억,provided_synthetic_consultations
CASE-0457,G05,부산,서구,1억~2억,계약종료,미상,미상,미가입,기타·일반문의,임차권등기,계약기간은 2023.2.20 ~ 2025.2.20 일까지입니다. 확정일자와 계약에서는 문제가 없이 진행되었지만 집주인이 법인이라서 허그 보증보험을 집주인이 들었습니다. 이 보증보험이 2025.1.27일에 만료가 되어 집주인이 연장신청을 하였다고 하는데 아직 연장이 되지 않았고 돈을 허그에서 받으라고 하며 돈을 주지 않고 있습니다. 현재 임차권등기명령이 결정문이 왔고 1개월 지난 3.21일에 부산지점 허그에 방문하여 이행청구를 하려고 합니다. 아직 연장신청중인 보증보험으로 이행청구를 할 수 있는지와 그게 되지 않는다면 임차인개별연장 신청을 통해 이행청구에 이상이 없게 할 수 있을지가,,unknown,보증상품 보증상품 미확인 | 주택유형 미상 | 보증금구간 1억~2억 | 계약상태 계약종료 | 선순위권리 미상 | 반환보증 미가입 | 분쟁유형 기타·일반문의 | 진행단계 임차권등기 | 상황 계약기간은 2023.2.20 ~ 2025.2.20 일까지입니다. 확정일자와 계약에서는 문제가 없이 진행되었지만 집주인이 법인이라서 허그 보증보험을 집주인이 들었습니다. 이 보증보험이 2025.1.27일에 만료가 되어 집주인이 연장신청을 하였다고 하는데 아직 연장이 되지 않았고 돈을 허그에서 받으라고 하며 돈을 주지 않고 있습니다. 현재 임차권등기명령이 결정문이 왔고 1개월 지난 3.21일에 부산지점 허그에 방문하여 이행청구를 하려고 합니다. 아직 연장신청중인 보증보험으로 이행청구를 할 수 있는지와 그게 되지 않는다면 임차인개별연장 신청을 통해 이행청구에 이상이 없게 할 수 있을지가,provided_synthetic_consultations
CASE-0458,G05,인천,연수구,1억~2억,계약종료,오피스텔,근저당설정,미상,기타·일반문의,소송제기,"우선순위 근저당 1.7억이 있으며,주택 임차권 등기 마쳤음. 최소우선변제금액 조건이 안되는 것 같은데, 본인이 보증금 회수 할 수 있는 최선방법은? 법원지급명령 신청을 바로 하는것이 좋을지?",1. 선순위근저당 있는 상태에서 계약 / 대항력없는 후순위오피스텔 임차인,unknown,"보증상품 보증상품 미확인 | 주택유형 오피스텔 | 보증금구간 1억~2억 | 계약상태 계약종료 | 선순위권리 근저당설정 | 반환보증 미상 | 분쟁유형 기타·일반문의 | 진행단계 소송제기 | 상황 우선순위 근저당 1.7억이 있으며,주택 임차권 등기 마쳤음. 최소우선변제금액 조건이 안되는 것 같은데, 본인이 보증금 회수 할 수 있는 최선방법은? 법원지급명령 신청을 바로 하는것이 좋을지? | 특이사항 1. 선순위근저당 있는 상태에서 계약 / 대항력없는 후순위오피스텔 임차인",provided_synthetic_consultations
CASE-0459,G05,부산,사하구,2억~3억,미상,미상,미상,미상,기타·일반문의,소송제기,작년5월 계약 종료라서 계약 해지 통보 했으나 좀 기다려달라하더니 개인회생을 해버렸습니다 저희는 올해 6월에 청약된 집에 들어갈 예정인데 집주인은 매매를 2억 8천에 내놨지만 보러오는 사람이 없고 전세를 놓고 나머지 금액을 구해서 달라니까는 돈이 없다고 전화를 끊어버린 상황이구요 집주인이 더이상은 다른 방법은 생각하지 않고 있습니다 집이 안팔릴 경우 저희가 할수있는 방법이 어떤건지 알고싶습니다 임차권 등기 소송을 하면은 변호사비용 및 소송비용과 지금 전세금은 대출이 없지마는 새집에 들어가기위해 보금자리론을 신청할 계획인데 전세금을 못받으면 대출금이 높아지므로 거기에 대한 이자도 받을수있는지와 기간이 어느정도 걸리는지 궁금합니다 혹시나 집이 팔리게 되면은 전세금을 어떤식으로 받아야되는지 주의해야 할 점이 있는지도,1. 매매가 2.8억 / 깡통주택아니고 우선변제권있음,unknown,보증상품 보증상품 미확인 | 주택유형 미상 | 보증금구간 2억~3억 | 계약상태 미상 | 선순위권리 미상 | 반환보증 미상 | 분쟁유형 기타·일반문의 | 진행단계 소송제기 | 상황 작년5월 계약 종료라서 계약 해지 통보 했으나 좀 기다려달라하더니 개인회생을 해버렸습니다 저희는 올해 6월에 청약된 집에 들어갈 예정인데 집주인은 매매를 2억 8천에 내놨지만 보러오는 사람이 없고 전세를 놓고 나머지 금액을 구해서 달라니까는 돈이 없다고 전화를 끊어버린 상황이구요 집주인이 더이상은 다른 방법은 생각하지 않고 있습니다 집이 안팔릴 경우 저희가 할수있는 방법이 어떤건지 알고싶습니다 임차권 등기 소송을 하면은 변호사비용 및 소송비용과 지금 전세금은 대출이 없지마는 새집에 들어가기위해 보금자리론을 신청할 계획인데 전세금을 못받으면 대출금이 높아지므로 거기에 대한 이자도 받을수있는지와 기간이 어느정도 걸리는지 궁금합니다 혹시나 집이 팔리게 되면은 전세금을 어떤식으로 받아야되는지 주의해야 할 점이 있는지도 | 특이사항 1. 매매가 2.8억 / 깡통주택아니고 우선변제권있음,provided_synthetic_consultations
CASE-0460,G05,서울,성북구,1억~2억,계약중(종료예정),다세대주택,미상,가입,묵시적갱신분쟁,HUG이행청구,"! 네이버카페 전세세입자모임 가입하고 상담이 가능하다고 해서 연락드립니다~ 21년4월14일부터 23년4월14일 계약하고 년4월14일부터 25년4월14일까지 연장계약했습니다. 이번에도 연장하려고 은행에 2월20일에 가봤더니 연장불가능하다고 하여 집주인분께 만기 53일전에 연락드렸고 부동산에 집 내놓으라고 하셔서 여러 부동산에 내놨습니다. 점점 만기일자는 다가오는데 집주인분은 다음 세입자가 구해지지않으면 보증금 줄수없다는 입장이시고, 저도 두달전에 해지통보를 한게 아니라서 일단은 추후 해결방안 알아보며 기다리는 중입니다. HF전세보증보험 가입되어있고 보증기간은 25년5월20일까지 이고, 은행에 가봤을때 이행청구조건로 대출 3개월연장해준다고 합니다. 궁금한 점은 1. 묵시적갱신중에 해지통보는 3개월 후에 효력발생한다고 알고있습니다. 제가 2월20일에 해지통보했고 3개월 후 5월20일에 효력발생하게 되는데 보증보험만기날짜도 5월20일입니다. 이 경우 이행청구 가능한가요?? 2. 계약당시부터 계약서상 임대인과는 단 한번도 연락해보지못했고, 임대인어머님이 실관리자이셨고 임대인분께 연락을해도 항상 임대인어머님이 다시 딸한테 연락하지말고 본인한테 연락하라고 연락이 왔습니다. 집 누수되어 공사필요할때도 임대인과는 연락이 되지않고 임대인어머님과 연락했는데 이번 2월20일에 해지통보했을때도 임대인어머님께 연락을 했습니다. 혹시몰라 계약서상 임대인에게 해지통보 문자보냈는데 바로 임대인어머님께서 본인한테 연락하라고 전화가 온 상황인데 2월20일에 임대인어머님께 연락한것도 효력발생할까요? 3. 25년 4월14일에 저희 어머니가 매매하신 집으로 이사가게 되는데 보증금을 받지못한다면 짐을 다 빼지않고 전입도 유지해야하나요? 4. 이러한 상황에서 제가 보증금 받을수있는 방법이 있을지",1. 다세대 / 대항력있는 임차인,jeonse_return,"보증상품 전세보증금반환보증 | 주택유형 다세대주택 | 보증금구간 1억~2억 | 계약상태 계약중(종료예정) | 선순위권리 미상 | 반환보증 가입 | 분쟁유형 묵시적갱신분쟁 | 진행단계 HUG이행청구 | 상황 ! 네이버카페 전세세입자모임 가입하고 상담이 가능하다고 해서 연락드립니다~ 21년4월14일부터 23년4월14일 계약하고 년4월14일부터 25년4월14일까지 연장계약했습니다. 이번에도 연장하려고 은행에 2월20일에 가봤더니 연장불가능하다고 하여 집주인분께 만기 53일전에 연락드렸고 부동산에 집 내놓으라고 하셔서 여러 부동산에 내놨습니다. 점점 만기일자는 다가오는데 집주인분은 다음 세입자가 구해지지않으면 보증금 줄수없다는 입장이시고, 저도 두달전에 해지통보를 한게 아니라서 일단은 추후 해결방안 알아보며 기다리는 중입니다. HF전세보증보험 가입되어있고 보증기간은 25년5월20일까지 이고, 은행에 가봤을때 이행청구조건로 대출 3개월연장해준다고 합니다. 궁금한 점은 1. 묵시적갱신중에 해지통보는 3개월 후에 효력발생한다고 알고있습니다. 제가 2월20일에 해지통보했고 3개월 후 5월20일에 효력발생하게 되는데 보증보험만기날짜도 5월20일입니다. 이 경우 이행청구 가능한가요?? 2. 계약당시부터 계약서상 임대인과는 단 한번도 연락해보지못했고, 임대인어머님이 실관리자이셨고 임대인분께 연락을해도 항상 임대인어머님이 다시 딸한테 연락하지말고 본인한테 연락하라고 연락이 왔습니다. 집 누수되어 공사필요할때도 임대인과는 연락이 되지않고 임대인어머님과 연락했는데 이번 2월20일에 해지통보했을때도 임대인어머님께 연락을 했습니다. 혹시몰라 계약서상 임대인에게 해지통보 문자보냈는데 바로 임대인어머님께서 본인한테 연락하라고 전화가 온 상황인데 2월20일에 임대인어머님께 연락한것도 효력발생할까요? 3. 25년 4월14일에 저희 어머니가 매매하신 집으로 이사가게 되는데 보증금을 받지못한다면 짐을 다 빼지않고 전입도 유지해야하나요? 4. 이러한 상황에서 제가 보증금 받을수있는 방법이 있을지 | 특이사항 1. 다세대 / 대항력있는 임차인",provided_synthetic_consultations
CASE-0461,G05,서울,강동구,1억 미만,계약종료,다가구주택,미상,미상,전세사기,소송제기,"저희 아들 원룸입니다. 확정일자 24.2.25. 종료25.2.25. (계약시 군입대 년만 계약함) (보증금 못받아 군입대 미루고 거주중입니다) 24.9월 경매안내 받고. 24.9.24.배당신청. 24.12.22.연장 안한다고 내용증명, 문자 보냈으나 답없고 반송 상황. 24.12월 집주인이 다른건으로 구속중이라고 합니다. 25.1.22.전세사기 피해자 신청(아직 결정 전) 현재 경매진행상황 25.2.22.본인에게 경매개시 결정본 도달이라고 뜹니다. 경매진행은 길면 1년이상이라고 합니다. 중개사는 저희는 최우선변제권이 적용되니 걱정말라고만 합니다. 일단 믿을수가 없고. 1년이고 2년이고 돈을 받을때까지 학교를 다녀야하는지 질문1. 경매가 순조로우면 다행인데 더 늦어지거나 불발되면 점유를 포기하고 임차권등기로 하는게 맞을까요? 질문2. 임차권등기를 하면 최우선 변제권을 상실하는건가요? 총 정도 되는데 등기를 하게되면 저희가 확정일자순으로는 꼴지라서요 질문3.어떤 경우에 소송으로 진행해야하나요? 바쁘시겠지만 한번 살펴봐 주십시오.",1. 다가구 / 대항력없는 후순위임차인,unknown,"보증상품 보증상품 미확인 | 주택유형 다가구주택 | 보증금구간 1억 미만 | 계약상태 계약종료 | 선순위권리 미상 | 반환보증 미상 | 분쟁유형 전세사기 | 진행단계 소송제기 | 상황 저희 아들 원룸입니다. 확정일자 24.2.25. 종료25.2.25. (계약시 군입대 년만 계약함) (보증금 못받아 군입대 미루고 거주중입니다) 24.9월 경매안내 받고. 24.9.24.배당신청. 24.12.22.연장 안한다고 내용증명, 문자 보냈으나 답없고 반송 상황. 24.12월 집주인이 다른건으로 구속중이라고 합니다. 25.1.22.전세사기 피해자 신청(아직 결정 전) 현재 경매진행상황 25.2.22.본인에게 경매개시 결정본 도달이라고 뜹니다. 경매진행은 길면 1년이상이라고 합니다. 중개사는 저희는 최우선변제권이 적용되니 걱정말라고만 합니다. 일단 믿을수가 없고. 1년이고 2년이고 돈을 받을때까지 학교를 다녀야하는지 질문1. 경매가 순조로우면 다행인데 더 늦어지거나 불발되면 점유를 포기하고 임차권등기로 하는게 맞을까요? 질문2. 임차권등기를 하면 최우선 변제권을 상실하는건가요? 총 정도 되는데 등기를 하게되면 저희가 확정일자순으로는 꼴지라서요 질문3.어떤 경우에 소송으로 진행해야하나요? 바쁘시겠지만 한번 살펴봐 주십시오. | 특이사항 1. 다가구 / 대항력없는 후순위임차인",provided_synthetic_consultations
CASE-0462,G05,경기,의정부시,1억 미만,계약종료,미상,미상,가입,기타·일반문의,HUG이행청구,"중기청100%전세대출을 9,500만원을 받아서 2024년3월2일~2025년3월1일 계약을하였습니다. 만기날짜는 2025년4월1일입니다.이번에 1월7일에 이사를 가겠다고 말씀드렸지만 사정이 생겨서 2월9일에 연장을 하겠다고 말씀드려 3월1일에 만나 부동산에서 9,500년 연장(2025.3.1~2027.2.28)작성하여 은행에 연락하니 집값이 떨어져 8,500만원으로 계약서를 수정해야하고 1,000만원은 상환을 해야한다고 했습니다. 임대인분께 상황을 말씀드리니 이미 계약서를 작성하였고 제가 연장한다고 했으니 자신이 돈을 상환을 못한다고 하고있습니다. 허그보증보험에 문의를 해보았는데 계약만료2개월전에 허그에 계약종료 서류들을 보냈어야했고, 계약서를 작성했으니 받아내주질 못한다고합니다. 은행에서도 4월1일전에 연장을하지 않을시 9,500만원을 상환해야하는데 책임은 저한테있다고합니다. 만약 제날짜에 갚지 않으면 제 신용에 문제가생기고 지연이자가 발생한다고 하였습니다. 이러한경우 일단 1,000만원을 제가 상환한뒤에 8,500만원으로 계약서를 다시 작성하게되면 임대인에게 1,000만원을 받기 힘들까요?",,unknown,"보증상품 보증상품 미확인 | 주택유형 미상 | 보증금구간 1억 미만 | 계약상태 계약종료 | 선순위권리 미상 | 반환보증 가입 | 분쟁유형 기타·일반문의 | 진행단계 HUG이행청구 | 상황 중기청100%전세대출을 9,500만원을 받아서 2024년3월2일~2025년3월1일 계약을하였습니다. 만기날짜는 2025년4월1일입니다.이번에 1월7일에 이사를 가겠다고 말씀드렸지만 사정이 생겨서 2월9일에 연장을 하겠다고 말씀드려 3월1일에 만나 부동산에서 9,500년 연장(2025.3.1~2027.2.28)작성하여 은행에 연락하니 집값이 떨어져 8,500만원으로 계약서를 수정해야하고 1,000만원은 상환을 해야한다고 했습니다. 임대인분께 상황을 말씀드리니 이미 계약서를 작성하였고 제가 연장한다고 했으니 자신이 돈을 상환을 못한다고 하고있습니다. 허그보증보험에 문의를 해보았는데 계약만료2개월전에 허그에 계약종료 서류들을 보냈어야했고, 계약서를 작성했으니 받아내주질 못한다고합니다. 은행에서도 4월1일전에 연장을하지 않을시 9,500만원을 상환해야하는데 책임은 저한테있다고합니다. 만약 제날짜에 갚지 않으면 제 신용에 문제가생기고 지연이자가 발생한다고 하였습니다. 이러한경우 일단 1,000만원을 제가 상환한뒤에 8,500만원으로 계약서를 다시 작성하게되면 임대인에게 1,000만원을 받기 힘들까요?",provided_synthetic_consultations
CASE-0463,G05,경기,용인시,미상,계약중(종료예정),다세대주택,선순위존재,가입,기타·일반문의,상담·검토,맨처음에 저희가 임대인과 계약을 대리인이랑 하였습니다 그 대리인이 실질적으로 관리를 하는사람이구요 그분도 다른호수 년 5월 24일 ~ 23년 5월23일까지 2년 살다가 보증금 년 재계약하고 살았습니다. 25년 5월23일 계약만료인데 갱신의사가 없음을 문자와 카톡 둘다보내어 알려드렷고 임대인이 돈이없다고 1년만 더살아달라고 요구를 하더라구요 저희가 보증보험을 안들어놓아서 다른 앞집옆집 보증보험든사람들은 그돈받고 나가는 상황인데 보증보험 안들어놓은집이 저희포함 2군데 잇는데 나갈수있는 방법이 있는지 혹은 임대인이 년 더살다가 나가야되는지 그뒤에 문제가 될만한 상황은 없는지 조언을 얻고자 연락드립니다 부동산이랑도 통화하였는데 처음계약당시는 보증금 최대 150프로에서 현재는 126프로로 보증금도 보증금도 감액도 안된다고하고 불안한상황이라서 조언한번,1. 다세대주택 / 대항력있는 선순위임차인,unknown,보증상품 보증상품 미확인 | 주택유형 다세대주택 | 보증금구간 미상 | 계약상태 계약중(종료예정) | 선순위권리 선순위존재 | 반환보증 가입 | 분쟁유형 기타·일반문의 | 진행단계 상담·검토 | 상황 맨처음에 저희가 임대인과 계약을 대리인이랑 하였습니다 그 대리인이 실질적으로 관리를 하는사람이구요 그분도 다른호수 년 5월 24일 ~ 23년 5월23일까지 2년 살다가 보증금 년 재계약하고 살았습니다. 25년 5월23일 계약만료인데 갱신의사가 없음을 문자와 카톡 둘다보내어 알려드렷고 임대인이 돈이없다고 1년만 더살아달라고 요구를 하더라구요 저희가 보증보험을 안들어놓아서 다른 앞집옆집 보증보험든사람들은 그돈받고 나가는 상황인데 보증보험 안들어놓은집이 저희포함 2군데 잇는데 나갈수있는 방법이 있는지 혹은 임대인이 년 더살다가 나가야되는지 그뒤에 문제가 될만한 상황은 없는지 조언을 얻고자 연락드립니다 부동산이랑도 통화하였는데 처음계약당시는 보증금 최대 150프로에서 현재는 126프로로 보증금도 보증금도 감액도 안된다고하고 불안한상황이라서 조언한번 | 특이사항 1. 다세대주택 / 대항력있는 선순위임차인,provided_synthetic_consultations
CASE-0464,G05,서울,강동구,1억~2억,계약중(종료예정),다가구주택,미상,미상,경매·공매,임차권등기,작년 2월경 임의경매게시결정되어 배당요구 신청 완료한 상태입니다. 이후 임차권등기 신청 절차에 대해,1. 다가구 / 17가구 중 2번째 임차인,unknown,보증상품 보증상품 미확인 | 주택유형 다가구주택 | 보증금구간 1억~2억 | 계약상태 계약중(종료예정) | 선순위권리 미상 | 반환보증 미상 | 분쟁유형 경매·공매 | 진행단계 임차권등기 | 상황 작년 2월경 임의경매게시결정되어 배당요구 신청 완료한 상태입니다. 이후 임차권등기 신청 절차에 대해 | 특이사항 1. 다가구 / 17가구 중 2번째 임차인,provided_synthetic_consultations
CASE-0465,G05,광주,북구,1억 미만,계약종료,다세대주택,선순위존재,가입,보증금미반환,소송제기,"계약은 2. 26. 자로 만료되었으나 임대인 분이 다음 세입자가 구해지지 않아 보증금을 돌려줄 수 없다고 버티고 있는 상태입니다. 보증보험은 40%가입 되어 있으며, 가입 당시 임대사업자였던 관계로 계약 만료 후 두달 이 지나야 이행 청구가 가능한 상황입니다. 그 전에 임차권등기를 설정해야 하는데 문제는 계약 만료 3개월 전 갱신 거절 통보를 임대인 본인이 아닌 임대인 분의 남편분께 해서 답장을 받았습니다. 1. 이 경우 임대인이 전세 계약, 해지 관련 권한을 모두 대리인(남편)에게 위임한다는 위임장이 있으면 임차권 설정이 가능할까요? 남편에게 모든 권한 위임했다는 임대인과의 통화 녹음본은 가지고 있습니다. 위임장도 필요 시 작성 협조해주겠다고 한 상태이구요. 2. 추가로 제가 보증보험이 40%밖에 가입이 되어 있지 않은 상태여서, 나머지 차액을 돌려받으려면 추후에 보증금 반환 소송을 해야할까요? 이를 위해 보증금 반환해달라는 내용증명도 지금 보내놔야 할지 고민입니다",1. 다세대주택 / 대항력있는 선순위임차인,unknown,"보증상품 보증상품 미확인 | 주택유형 다세대주택 | 보증금구간 1억 미만 | 계약상태 계약종료 | 선순위권리 선순위존재 | 반환보증 가입 | 분쟁유형 보증금미반환 | 진행단계 소송제기 | 상황 계약은 2. 26. 자로 만료되었으나 임대인 분이 다음 세입자가 구해지지 않아 보증금을 돌려줄 수 없다고 버티고 있는 상태입니다. 보증보험은 40%가입 되어 있으며, 가입 당시 임대사업자였던 관계로 계약 만료 후 두달 이 지나야 이행 청구가 가능한 상황입니다. 그 전에 임차권등기를 설정해야 하는데 문제는 계약 만료 3개월 전 갱신 거절 통보를 임대인 본인이 아닌 임대인 분의 남편분께 해서 답장을 받았습니다. 1. 이 경우 임대인이 전세 계약, 해지 관련 권한을 모두 대리인(남편)에게 위임한다는 위임장이 있으면 임차권 설정이 가능할까요? 남편에게 모든 권한 위임했다는 임대인과의 통화 녹음본은 가지고 있습니다. 위임장도 필요 시 작성 협조해주겠다고 한 상태이구요. 2. 추가로 제가 보증보험이 40%밖에 가입이 되어 있지 않은 상태여서, 나머지 차액을 돌려받으려면 추후에 보증금 반환 소송을 해야할까요? 이를 위해 보증금 반환해달라는 내용증명도 지금 보내놔야 할지 고민입니다 | 특이사항 1. 다세대주택 / 대항력있는 선순위임차인",provided_synthetic_consultations
CASE-0466,G05,서울,관악구,1억~2억,계약중(종료예정),다가구주택,선순위존재,미상,경매·공매,상담·검토,"퇴근하고 집에 오니 법원으로부터 해당 집이 경매로 넘어갔다는 안내서가 있었습니다. 최초 전입일은 21년 12월 24일이며, 확정일자는 21년 12월 13일 입니다. 회 연장하였고, 만료일은 25년 12월 23일이나, 25년 3월 19일(금일) 집주인에게 방을 뺄 예정이니 보증금 반환을 요청하는 문자를 보냈고 답장을 받았습니다. 권리신고 및 배당요구 신청서는 종기일 이전에 제출할 예정입니다. 임차권 등기 등록 신청도 해야될까요? 보증금을 온전히 반환받기 위해 추가적으로 제가 해야하는 액션에 대해 자문 받고 싶습니다. 부동산, 법 관련 지식이 얕다보니, 방법을 몰라서 도움 요청드립니다. 추가로 대항력 우선순위도 알고 싶습니다.",1. 다가구주택 / 대항력없는 후순위임차인,unknown,"보증상품 보증상품 미확인 | 주택유형 다가구주택 | 보증금구간 1억~2억 | 계약상태 계약중(종료예정) | 선순위권리 선순위존재 | 반환보증 미상 | 분쟁유형 경매·공매 | 진행단계 상담·검토 | 상황 퇴근하고 집에 오니 법원으로부터 해당 집이 경매로 넘어갔다는 안내서가 있었습니다. 최초 전입일은 21년 12월 24일이며, 확정일자는 21년 12월 13일 입니다. 회 연장하였고, 만료일은 25년 12월 23일이나, 25년 3월 19일(금일) 집주인에게 방을 뺄 예정이니 보증금 반환을 요청하는 문자를 보냈고 답장을 받았습니다. 권리신고 및 배당요구 신청서는 종기일 이전에 제출할 예정입니다. 임차권 등기 등록 신청도 해야될까요? 보증금을 온전히 반환받기 위해 추가적으로 제가 해야하는 액션에 대해 자문 받고 싶습니다. 부동산, 법 관련 지식이 얕다보니, 방법을 몰라서 도움 요청드립니다. 추가로 대항력 우선순위도 알고 싶습니다. | 특이사항 1. 다가구주택 / 대항력없는 후순위임차인",provided_synthetic_consultations
CASE-0467,G05,경기,고양시,1억~2억,계약중(종료예정),오피스텔,선순위존재,미상,전세사기,상담·검토,"제가 전세사기피해자신청을 해서 전세사기피해자등 법 제2조제4호다목 결정문을 받았는데, 피해자로 이의신청을 하려고 합니다. 이후 제가 해야되는, 준비해야하는 절차가",1. 깡통오피스텔 / 대항력있는 선순위임차인,unknown,"보증상품 보증상품 미확인 | 주택유형 오피스텔 | 보증금구간 1억~2억 | 계약상태 계약중(종료예정) | 선순위권리 선순위존재 | 반환보증 미상 | 분쟁유형 전세사기 | 진행단계 상담·검토 | 상황 제가 전세사기피해자신청을 해서 전세사기피해자등 법 제2조제4호다목 결정문을 받았는데, 피해자로 이의신청을 하려고 합니다. 이후 제가 해야되는, 준비해야하는 절차가 | 특이사항 1. 깡통오피스텔 / 대항력있는 선순위임차인",provided_synthetic_consultations
CASE-0468,G05,경기,파주시,1억~2억,계약종료,미상,미상,미상,보증금미반환,내용증명·공시송달,1/5 계약만료 임차인등기완료 내용증명서 폐문부재 주인 본 건물 오피 3개의 호실 소유 새 세입자 차액 준비 어려움 호소. 주인의 다른 오피까지 가져오거나 보증금을 전액 돌려 받고 싶어요 #직장 특성상 11-12시 사이 통화가 연결이 원할한 편이에요ㅜㅜ,,unknown,보증상품 보증상품 미확인 | 주택유형 미상 | 보증금구간 1억~2억 | 계약상태 계약종료 | 선순위권리 미상 | 반환보증 미상 | 분쟁유형 보증금미반환 | 진행단계 내용증명·공시송달 | 상황 1/5 계약만료 임차인등기완료 내용증명서 폐문부재 주인 본 건물 오피 3개의 호실 소유 새 세입자 차액 준비 어려움 호소. 주인의 다른 오피까지 가져오거나 보증금을 전액 돌려 받고 싶어요 #직장 특성상 11-12시 사이 통화가 연결이 원할한 편이에요ㅜㅜ,provided_synthetic_consultations
CASE-0469,G05,서울,강서구,1억 미만,계약중(종료예정),미상,미상,미상,기타·일반문의,내용증명·공시송달,"현재 집주인(임대인)+공동명의인(와이프)를 상대로 민,형사 고소하여 진행중에 있습니다. 내용증명을 임대인과 공동명의인 둘 다 도달해야 하는지 한 명에게만 도달해도 되는지 여쭙고자","1. 지난주에 상담을 진행했지만, 하도 여기저기 문의를 하고 있으니 기억도 못함",unknown,"보증상품 보증상품 미확인 | 주택유형 미상 | 보증금구간 1억 미만 | 계약상태 계약중(종료예정) | 선순위권리 미상 | 반환보증 미상 | 분쟁유형 기타·일반문의 | 진행단계 내용증명·공시송달 | 상황 현재 집주인(임대인)+공동명의인(와이프)를 상대로 민,형사 고소하여 진행중에 있습니다. 내용증명을 임대인과 공동명의인 둘 다 도달해야 하는지 한 명에게만 도달해도 되는지 여쭙고자 | 특이사항 1. 지난주에 상담을 진행했지만, 하도 여기저기 문의를 하고 있으니 기억도 못함",provided_synthetic_consultations
CASE-0470,G05,인천,부평구,1억~2억,계약종료,미상,미상,가입,기타·일반문의,임차권등기,2/19일 계약 만료 후 3/14임차권등기 결정 후 등기부 등재 되었고 3/17 임대인이 변경된 후 3/19 허그 이행청구 접수를 하였는데 허그측에서는 결정정본에 피신청인이 변경된 임대인으로 나와야 한다고 경정청구를 요청해서 법원에 확인해보니 경정청구 대상이 아니라고 하고 새로 임차권등기는 퇴거통보날짜가 맞지않아 여러울거 같다는 답변을 받았습니다.,1. 임대차는 당연승계다 적법하게 임차권등기가 됐고 그 이후에 임차권등기를 경정하라는게 말이 안맞는다 / 허그담당자의 무식,unknown,보증상품 보증상품 미확인 | 주택유형 미상 | 보증금구간 1억~2억 | 계약상태 계약종료 | 선순위권리 미상 | 반환보증 가입 | 분쟁유형 기타·일반문의 | 진행단계 임차권등기 | 상황 2/19일 계약 만료 후 3/14임차권등기 결정 후 등기부 등재 되었고 3/17 임대인이 변경된 후 3/19 허그 이행청구 접수를 하였는데 허그측에서는 결정정본에 피신청인이 변경된 임대인으로 나와야 한다고 경정청구를 요청해서 법원에 확인해보니 경정청구 대상이 아니라고 하고 새로 임차권등기는 퇴거통보날짜가 맞지않아 여러울거 같다는 답변을 받았습니다. | 특이사항 1. 임대차는 당연승계다 적법하게 임차권등기가 됐고 그 이후에 임차권등기를 경정하라는게 말이 안맞는다 / 허그담당자의 무식,provided_synthetic_consultations
CASE-0471,G05,미상,계룡시,2억~3억,계약중(종료예정),아파트,선순위존재,미상,기타·일반문의,상담·검토,전세만기예정인데 집주인이돈을못준다고합니다 제가 준비해야될 절차가,1. 아파트 / 대항력있는 선순위임차인,unknown,보증상품 보증상품 미확인 | 주택유형 아파트 | 보증금구간 2억~3억 | 계약상태 계약중(종료예정) | 선순위권리 선순위존재 | 반환보증 미상 | 분쟁유형 기타·일반문의 | 진행단계 상담·검토 | 상황 전세만기예정인데 집주인이돈을못준다고합니다 제가 준비해야될 절차가 | 특이사항 1. 아파트 / 대항력있는 선순위임차인,provided_synthetic_consultations
CASE-0472,G05,대전,서구,1억~2억,계약중(종료예정),미상,근저당설정,미상,경매·공매,임차권등기,2022년 부동산에서 근저당 잡혀있지만 선순위로 안전하단 소개로 계약후 2024년 묵시적 갱신으로 살고 있었음 그해에 개인적인 사정으로 집주인에게 퇴거 통보하였으나 새로운 세입자 구해져야 보증금 돌려줄 수 있다고 함(통화녹취록○) 기다리고 있는 중 다른 세입자가 임차권 등기 설정함을 확인하고 집주인과 통화하려 했으나 연결되지않음 임의경매개시 등록됨 세입자간 소통후 후순위인걸 알게됨 이 상황에서 제가 보증금을 돌려받을 수 있는 확률이 있나요? 내용증명을 보내지 않았는데 임의경매 넘어간 상황에서 보내야 하나요? 임차권등기명령 신청을 계약이 끝나기 전인데 할 수 있나요? 하고나면 집을 비워야 하나요?,* 밖이라 추후에 다시 통화하자!!,unknown,보증상품 보증상품 미확인 | 주택유형 미상 | 보증금구간 1억~2억 | 계약상태 계약중(종료예정) | 선순위권리 근저당설정 | 반환보증 미상 | 분쟁유형 경매·공매 | 진행단계 임차권등기 | 상황 2022년 부동산에서 근저당 잡혀있지만 선순위로 안전하단 소개로 계약후 2024년 묵시적 갱신으로 살고 있었음 그해에 개인적인 사정으로 집주인에게 퇴거 통보하였으나 새로운 세입자 구해져야 보증금 돌려줄 수 있다고 함(통화녹취록○) 기다리고 있는 중 다른 세입자가 임차권 등기 설정함을 확인하고 집주인과 통화하려 했으나 연결되지않음 임의경매개시 등록됨 세입자간 소통후 후순위인걸 알게됨 이 상황에서 제가 보증금을 돌려받을 수 있는 확률이 있나요? 내용증명을 보내지 않았는데 임의경매 넘어간 상황에서 보내야 하나요? 임차권등기명령 신청을 계약이 끝나기 전인데 할 수 있나요? 하고나면 집을 비워야 하나요? | 특이사항 * 밖이라 추후에 다시 통화하자!!,provided_synthetic_consultations
CASE-0473,G05,충남,천안시,1억~2억,계약종료,미상,미상,가입,원상복구·정산,임차권등기,임차권등기설정 완료. 허그 이행청구 서류접수 2/5. 임대인에게 원상복구 완료하면 보증금반환하겟다는 연락이 왓으나. 기타 필요적 수리 여부에 따라 보증금을 제하고 주겟다는 의사. 임차권등기설정 해지를 요구함.,,unknown,보증상품 보증상품 미확인 | 주택유형 미상 | 보증금구간 1억~2억 | 계약상태 계약종료 | 선순위권리 미상 | 반환보증 가입 | 분쟁유형 원상복구·정산 | 진행단계 임차권등기 | 상황 임차권등기설정 완료. 허그 이행청구 서류접수 2/5. 임대인에게 원상복구 완료하면 보증금반환하겟다는 연락이 왓으나. 기타 필요적 수리 여부에 따라 보증금을 제하고 주겟다는 의사. 임차권등기설정 해지를 요구함.,provided_synthetic_consultations
CASE-0474,G05,서울,마포구,1억~2억,계약종료,미상,미상,미상,기타·일반문의,소송제기,임차인등기명령신청을 하고 지급명령신청도 같이 했는데 지급명령신청에서 보정명령으로 이사한 증거가 필요하다고 해서요. 저는 지연이자12%를 다 받아내고 싶은데 그러면 이사를 해야한다고 하니 짐을 빼는 게 맞을까요?,1. 셀프지급명령신청 중인데 필요한 자문요청,unknown,보증상품 보증상품 미확인 | 주택유형 미상 | 보증금구간 1억~2억 | 계약상태 계약종료 | 선순위권리 미상 | 반환보증 미상 | 분쟁유형 기타·일반문의 | 진행단계 소송제기 | 상황 임차인등기명령신청을 하고 지급명령신청도 같이 했는데 지급명령신청에서 보정명령으로 이사한 증거가 필요하다고 해서요. 저는 지연이자12%를 다 받아내고 싶은데 그러면 이사를 해야한다고 하니 짐을 빼는 게 맞을까요? | 특이사항 1. 셀프지급명령신청 중인데 필요한 자문요청,provided_synthetic_consultations
CASE-0475,G05,미상,미상,3억 이상,계약종료,아파트,미상,미상,기타·일반문의,임차권등기,"24년 1월부로 계약종료일 23년 10월 명의자 남편에게 매매후 전세금 반환해주겠다고 이사요청이왔습니다 현재까지 매매안되어 반환못받음 25년 3월 임차권등기설정완료 현재 상황인데 걸리는부분이, 명의자는 저사람 아내이고, 지금까지 모든얘기를 명의자남편하고만 얘기하다가 25년 3월에 명의자하고 통화하여 23년10월부터의 상황을 알고있느냐 물었더니 대충알고있다, 아파트관리는 남편이 하고있으니 남편하고 얘기하라했습니다 지금 임차권등기 설정이 완료되었는데 이사는 나가지 않았습니다. 집주인이 이의신청하여 말소될수가 있을까요?",1. 임대인이 아닌 임대인의 배우자에게 갱신거절 의사표시,unknown,"보증상품 보증상품 미확인 | 주택유형 아파트 | 보증금구간 3억 이상 | 계약상태 계약종료 | 선순위권리 미상 | 반환보증 미상 | 분쟁유형 기타·일반문의 | 진행단계 임차권등기 | 상황 24년 1월부로 계약종료일 23년 10월 명의자 남편에게 매매후 전세금 반환해주겠다고 이사요청이왔습니다 현재까지 매매안되어 반환못받음 25년 3월 임차권등기설정완료 현재 상황인데 걸리는부분이, 명의자는 저사람 아내이고, 지금까지 모든얘기를 명의자남편하고만 얘기하다가 25년 3월에 명의자하고 통화하여 23년10월부터의 상황을 알고있느냐 물었더니 대충알고있다, 아파트관리는 남편이 하고있으니 남편하고 얘기하라했습니다 지금 임차권등기 설정이 완료되었는데 이사는 나가지 않았습니다. 집주인이 이의신청하여 말소될수가 있을까요? | 특이사항 1. 임대인이 아닌 임대인의 배우자에게 갱신거절 의사표시",provided_synthetic_consultations
CASE-0476,G05,미상,미상,1억~2억,계약중(종료예정),미상,미상,가입,경매·공매,상담·검토,"현재 관악구 길 24-2, 402호에 전세금 1억 3천만 원에 거주 중에 있고 계약 기간은 4/29까지입니다. 3개월 전에 계약 만료를 통보하고 새로운 전세 계약을 체결하고 만 원을 지불했습니다. 이후에 기존 임대인으로부터 전세금 반환을 할 수 없으며 집이 곧 경매에 넘어갈 것이고, 전세금은 임차권 등기 설정 이후 보증 보험을 통해 돌려받으라는 답변을 받았습니다. 보증 보험을 통해서 전세금 반환을 신청하는 경우 계약 만료 이후 2개월이 경과 후 신청하여 대략 4개월이 소요될 것으로 안내받았고 최소 6개월의 기간은 걸릴 것으로 예상됩니다. 상기 이유로 새로운 집주인에게 전세 계약금 850만 원의 반환을 요청드렸으나 일부도 반환을 해줄 수 없다고 하십니다. 이 경우에는 계약금을 포기해야 하나요? 그리고 계약 만료 이후에는 대항력 유지를 위하여 현재 집에 계속해서 거주해야 하나요? 계약기간이 만료된 셈인데 거주를 해도 괜찮은 건지, 그리고 관리비의 납부는 어떻게 해야 하나요?",1. 임대사업자 / 전세보증금반환보증가입,jeonse_return,"보증상품 전세보증금반환보증 | 주택유형 미상 | 보증금구간 1억~2억 | 계약상태 계약중(종료예정) | 선순위권리 미상 | 반환보증 가입 | 분쟁유형 경매·공매 | 진행단계 상담·검토 | 상황 현재 관악구 길 24-2, 402호에 전세금 1억 3천만 원에 거주 중에 있고 계약 기간은 4/29까지입니다. 3개월 전에 계약 만료를 통보하고 새로운 전세 계약을 체결하고 만 원을 지불했습니다. 이후에 기존 임대인으로부터 전세금 반환을 할 수 없으며 집이 곧 경매에 넘어갈 것이고, 전세금은 임차권 등기 설정 이후 보증 보험을 통해 돌려받으라는 답변을 받았습니다. 보증 보험을 통해서 전세금 반환을 신청하는 경우 계약 만료 이후 2개월이 경과 후 신청하여 대략 4개월이 소요될 것으로 안내받았고 최소 6개월의 기간은 걸릴 것으로 예상됩니다. 상기 이유로 새로운 집주인에게 전세 계약금 850만 원의 반환을 요청드렸으나 일부도 반환을 해줄 수 없다고 하십니다. 이 경우에는 계약금을 포기해야 하나요? 그리고 계약 만료 이후에는 대항력 유지를 위하여 현재 집에 계속해서 거주해야 하나요? 계약기간이 만료된 셈인데 거주를 해도 괜찮은 건지, 그리고 관리비의 납부는 어떻게 해야 하나요? | 특이사항 1. 임대사업자 / 전세보증금반환보증가입",provided_synthetic_consultations
CASE-0477,G05,경기,수원시,1억~2억,계약종료,미상,미상,가입,기타·일반문의,임차권등기,"두달전 계약 연장하지 않음을 통보하였고 17일에 계약종료되었으나 다음세입자를 구해야만 줄 수 있다고 하며 보증금을 주지않았습니다. 은행대출 연장도 필요하여 19일 임차권등기명령을 신청해두었습니다. 집주인이 4/9에 돈을 줄테니 해지를 해달라, 그대신 해지결과가 나올때까지 이사나가지말고 담보로 자기에게 1000-2000만원을 맡겨놨다가 나갈때 찾아가라고 말했습니다. 줄수 없다고 하자 그럼 돈을 안줄테니 보증보험에서 받아가라고 했습니다. -해지 결과가 나올때까지 이사할 수 없는지 -해지 후 다음집을 구할때까지 살고있어도 되는지 - 사는기간동안 집주인에게 돈을 맡겨놔야하는지 어떻게 처리해야 하는지 몰라",,unknown,"보증상품 보증상품 미확인 | 주택유형 미상 | 보증금구간 1억~2억 | 계약상태 계약종료 | 선순위권리 미상 | 반환보증 가입 | 분쟁유형 기타·일반문의 | 진행단계 임차권등기 | 상황 두달전 계약 연장하지 않음을 통보하였고 17일에 계약종료되었으나 다음세입자를 구해야만 줄 수 있다고 하며 보증금을 주지않았습니다. 은행대출 연장도 필요하여 19일 임차권등기명령을 신청해두었습니다. 집주인이 4/9에 돈을 줄테니 해지를 해달라, 그대신 해지결과가 나올때까지 이사나가지말고 담보로 자기에게 1000-2000만원을 맡겨놨다가 나갈때 찾아가라고 말했습니다. 줄수 없다고 하자 그럼 돈을 안줄테니 보증보험에서 받아가라고 했습니다. -해지 결과가 나올때까지 이사할 수 없는지 -해지 후 다음집을 구할때까지 살고있어도 되는지 - 사는기간동안 집주인에게 돈을 맡겨놔야하는지 어떻게 처리해야 하는지 몰라",provided_synthetic_consultations
CASE-0478,G05,미상,미상,1억~2억,계약종료,미상,미상,미상,경매·공매,상담·검토,현재 경매진행중인데 임차권설정이나 등등 제가 취해야할 조치가 있을지 상담받고 싶습니다,,unknown,보증상품 보증상품 미확인 | 주택유형 미상 | 보증금구간 1억~2억 | 계약상태 계약종료 | 선순위권리 미상 | 반환보증 미상 | 분쟁유형 경매·공매 | 진행단계 상담·검토 | 상황 현재 경매진행중인데 임차권설정이나 등등 제가 취해야할 조치가 있을지 상담받고 싶습니다,provided_synthetic_consultations
CASE-0479,G05,대전,대전유성구,미상,계약중(종료예정),다가구주택,미상,미상,경매·공매,소송제기,"현재 전세로 살고 있던 다가구 주택이 경매로 넘어가게되었습니다. 이미 전세로 들어온 임차인이 많은 상황이며 제가 후순위로 보증금 반환이 매우 어려운 상황입니다. - 지인의 소개로 해당건물을 알게 되었고, 대출실행으로 공인중개사에서 계약이 진행되었습니다.계약서 작성하며 세금이라는 명목하에 공인중개사에게는 103,000원을 이체하였습니다. - 경매통지서를 받은 후, 피해자결정신청문에서 선택사항에 중개물 설명확인서가 있어 공인중개사에 요청하자 자신은 직접 중개한 것이 아니라는 점을 말하며 줄 의무가 없다고 합니다. - 당시 건물에 대한 설명은 크게 없었으며 부동산과 집주인은 저에게 임대인의 음식 사업체 2개인점과 세입자들이 많다는 점, 매물의 수요에 대해 언급하며 싸게 들어가는 것이라고 말하였습니다. - 일단 집주인에게는 형사소송, 민사소송 하고 싶으며 공인중개사에게도 민사로 손해배상청구를 하고싶은 상황인데 소송을 진행하였을 때 손해배상 청구가 가능할지 문의드리고 싶습니다.",,unknown,"보증상품 보증상품 미확인 | 주택유형 다가구주택 | 보증금구간 미상 | 계약상태 계약중(종료예정) | 선순위권리 미상 | 반환보증 미상 | 분쟁유형 경매·공매 | 진행단계 소송제기 | 상황 현재 전세로 살고 있던 다가구 주택이 경매로 넘어가게되었습니다. 이미 전세로 들어온 임차인이 많은 상황이며 제가 후순위로 보증금 반환이 매우 어려운 상황입니다. - 지인의 소개로 해당건물을 알게 되었고, 대출실행으로 공인중개사에서 계약이 진행되었습니다.계약서 작성하며 세금이라는 명목하에 공인중개사에게는 103,000원을 이체하였습니다. - 경매통지서를 받은 후, 피해자결정신청문에서 선택사항에 중개물 설명확인서가 있어 공인중개사에 요청하자 자신은 직접 중개한 것이 아니라는 점을 말하며 줄 의무가 없다고 합니다. - 당시 건물에 대한 설명은 크게 없었으며 부동산과 집주인은 저에게 임대인의 음식 사업체 2개인점과 세입자들이 많다는 점, 매물의 수요에 대해 언급하며 싸게 들어가는 것이라고 말하였습니다. - 일단 집주인에게는 형사소송, 민사소송 하고 싶으며 공인중개사에게도 민사로 손해배상청구를 하고싶은 상황인데 소송을 진행하였을 때 손해배상 청구가 가능할지 문의드리고 싶습니다.",provided_synthetic_consultations
CASE-0480,G05,전북,전주시,1억 미만,계약종료,미상,미상,미가입,전세사기,상담·검토,"<전세사기로 인한 임차권 등기 완료 후, 전세보증금 반환 확약서 법접 효력과 공증 필요 여부> 임차기간 : 2020. 12. 28. ~ 2024. 12. 27. (1회(2년) 묵시적 갱신) - 전입신고 및 확정일자 부여 완료 - 전세 보증보험 가입 X 전세보증금 : 70,000,000원 임차권 등기명령 완료 : 2025. 1. 6. 현재 이사 완료 * 등기상 집주인(A)과 실질적인 집주인(B) 불일치(친척 관계) - A는 명의만 빌려주었으며, 전세금과 관리비 등은 A 통장에 입금 이러한 상태이며, 등기상 집주인(A)은 연락두절 상태이며 실질적인 집주인(B)과 연락을 하고 있습니다. 하지만 B도 연락이 잘되는 상태는 아니고, 처음에는 2월 중으로 상환한다고 하였으나, 점차 미뤄, 일부는 3월중으로 주고 나머지는 5월중으로 준다고 하였습니다. 그리고 제가 전세대출을 받았었고 이사(매매)를 가기 위해서는 저 전세금을 갚아야 해서 추가로 대출을 받아 상환하였고, 그 대출 받았던데에 들었던 보증보험료나 이자 등은 주신다고 하여 그 내용도 각서에 포함해서 적을 예정입니다. 위 내용들을 각서(전세보증금 확약 각서)로 적어 준다고 하나, 임차권 등기 명령을 했으니, 공증은 해주기 어렵다고 하는 상태입니다. 각서에는 A와 B의 인적사항과 인감증명서를 보내준다고 했습니다. 여기서 제가 여쭤보고 싶은 내용은 1. 각서 만으로 법적 효력이 없을거같은데, 임차권 등기명령을 했으니 공증은 굳이 안받아도 되는 걸까요 ?? 2. 각서만 작성한다고 했을때, 각서에 꼭 들어가야 하는 내용은? 3. 각서에 제 현재 주소를 적어주고 싶지 않은데, 주소를 꼭 적어야 효력이 있을까요? 4. 월중으로 돈을 주지 않는다면 제가 취할 수 있는 법적 조치는 뭐가 있을까요?",,unknown,"보증상품 보증상품 미확인 | 주택유형 미상 | 보증금구간 1억 미만 | 계약상태 계약종료 | 선순위권리 미상 | 반환보증 미가입 | 분쟁유형 전세사기 | 진행단계 상담·검토 | 상황 <전세사기로 인한 임차권 등기 완료 후, 전세보증금 반환 확약서 법접 효력과 공증 필요 여부> 임차기간 : 2020. 12. 28. ~ 2024. 12. 27. (1회(2년) 묵시적 갱신) - 전입신고 및 확정일자 부여 완료 - 전세 보증보험 가입 X 전세보증금 : 70,000,000원 임차권 등기명령 완료 : 2025. 1. 6. 현재 이사 완료 * 등기상 집주인(A)과 실질적인 집주인(B) 불일치(친척 관계) - A는 명의만 빌려주었으며, 전세금과 관리비 등은 A 통장에 입금 이러한 상태이며, 등기상 집주인(A)은 연락두절 상태이며 실질적인 집주인(B)과 연락을 하고 있습니다. 하지만 B도 연락이 잘되는 상태는 아니고, 처음에는 2월 중으로 상환한다고 하였으나, 점차 미뤄, 일부는 3월중으로 주고 나머지는 5월중으로 준다고 하였습니다. 그리고 제가 전세대출을 받았었고 이사(매매)를 가기 위해서는 저 전세금을 갚아야 해서 추가로 대출을 받아 상환하였고, 그 대출 받았던데에 들었던 보증보험료나 이자 등은 주신다고 하여 그 내용도 각서에 포함해서 적을 예정입니다. 위 내용들을 각서(전세보증금 확약 각서)로 적어 준다고 하나, 임차권 등기 명령을 했으니, 공증은 해주기 어렵다고 하는 상태입니다. 각서에는 A와 B의 인적사항과 인감증명서를 보내준다고 했습니다. 여기서 제가 여쭤보고 싶은 내용은 1. 각서 만으로 법적 효력이 없을거같은데, 임차권 등기명령을 했으니 공증은 굳이 안받아도 되는 걸까요 ?? 2. 각서만 작성한다고 했을때, 각서에 꼭 들어가야 하는 내용은? 3. 각서에 제 현재 주소를 적어주고 싶지 않은데, 주소를 꼭 적어야 효력이 있을까요? 4. 월중으로 돈을 주지 않는다면 제가 취할 수 있는 법적 조치는 뭐가 있을까요?",provided_synthetic_consultations
CASE-0481,G05,경기,수원시,1억~2억,계약중(종료예정),오피스텔,미상,가입,경매·공매,상담·검토,건물이 경매에 넘어간다고 연락을 받았는데 오피스텔 자체가 건물보증보험이 되어있는 상태입니다. 대출연장이 안되서 경매에 넘어갈것같다고 대위변제서 신청해서 돈을 받아야할것같다고 했습니다. 그래서 다음주에 중도해지계약서 작성 후 두달뒤 대위변제 신청하라는데 이렇게하면 되는게 맞는건가요? 그리고 법원에서 배당요구 신청서 안내문이 왔는데 저희집엔 오지 않았고 다른 세입자분은 받은상태인데 저도 그 안내문처럼 그냥 배당요구 신청해도 되는건가요? 배당요구 신청 후 대위변제 신청해도 괜찮은건지도,,unknown,보증상품 보증상품 미확인 | 주택유형 오피스텔 | 보증금구간 1억~2억 | 계약상태 계약중(종료예정) | 선순위권리 미상 | 반환보증 가입 | 분쟁유형 경매·공매 | 진행단계 상담·검토 | 상황 건물이 경매에 넘어간다고 연락을 받았는데 오피스텔 자체가 건물보증보험이 되어있는 상태입니다. 대출연장이 안되서 경매에 넘어갈것같다고 대위변제서 신청해서 돈을 받아야할것같다고 했습니다. 그래서 다음주에 중도해지계약서 작성 후 두달뒤 대위변제 신청하라는데 이렇게하면 되는게 맞는건가요? 그리고 법원에서 배당요구 신청서 안내문이 왔는데 저희집엔 오지 않았고 다른 세입자분은 받은상태인데 저도 그 안내문처럼 그냥 배당요구 신청해도 되는건가요? 배당요구 신청 후 대위변제 신청해도 괜찮은건지도,provided_synthetic_consultations
CASE-0482,G05,미상,미상,1억 미만,계약중(종료예정),미상,압류·가압류,가입,전세사기,소송제기,"전세사기로 힘겨워 하고있는 28살 청년입니다. 제가 앞으로 어떻게 해야 할지 조언한번 구하려 글써봅니다. 2023년 6월5 일부터 2025년 6월 4일까지 2년 전세계약을 하였고 전세보증금은 8746만원입니다. 보증금의 6500 만원은 버팀목전세대출로 하였음 확정일자, 전입신고 전부 1순위로 되어있음 2024년 8월 20일 채권자 만원 정도가 가압류 걸려있음. 1년동안 잘 살다가 내년에는 다른곳으로 이사하여 살 생각이라 더 이상 안살고 만기 채우고 나가겠다고 전달 해야겠다고 생각해서 2024년 10월쯤 집주인에게 전화를 했는데 통신이 정지된 번호라고 신호를 받았습니다 저는 매우 당황하여 이게 말로만 듣던 전세사기인가 하고 생각하여 일단은 등기를 떼서 집주인의 주소에 내용증명을 보냈습니다 (여기서 궁금한게 임대차 계약서의 임대인 주소지와 등기의 임대인 주소지와 달라서 등기에 적혀있는 주소지에 보냈는데 추후에 문제가 될까요?) 처음에 계약했던 부동산에 집주인이 통화가 안된다 정지되어있다 라고 전달을 하고 그다음날 집주인 동생과 연락을 해보라고 전화번호를 주었습니다 집주인 동생에게 전화를 하여 자초지종을 설명들었습니다 \`현재 집주인은 조울증이 매우 심각하여 정신병원에 있다 여러군데 투자했던 전세금은 코인이나 이런곳에 투자했는데 망했다 등등\` 집주인동생은 지금 살고있는 제집이 매매로 거래되면 돈을 돌려줄 수 있다 라고 말했습니다 (여기서 궁금한점 또 한가지 지금 현재 제가 살고있는 전세집은 가압류가 걸려있어 매매가 불가능 한 것으로 알고있음) 언제까지 제가 그걸 기다릴 수 없어서 저는 만기 후에 임차권등기명령 신청을 할 예정입니다. 대출 연장도 해야 하는데 임차권등기명령 신청을 전세 만료 후에 진행 할 수 있는지 아니면 조금 일찍 전에 진행을하여 임차권명령서만 가지고 미리 연체가 안되게끔 할 수 있는지 알고싶습니다 대출 연장이 안될 수도 있나요? 대출연장기간은 어느정도 될까요? 앞으로 해야 할 일이 아득하여 눈앞이 깜깜합니다 이렇게 진행하면 될까요? 임차권등기명령 신청 후 등기에 찍힌거 확인 -> 지연이자 청구 -> 보증금반환소송 -> 경매절차?",,unknown,"보증상품 보증상품 미확인 | 주택유형 미상 | 보증금구간 1억 미만 | 계약상태 계약중(종료예정) | 선순위권리 압류·가압류 | 반환보증 가입 | 분쟁유형 전세사기 | 진행단계 소송제기 | 상황 전세사기로 힘겨워 하고있는 28살 청년입니다. 제가 앞으로 어떻게 해야 할지 조언한번 구하려 글써봅니다. 2023년 6월5 일부터 2025년 6월 4일까지 2년 전세계약을 하였고 전세보증금은 8746만원입니다. 보증금의 6500 만원은 버팀목전세대출로 하였음 확정일자, 전입신고 전부 1순위로 되어있음 2024년 8월 20일 채권자 만원 정도가 가압류 걸려있음. 1년동안 잘 살다가 내년에는 다른곳으로 이사하여 살 생각이라 더 이상 안살고 만기 채우고 나가겠다고 전달 해야겠다고 생각해서 2024년 10월쯤 집주인에게 전화를 했는데 통신이 정지된 번호라고 신호를 받았습니다 저는 매우 당황하여 이게 말로만 듣던 전세사기인가 하고 생각하여 일단은 등기를 떼서 집주인의 주소에 내용증명을 보냈습니다 (여기서 궁금한게 임대차 계약서의 임대인 주소지와 등기의 임대인 주소지와 달라서 등기에 적혀있는 주소지에 보냈는데 추후에 문제가 될까요?) 처음에 계약했던 부동산에 집주인이 통화가 안된다 정지되어있다 라고 전달을 하고 그다음날 집주인 동생과 연락을 해보라고 전화번호를 주었습니다 집주인 동생에게 전화를 하여 자초지종을 설명들었습니다 \`현재 집주인은 조울증이 매우 심각하여 정신병원에 있다 여러군데 투자했던 전세금은 코인이나 이런곳에 투자했는데 망했다 등등\` 집주인동생은 지금 살고있는 제집이 매매로 거래되면 돈을 돌려줄 수 있다 라고 말했습니다 (여기서 궁금한점 또 한가지 지금 현재 제가 살고있는 전세집은 가압류가 걸려있어 매매가 불가능 한 것으로 알고있음) 언제까지 제가 그걸 기다릴 수 없어서 저는 만기 후에 임차권등기명령 신청을 할 예정입니다. 대출 연장도 해야 하는데 임차권등기명령 신청을 전세 만료 후에 진행 할 수 있는지 아니면 조금 일찍 전에 진행을하여 임차권명령서만 가지고 미리 연체가 안되게끔 할 수 있는지 알고싶습니다 대출 연장이 안될 수도 있나요? 대출연장기간은 어느정도 될까요? 앞으로 해야 할 일이 아득하여 눈앞이 깜깜합니다 이렇게 진행하면 될까요? 임차권등기명령 신청 후 등기에 찍힌거 확인 -> 지연이자 청구 -> 보증금반환소송 -> 경매절차?",provided_synthetic_consultations
CASE-0483,G05,인천,계양구,1억 미만,계약중(종료예정),다세대주택,미상,미상,경매·공매,상담·검토,저는 전세세입자인데 집주인이 보증금을 안 돌려주고 경매가 진행 예정입니다 전 어떻게 해야 할까요?,1. 다세대주택 / 대항력없는 후순위임차인,unknown,보증상품 보증상품 미확인 | 주택유형 다세대주택 | 보증금구간 1억 미만 | 계약상태 계약중(종료예정) | 선순위권리 미상 | 반환보증 미상 | 분쟁유형 경매·공매 | 진행단계 상담·검토 | 상황 저는 전세세입자인데 집주인이 보증금을 안 돌려주고 경매가 진행 예정입니다 전 어떻게 해야 할까요? | 특이사항 1. 다세대주택 / 대항력없는 후순위임차인,provided_synthetic_consultations
CASE-0484,G05,울산,남구,1억 미만,계약중(종료예정),미상,미상,미상,보증금미반환,소송제기,남편이 임대인에게서 월세보증금 일부를 중간에 받았습니다. 그 과정에서 임대인은 월세보증금을 적금 넣어놔 중간해지를 하게되면 이자받는 부분에서 본인이 손해이니 그 만큼 이자를 메꿔주면 보증금을 주겠다. 하여 남편은 알겠다고 협의하고 보증금을 받아냈습니다. 아내(실 임차계약자)는 그 사실을 모르던중에 임대인이 임차계약자가 아닌 사람에게 보증금을 준것이 문제가 될것같아서인지 전화로 이 사실을 뒤늦게 알렸습니다. 제가 소송을 하게되면 제 남편이 곤란해질텐데 보증금 부분에서는 그냥 책임을 물지않되 임대인 만을 법적으로 처벌이나 죄를 물을수있는지 이 부분에서 남편은 제외하고 임대인만 법적으로 조치할수 있는 부분이 있는지 궁굼합니다. 그리고 이해가 되지않는 부분이 적금이자인데. 이걸 물어줘야하는게 맞는건가요? 이 부분에서 60만원을 요구하였는데 분할로 요구하여 2회차는 입금해준 상태이고 이걸 반환받을수있는 방법이 있는지도 궁굼합니다,1. 25년 5월 계약만료되는 상황 / 2개월 전 먼저 나갈테니 보증금반환해 달라고 아내가 요청 / 임대인거절,unknown,보증상품 보증상품 미확인 | 주택유형 미상 | 보증금구간 1억 미만 | 계약상태 계약중(종료예정) | 선순위권리 미상 | 반환보증 미상 | 분쟁유형 보증금미반환 | 진행단계 소송제기 | 상황 남편이 임대인에게서 월세보증금 일부를 중간에 받았습니다. 그 과정에서 임대인은 월세보증금을 적금 넣어놔 중간해지를 하게되면 이자받는 부분에서 본인이 손해이니 그 만큼 이자를 메꿔주면 보증금을 주겠다. 하여 남편은 알겠다고 협의하고 보증금을 받아냈습니다. 아내(실 임차계약자)는 그 사실을 모르던중에 임대인이 임차계약자가 아닌 사람에게 보증금을 준것이 문제가 될것같아서인지 전화로 이 사실을 뒤늦게 알렸습니다. 제가 소송을 하게되면 제 남편이 곤란해질텐데 보증금 부분에서는 그냥 책임을 물지않되 임대인 만을 법적으로 처벌이나 죄를 물을수있는지 이 부분에서 남편은 제외하고 임대인만 법적으로 조치할수 있는 부분이 있는지 궁굼합니다. 그리고 이해가 되지않는 부분이 적금이자인데. 이걸 물어줘야하는게 맞는건가요? 이 부분에서 60만원을 요구하였는데 분할로 요구하여 2회차는 입금해준 상태이고 이걸 반환받을수있는 방법이 있는지도 궁굼합니다 | 특이사항 1. 25년 5월 계약만료되는 상황 / 2개월 전 먼저 나갈테니 보증금반환해 달라고 아내가 요청 / 임대인거절,provided_synthetic_consultations
CASE-0485,G05,충남,당진시,1억 미만,계약중(종료예정),다세대주택,미상,가입,기타·일반문의,임차권등기,현재 집주인이 개인회생중으로 등기를받았고 계약종료는 7월5일입니다 보증보험은 가입되어있습니다 근데 문자내용도 어중간하게 답변도 에매하게 하시다가 이제는 답변도 없습니다. 그래서 내용증명을 보냈는데 폐문부재라 뜨고 이럴경우에 두달뒤에 다시보내서 임차권등기를 신청할수있나해서,1. 다세대주택 / 임대사업자,unknown,보증상품 보증상품 미확인 | 주택유형 다세대주택 | 보증금구간 1억 미만 | 계약상태 계약중(종료예정) | 선순위권리 미상 | 반환보증 가입 | 분쟁유형 기타·일반문의 | 진행단계 임차권등기 | 상황 현재 집주인이 개인회생중으로 등기를받았고 계약종료는 7월5일입니다 보증보험은 가입되어있습니다 근데 문자내용도 어중간하게 답변도 에매하게 하시다가 이제는 답변도 없습니다. 그래서 내용증명을 보냈는데 폐문부재라 뜨고 이럴경우에 두달뒤에 다시보내서 임차권등기를 신청할수있나해서 | 특이사항 1. 다세대주택 / 임대사업자,provided_synthetic_consultations
CASE-0486,G05,경기,수원시,1억 미만,계약중(종료예정),빌라,압류·가압류,가입,경매·공매,상담·검토,"살고 있던 빌라 전세가 경매로 넘어갔습니다. 2월 21일 압류 되엇고 3월 12일 임의경매개시결정 이라고 합니다 1순위 은행권 1,680,000,000원 2순위 본인 전세금 170,000,000원 입니다. 입대보증 보증기간이 25년 04월 14일 까지 입니다. 전입신고 + 확정일자 되어 있습니다. 집주인은 알아서 보증보험 받고 나가라고 합니다. 깡통 빌라고 빌라 전체가 넘어 갔습니다. 돈은 돌려받을수 없을거 같아 셀프 낙찰 생각 하고 있습니다. 변호사분이랑 같이 진행 하려고 하는데 대략적인 비용이 얼마나 드는지 셀프낙찰 진행을 가능한지",* 잘 해결되었다고 함,unknown,"보증상품 보증상품 미확인 | 주택유형 빌라 | 보증금구간 1억 미만 | 계약상태 계약중(종료예정) | 선순위권리 압류·가압류 | 반환보증 가입 | 분쟁유형 경매·공매 | 진행단계 상담·검토 | 상황 살고 있던 빌라 전세가 경매로 넘어갔습니다. 2월 21일 압류 되엇고 3월 12일 임의경매개시결정 이라고 합니다 1순위 은행권 1,680,000,000원 2순위 본인 전세금 170,000,000원 입니다. 입대보증 보증기간이 25년 04월 14일 까지 입니다. 전입신고 + 확정일자 되어 있습니다. 집주인은 알아서 보증보험 받고 나가라고 합니다. 깡통 빌라고 빌라 전체가 넘어 갔습니다. 돈은 돌려받을수 없을거 같아 셀프 낙찰 생각 하고 있습니다. 변호사분이랑 같이 진행 하려고 하는데 대략적인 비용이 얼마나 드는지 셀프낙찰 진행을 가능한지 | 특이사항 * 잘 해결되었다고 함",provided_synthetic_consultations
CASE-0487,G05,경기,수원시,1억~2억,계약종료,미상,미상,미상,기타·일반문의,임차권등기,"지난주 17일만기였으나 주인이 돈을주지 않아 19일에 임차권등기명령 신청 후 대기중에 있습니다 집주인이 4/9에 돈을 줄수 있으니 해지해 달라고 했습니다 그런데 해지신청 후 해지처리완료될때까지 이사를 나가지말고, 제가 해지를안하거나 이사를 안갈 수 있으니 만원을 자기에게 다시 맡겼다가 이사갈 날에 찾아가라고 했습니다. 해지신청증을 보내주고 바로 나가겠다고 하니 그러면 안되는거라고 화를 내더라구요 저는 4/9에 돈을 받고난 뒤 해지신청하여 신청증을 보내주고 일주일내로 이사를 해버리려 하는데 그래도 될지 몰라서요 어떻게 처리해야할지 -해지신청 후 완료될때까지 이사를 하면 안되는 것인지 -이 기간동안 집주인에게 담보금을 줘야하는지 -해지 완료된 후에 바로 나가야하는지",,unknown,"보증상품 보증상품 미확인 | 주택유형 미상 | 보증금구간 1억~2억 | 계약상태 계약종료 | 선순위권리 미상 | 반환보증 미상 | 분쟁유형 기타·일반문의 | 진행단계 임차권등기 | 상황 지난주 17일만기였으나 주인이 돈을주지 않아 19일에 임차권등기명령 신청 후 대기중에 있습니다 집주인이 4/9에 돈을 줄수 있으니 해지해 달라고 했습니다 그런데 해지신청 후 해지처리완료될때까지 이사를 나가지말고, 제가 해지를안하거나 이사를 안갈 수 있으니 만원을 자기에게 다시 맡겼다가 이사갈 날에 찾아가라고 했습니다. 해지신청증을 보내주고 바로 나가겠다고 하니 그러면 안되는거라고 화를 내더라구요 저는 4/9에 돈을 받고난 뒤 해지신청하여 신청증을 보내주고 일주일내로 이사를 해버리려 하는데 그래도 될지 몰라서요 어떻게 처리해야할지 -해지신청 후 완료될때까지 이사를 하면 안되는 것인지 -이 기간동안 집주인에게 담보금을 줘야하는지 -해지 완료된 후에 바로 나가야하는지",provided_synthetic_consultations
CASE-0488,G05,경기,화성시,1억 미만,계약중(종료예정),아파트,근저당설정,미상,경매·공매,상담·검토,현재 월세로 보증름 3년전 계약후 현재까지 계속 살고있습니다 근데 몇달전 집주인이 법인인데 잠시 전입을 빼달라고 항 상황에서 제가 무지해서 전입을 잠깐 빼준사이 전세입자를 받아 전세설정까지 끝마친 상황에 제가 다시 전입신고를 할때는 그쪽에 잠시 빼달라고해 모르고 있던상황에 이번에 알게됐습니다 여기서 전세를 계약한 피해자가 만약 집을 비워달라고하면 비워줘야하나요?? 법무사에 연락햐보니 점유권이. 인정되서 보증금 다 까일때까지 있어도 된다고하는데 어머니 혼자 계셔서 왠지 불안합니다 그리고 오늘 전세피해자분이 연락오셔서 경매를 막고자 제가 내고있는 월세를 은행이자 90에 50을 보내고 자기가 나머지40을 내서 경매를 막자고 하는데 이런거에 무지해서 여쭤봅니다,1. 아파트 / 근저당권설정(1억) 상태에서 임대차계약 / 대항력x,unknown,보증상품 보증상품 미확인 | 주택유형 아파트 | 보증금구간 1억 미만 | 계약상태 계약중(종료예정) | 선순위권리 근저당설정 | 반환보증 미상 | 분쟁유형 경매·공매 | 진행단계 상담·검토 | 상황 현재 월세로 보증름 3년전 계약후 현재까지 계속 살고있습니다 근데 몇달전 집주인이 법인인데 잠시 전입을 빼달라고 항 상황에서 제가 무지해서 전입을 잠깐 빼준사이 전세입자를 받아 전세설정까지 끝마친 상황에 제가 다시 전입신고를 할때는 그쪽에 잠시 빼달라고해 모르고 있던상황에 이번에 알게됐습니다 여기서 전세를 계약한 피해자가 만약 집을 비워달라고하면 비워줘야하나요?? 법무사에 연락햐보니 점유권이. 인정되서 보증금 다 까일때까지 있어도 된다고하는데 어머니 혼자 계셔서 왠지 불안합니다 그리고 오늘 전세피해자분이 연락오셔서 경매를 막고자 제가 내고있는 월세를 은행이자 90에 50을 보내고 자기가 나머지40을 내서 경매를 막자고 하는데 이런거에 무지해서 여쭤봅니다 | 특이사항 1. 아파트 / 근저당권설정(1억) 상태에서 임대차계약 / 대항력x,provided_synthetic_consultations
CASE-0489,G05,경남,진주시,1억 미만,계약중(종료예정),미상,근저당설정,미상,경매·공매,상담·검토,"2023.4월 10일 전세 계약으로 들어와 24년 10월 임대인의 채무 미납으로 강제경매개시가 되었습니다. 등기부엔 저보다 우선인 근저당이 말소기준권리로, 저는 대항력이 없는 후순위 (소액임차인에는 해당함) 배당요구를 신청하여 기다리던 중이었고, 집주인에게는 25년 3월 20일에 전세 계약을 종료하고 싶다는 의사를 전달하였으나 현실적으로 보증금을 반납해줄 형편은 없는 것 같습니다. 25년 3월 24일 첫 경매기일이었습니다. 1. 앞으로 저는 제 보증금을 돌려받기 위해 어떤 절차를 진행해야 할까요? 2. 임차권 등기명령을 하면 남은 보증금 회수에 도움이 될 수 있을까요? 3. 후순위 임차인으로서 셀프낙찰을 받는 경우도 있다고 하던데 이또한 경매경험이 없어 절차나 용어가 생소합니다. 정말정말 변호사님의 조언이 간절합니다. 도와주세요.",,unknown,"보증상품 보증상품 미확인 | 주택유형 미상 | 보증금구간 1억 미만 | 계약상태 계약중(종료예정) | 선순위권리 근저당설정 | 반환보증 미상 | 분쟁유형 경매·공매 | 진행단계 상담·검토 | 상황 2023.4월 10일 전세 계약으로 들어와 24년 10월 임대인의 채무 미납으로 강제경매개시가 되었습니다. 등기부엔 저보다 우선인 근저당이 말소기준권리로, 저는 대항력이 없는 후순위 (소액임차인에는 해당함) 배당요구를 신청하여 기다리던 중이었고, 집주인에게는 25년 3월 20일에 전세 계약을 종료하고 싶다는 의사를 전달하였으나 현실적으로 보증금을 반납해줄 형편은 없는 것 같습니다. 25년 3월 24일 첫 경매기일이었습니다. 1. 앞으로 저는 제 보증금을 돌려받기 위해 어떤 절차를 진행해야 할까요? 2. 임차권 등기명령을 하면 남은 보증금 회수에 도움이 될 수 있을까요? 3. 후순위 임차인으로서 셀프낙찰을 받는 경우도 있다고 하던데 이또한 경매경험이 없어 절차나 용어가 생소합니다. 정말정말 변호사님의 조언이 간절합니다. 도와주세요.",provided_synthetic_consultations
CASE-0490,G05,미상,미상,1억~2억,계약중(종료예정),다가구주택,미상,미상,경매·공매,상담·검토,"다른 세입자가 보증금을 돌려받지 못해, 경매신청을해 경매가 개시되었다는 안내문을 받았습니다 저는 중기청 대출을 1억받았습니다 도대체 뭐 부터해야할지 모르겠습니다 만약 돈을 돌려받지 못한다면 제가 그 빚을 다 갚아야하는 것인가요 ㅠ",1. 다가구주택 / 대항력없는 후순위임차인,unknown,"보증상품 보증상품 미확인 | 주택유형 다가구주택 | 보증금구간 1억~2억 | 계약상태 계약중(종료예정) | 선순위권리 미상 | 반환보증 미상 | 분쟁유형 경매·공매 | 진행단계 상담·검토 | 상황 다른 세입자가 보증금을 돌려받지 못해, 경매신청을해 경매가 개시되었다는 안내문을 받았습니다 저는 중기청 대출을 1억받았습니다 도대체 뭐 부터해야할지 모르겠습니다 만약 돈을 돌려받지 못한다면 제가 그 빚을 다 갚아야하는 것인가요 ㅠ | 특이사항 1. 다가구주택 / 대항력없는 후순위임차인",provided_synthetic_consultations
CASE-0491,G05,경북,포항시,1억~2억,계약중(종료예정),미상,미상,가입,기타·일반문의,임차권등기,전세만료날짜 : 2025년 4월 11일 공시송달 완료 날짜 : 2025년 3월 5일 이런 경우에는 임차권등기명령 신청은 언제해야되나요?,1. 보증보험가입,unknown,보증상품 보증상품 미확인 | 주택유형 미상 | 보증금구간 1억~2억 | 계약상태 계약중(종료예정) | 선순위권리 미상 | 반환보증 가입 | 분쟁유형 기타·일반문의 | 진행단계 임차권등기 | 상황 전세만료날짜 : 2025년 4월 11일 공시송달 완료 날짜 : 2025년 3월 5일 이런 경우에는 임차권등기명령 신청은 언제해야되나요? | 특이사항 1. 보증보험가입,provided_synthetic_consultations
CASE-0492,G05,서울,영등포구,1억 미만,계약중(종료예정),원룸·도시형,근저당설정,미상,보증금미반환,상담·검토,현재 3000 / 51 원룸 거주 중 만료일 8월 28일 계약한 부동산에서 집주인이 연락이 안되니 월세 2달 정도 안내다가 연락이 오면 부동산으로 연락 달라는 통화를 하게 되었습니다 부동산 말로는 우선순위가 높으니 보증금 걱정은 하지마시고 전세로 계약한 집들 문제가 생길것 같아 도움 요청 드린다고 했습니다 최우선 변제권으로 보증금 반환이 전부는 어렵다는 얘기를 듣고 상담 신청합니다,1. 23년도 근저당,unknown,보증상품 보증상품 미확인 | 주택유형 원룸·도시형 | 보증금구간 1억 미만 | 계약상태 계약중(종료예정) | 선순위권리 근저당설정 | 반환보증 미상 | 분쟁유형 보증금미반환 | 진행단계 상담·검토 | 상황 현재 3000 / 51 원룸 거주 중 만료일 8월 28일 계약한 부동산에서 집주인이 연락이 안되니 월세 2달 정도 안내다가 연락이 오면 부동산으로 연락 달라는 통화를 하게 되었습니다 부동산 말로는 우선순위가 높으니 보증금 걱정은 하지마시고 전세로 계약한 집들 문제가 생길것 같아 도움 요청 드린다고 했습니다 최우선 변제권으로 보증금 반환이 전부는 어렵다는 얘기를 듣고 상담 신청합니다 | 특이사항 1. 23년도 근저당,provided_synthetic_consultations
CASE-0493,G05,미상,미상,3억 이상,계약중(종료예정),미상,미상,미상,기타·일반문의,상담·검토,"저는 세입자로, 23년 4월 19일~ 25년 4월 18일로 전세계약을 하였고, 곧 2년 계약이 만료될 예정입니다. 처음 입주할 때 집주인은 집을 매매할 의사를 밝혔습니다. 저는 계약 갱신 의사를 밝혔습니다(24년 12월부터). 집주인과 부동산은 세끼고 매매가 아닌 실거주 매매로 집을 팔려고 하여 매수자가 나타남 (25년 1월 13일 점심에 임대인으로부터 전화옴). 저는 이에 대해 이의를 제기했으며, 계약 종료 2개월 전에는 매수자가 잔금을 치르지 않으면 임대차보호법에 따라 2년 더 거주할 수 있다고 말씀드렸습니다(25년 1월 13일 저녁). 이를 임대인과 부동산에게 모두 말했습니다. 부동산은 처음에는 당황하더니, 매수자가 2월 초에 잔금을 치를 거라며, 저희가 나가야 한다고 했습니다.(25년 1월 13일~15일 사이) 매수자가 2월초에 잔금을 치루고, 4월 18일 만기 2개월 이전에 우리와 입주협의를 하면 저희가 이사나가야 한다는 겁니다. 부동산은 대신 저희가 이사할 새로운 집을 무보수로 계약해준다고 하여 새 집에 대한 전세계약을 마쳤습니다.(25년 1월 16일) 그런데 최근 등기부등본을 확인한 결과(25년 3월 20일), 소유자가 이전 임대인 그대로인 것을 알게 되었습니다. 이에 부동산에 \`왜 잔금을 치루고 집주인이 바뀌지 않았냐고 문의\`했더니, 저희가 이사를 안나가면 2개월전에 잔금치루려고 했는데, 저희가 새로운 전세계약을 하고 이사를 나갈테니 잔금을 안치뤘다고 하며 저희에게 이해해 달라는 답변만 들었습니다. 이런 상황에서 손해배상을 청구할 수 있나요?",1. 아직 이사 전,unknown,"보증상품 보증상품 미확인 | 주택유형 미상 | 보증금구간 3억 이상 | 계약상태 계약중(종료예정) | 선순위권리 미상 | 반환보증 미상 | 분쟁유형 기타·일반문의 | 진행단계 상담·검토 | 상황 저는 세입자로, 23년 4월 19일~ 25년 4월 18일로 전세계약을 하였고, 곧 2년 계약이 만료될 예정입니다. 처음 입주할 때 집주인은 집을 매매할 의사를 밝혔습니다. 저는 계약 갱신 의사를 밝혔습니다(24년 12월부터). 집주인과 부동산은 세끼고 매매가 아닌 실거주 매매로 집을 팔려고 하여 매수자가 나타남 (25년 1월 13일 점심에 임대인으로부터 전화옴). 저는 이에 대해 이의를 제기했으며, 계약 종료 2개월 전에는 매수자가 잔금을 치르지 않으면 임대차보호법에 따라 2년 더 거주할 수 있다고 말씀드렸습니다(25년 1월 13일 저녁). 이를 임대인과 부동산에게 모두 말했습니다. 부동산은 처음에는 당황하더니, 매수자가 2월 초에 잔금을 치를 거라며, 저희가 나가야 한다고 했습니다.(25년 1월 13일~15일 사이) 매수자가 2월초에 잔금을 치루고, 4월 18일 만기 2개월 이전에 우리와 입주협의를 하면 저희가 이사나가야 한다는 겁니다. 부동산은 대신 저희가 이사할 새로운 집을 무보수로 계약해준다고 하여 새 집에 대한 전세계약을 마쳤습니다.(25년 1월 16일) 그런데 최근 등기부등본을 확인한 결과(25년 3월 20일), 소유자가 이전 임대인 그대로인 것을 알게 되었습니다. 이에 부동산에 \`왜 잔금을 치루고 집주인이 바뀌지 않았냐고 문의\`했더니, 저희가 이사를 안나가면 2개월전에 잔금치루려고 했는데, 저희가 새로운 전세계약을 하고 이사를 나갈테니 잔금을 안치뤘다고 하며 저희에게 이해해 달라는 답변만 들었습니다. 이런 상황에서 손해배상을 청구할 수 있나요? | 특이사항 1. 아직 이사 전",provided_synthetic_consultations
CASE-0494,G05,서울,동대문구,1억~2억,계약종료,미상,미상,미상,기타·일반문의,소송제기,너무 장기간 아무것도 하지 못하여 이렇게 라도 전세금을 반년정도 못받고 있습니다 임차인 등기를 위해 셀프로 신청했지만 무허가 주택이고 계약서상의 건물 크기와 건축물대장 상의 크기가 달라 건축물표시변경등기를 보정명령을 받고 법무사 분께 문의를 드렸습니다 집주인이 아니면 신청이 어렵다고 하여 아무것도 하지못한체 시간이 흘렀습니다 이제는 소송을 해야되는 단계라고 생각되어 진행했던 임차인등기 내용 첨부합니다,,unknown,보증상품 보증상품 미확인 | 주택유형 미상 | 보증금구간 1억~2억 | 계약상태 계약종료 | 선순위권리 미상 | 반환보증 미상 | 분쟁유형 기타·일반문의 | 진행단계 소송제기 | 상황 너무 장기간 아무것도 하지 못하여 이렇게 라도 전세금을 반년정도 못받고 있습니다 임차인 등기를 위해 셀프로 신청했지만 무허가 주택이고 계약서상의 건물 크기와 건축물대장 상의 크기가 달라 건축물표시변경등기를 보정명령을 받고 법무사 분께 문의를 드렸습니다 집주인이 아니면 신청이 어렵다고 하여 아무것도 하지못한체 시간이 흘렀습니다 이제는 소송을 해야되는 단계라고 생각되어 진행했던 임차인등기 내용 첨부합니다,provided_synthetic_consultations
CASE-0495,G05,부산,부산진구,1억 미만,계약중(종료예정),미상,압류·가압류,미상,보증금미반환,소송제기,"보증금 4천만원에 월세 35만원인 건물에 입주하여있습니다. 작년 6월에 계약을 했고, 전입신고를 했으나 확정일자는 뒤늦게 올해 3월에 받았습니다. 그런데 올해 1월에 주택보증공사에서 이 건물로 가압류가 들어와있고 보증사고가 발생했다는 우편물을 저번주에 받았습니다. 이런 경우 저는 보증금을 돌려받지 못 하는건가요? 소송을 걸면 조금이라도 받을 수 있는 확률이 있나요?",,unknown,"보증상품 보증상품 미확인 | 주택유형 미상 | 보증금구간 1억 미만 | 계약상태 계약중(종료예정) | 선순위권리 압류·가압류 | 반환보증 미상 | 분쟁유형 보증금미반환 | 진행단계 소송제기 | 상황 보증금 4천만원에 월세 35만원인 건물에 입주하여있습니다. 작년 6월에 계약을 했고, 전입신고를 했으나 확정일자는 뒤늦게 올해 3월에 받았습니다. 그런데 올해 1월에 주택보증공사에서 이 건물로 가압류가 들어와있고 보증사고가 발생했다는 우편물을 저번주에 받았습니다. 이런 경우 저는 보증금을 돌려받지 못 하는건가요? 소송을 걸면 조금이라도 받을 수 있는 확률이 있나요?",provided_synthetic_consultations
CASE-0496,G05,경기,용인시,1억 미만,계약종료,다가구주택,미상,미상,경매·공매,상담·검토,"현재 거주 중인 집이 이미 경매 진행중에 있고, 임대인의 경우 재판부에 개인회생절차 진행(2024.12.18), 변제계획인가결정공고(2025.02.27) 진행 되어 있는 상태 입니다. 임차인인 제가 보증금 전액을 돌려 받을수 있는 방법이 있을까요. 누구에게나 그렇겠지만 저에게 정말 중요한 돈이기에, 무료 법률 상담 신청 해봅니다. 보증금을 회수 받기위한 방법을 알고 싶어요.",1. 다가구주택,unknown,"보증상품 보증상품 미확인 | 주택유형 다가구주택 | 보증금구간 1억 미만 | 계약상태 계약종료 | 선순위권리 미상 | 반환보증 미상 | 분쟁유형 경매·공매 | 진행단계 상담·검토 | 상황 현재 거주 중인 집이 이미 경매 진행중에 있고, 임대인의 경우 재판부에 개인회생절차 진행(2024.12.18), 변제계획인가결정공고(2025.02.27) 진행 되어 있는 상태 입니다. 임차인인 제가 보증금 전액을 돌려 받을수 있는 방법이 있을까요. 누구에게나 그렇겠지만 저에게 정말 중요한 돈이기에, 무료 법률 상담 신청 해봅니다. 보증금을 회수 받기위한 방법을 알고 싶어요. | 특이사항 1. 다가구주택",provided_synthetic_consultations
CASE-0497,G05,경기,의정부시,1억~2억,계약종료,오피스텔,미상,미상,전세사기,상담·검토,"계약은 만료되었으며 24년1월에 임차등기 설정이후 전세사기피해버팀목대출로 이자를 납입하고 있습니다. 작년 8월에 말도없이 집주인이 바뀌었고, 새로바뀐 임대인에게 보증금 반환 요청을 하였으나 돈이 없다고 알아서 하라고 하는데 경매진행을 절차자",1. 오피스텔 / 매매가 한번도 없었다 / 전세는 [도로명].9~2억,unknown,"보증상품 보증상품 미확인 | 주택유형 오피스텔 | 보증금구간 1억~2억 | 계약상태 계약종료 | 선순위권리 미상 | 반환보증 미상 | 분쟁유형 전세사기 | 진행단계 상담·검토 | 상황 계약은 만료되었으며 24년1월에 임차등기 설정이후 전세사기피해버팀목대출로 이자를 납입하고 있습니다. 작년 8월에 말도없이 집주인이 바뀌었고, 새로바뀐 임대인에게 보증금 반환 요청을 하였으나 돈이 없다고 알아서 하라고 하는데 경매진행을 절차자 | 특이사항 1. 오피스텔 / 매매가 한번도 없었다 / 전세는 [도로명].9~2억",provided_synthetic_consultations
CASE-0498,G05,충북,청주시,1억 미만,계약중(종료예정),다가구주택,근저당설정,미상,경매·공매,상담·검토,"2025년 04월 02일 계약 종료(2년 연장하여 4년 거주 중) 2025년 1월 퇴거 의사를 밝혔으며 갑자기 집주인이 연락이 두절되었다가 전화를 계속하여 (핸드폰이 2개) 연락이 닿았으나 전세금 못준다는 얘기를 하지 않아 1월 경에 이사갈 집을 계약을 진행함, 2월 중순 경 집앞에 해당 건물(다세대)이 경매로 넘어간다는 청주지방법원의 안내문이 있어 등기부등본을 떼어보니 저 이외에 약 3세대가 임차권을 신청하였던 것을 확인함. 현재는 저 포함 5세대가 임차권 (총 6세대)가 신청을 해놓은 상태입니다. 현재 해당 건물은 근저당은 약 3억9천만원으로 설정이 되있으며, 전입일자 년 (1순위) - 4,500만원, 2021년(2순위 : 본인) -4,500만원 입니다. 2025년 5월 20일까지 권리신고 및 배당요구 기일이며 현재 진행은 모두 마친 상태입니다. (경매사건) 인데 이곳에 보면 토지 및 건물이 같이 기재가 되어있는데 토지와 건물이 같이 경매에 넘어가는 부분인지 솔직히 제가 지금 여기서 무엇을 해야할지 모르겠습니다. 제가 이 다음에 할 수 있는 방법이 무엇이 있을까요?",1. 다가구 / 6가구 중 2번째 순위임차인,unknown,"보증상품 보증상품 미확인 | 주택유형 다가구주택 | 보증금구간 1억 미만 | 계약상태 계약중(종료예정) | 선순위권리 근저당설정 | 반환보증 미상 | 분쟁유형 경매·공매 | 진행단계 상담·검토 | 상황 2025년 04월 02일 계약 종료(2년 연장하여 4년 거주 중) 2025년 1월 퇴거 의사를 밝혔으며 갑자기 집주인이 연락이 두절되었다가 전화를 계속하여 (핸드폰이 2개) 연락이 닿았으나 전세금 못준다는 얘기를 하지 않아 1월 경에 이사갈 집을 계약을 진행함, 2월 중순 경 집앞에 해당 건물(다세대)이 경매로 넘어간다는 청주지방법원의 안내문이 있어 등기부등본을 떼어보니 저 이외에 약 3세대가 임차권을 신청하였던 것을 확인함. 현재는 저 포함 5세대가 임차권 (총 6세대)가 신청을 해놓은 상태입니다. 현재 해당 건물은 근저당은 약 3억9천만원으로 설정이 되있으며, 전입일자 년 (1순위) - 4,500만원, 2021년(2순위 : 본인) -4,500만원 입니다. 2025년 5월 20일까지 권리신고 및 배당요구 기일이며 현재 진행은 모두 마친 상태입니다. (경매사건) 인데 이곳에 보면 토지 및 건물이 같이 기재가 되어있는데 토지와 건물이 같이 경매에 넘어가는 부분인지 솔직히 제가 지금 여기서 무엇을 해야할지 모르겠습니다. 제가 이 다음에 할 수 있는 방법이 무엇이 있을까요? | 특이사항 1. 다가구 / 6가구 중 2번째 순위임차인",provided_synthetic_consultations
CASE-0499,G05,충남,천안시,1억 미만,계약중(종료예정),다가구주택,근저당설정,미상,보증금미반환,내용증명·공시송달,"5월 7일 이사인데 위 내용증명 4번 글[발신인의 임대차계약 해지(전세계약해지) 의사에 따라 2025년 6월 25일 상기 소재지 임대차계약에 따른 금액 육천만원(₩60,000,000) 보증금에 대하여 주택임대차보호법에 의거 수신인(임대인 이인영)에게 반환 요청함을 알려드립니다.]에 6월 25일이라는 날짜를 5월 7일로 적어야 하는지 아니면 법적효력이 발생하는 6월 25일로 그대로 적어야 하는지 여쭤보고 싶습니다",1. 다가구 / 대항력없음 / 6억근저당설정상태에서 계약,unknown,"보증상품 보증상품 미확인 | 주택유형 다가구주택 | 보증금구간 1억 미만 | 계약상태 계약중(종료예정) | 선순위권리 근저당설정 | 반환보증 미상 | 분쟁유형 보증금미반환 | 진행단계 내용증명·공시송달 | 상황 5월 7일 이사인데 위 내용증명 4번 글[발신인의 임대차계약 해지(전세계약해지) 의사에 따라 2025년 6월 25일 상기 소재지 임대차계약에 따른 금액 육천만원(₩60,000,000) 보증금에 대하여 주택임대차보호법에 의거 수신인(임대인 이인영)에게 반환 요청함을 알려드립니다.]에 6월 25일이라는 날짜를 5월 7일로 적어야 하는지 아니면 법적효력이 발생하는 6월 25일로 그대로 적어야 하는지 여쭤보고 싶습니다 | 특이사항 1. 다가구 / 대항력없음 / 6억근저당설정상태에서 계약",provided_synthetic_consultations
CASE-0500,G05,미상,무안군,2억~3억,계약종료,아파트,선순위존재,가입,기타·일반문의,임차권등기,임차권등기 시 주민등록일자 기재하였으나 법원직원이 현재 임차중인 아파트에 주민등록하고 있지 않으므로 없음으로 보정요청하여 보정 후 결정문 받음 이후에 허그에 이행청구 하였는데 허그에서는 주민등록 일자 경정요청. 법원에 문의 결과 불가하다는 입장 계약자 본인이 전출하게 된 경위: 신규 입주로 당첨자 본인이 전출할수 밖에 없어 배우자 와 자녀는 그대로 두고 본인만 전출,1. 아파트 / 대항력있는 선순위임차인,unknown,보증상품 보증상품 미확인 | 주택유형 아파트 | 보증금구간 2억~3억 | 계약상태 계약종료 | 선순위권리 선순위존재 | 반환보증 가입 | 분쟁유형 기타·일반문의 | 진행단계 임차권등기 | 상황 임차권등기 시 주민등록일자 기재하였으나 법원직원이 현재 임차중인 아파트에 주민등록하고 있지 않으므로 없음으로 보정요청하여 보정 후 결정문 받음 이후에 허그에 이행청구 하였는데 허그에서는 주민등록 일자 경정요청. 법원에 문의 결과 불가하다는 입장 계약자 본인이 전출하게 된 경위: 신규 입주로 당첨자 본인이 전출할수 밖에 없어 배우자 와 자녀는 그대로 두고 본인만 전출 | 특이사항 1. 아파트 / 대항력있는 선순위임차인,provided_synthetic_consultations
CASE-0501,G05,서울,도봉구,3억 이상,계약종료,미상,미상,미상,묵시적갱신분쟁,상담·검토,저희가 2023년 1월 12일 전세계약을 진행하고 2025년에 묵시적 갱신이 되었습니다. 사정이 생겨 2025년 1월 27일 집을 내놓겠다고 집주인에게 이야기를 하였고 지금 2025년 2월 10일에 새로운 임차인에게 집계약이 되었습니다. - 4/30일 날이 이사날 근데 임대인이 복비를 저희가 부담하라고 자꾸 이야기하는 와중인데 이게 맞는건가요? 복비 관련하여 집주인이 낼 수 있게 할 수 있는 방법이,,unknown,보증상품 보증상품 미확인 | 주택유형 미상 | 보증금구간 3억 이상 | 계약상태 계약종료 | 선순위권리 미상 | 반환보증 미상 | 분쟁유형 묵시적갱신분쟁 | 진행단계 상담·검토 | 상황 저희가 2023년 1월 12일 전세계약을 진행하고 2025년에 묵시적 갱신이 되었습니다. 사정이 생겨 2025년 1월 27일 집을 내놓겠다고 집주인에게 이야기를 하였고 지금 2025년 2월 10일에 새로운 임차인에게 집계약이 되었습니다. - 4/30일 날이 이사날 근데 임대인이 복비를 저희가 부담하라고 자꾸 이야기하는 와중인데 이게 맞는건가요? 복비 관련하여 집주인이 낼 수 있게 할 수 있는 방법이,provided_synthetic_consultations
CASE-0502,G05,경기,부천시,2억~3억,계약종료,미상,미상,가입,기타·일반문의,소송제기,"현재 저는 HUG를 통해 보증보험 이행 후 이사를 완료하였습니다. 보증보험 청구 이전에 임대인이 보증금 상환이 불가능하게 되었으니 보증보험을 통해 임차인 분은 이사를 가시고 본인(임대인)은 이자와 중도상환수수료에 대해 지급하겠다고 전화상으로 약속을 하였습니다. ▶ 제가 전화상으로 보증보험으로 이사를 가게되면 심사 기간동안 이자/중도상환수수료가 발생된다, 지급 해줄 것이냐 라고 물어 위처럼 통화상 답변을 받은 것입니다. 이후 이자와 중도상환수수료 지급에 대한 확약서 작성 요청을 위해 문자/메일을 송부하였으나, 확약서는 작성이 불가하니 추후 본인이 지급하지 않으면 소송을 해도 되니 꼭 지급하겠다. 라는 문자 답장을 받았습니다. 그러나 이후에 임대인은 임차인인 제가 본인에게 양도를 하지 않은 상태이니 이자 지급을 하지 않아도 된다고 하면서 위의 약속을 이행하지 않았습니다. 양도를 해야만 \`지연이자\`가 발생되고 청구가 가능 한 것은 알고 있으나, 제 경우에는 보증보험을 통해 나갈 수 있다고 임대인도 인지를 하면서 보증보험으로 처리하는걸 동의하였고, 해당 방식으로 이사를 하면 임차인인 제가 기존에는 지출하지 않아도 됐었던 이자와 중도상환수수료에 대해 임대인 본인이 지급 약속을 한 것에 대해서 특별손해 청구가 가능한지",,unknown,"보증상품 보증상품 미확인 | 주택유형 미상 | 보증금구간 2억~3억 | 계약상태 계약종료 | 선순위권리 미상 | 반환보증 가입 | 분쟁유형 기타·일반문의 | 진행단계 소송제기 | 상황 현재 저는 HUG를 통해 보증보험 이행 후 이사를 완료하였습니다. 보증보험 청구 이전에 임대인이 보증금 상환이 불가능하게 되었으니 보증보험을 통해 임차인 분은 이사를 가시고 본인(임대인)은 이자와 중도상환수수료에 대해 지급하겠다고 전화상으로 약속을 하였습니다. ▶ 제가 전화상으로 보증보험으로 이사를 가게되면 심사 기간동안 이자/중도상환수수료가 발생된다, 지급 해줄 것이냐 라고 물어 위처럼 통화상 답변을 받은 것입니다. 이후 이자와 중도상환수수료 지급에 대한 확약서 작성 요청을 위해 문자/메일을 송부하였으나, 확약서는 작성이 불가하니 추후 본인이 지급하지 않으면 소송을 해도 되니 꼭 지급하겠다. 라는 문자 답장을 받았습니다. 그러나 이후에 임대인은 임차인인 제가 본인에게 양도를 하지 않은 상태이니 이자 지급을 하지 않아도 된다고 하면서 위의 약속을 이행하지 않았습니다. 양도를 해야만 \`지연이자\`가 발생되고 청구가 가능 한 것은 알고 있으나, 제 경우에는 보증보험을 통해 나갈 수 있다고 임대인도 인지를 하면서 보증보험으로 처리하는걸 동의하였고, 해당 방식으로 이사를 하면 임차인인 제가 기존에는 지출하지 않아도 됐었던 이자와 중도상환수수료에 대해 임대인 본인이 지급 약속을 한 것에 대해서 특별손해 청구가 가능한지",provided_synthetic_consultations
CASE-0503,G05,미상,강서구,1억 미만,계약중(종료예정),미상,압류·가압류,미상,기타·일반문의,상담·검토,23년 12월부터 25년 12월까지 반전세 5천에 80으로 계약중입니다. 등기부등본 확인 결과 24년 9월에 압류가 걸린걸 확인했습니다. 관리사무소에서 반전세 6개월치 미리내면 10프로 할인해준다고 해서 송금후 확인해보니 압류가 걸린걸 확인했습니다. 이런경우 어떻게 해야할지 도움 요청합니다.,,unknown,보증상품 보증상품 미확인 | 주택유형 미상 | 보증금구간 1억 미만 | 계약상태 계약중(종료예정) | 선순위권리 압류·가압류 | 반환보증 미상 | 분쟁유형 기타·일반문의 | 진행단계 상담·검토 | 상황 23년 12월부터 25년 12월까지 반전세 5천에 80으로 계약중입니다. 등기부등본 확인 결과 24년 9월에 압류가 걸린걸 확인했습니다. 관리사무소에서 반전세 6개월치 미리내면 10프로 할인해준다고 해서 송금후 확인해보니 압류가 걸린걸 확인했습니다. 이런경우 어떻게 해야할지 도움 요청합니다.,provided_synthetic_consultations
CASE-0504,G05,서울,중랑구,2억~3억,계약종료,원룸·도시형,선순위존재,가입,묵시적갱신분쟁,내용증명·공시송달,"25년 3월 27일 오늘자로 전세계약 종료 내용전반 1) 만기전 (더 살기로 통화는 함) 묵시적 계약 년 더 살기로 했으나, 3월 20일 은행으로부터 공시지가 하락으로 허그보증연장심사 불가 통보 : 보증금 1억 8천으로 감액해야 심사 가능하다고 함. 2) 임대인이 화를 내면서 임차인 잘못 아니냐고 임차인 귀책사유로 몰아감. 3) 허그 상담내용 : 묵시적 연장이 되었기에, 보증금 이행청구를 하기 위해서는 임대차계약 종료확인서와 임대인 인감증명서, 신분증 사본이 필요하다고 하나, 현재 임대인이 협조해주지 않고 있음 그러면서 오늘 2가지 옵션 제시. 첫째, 1억 8천으로 감액하면, 월세 30만원 씩 내라 둘째, 나갈거면 복잡해서 \""나는 모르겠고, 보증보험 가입했으니, 알아서 허그에서 받아서 나가세요\"" 라는 식입니다. 저는 시종일관 좋게 말하려고 했는데 전화도 안받고, 문자 보내면 한참있다 답장 한~두줄 하는 집주인의 태도에 화가나서, 이행청구 하고 싶은데, 오늘 전세계약 종료 현재 시점에서, 전세계약 해지 확인 내용증명과, 공시송달 그리고 은행대출 연장(6개월 특약) 그리고 임차권 명령 및 허그 이행청구가 원할하게 진행 가능할까요?",1. 도시형생활주택 / 대항력있는 선순위임차인,unknown,"보증상품 보증상품 미확인 | 주택유형 원룸·도시형 | 보증금구간 2억~3억 | 계약상태 계약종료 | 선순위권리 선순위존재 | 반환보증 가입 | 분쟁유형 묵시적갱신분쟁 | 진행단계 내용증명·공시송달 | 상황 25년 3월 27일 오늘자로 전세계약 종료 내용전반 1) 만기전 (더 살기로 통화는 함) 묵시적 계약 년 더 살기로 했으나, 3월 20일 은행으로부터 공시지가 하락으로 허그보증연장심사 불가 통보 : 보증금 1억 8천으로 감액해야 심사 가능하다고 함. 2) 임대인이 화를 내면서 임차인 잘못 아니냐고 임차인 귀책사유로 몰아감. 3) 허그 상담내용 : 묵시적 연장이 되었기에, 보증금 이행청구를 하기 위해서는 임대차계약 종료확인서와 임대인 인감증명서, 신분증 사본이 필요하다고 하나, 현재 임대인이 협조해주지 않고 있음 그러면서 오늘 2가지 옵션 제시. 첫째, 1억 8천으로 감액하면, 월세 30만원 씩 내라 둘째, 나갈거면 복잡해서 \""나는 모르겠고, 보증보험 가입했으니, 알아서 허그에서 받아서 나가세요\"" 라는 식입니다. 저는 시종일관 좋게 말하려고 했는데 전화도 안받고, 문자 보내면 한참있다 답장 한~두줄 하는 집주인의 태도에 화가나서, 이행청구 하고 싶은데, 오늘 전세계약 종료 현재 시점에서, 전세계약 해지 확인 내용증명과, 공시송달 그리고 은행대출 연장(6개월 특약) 그리고 임차권 명령 및 허그 이행청구가 원할하게 진행 가능할까요? | 특이사항 1. 도시형생활주택 / 대항력있는 선순위임차인",provided_synthetic_consultations
CASE-0505,G05,경기,화성시,1억~2억,계약종료,다가구주택,미상,미상,경매·공매,상담·검토,"23년 5월 13일 계약 만료인데 계약 만료 당시 총 보증금 1.9억에서 4천만원만 받고 1.5억을 지금까지도 못 받고 있습니다. 작년(24년)에는 4순위가 경매를 진행했다고 무잉여로 취하를 했습니다. 지금 상황은 1순위 은행에서 경매를 신청해 놓은 상태입니다. 1순위 신한은행 채권최고액 748,200,00 2순위 3층 세입자 240,000,000 3순위 본인 150,000,000 4순위 개인 채권최고액 240,000,000 5순위 옆집 세입자 220,000,000 지금 이 상황에서 어떻게 대응해야 할지 모르겠습니다.",1. 다가구 / 3가구중 2번째 임차인,unknown,"보증상품 보증상품 미확인 | 주택유형 다가구주택 | 보증금구간 1억~2억 | 계약상태 계약종료 | 선순위권리 미상 | 반환보증 미상 | 분쟁유형 경매·공매 | 진행단계 상담·검토 | 상황 23년 5월 13일 계약 만료인데 계약 만료 당시 총 보증금 1.9억에서 4천만원만 받고 1.5억을 지금까지도 못 받고 있습니다. 작년(24년)에는 4순위가 경매를 진행했다고 무잉여로 취하를 했습니다. 지금 상황은 1순위 은행에서 경매를 신청해 놓은 상태입니다. 1순위 신한은행 채권최고액 748,200,00 2순위 3층 세입자 240,000,000 3순위 본인 150,000,000 4순위 개인 채권최고액 240,000,000 5순위 옆집 세입자 220,000,000 지금 이 상황에서 어떻게 대응해야 할지 모르겠습니다. | 특이사항 1. 다가구 / 3가구중 2번째 임차인",provided_synthetic_consultations
CASE-0506,G05,광주,미상,1억 미만,계약중(종료예정),미상,근저당설정,미상,전세사기,판결·집행,2024.08.20 부로 계약 종료가 되었으나 2015년 설정된 성남새마을금고의 근저당권 채권최고액 3억9천만원에대한 이자연체로 인한 2023년 10월10일 임의개시가 결정되어 임대인은 변제 예정이라는 말만 하고 연락도 잘 되질 않습니다. 현재는 임차인들이 경매 유예신청을 하여 유예중이며 올 4월 다시 경매가 재개 될 예정입니다. 저는 현재 임차권등기명령을 신청해놓은 상황이며 전세사기피해자결정신청을 2회 하였지만 모두 부결되었습니다. 총8가구중 6가구는 전세사기 피해자결정을 받은상태이며 저를포함한 2가구는 불인정 상태입니다. 전세대출 상환연기가 올 8월로 끝나는데 소송을 진행하면 승소할가능성이 있는지 소송비용이 어느정도 인지 아니면 이상황에서 제가 할수있는 방법이 있는지 궁급합니다. 답변 부탁드리겠습니다.,,unknown,보증상품 보증상품 미확인 | 주택유형 미상 | 보증금구간 1억 미만 | 계약상태 계약중(종료예정) | 선순위권리 근저당설정 | 반환보증 미상 | 분쟁유형 전세사기 | 진행단계 판결·집행 | 상황 2024.08.20 부로 계약 종료가 되었으나 2015년 설정된 성남새마을금고의 근저당권 채권최고액 3억9천만원에대한 이자연체로 인한 2023년 10월10일 임의개시가 결정되어 임대인은 변제 예정이라는 말만 하고 연락도 잘 되질 않습니다. 현재는 임차인들이 경매 유예신청을 하여 유예중이며 올 4월 다시 경매가 재개 될 예정입니다. 저는 현재 임차권등기명령을 신청해놓은 상황이며 전세사기피해자결정신청을 2회 하였지만 모두 부결되었습니다. 총8가구중 6가구는 전세사기 피해자결정을 받은상태이며 저를포함한 2가구는 불인정 상태입니다. 전세대출 상환연기가 올 8월로 끝나는데 소송을 진행하면 승소할가능성이 있는지 소송비용이 어느정도 인지 아니면 이상황에서 제가 할수있는 방법이 있는지 궁급합니다. 답변 부탁드리겠습니다.,provided_synthetic_consultations
CASE-0507,G05,대전,서구,1억 미만,계약중(종료예정),다가구주택,미상,미상,보증금미반환,소송제기,"2024년 10월 12일 만료 - 집주인 개월 연장 - 임차권등기1개 등록 후 말소 - 이후 임차권등기 2개(현재) 저는 2025년 4월 12일이 만기일인데 집주인은 한달만 연장을 원하고 있습니다. 저는 이사간다고 계약금 지불했다고 돈 돌려달라고 말은 해놨지만, 사실 본가로 들어가기로 하여서 이사는 안해도 됩니다. 한달 전세 대출 연장을 하게 되도 이미 임차권등기 2개를 해결하지 못하는 상황이라 또 같은 상황이 벌어질 것 같습니다. 대출 연장을 할지 임차권 등기 신청 후 보증금반환청구소송을 하는게 좋을지 여쭤보려고 상담 요청했습니다.",1. 다가구주택 / 12가구 중 4번째 임차인,unknown,"보증상품 보증상품 미확인 | 주택유형 다가구주택 | 보증금구간 1억 미만 | 계약상태 계약중(종료예정) | 선순위권리 미상 | 반환보증 미상 | 분쟁유형 보증금미반환 | 진행단계 소송제기 | 상황 2024년 10월 12일 만료 - 집주인 개월 연장 - 임차권등기1개 등록 후 말소 - 이후 임차권등기 2개(현재) 저는 2025년 4월 12일이 만기일인데 집주인은 한달만 연장을 원하고 있습니다. 저는 이사간다고 계약금 지불했다고 돈 돌려달라고 말은 해놨지만, 사실 본가로 들어가기로 하여서 이사는 안해도 됩니다. 한달 전세 대출 연장을 하게 되도 이미 임차권등기 2개를 해결하지 못하는 상황이라 또 같은 상황이 벌어질 것 같습니다. 대출 연장을 할지 임차권 등기 신청 후 보증금반환청구소송을 하는게 좋을지 여쭤보려고 상담 요청했습니다. | 특이사항 1. 다가구주택 / 12가구 중 4번째 임차인",provided_synthetic_consultations
CASE-0508,G05,서울,성북구,2억~3억,계약중(종료예정),미상,근저당설정,가입,보증금미반환,소송제기,"처음 전세계약(2억) 2년이후 계약서 갱신없이 계약연장을 했습니다 작년 7월에 연장을 했고, 올 3월에 신혼집으로 이사를 가야해서 집주인께 말씀드리고, 방을 내놓았는데 말도없이 근저당이 작년 9월에 잡혀있었습니다 (집보러 갑자기 아무도 안오길래 부동산에 저희가 전화해서 물어봤을때 근저당이 잡힌걸 알았습미다) 그래서 현재 집이 나가지 않고있어서 전세보증금을 돌려받지 못하고 있는데, 집주인이 근저당을 잡은 기업에 연락을 해서 풀어보겠다고는 하는데, 전화를 안받아서 집주인도 발만 동동구르고 있다는 답변만 받고 있습니다 이런경우 소송을통해 보증금을 받을 수 있을까요 ?",,unknown,"보증상품 보증상품 미확인 | 주택유형 미상 | 보증금구간 2억~3억 | 계약상태 계약중(종료예정) | 선순위권리 근저당설정 | 반환보증 가입 | 분쟁유형 보증금미반환 | 진행단계 소송제기 | 상황 처음 전세계약(2억) 2년이후 계약서 갱신없이 계약연장을 했습니다 작년 7월에 연장을 했고, 올 3월에 신혼집으로 이사를 가야해서 집주인께 말씀드리고, 방을 내놓았는데 말도없이 근저당이 작년 9월에 잡혀있었습니다 (집보러 갑자기 아무도 안오길래 부동산에 저희가 전화해서 물어봤을때 근저당이 잡힌걸 알았습미다) 그래서 현재 집이 나가지 않고있어서 전세보증금을 돌려받지 못하고 있는데, 집주인이 근저당을 잡은 기업에 연락을 해서 풀어보겠다고는 하는데, 전화를 안받아서 집주인도 발만 동동구르고 있다는 답변만 받고 있습니다 이런경우 소송을통해 보증금을 받을 수 있을까요 ?",provided_synthetic_consultations
CASE-0509,G05,서울,서초구,2억~3억,계약중(종료예정),미상,압류·가압류,가입,기타·일반문의,HUG이행청구,"전세만기 25.10.12 이지만 지방발령으로 인해 25년 3월초에 5월1일 날짜로 이사가야함을 집주인에게 유선상으로 말함.하지만 집주인 협조적이지 않아 이상하여 등기부등본 확인해보니 가등기,가처분,가압류등 4개의 은행에 전세금보다 더 많은 금액이 가압류중임. 어떻게 해야 빠른시일내에 전세금반환 되는지 상담. 허그보증보험 가입함.",1. 중도해지합의서를 작성하기로 함,unknown,"보증상품 보증상품 미확인 | 주택유형 미상 | 보증금구간 2억~3억 | 계약상태 계약중(종료예정) | 선순위권리 압류·가압류 | 반환보증 가입 | 분쟁유형 기타·일반문의 | 진행단계 HUG이행청구 | 상황 전세만기 25.10.12 이지만 지방발령으로 인해 25년 3월초에 5월1일 날짜로 이사가야함을 집주인에게 유선상으로 말함.하지만 집주인 협조적이지 않아 이상하여 등기부등본 확인해보니 가등기,가처분,가압류등 4개의 은행에 전세금보다 더 많은 금액이 가압류중임. 어떻게 해야 빠른시일내에 전세금반환 되는지 상담. 허그보증보험 가입함. | 특이사항 1. 중도해지합의서를 작성하기로 함",provided_synthetic_consultations
CASE-0510,G05,부산,미상,1억~2억,계약중(종료예정),미상,미상,가입,기타·일반문의,상담·검토,"24.06.10 전세계약 실행 임대인이 법인이라 보증보험 필수가입 조건 6.10기준 선 은행대출금 있음 임대인.09 보증보험 심사 거절당함 이후 해결하겠다고만 하고 25.03 까지 세금미납으로인해 보증보험 가입불가 법인+세금미납,보증보험 가입불가 불안하여 이사를 가야할 것 같음. 입주 후 1년 이후 부터는 보증보험도 가입불가 대상이니 더욱더 불안함 부동산계약서에는 특약사항으로 보증보험가입 불가시 계약은 파기된다 라고 명시 해놓음",,unknown,"보증상품 보증상품 미확인 | 주택유형 미상 | 보증금구간 1억~2억 | 계약상태 계약중(종료예정) | 선순위권리 미상 | 반환보증 가입 | 분쟁유형 기타·일반문의 | 진행단계 상담·검토 | 상황 24.06.10 전세계약 실행 임대인이 법인이라 보증보험 필수가입 조건 6.10기준 선 은행대출금 있음 임대인.09 보증보험 심사 거절당함 이후 해결하겠다고만 하고 25.03 까지 세금미납으로인해 보증보험 가입불가 법인+세금미납,보증보험 가입불가 불안하여 이사를 가야할 것 같음. 입주 후 1년 이후 부터는 보증보험도 가입불가 대상이니 더욱더 불안함 부동산계약서에는 특약사항으로 보증보험가입 불가시 계약은 파기된다 라고 명시 해놓음",provided_synthetic_consultations
CASE-0511,G06,대전,유성구,1억 미만,계약종료,미상,미상,가입,보증금미반환,소송제기,배당요구신청 및 임차권등기명령까지 완료했습니다 소송을 준비중인데 1. 퇴거하지 않고 전세보증금 9천만원 반환 소송 2. 퇴거 후 전세보증금 9천만원에 지연이자 12%까지 청구 소송 두개 중에 당연히 2번이 나을까요?? 결혼 준비중이라 지금은 신혼집으로 이사한 상태인데 2번으로 진행하게 되면 신혼집으로 전입신고를 한 후에 진행해야 할까요? 아니면 집주인에게 사진 및 비밀번호 문자로 전송해서 이사사실만 알리고 진행하면 될까요?,,unknown,보증상품 보증상품 미확인 | 주택유형 미상 | 보증금구간 1억 미만 | 계약상태 계약종료 | 선순위권리 미상 | 반환보증 가입 | 분쟁유형 보증금미반환 | 진행단계 소송제기 | 상황 배당요구신청 및 임차권등기명령까지 완료했습니다 소송을 준비중인데 1. 퇴거하지 않고 전세보증금 9천만원 반환 소송 2. 퇴거 후 전세보증금 9천만원에 지연이자 12%까지 청구 소송 두개 중에 당연히 2번이 나을까요?? 결혼 준비중이라 지금은 신혼집으로 이사한 상태인데 2번으로 진행하게 되면 신혼집으로 전입신고를 한 후에 진행해야 할까요? 아니면 집주인에게 사진 및 비밀번호 문자로 전송해서 이사사실만 알리고 진행하면 될까요?,provided_synthetic_consultations
CASE-0512,G06,미상,미상,3억 이상,계약중(종료예정),미상,미상,가입,기타·일반문의,HUG이행청구,7월 중순 만기 허그보험 있음 임대인 후순위대출 9천 세금 2천6백 건강보험 1천 중소기업 지원센터 1천5백 현재 부동산에 매매를 놓았는데 말소를 못해서 취소 되었어요,,unknown,보증상품 보증상품 미확인 | 주택유형 미상 | 보증금구간 3억 이상 | 계약상태 계약중(종료예정) | 선순위권리 미상 | 반환보증 가입 | 분쟁유형 기타·일반문의 | 진행단계 HUG이행청구 | 상황 7월 중순 만기 허그보험 있음 임대인 후순위대출 9천 세금 2천6백 건강보험 1천 중소기업 지원센터 1천5백 현재 부동산에 매매를 놓았는데 말소를 못해서 취소 되었어요,provided_synthetic_consultations
CASE-0513,G06,대전,유성구,1억~2억,계약종료,미상,선순위존재,미상,전세사기,상고심,배당순위 관련해서 지금 전세사기 관련 선순위자 4명이 애매한 상황입니다. a 확정일자 2021. 11. 8. 전입신고 2021. 11. 8. 임대차기간 2021. 11. 24.~ b 확정일자 2021. 11. 8. 전입신고 2021. 11. 8. 임대차기간 2021. 11. 17. ~ c 확정일자 2021. 11. 9. 전입신고 2021. 11. 9. 임대차기간 2021. 11. 13.~ d 확정일자 2021. 11. 9. 전입신고 2021. 11. 9. 임대차기간 2021. 11. 24.~ 우선변제권은 점유(주택의 인도) + 전입신고 + 확정일자로 알고 있습니다 점유 즉 주택의 인도에 관하여는 대법원 판례에서 인도란 반드시 물리적 현실적 지배가 아닌 사실적지배를 말한다는데 전입신고나 확정일자처럼 주택의 인도에 관하여 관공서에서 증명가능한 서류같은게 없더라구요. 여기저기 검색해보니 1. 임대차 기간 2. 잔금 치르고 이사한 날 3. 전입신고일 4. 계약서 작성 후 계약금 입금한 날 이렇게 얘기는 있던데 만약 c가 임대차기간을 이유로 점유기간이 빠르다며 배당 신청시 주택 인도일을 임대차기간으로 주장하면 1순위가 되는 것인지 아니면 위 4명이 서로 주택의 인도에 대해 먼저 점유햇다는 것을 증명한 후 경매를 담당한 경매계 및 판사의 결정에 따라 달라지게 되는것인가요?,,unknown,보증상품 보증상품 미확인 | 주택유형 미상 | 보증금구간 1억~2억 | 계약상태 계약종료 | 선순위권리 선순위존재 | 반환보증 미상 | 분쟁유형 전세사기 | 진행단계 상고심 | 상황 배당순위 관련해서 지금 전세사기 관련 선순위자 4명이 애매한 상황입니다. a 확정일자 2021. 11. 8. 전입신고 2021. 11. 8. 임대차기간 2021. 11. 24.~ b 확정일자 2021. 11. 8. 전입신고 2021. 11. 8. 임대차기간 2021. 11. 17. ~ c 확정일자 2021. 11. 9. 전입신고 2021. 11. 9. 임대차기간 2021. 11. 13.~ d 확정일자 2021. 11. 9. 전입신고 2021. 11. 9. 임대차기간 2021. 11. 24.~ 우선변제권은 점유(주택의 인도) + 전입신고 + 확정일자로 알고 있습니다 점유 즉 주택의 인도에 관하여는 대법원 판례에서 인도란 반드시 물리적 현실적 지배가 아닌 사실적지배를 말한다는데 전입신고나 확정일자처럼 주택의 인도에 관하여 관공서에서 증명가능한 서류같은게 없더라구요. 여기저기 검색해보니 1. 임대차 기간 2. 잔금 치르고 이사한 날 3. 전입신고일 4. 계약서 작성 후 계약금 입금한 날 이렇게 얘기는 있던데 만약 c가 임대차기간을 이유로 점유기간이 빠르다며 배당 신청시 주택 인도일을 임대차기간으로 주장하면 1순위가 되는 것인지 아니면 위 4명이 서로 주택의 인도에 대해 먼저 점유햇다는 것을 증명한 후 경매를 담당한 경매계 및 판사의 결정에 따라 달라지게 되는것인가요?,provided_synthetic_consultations
CASE-0514,G06,대구,대구,1억 미만,계약종료,다가구주택,근저당설정,미상,경매·공매,소송제기,"25/1/15 계약종료, 현재 임차권등기 설정해둔 상태입니다 다가구 건물 총 3세대있고 1위 5천만원 2위 근저당 5억, 새마을금고 3위 (사건)호 (저에요) 4위 (사건)호 (전세금올린부분) 5위 1억7천, 3층전체 이외 1층상가 미용실 2천만원 월세 사설 감정평가로는 건물 9억정도 나온다고 했어요 28일날 임의경매결정 등기부등본에 올라왔더라구요. 새마을금고에서 경매신청한거구요 집주인은 잠적중이에요 파산준비중이라고 하더라구요 임차권등기 설정은 했지만 짐은 그대로 있고 거주만 다른지역에서 하고 있습니다. 1. 짐을 일부 둔 상태로 전입신고를 다른곳에 해도될지 2. 전세금반환소송을 진행중인데 집주인이 파산하면 어떻게 되는지 알고싶습니다",1. 다가구주택 / 대항력없는 후순위임차인,unknown,"보증상품 보증상품 미확인 | 주택유형 다가구주택 | 보증금구간 1억 미만 | 계약상태 계약종료 | 선순위권리 근저당설정 | 반환보증 미상 | 분쟁유형 경매·공매 | 진행단계 소송제기 | 상황 25/1/15 계약종료, 현재 임차권등기 설정해둔 상태입니다 다가구 건물 총 3세대있고 1위 5천만원 2위 근저당 5억, 새마을금고 3위 (사건)호 (저에요) 4위 (사건)호 (전세금올린부분) 5위 1억7천, 3층전체 이외 1층상가 미용실 2천만원 월세 사설 감정평가로는 건물 9억정도 나온다고 했어요 28일날 임의경매결정 등기부등본에 올라왔더라구요. 새마을금고에서 경매신청한거구요 집주인은 잠적중이에요 파산준비중이라고 하더라구요 임차권등기 설정은 했지만 짐은 그대로 있고 거주만 다른지역에서 하고 있습니다. 1. 짐을 일부 둔 상태로 전입신고를 다른곳에 해도될지 2. 전세금반환소송을 진행중인데 집주인이 파산하면 어떻게 되는지 알고싶습니다 | 특이사항 1. 다가구주택 / 대항력없는 후순위임차인",provided_synthetic_consultations
CASE-0515,G06,서울,동대문구,1억~2억,계약중(종료예정),미상,미상,미상,보증금미반환,상담·검토,21년도에 전세로 들어가 현재까지 살고 있고 다가오는 5월 계약 만기가 됩니다. 그러나 현재 집주인이 임차인들 보증금을 돌려주지 못해 구치소에 들어가있는 상황입니다. 현재 집주인이 제가 살고있는 집을 부동산에 내놓았고 기다리고 있는 중입니다. 불안하여 부동산에 확인하니 임대인이 집을 팔때 제가 3자로 같이 동행하여 그자리에서 팔리면 받은 돈을 저에게 바로 입금하기로 하였습니다. 그래도 이 불안한 상황에서 제가 뭘 할 수 있을지 알려주세요 ㅜㅜ 전세권설정은 되어있습니다!,,unknown,보증상품 보증상품 미확인 | 주택유형 미상 | 보증금구간 1억~2억 | 계약상태 계약중(종료예정) | 선순위권리 미상 | 반환보증 미상 | 분쟁유형 보증금미반환 | 진행단계 상담·검토 | 상황 21년도에 전세로 들어가 현재까지 살고 있고 다가오는 5월 계약 만기가 됩니다. 그러나 현재 집주인이 임차인들 보증금을 돌려주지 못해 구치소에 들어가있는 상황입니다. 현재 집주인이 제가 살고있는 집을 부동산에 내놓았고 기다리고 있는 중입니다. 불안하여 부동산에 확인하니 임대인이 집을 팔때 제가 3자로 같이 동행하여 그자리에서 팔리면 받은 돈을 저에게 바로 입금하기로 하였습니다. 그래도 이 불안한 상황에서 제가 뭘 할 수 있을지 알려주세요 ㅜㅜ 전세권설정은 되어있습니다!,provided_synthetic_consultations
CASE-0516,G06,서울,서울시도봉구,3억 이상,계약종료,미상,미상,미상,묵시적갱신분쟁,상담·검토,저희가 2023년 1월 12일 전세계약을 진행하고 2025년에 묵시적 갱신이 되었습니다. 2025년 1월 27일 집을 내놓겠다고 집주인에게 이야기를 하였고 지금 2025년 2월 10일에 새로운 임차인에게 집계약이 되었습니다. 4/30 이사날 근데 임대임이 복비를 저희가 부담하라고 자꾸 이야기하는 와중인데 이게 맞는건가요? 집주인이 제대로 복비 내게 할 방법이 없을까요. 전 세입자랑도 복비로 말이 많았더라구요 ㅠㅠ 하 전화못받아서 다시 신청드려요 죄송합니다!,1. 계약해지통보 후 3개월이 지나면 보증금반환과 주택의 인도를 동시에 하면 된다.,unknown,보증상품 보증상품 미확인 | 주택유형 미상 | 보증금구간 3억 이상 | 계약상태 계약종료 | 선순위권리 미상 | 반환보증 미상 | 분쟁유형 묵시적갱신분쟁 | 진행단계 상담·검토 | 상황 저희가 2023년 1월 12일 전세계약을 진행하고 2025년에 묵시적 갱신이 되었습니다. 2025년 1월 27일 집을 내놓겠다고 집주인에게 이야기를 하였고 지금 2025년 2월 10일에 새로운 임차인에게 집계약이 되었습니다. 4/30 이사날 근데 임대임이 복비를 저희가 부담하라고 자꾸 이야기하는 와중인데 이게 맞는건가요? 집주인이 제대로 복비 내게 할 방법이 없을까요. 전 세입자랑도 복비로 말이 많았더라구요 ㅠㅠ 하 전화못받아서 다시 신청드려요 죄송합니다! | 특이사항 1. 계약해지통보 후 3개월이 지나면 보증금반환과 주택의 인도를 동시에 하면 된다.,provided_synthetic_consultations
CASE-0517,G06,인천,남동구,2억~3억,계약중(종료예정),오피스텔,근저당설정,가입,기타·일반문의,소송제기,전세계약 2019년 5월 27일 1억 7000으로 계약하여 올해까지 연장 두번을 해서 1억 9500의 전세금이 되어있고(따로 만나서 계약서는 쓰지않고 계좌이체 문자내역으로 두번 연장) 올해 만기 3개월전에 이사나갈거라 통보하였으나 한달반 전인데도 매물을 올려놓지도 않고 (부동산 시세가 안좋다/ 탄핵여부로 매물을 못내놓고 있다 이상한소리 답변) 나는 이사준비가 계속 딜레이되고있다하니 세입자 맞춰지면 그때 집알아보라 똑같은 답변만 계속 돌아오고 정작 부동산에 매물도 안올리고 희망 시세도 안알려줌 임차인이 따로 부동산에 내놓지도 못하는 상황 이럴경우 어떠한 법적조치가 필요하며 전세대출 4000만원이 전세날짜에 맞춰서 상환을 해야하는지도 궁금하고 이사갈집을 가계약을 하면 안되는지도 궁금합니다 보증보험은 안들어놨고 근저당 설정은 제가 전세들어오면서 갚았고 등기부등본 확인했음 확정일자만 초기에 초기 계약서에 받아놨는데 더 확인해볼 상황들이 있는지도 궁금하고 소송으로 가면 수임료와 임대인에게 물을수도 있는지도요 만기 되면 어떤 방향으로 가야하는게 좋을지 몰라서 이사를 우선 가지말고 이 집에 만기날짜에 맞춰 취해야하는 임차인의 대응과 임대인에게 걸수있는 손해 비용 등등,1. 오피스텔 / 대항력있는 선순위임차인,unknown,보증상품 보증상품 미확인 | 주택유형 오피스텔 | 보증금구간 2억~3억 | 계약상태 계약중(종료예정) | 선순위권리 근저당설정 | 반환보증 가입 | 분쟁유형 기타·일반문의 | 진행단계 소송제기 | 상황 전세계약 2019년 5월 27일 1억 7000으로 계약하여 올해까지 연장 두번을 해서 1억 9500의 전세금이 되어있고(따로 만나서 계약서는 쓰지않고 계좌이체 문자내역으로 두번 연장) 올해 만기 3개월전에 이사나갈거라 통보하였으나 한달반 전인데도 매물을 올려놓지도 않고 (부동산 시세가 안좋다/ 탄핵여부로 매물을 못내놓고 있다 이상한소리 답변) 나는 이사준비가 계속 딜레이되고있다하니 세입자 맞춰지면 그때 집알아보라 똑같은 답변만 계속 돌아오고 정작 부동산에 매물도 안올리고 희망 시세도 안알려줌 임차인이 따로 부동산에 내놓지도 못하는 상황 이럴경우 어떠한 법적조치가 필요하며 전세대출 4000만원이 전세날짜에 맞춰서 상환을 해야하는지도 궁금하고 이사갈집을 가계약을 하면 안되는지도 궁금합니다 보증보험은 안들어놨고 근저당 설정은 제가 전세들어오면서 갚았고 등기부등본 확인했음 확정일자만 초기에 초기 계약서에 받아놨는데 더 확인해볼 상황들이 있는지도 궁금하고 소송으로 가면 수임료와 임대인에게 물을수도 있는지도요 만기 되면 어떤 방향으로 가야하는게 좋을지 몰라서 이사를 우선 가지말고 이 집에 만기날짜에 맞춰 취해야하는 임차인의 대응과 임대인에게 걸수있는 손해 비용 등등 | 특이사항 1. 오피스텔 / 대항력있는 선순위임차인,provided_synthetic_consultations
CASE-0518,G06,미상,미상,1억 미만,계약종료,미상,압류·가압류,미상,경매·공매,판결·집행,경매 실익과 경매 후에도 보증금을 돌려받기 힘들때 채권추심이나 통장압류 등의 방법을 사용하면 가능성이 있는지 궁금합니다. 현재 경매 신청해둔 상태입니다.,* 경매신청하니 임대인이 보증금반환했다. 상황종료,unknown,보증상품 보증상품 미확인 | 주택유형 미상 | 보증금구간 1억 미만 | 계약상태 계약종료 | 선순위권리 압류·가압류 | 반환보증 미상 | 분쟁유형 경매·공매 | 진행단계 판결·집행 | 상황 경매 실익과 경매 후에도 보증금을 돌려받기 힘들때 채권추심이나 통장압류 등의 방법을 사용하면 가능성이 있는지 궁금합니다. 현재 경매 신청해둔 상태입니다. | 특이사항 * 경매신청하니 임대인이 보증금반환했다. 상황종료,provided_synthetic_consultations
CASE-0519,G06,서울,강서구,2억~3억,계약중(종료예정),미상,미상,가입,기타·일반문의,내용증명·공시송달,"현재전세계약중인집 만기일자가 25년 8월 3일인데요, 집주인이 돈이없어서 매매를 내놨지만 중도해지계약도어렵다고한상태입니다. 4월1일자로 내용증명을 발송한상태입니다. 지금 상태에서 공공임대주택에 당첨이되어 4월 9~11일사이에 계약금을 넣고 임대차계약을해야하는데 그렇게하게되면 기존집(현재살고있는)에서 계약종료시 임대차등기명령, HUG보증이행 청구에 문제가 생기는지 알고싶습니다. 혹시 임대주택에 입주하면서도 전세금을 안전하게돌려받을수있는방법이있는지도궁금합니다ㅠ",,unknown,"보증상품 보증상품 미확인 | 주택유형 미상 | 보증금구간 2억~3억 | 계약상태 계약중(종료예정) | 선순위권리 미상 | 반환보증 가입 | 분쟁유형 기타·일반문의 | 진행단계 내용증명·공시송달 | 상황 현재전세계약중인집 만기일자가 25년 8월 3일인데요, 집주인이 돈이없어서 매매를 내놨지만 중도해지계약도어렵다고한상태입니다. 4월1일자로 내용증명을 발송한상태입니다. 지금 상태에서 공공임대주택에 당첨이되어 4월 9~11일사이에 계약금을 넣고 임대차계약을해야하는데 그렇게하게되면 기존집(현재살고있는)에서 계약종료시 임대차등기명령, HUG보증이행 청구에 문제가 생기는지 알고싶습니다. 혹시 임대주택에 입주하면서도 전세금을 안전하게돌려받을수있는방법이있는지도궁금합니다ㅠ",provided_synthetic_consultations
CASE-0520,G06,서울,광진구,2억~3억,계약중(종료예정),미상,미상,가입,기타·일반문의,HUG이행청구,계약 만료가 2025. 10. 3. 입니다. 최근 집주인과 통화했을 때 허그를 통해서 보증금을 받으라는 이야기를 들었습니다. 만료가 6개월 정도 남아있는 상황이라 보증금이행을 받기 위한 절차가,1. 임대인은 고령의 노인이고 자식이 대리인으로 임대차계약,unknown,보증상품 보증상품 미확인 | 주택유형 미상 | 보증금구간 2억~3억 | 계약상태 계약중(종료예정) | 선순위권리 미상 | 반환보증 가입 | 분쟁유형 기타·일반문의 | 진행단계 HUG이행청구 | 상황 계약 만료가 2025. 10. 3. 입니다. 최근 집주인과 통화했을 때 허그를 통해서 보증금을 받으라는 이야기를 들었습니다. 만료가 6개월 정도 남아있는 상황이라 보증금이행을 받기 위한 절차가 | 특이사항 1. 임대인은 고령의 노인이고 자식이 대리인으로 임대차계약,provided_synthetic_consultations
CASE-0521,G06,전남,무안군,1억 미만,계약종료,미상,미상,가입,기타·일반문의,임차권등기,23.3.4 ~25.3.4 자로 계약종료 상태이고 보증보험이 되어있는 상태에서 임차권등기신청이 완료 되었는데 보증보험에 2달 뒤 이행청구에 필요한 서류를 미리 알려달라고 전화를 했는데 법인회사라 내용증명 또는 계약종료확인서를 보내거나 받았어야만 이행청구신청이 가능하다고 그게없이 계약서에 나와있지않은 번호로 문자를 주고 받은게 어떻게 인정이되었는지 모르겠다고 하는데 이런경우에는 아예 보험청구를 못하는건가요 ? 저는 문자에 연장하지않겠다는 말과 답을 받았어서 따로 내용증명을 보내지않았는데 보증보험에서 신청이 어렵다는 답변을 받았습니다,전화달라고 문자발송,unknown,보증상품 보증상품 미확인 | 주택유형 미상 | 보증금구간 1억 미만 | 계약상태 계약종료 | 선순위권리 미상 | 반환보증 가입 | 분쟁유형 기타·일반문의 | 진행단계 임차권등기 | 상황 23.3.4 ~25.3.4 자로 계약종료 상태이고 보증보험이 되어있는 상태에서 임차권등기신청이 완료 되었는데 보증보험에 2달 뒤 이행청구에 필요한 서류를 미리 알려달라고 전화를 했는데 법인회사라 내용증명 또는 계약종료확인서를 보내거나 받았어야만 이행청구신청이 가능하다고 그게없이 계약서에 나와있지않은 번호로 문자를 주고 받은게 어떻게 인정이되었는지 모르겠다고 하는데 이런경우에는 아예 보험청구를 못하는건가요 ? 저는 문자에 연장하지않겠다는 말과 답을 받았어서 따로 내용증명을 보내지않았는데 보증보험에서 신청이 어렵다는 답변을 받았습니다 | 특이사항 전화달라고 문자발송,provided_synthetic_consultations
CASE-0522,G06,서울,동대문구,1억 미만,계약종료,원룸·도시형,선순위존재,미가입,묵시적갱신분쟁,소송제기,"[전세계약의 내용] 1. 전세금액 : 8500만원 2. 계약기간 : 2021.12.23~2023.12.22 -->이후 묵시적 갱신으로 구두로 집주인분과 1년 더 살고 나가겠다고 말씀드림(2024.12.22) 3. 계약서작성일자 : 2021.11.20 4. 확정일자 : 2021.12.23 5. 전입신고일자 : 2021.12.23 6. 점유일자(이사일자) : 2021.12.23 [보증보험 가입X] [전세대출 X] [주택에 관한 내용] 1. 건물 내역: 공동주택 및 제1종 근린생활시설 및 제2종 근린생활시설 및 교육연구시설 2. 건물 구조: 3층 내에 내부호수 총 11호까지 11명의 동기인이 함께 사는 구조로 저의 전입세대 우선순위는 확정일자 기준 11인 중 4순위 3. 거주 지역: [기타] 1. 계약, 전입 후 거주하는 중 집주인이 변경되었나요? : X 2. 피해상황에 대한 내용 기재 : 집주인분관 연락은 O/보증금 미반환 ---------------------------------------------------------------------------------------------------------- 안녕하세요 보증금 미반환으로 인해 법적 조치 등에 대한 자문 구하고자 글 남깁니다. 1.전세계약(2021.12.23~2023.12.22) 2년 후 묵시적계약갱신으로 살던 중 지난 2024.11.01일 구두로 집주인 분께 퇴거 및 계약해지 의사 말씀드렸고 집주인께서도 3개월이 지난 시점인 2025.02.22일 자까지 전세 보증금 8500만원을 반환해주신다고 말씀하셨습니다. (이후 2024. 01.23 문자로도 2월중에 보증금을 돌려주겠다고 답변) 2. 해당 날짜일주일 이전(2025.02.14) 전화가 오셔서 현재는 보증금 반환이 어렵다고 다고 말씀하신 후(녹음O) 문자를 통해 \`2025.03.31일까지 보증금 입금해드리겠습니다\` 라고 답변. 3. 하지만 해당 2025.03.31일 이전인 2025.03.24일 전화를 통해 당장은 전세보증금을 돌려주지 못한다 (현재 건물 전체를 매각하려고 부동산 시장에 내놓은 상황이라 돈이 없음으로 보증금을 반환해줄 수 없다)라고 한 상태이며, 해당 통화는 녹음O 4. 또한 등기부 등본 상 해당 내부호수에 사는 분 중 한 분이 이미 2025.01.31일자로 \`범위: 제 3층 제 전부\`로 주택 임차권을 잘못 기입해 설정해 놓은 상태+대한법률구조단에서 해당 임차권등기명령은 잘못 기입한 것이라고 본인도 임차권등기명령은 신청할 수 있는 상황+이 분은 전입일자는 저보다 후순위 입니다.) 5. 여기서 제가 보증금 반환을 위해 취해야할 조취가 궁금합니다. 우선은 A.임차권등기명령(주소이전을 해야하는 상황이라 임차권등기명령은 필요할 것 같습니다) B.내용증명 C.지급명령신청(주민번호 앞자리와, 건물주 주소는 알고 있는 상황, 건물주는 해당 15층 건물에 거주중) D.분쟁조정위원회 문의 E.전세보증금 반환소송 6.다음과 같은 절차 시 집주인 분께 소송,명령신청 등 이전에 미리 통보를 해야하나요? 다양한 절차중 제가 어떤 조취를 취해야 가장 빠르고 확실하게 전세 보증금을 돌려받을 수 있는 지 조언 구하고자 글을 남깁니다. 대학생이여서 아직까지 모르는 부분도 많아 조언 구하고자 글을 씁니다 답글을 통해 많은 도움 주시면 감사하겠습니다",1. 도시형생활주택 / 방쪼개기 / 1개호실에 11명 거주,unknown,"보증상품 보증상품 미확인 | 주택유형 원룸·도시형 | 보증금구간 1억 미만 | 계약상태 계약종료 | 선순위권리 선순위존재 | 반환보증 미가입 | 분쟁유형 묵시적갱신분쟁 | 진행단계 소송제기 | 상황 [전세계약의 내용] 1. 전세금액 : 8500만원 2. 계약기간 : 2021.12.23~2023.12.22 -->이후 묵시적 갱신으로 구두로 집주인분과 1년 더 살고 나가겠다고 말씀드림(2024.12.22) 3. 계약서작성일자 : 2021.11.20 4. 확정일자 : 2021.12.23 5. 전입신고일자 : 2021.12.23 6. 점유일자(이사일자) : 2021.12.23 [보증보험 가입X] [전세대출 X] [주택에 관한 내용] 1. 건물 내역: 공동주택 및 제1종 근린생활시설 및 제2종 근린생활시설 및 교육연구시설 2. 건물 구조: 3층 내에 내부호수 총 11호까지 11명의 동기인이 함께 사는 구조로 저의 전입세대 우선순위는 확정일자 기준 11인 중 4순위 3. 거주 지역: [기타] 1. 계약, 전입 후 거주하는 중 집주인이 변경되었나요? : X 2. 피해상황에 대한 내용 기재 : 집주인분관 연락은 O/보증금 미반환 ---------------------------------------------------------------------------------------------------------- 안녕하세요 보증금 미반환으로 인해 법적 조치 등에 대한 자문 구하고자 글 남깁니다. 1.전세계약(2021.12.23~2023.12.22) 2년 후 묵시적계약갱신으로 살던 중 지난 2024.11.01일 구두로 집주인 분께 퇴거 및 계약해지 의사 말씀드렸고 집주인께서도 3개월이 지난 시점인 2025.02.22일 자까지 전세 보증금 8500만원을 반환해주신다고 말씀하셨습니다. (이후 2024. 01.23 문자로도 2월중에 보증금을 돌려주겠다고 답변) 2. 해당 날짜일주일 이전(2025.02.14) 전화가 오셔서 현재는 보증금 반환이 어렵다고 다고 말씀하신 후(녹음O) 문자를 통해 \`2025.03.31일까지 보증금 입금해드리겠습니다\` 라고 답변. 3. 하지만 해당 2025.03.31일 이전인 2025.03.24일 전화를 통해 당장은 전세보증금을 돌려주지 못한다 (현재 건물 전체를 매각하려고 부동산 시장에 내놓은 상황이라 돈이 없음으로 보증금을 반환해줄 수 없다)라고 한 상태이며, 해당 통화는 녹음O 4. 또한 등기부 등본 상 해당 내부호수에 사는 분 중 한 분이 이미 2025.01.31일자로 \`범위: 제 3층 제 전부\`로 주택 임차권을 잘못 기입해 설정해 놓은 상태+대한법률구조단에서 해당 임차권등기명령은 잘못 기입한 것이라고 본인도 임차권등기명령은 신청할 수 있는 상황+이 분은 전입일자는 저보다 후순위 입니다.) 5. 여기서 제가 보증금 반환을 위해 취해야할 조취가 궁금합니다. 우선은 A.임차권등기명령(주소이전을 해야하는 상황이라 임차권등기명령은 필요할 것 같습니다) B.내용증명 C.지급명령신청(주민번호 앞자리와, 건물주 주소는 알고 있는 상황, 건물주는 해당 15층 건물에 거주중) D.분쟁조정위원회 문의 E.전세보증금 반환소송 6.다음과 같은 절차 시 집주인 분께 소송,명령신청 등 이전에 미리 통보를 해야하나요? 다양한 절차중 제가 어떤 조취를 취해야 가장 빠르고 확실하게 전세 보증금을 돌려받을 수 있는 지 조언 구하고자 글을 남깁니다. 대학생이여서 아직까지 모르는 부분도 많아 조언 구하고자 글을 씁니다 답글을 통해 많은 도움 주시면 감사하겠습니다 | 특이사항 1. 도시형생활주택 / 방쪼개기 / 1개호실에 11명 거주",provided_synthetic_consultations
CASE-0523,G06,서울,관악구,1억~2억,계약중(종료예정),다가구주택,근저당설정,미가입,전세사기,상담·검토,"다가구주택 전세 세입자로, 다른 세입자가 강제경매 신청한 상태 1. 채권금액 : 0.9억 2. 계약만료일 : 2025.01.09 3. 보증금 : 1.3억 4. 전세대출 : 1억 5. 보증보험 : 전세반환보증 미가입 (한국주택금융공사 일반전세자금보증 0.9억 가입된 상태_대출금액의 90%) 6. 확정일자 : 2019.12.27 7. 전입신고 : 2020.01.13 8. 임차기간 : 2020.01.10 ~ 2025.01.09. (계약2번 연장/유선상으로 연장한다고 대화함) 9. 집주인 변경 : 2020.01.20 (채한종&채승일→구호주&송용민) 10. 참고사항 - 등기부등본에 선순위 근저당 6억 및 주택임차권 설정 2명 되어있음 (임차권 설정자 중 1명이 경매신청) - 근저당이 19년도에 설정된 것이라 그때 기준으로 나는 소액임차인 해당안됨 - 해당 건물에 소액임차인 6명 정도 있는 것으로 파악됨 (약 1.56억) - 확정일자&전입일자로 세입자 순서 따져봤을 때, 내 앞에 공동1위가 있고 나는 공동2위 - 집주인 변경됐을 때 계약서는 새로 작성하지 않았고, 조건 변경없이 계약 연장 - 계약서 작성일이 <2019.12.03.>인데, 그때는 근저당이 없었고 은행에서 대출 가능하다는 답변을 받은 뒤, <2019.12.27.>일자에 중도금 납부했는데 그 사이 근저당 발생 <궁금한 사항> 1) 한국주택금융공사의 일반전세자금보증은 내 보증금을 지켜주는 것인 줄 알았는데, 그게 아니라 문제 발생 시 은행에 상환 후 나에게 청구한다고 함 임대인에게 잘못이 있는 것인데 나에게 구상권 청구를 했을 때 채무 이행 의무가 있는지, 법적으로 구제받을 방법이 있을까요?(한국주택금융공사는 사례마다 달라 확답X) 2) 계약 갱신할 때, 은행에서 대출연장 때문에 임대인에게 연락이 가니 미리 얘기하라길래 전화상으로 계약연장에 동의함. 2번째 때는 대출얘기 없이 전화로 계약 연장에 동의함. 계약서도 새로 쓰지 않았고, 조건도 변경되지 않았는데 묵시적 갱신으로 볼 수 있을까요? 3) 집주인에게 공동관리비(수도, 인터넷 등) 납부 중인데, 앞으로 안 내도 되는 거 맞나요? 4) 경매에 넘어가 배당받을 경우, 후순위라서 받을 수 있는 돈이 없어도 집주인이 바뀜으로써 대항력이 상실하여 돈도 못 받고 퇴거해야 하나요? 5) 전세사기피해자 자격요건 중 <임대인이 임차보증금반환채무를 이행하지 아니할 의도*가 있었다고 의심할만한 상당한 이유가 있는 경우>가 있음. 내가 계약하고 입주한 뒤 바로 집주인이 바뀌었고, 최초 계약일과 중도금 납부일 사이에 근저당이 설정됐는데 제가 위 요건에 해당한다고 볼 수 있을까요?",1. 17가구 중 1번째 임차인,unknown,"보증상품 보증상품 미확인 | 주택유형 다가구주택 | 보증금구간 1억~2억 | 계약상태 계약중(종료예정) | 선순위권리 근저당설정 | 반환보증 미가입 | 분쟁유형 전세사기 | 진행단계 상담·검토 | 상황 다가구주택 전세 세입자로, 다른 세입자가 강제경매 신청한 상태 1. 채권금액 : 0.9억 2. 계약만료일 : 2025.01.09 3. 보증금 : 1.3억 4. 전세대출 : 1억 5. 보증보험 : 전세반환보증 미가입 (한국주택금융공사 일반전세자금보증 0.9억 가입된 상태_대출금액의 90%) 6. 확정일자 : 2019.12.27 7. 전입신고 : 2020.01.13 8. 임차기간 : 2020.01.10 ~ 2025.01.09. (계약2번 연장/유선상으로 연장한다고 대화함) 9. 집주인 변경 : 2020.01.20 (채한종&채승일→구호주&송용민) 10. 참고사항 - 등기부등본에 선순위 근저당 6억 및 주택임차권 설정 2명 되어있음 (임차권 설정자 중 1명이 경매신청) - 근저당이 19년도에 설정된 것이라 그때 기준으로 나는 소액임차인 해당안됨 - 해당 건물에 소액임차인 6명 정도 있는 것으로 파악됨 (약 1.56억) - 확정일자&전입일자로 세입자 순서 따져봤을 때, 내 앞에 공동1위가 있고 나는 공동2위 - 집주인 변경됐을 때 계약서는 새로 작성하지 않았고, 조건 변경없이 계약 연장 - 계약서 작성일이 <2019.12.03.>인데, 그때는 근저당이 없었고 은행에서 대출 가능하다는 답변을 받은 뒤, <2019.12.27.>일자에 중도금 납부했는데 그 사이 근저당 발생 <궁금한 사항> 1) 한국주택금융공사의 일반전세자금보증은 내 보증금을 지켜주는 것인 줄 알았는데, 그게 아니라 문제 발생 시 은행에 상환 후 나에게 청구한다고 함 임대인에게 잘못이 있는 것인데 나에게 구상권 청구를 했을 때 채무 이행 의무가 있는지, 법적으로 구제받을 방법이 있을까요?(한국주택금융공사는 사례마다 달라 확답X) 2) 계약 갱신할 때, 은행에서 대출연장 때문에 임대인에게 연락이 가니 미리 얘기하라길래 전화상으로 계약연장에 동의함. 2번째 때는 대출얘기 없이 전화로 계약 연장에 동의함. 계약서도 새로 쓰지 않았고, 조건도 변경되지 않았는데 묵시적 갱신으로 볼 수 있을까요? 3) 집주인에게 공동관리비(수도, 인터넷 등) 납부 중인데, 앞으로 안 내도 되는 거 맞나요? 4) 경매에 넘어가 배당받을 경우, 후순위라서 받을 수 있는 돈이 없어도 집주인이 바뀜으로써 대항력이 상실하여 돈도 못 받고 퇴거해야 하나요? 5) 전세사기피해자 자격요건 중 <임대인이 임차보증금반환채무를 이행하지 아니할 의도*가 있었다고 의심할만한 상당한 이유가 있는 경우>가 있음. 내가 계약하고 입주한 뒤 바로 집주인이 바뀌었고, 최초 계약일과 중도금 납부일 사이에 근저당이 설정됐는데 제가 위 요건에 해당한다고 볼 수 있을까요? | 특이사항 1. 17가구 중 1번째 임차인",provided_synthetic_consultations
CASE-0524,G06,서울,은평구,2억~3억,계약종료,오피스텔,근저당설정,미가입,보증금미반환,임차권등기,"23년 1월 10일 전세계약 (2억3천5백 / 주거용 오피스텔 / 보증보험 가입안됨) 25년 1월 10일 계약만료 25년 2월 5일 임차권등기명령 결정정본 25년 2월 17일 이사 (현재 공실상태, 등본도 빼옴) 25년 3월 28일 새로운 전세 세입자 구해져서 계약금 2천4백 받음 25년 5월 30일 잔금일 새로 들어오시는 분들이 신혼부부라 허그에서 전세안심대출 받는다고 하시는데 임차권등기가 되어 있으면 대출이 안된다고 4월 21일까지 임차권등기명령 해제해 달라고 하는데 안되는 것 잘 알고 있지만 세입자가 안들어오면 보증금도 못받는 상황인데 이런 경우 어떻게 해야 할까요? - 집주인이 살고 있는 집에 근저당설정 - 차용증+공증 + 계약서에 단서조항 명시 - 다시 주민등록등본 옮기고 잔금일까지 거주 집주인이 대출이 안나온다고 하는데 제가 대항력을 가지고 잔금을 받을 수 있는 방법이 있는지 알고 싶습니다.",1. 대항력있는 선순위임차인,unknown,"보증상품 보증상품 미확인 | 주택유형 오피스텔 | 보증금구간 2억~3억 | 계약상태 계약종료 | 선순위권리 근저당설정 | 반환보증 미가입 | 분쟁유형 보증금미반환 | 진행단계 임차권등기 | 상황 23년 1월 10일 전세계약 (2억3천5백 / 주거용 오피스텔 / 보증보험 가입안됨) 25년 1월 10일 계약만료 25년 2월 5일 임차권등기명령 결정정본 25년 2월 17일 이사 (현재 공실상태, 등본도 빼옴) 25년 3월 28일 새로운 전세 세입자 구해져서 계약금 2천4백 받음 25년 5월 30일 잔금일 새로 들어오시는 분들이 신혼부부라 허그에서 전세안심대출 받는다고 하시는데 임차권등기가 되어 있으면 대출이 안된다고 4월 21일까지 임차권등기명령 해제해 달라고 하는데 안되는 것 잘 알고 있지만 세입자가 안들어오면 보증금도 못받는 상황인데 이런 경우 어떻게 해야 할까요? - 집주인이 살고 있는 집에 근저당설정 - 차용증+공증 + 계약서에 단서조항 명시 - 다시 주민등록등본 옮기고 잔금일까지 거주 집주인이 대출이 안나온다고 하는데 제가 대항력을 가지고 잔금을 받을 수 있는 방법이 있는지 알고 싶습니다. | 특이사항 1. 대항력있는 선순위임차인",provided_synthetic_consultations
CASE-0525,G06,경기,미상,1억 미만,계약종료,미상,미상,미상,보증금미반환,임차권등기,"대구지역에 보증금 2천, 월세35만으로하는 임대차 계약을 1년 체결하였습니다. 임대차계약만료 전, 집주인과 합의하에 미리 이사를 나와 전입신고까지 다른 곳에 하였으나, 계약만료일인 3월 19일이 지남에도 보증금 반환을 받지 못하였습니다. 이후, 3월 20일에 내용증명을 보내고 4월 2일자로 법원에 임차권등기명령 신청을 한 상태입니다. 집주인 왈 세입자가 들어오지 않으면 보증금을 줄 수 없는 상황이라합니다. 임차권등기명령 신청 후 보증금을 되찾기 위해 제가 시도해볼 수 있는 다른 법적 절차에 대해 변호사님의 지혜가",전원이 꺼져있음,unknown,"보증상품 보증상품 미확인 | 주택유형 미상 | 보증금구간 1억 미만 | 계약상태 계약종료 | 선순위권리 미상 | 반환보증 미상 | 분쟁유형 보증금미반환 | 진행단계 임차권등기 | 상황 대구지역에 보증금 2천, 월세35만으로하는 임대차 계약을 1년 체결하였습니다. 임대차계약만료 전, 집주인과 합의하에 미리 이사를 나와 전입신고까지 다른 곳에 하였으나, 계약만료일인 3월 19일이 지남에도 보증금 반환을 받지 못하였습니다. 이후, 3월 20일에 내용증명을 보내고 4월 2일자로 법원에 임차권등기명령 신청을 한 상태입니다. 집주인 왈 세입자가 들어오지 않으면 보증금을 줄 수 없는 상황이라합니다. 임차권등기명령 신청 후 보증금을 되찾기 위해 제가 시도해볼 수 있는 다른 법적 절차에 대해 변호사님의 지혜가 | 특이사항 전원이 꺼져있음",provided_synthetic_consultations
CASE-0526,G06,경기,경기도고양시,미상,계약중(종료예정),미상,미상,가입,묵시적갱신분쟁,HUG이행청구,간략한 타임라인을 말씀드리면 총계약기간 2019.06.14~2025.06.13(6년) 2019.06.14~2021.06.13 임대인과 전세계약 1억1천만원(허그중소기업전세안심대출100% 1억원대출) 2021.06.14~2023.06.13 공인중개인과(임대인위임) 동일금액(1억1천만원)으로 재계약(허그중소기업전세안심대출연장) 2023.06.14~2025.06.13 묵시적갱신(허그중소기업전세안심대출연장) 만료2개월전인 4월2일에 녹취파일확보 ->허그보증보험가입완료 집주인께서 세입자들어와야 보증금반환을 할수 있다 말씀하셔서 보증보험도 열어 둬야 될거같아 제가 궁금한 사항은 년에 재계약시 공인중개인(임대인이위임)한 도장과 2019년 임대인과 전세계약할때 도장이 상이합니다. 이럴경우는 보증보험 반환이 어려울수 있나요 ?! 2019년임대인 도장은 인감도장이며 2021년에 재계약시 도장은 막도장인거같습니다.(이름만있는도장) 전세계약종료확인서에 임대인 인감과 인감증명서 제출해라고 되어있는데 문제가 될지 걱정되네요. 이럴경우 제가 지금 할수 있는 것이 무엇이있는지,,unknown,보증상품 보증상품 미확인 | 주택유형 미상 | 보증금구간 미상 | 계약상태 계약중(종료예정) | 선순위권리 미상 | 반환보증 가입 | 분쟁유형 묵시적갱신분쟁 | 진행단계 HUG이행청구 | 상황 간략한 타임라인을 말씀드리면 총계약기간 2019.06.14~2025.06.13(6년) 2019.06.14~2021.06.13 임대인과 전세계약 1억1천만원(허그중소기업전세안심대출100% 1억원대출) 2021.06.14~2023.06.13 공인중개인과(임대인위임) 동일금액(1억1천만원)으로 재계약(허그중소기업전세안심대출연장) 2023.06.14~2025.06.13 묵시적갱신(허그중소기업전세안심대출연장) 만료2개월전인 4월2일에 녹취파일확보 ->허그보증보험가입완료 집주인께서 세입자들어와야 보증금반환을 할수 있다 말씀하셔서 보증보험도 열어 둬야 될거같아 제가 궁금한 사항은 년에 재계약시 공인중개인(임대인이위임)한 도장과 2019년 임대인과 전세계약할때 도장이 상이합니다. 이럴경우는 보증보험 반환이 어려울수 있나요 ?! 2019년임대인 도장은 인감도장이며 2021년에 재계약시 도장은 막도장인거같습니다.(이름만있는도장) 전세계약종료확인서에 임대인 인감과 인감증명서 제출해라고 되어있는데 문제가 될지 걱정되네요. 이럴경우 제가 지금 할수 있는 것이 무엇이있는지,provided_synthetic_consultations
CASE-0527,G06,대전,동구,1억 미만,계약종료,다가구주택,미상,미상,보증금미반환,판결·집행,상황 : 해당 건물 다가구 주택/ 전세 계약 종료(24.12.29) 3개월 전 연장 의사 없다고 고지하였고 3개월 전만 해도 보증금 돌려주기 어렵다는 얘기하지않았음. 가까워져서 보증금 반환 관련해서 얘기하니 사정이 어려워져 보증금 반환 어려울 것 같다고 함. 계속해서 대출승인불가 등으로 현재 건물 자체 매매로 올려둔 상황. 임차인 본인은 개인사정으로 아파트로 이주를 하여야하여 임차권등기 후 퇴거하고 입주한 아파트로 전입신고함. 해당 건물에 본인 외 3가구 정도 임차권등기 설정해둔 상태 1. 저에게 가장 빠른 방법이 지급명령인 것 같은데 지급명령 송달 및 확정 후에 제가 어떻게 조치를 취해야하는지 2. 보통 채권추심 관련한 비용을 어느정도 법률사무소에서 책정하는지 3. 지급명령 외에 제가 어떤 방법으로 준비를 하고 조치를 취해야하는지 그 외에 제가 행동해야할 것들 있으면 알려주시면 감사하겠습니다ㅠㅠ,,unknown,보증상품 보증상품 미확인 | 주택유형 다가구주택 | 보증금구간 1억 미만 | 계약상태 계약종료 | 선순위권리 미상 | 반환보증 미상 | 분쟁유형 보증금미반환 | 진행단계 판결·집행 | 상황 상황 : 해당 건물 다가구 주택/ 전세 계약 종료(24.12.29) 3개월 전 연장 의사 없다고 고지하였고 3개월 전만 해도 보증금 돌려주기 어렵다는 얘기하지않았음. 가까워져서 보증금 반환 관련해서 얘기하니 사정이 어려워져 보증금 반환 어려울 것 같다고 함. 계속해서 대출승인불가 등으로 현재 건물 자체 매매로 올려둔 상황. 임차인 본인은 개인사정으로 아파트로 이주를 하여야하여 임차권등기 후 퇴거하고 입주한 아파트로 전입신고함. 해당 건물에 본인 외 3가구 정도 임차권등기 설정해둔 상태 1. 저에게 가장 빠른 방법이 지급명령인 것 같은데 지급명령 송달 및 확정 후에 제가 어떻게 조치를 취해야하는지 2. 보통 채권추심 관련한 비용을 어느정도 법률사무소에서 책정하는지 3. 지급명령 외에 제가 어떤 방법으로 준비를 하고 조치를 취해야하는지 그 외에 제가 행동해야할 것들 있으면 알려주시면 감사하겠습니다ㅠㅠ,provided_synthetic_consultations
CASE-0528,G06,서울,양천구,3억 이상,계약종료,미상,미상,가입,보증금미반환,상담·검토,제가 임차보증금 3억6500만원보다 950만원을 더 입금한 상황입니다. 그 이유는 중개해주었던 중개사가 임대인과 친구 사이여서 돈을 950만원 빌려주기로 한 상황이여서 중개사가 제 잔금일에 임대인에게 제가 잔금 치룰때 한번에 좀 보내달라고 해서 저한테 950만원을 먼저 입금하였고 저는 보증보험 청구시에 이게 문제가 되는 일인지 모르고 제 잔금+950만원을 같이 보낸 상황입니다. 이렇게 될 경우 보증금을 못받을까봐 너무 걱정됩니다 제가 잔금일에 임대인에게 입금하기전 먼저 950만원을 그 중개사에게 받은 이력도 같이 첨부할예정인데 괜찮을까요 ?,,unknown,보증상품 보증상품 미확인 | 주택유형 미상 | 보증금구간 3억 이상 | 계약상태 계약종료 | 선순위권리 미상 | 반환보증 가입 | 분쟁유형 보증금미반환 | 진행단계 상담·검토 | 상황 제가 임차보증금 3억6500만원보다 950만원을 더 입금한 상황입니다. 그 이유는 중개해주었던 중개사가 임대인과 친구 사이여서 돈을 950만원 빌려주기로 한 상황이여서 중개사가 제 잔금일에 임대인에게 제가 잔금 치룰때 한번에 좀 보내달라고 해서 저한테 950만원을 먼저 입금하였고 저는 보증보험 청구시에 이게 문제가 되는 일인지 모르고 제 잔금+950만원을 같이 보낸 상황입니다. 이렇게 될 경우 보증금을 못받을까봐 너무 걱정됩니다 제가 잔금일에 임대인에게 입금하기전 먼저 950만원을 그 중개사에게 받은 이력도 같이 첨부할예정인데 괜찮을까요 ?,provided_synthetic_consultations
CASE-0529,G06,서울,중랑구,2억~3억,미상,다가구주택,근저당설정,미상,경매·공매,소송제기,전세 세입자인데 아직 계약이 많이 남아있고 내앞에 근저당이 19500정도 있고 그다음에 나의 전세 계약금이 22000있고 그다음에 죽은 남편이 와이프 모르게 돈을 김씨 한데 빌려나봐요 죽고 난 뒤에 집이 와이프앞으로 승계되고 죽은 남편이 빌린 돈인지 아니면 보증을 선는지 알수가 없고요 그 김씨가 건물에다가 근저당(사건)인지 되어 있고요 하고 가압류하고 임의경매을 신청해서 이번 5월 19일까지 배당요구신청하라 해서 신청했고요 건물 시세는 5억에서 6억정도 된다고 합니다 건물 와이프는 임의경매신청한 김씨하고 소송중인데 죽은사람이 돈이 오고간것이 없어서 그돈을 줄수가 없다고 해서 소송중인데 그럼 나 세입자가 어떡게 해야 하나요 다가구이고 2세대인데 세입자는 1층에 집주인은 2층에 살고 있읍니다. 지금 경매중인데 경매중지도 않되고 집주인은 이렇다 할말도 없고 정말 난감합니다.,1. 다가구주택 / 주인세대+임차인,unknown,보증상품 보증상품 미확인 | 주택유형 다가구주택 | 보증금구간 2억~3억 | 계약상태 미상 | 선순위권리 근저당설정 | 반환보증 미상 | 분쟁유형 경매·공매 | 진행단계 소송제기 | 상황 전세 세입자인데 아직 계약이 많이 남아있고 내앞에 근저당이 19500정도 있고 그다음에 나의 전세 계약금이 22000있고 그다음에 죽은 남편이 와이프 모르게 돈을 김씨 한데 빌려나봐요 죽고 난 뒤에 집이 와이프앞으로 승계되고 죽은 남편이 빌린 돈인지 아니면 보증을 선는지 알수가 없고요 그 김씨가 건물에다가 근저당(사건)인지 되어 있고요 하고 가압류하고 임의경매을 신청해서 이번 5월 19일까지 배당요구신청하라 해서 신청했고요 건물 시세는 5억에서 6억정도 된다고 합니다 건물 와이프는 임의경매신청한 김씨하고 소송중인데 죽은사람이 돈이 오고간것이 없어서 그돈을 줄수가 없다고 해서 소송중인데 그럼 나 세입자가 어떡게 해야 하나요 다가구이고 2세대인데 세입자는 1층에 집주인은 2층에 살고 있읍니다. 지금 경매중인데 경매중지도 않되고 집주인은 이렇다 할말도 없고 정말 난감합니다. | 특이사항 1. 다가구주택 / 주인세대+임차인,provided_synthetic_consultations
CASE-0530,G06,서울,강북구,1억 미만,계약중(종료예정),다가구주택,근저당설정,미상,기타·일반문의,임차권등기,"2022년 3월경에 2년 + 연장 2년으로 계약중입니다. 전입당시 근저당6.72억, 현재5.97억 설정되어있습니다. 23년 1,9억 (일주일 뒤 말소) / 6천 (2주일 뒤 말소) 임차권등기가 설정된 이력이 있습니다. 현재 3.19 (6천) / 4.3(7천) 임차권 등기가 설정되어있습니다. 제가 선제적으로 조치를 취해야 할 사항이 있을까요 ?",1. 다가구주택 / [호수]실,unknown,"보증상품 보증상품 미확인 | 주택유형 다가구주택 | 보증금구간 1억 미만 | 계약상태 계약중(종료예정) | 선순위권리 근저당설정 | 반환보증 미상 | 분쟁유형 기타·일반문의 | 진행단계 임차권등기 | 상황 2022년 3월경에 2년 + 연장 2년으로 계약중입니다. 전입당시 근저당6.72억, 현재5.97억 설정되어있습니다. 23년 1,9억 (일주일 뒤 말소) / 6천 (2주일 뒤 말소) 임차권등기가 설정된 이력이 있습니다. 현재 3.19 (6천) / 4.3(7천) 임차권 등기가 설정되어있습니다. 제가 선제적으로 조치를 취해야 할 사항이 있을까요 ? | 특이사항 1. 다가구주택 / [호수]실",provided_synthetic_consultations
CASE-0531,G06,서울,구로구,1억~2억,계약종료,미상,미상,미상,경매·공매,상담·검토,법인으로 전세계약을했는데 보증금을 올리고 재계약을했는데 얼마후 집주인이 바꼈다고 모르는 사람한테 연락이 왔어요 알고 보니 제 전세계약서를 위조해서 월세로 돈을 빌려갔다는거에요 그쪽에선 매매예약 가등기를 걸어놓은상태이고 경매를 신청해서 제가 받을까도 했는데 경매의뢰 맡겼는데 사법보좌관이 담보가등기로볼지 아닐지 몰라서 섣불리 경매를 진행할수 없다고 합니다 집주인은 구치소에 있다가 얼마전에 나와서 연락이 왔는데 가등기를 풀어줄생각이 없어 보입니다,1. [사건번호] / 경매진행변경 이후 진행되고 있지 않음,unknown,보증상품 보증상품 미확인 | 주택유형 미상 | 보증금구간 1억~2억 | 계약상태 계약종료 | 선순위권리 미상 | 반환보증 미상 | 분쟁유형 경매·공매 | 진행단계 상담·검토 | 상황 법인으로 전세계약을했는데 보증금을 올리고 재계약을했는데 얼마후 집주인이 바꼈다고 모르는 사람한테 연락이 왔어요 알고 보니 제 전세계약서를 위조해서 월세로 돈을 빌려갔다는거에요 그쪽에선 매매예약 가등기를 걸어놓은상태이고 경매를 신청해서 제가 받을까도 했는데 경매의뢰 맡겼는데 사법보좌관이 담보가등기로볼지 아닐지 몰라서 섣불리 경매를 진행할수 없다고 합니다 집주인은 구치소에 있다가 얼마전에 나와서 연락이 왔는데 가등기를 풀어줄생각이 없어 보입니다 | 특이사항 1. [사건번호] / 경매진행변경 이후 진행되고 있지 않음,provided_synthetic_consultations
CASE-0532,G06,서울,관악구,1억~2억,계약종료,미상,미상,가입,전세사기,HUG이행청구,소재 내 주택 계약기간 2020.06.05~ 묵시적연장으로 계약금 1억 4천만원 2024.12월까지 거주 중 경매낙찰 2024.12.20 낙찰대급 지급 낙찰자로부터 퇴거명령 받아 2025.01.01 보증금 300/월세65/관리비10월까지 예약하여 현재는 피해주택에 거주중입니다. 경매시작 후 법원 통지 등기를 받지 못하여 배당요구 신청을 하지 못했고 2025.2월에 배당 종료되었습니다. 확정일자는 2020.5.18에 부여받았으나 임대차기간이 2020.6.5.부터 2022.6.4.까지로 적용되지 않는다고 합니다. 국토부 전세사기피해자 신청 했으나 3월에 불인정 받아 이의신청 했으나 전세사기피해자 지원 및 주거안정에 관한 특별법 제3조 제2항 제3호가 규정한 대항력 또는 우선변제권을 통하여 보증금 전액을 자력으로 회수할 수 있다고 판단되는 경우에 해당하므로 주문과 같이 결정한다고 다시 불인정 받았습니다. 동일 피해주택에 다른 임차인은 피해자인정을 2명 받은것으로 알고있는데 저만 불인정을 받아 상황이 많이 어렵습니다. HUG피해자인정은 받았고 임대인은 연락을 받지 않는데 국토부피해자 인정을 받으려면 어떻게 해야될지 경매도 종료되었는데 대항력 없는 임차인인 제가 우선변제권이나 보증금 전액 회수할 방법이 있을지 도움이 필요합니다. 국토부 인정받을수 있는 방법이 있을까요,,unknown,보증상품 보증상품 미확인 | 주택유형 미상 | 보증금구간 1억~2억 | 계약상태 계약종료 | 선순위권리 미상 | 반환보증 가입 | 분쟁유형 전세사기 | 진행단계 HUG이행청구 | 상황 소재 내 주택 계약기간 2020.06.05~ 묵시적연장으로 계약금 1억 4천만원 2024.12월까지 거주 중 경매낙찰 2024.12.20 낙찰대급 지급 낙찰자로부터 퇴거명령 받아 2025.01.01 보증금 300/월세65/관리비10월까지 예약하여 현재는 피해주택에 거주중입니다. 경매시작 후 법원 통지 등기를 받지 못하여 배당요구 신청을 하지 못했고 2025.2월에 배당 종료되었습니다. 확정일자는 2020.5.18에 부여받았으나 임대차기간이 2020.6.5.부터 2022.6.4.까지로 적용되지 않는다고 합니다. 국토부 전세사기피해자 신청 했으나 3월에 불인정 받아 이의신청 했으나 전세사기피해자 지원 및 주거안정에 관한 특별법 제3조 제2항 제3호가 규정한 대항력 또는 우선변제권을 통하여 보증금 전액을 자력으로 회수할 수 있다고 판단되는 경우에 해당하므로 주문과 같이 결정한다고 다시 불인정 받았습니다. 동일 피해주택에 다른 임차인은 피해자인정을 2명 받은것으로 알고있는데 저만 불인정을 받아 상황이 많이 어렵습니다. HUG피해자인정은 받았고 임대인은 연락을 받지 않는데 국토부피해자 인정을 받으려면 어떻게 해야될지 경매도 종료되었는데 대항력 없는 임차인인 제가 우선변제권이나 보증금 전액 회수할 방법이 있을지 도움이 필요합니다. 국토부 인정받을수 있는 방법이 있을까요,provided_synthetic_consultations
CASE-0533,G06,서울,은평구,2억~3억,계약중(종료예정),미상,근저당설정,미가입,기타·일반문의,판결·집행,25년6월26일 만기입니다. 24년7월 초 임대인사망소식을 알게됨(24년5월초에 사망) 임대인가족들은 1순위~4순위까지 상속포기 판결완료 보증보험없음.등기부등본 깨끗(근저당등 없음). 확정일자받음. 계약갱신거절 내용증명을 보냇는데 반송되어왔어요. 공시송달을 해야될까요? 제가 할수있는조취가 무엇이 있을까요? 임차권등기설정해야될까요?,1. 상속재산관재인 선임되기 전까지 능동적으로 대응하기 어려움,unknown,보증상품 보증상품 미확인 | 주택유형 미상 | 보증금구간 2억~3억 | 계약상태 계약중(종료예정) | 선순위권리 근저당설정 | 반환보증 미가입 | 분쟁유형 기타·일반문의 | 진행단계 판결·집행 | 상황 25년6월26일 만기입니다. 24년7월 초 임대인사망소식을 알게됨(24년5월초에 사망) 임대인가족들은 1순위~4순위까지 상속포기 판결완료 보증보험없음.등기부등본 깨끗(근저당등 없음). 확정일자받음. 계약갱신거절 내용증명을 보냇는데 반송되어왔어요. 공시송달을 해야될까요? 제가 할수있는조취가 무엇이 있을까요? 임차권등기설정해야될까요? | 특이사항 1. 상속재산관재인 선임되기 전까지 능동적으로 대응하기 어려움,provided_synthetic_consultations
CASE-0534,G06,서울,미상,1억~2억,계약중(종료예정),미상,미상,미상,기타·일반문의,임차권등기,5.18일 계약 만료인데 집주인이 돈없어서 보증금을 못준다고 합니다 등기부등본을 떼보니 이미 저희집이 전 사람도 임차권등기했다가 해제한 상태였구요 부동산은 계약할때 말을 안해줬습니다(해제되어서 따로 말안했던 것 같아요) 저도 등기부등본을 떼서 보는걸 몰랐구요 ㅠㅠ 일단 계약만료이후 임차권등기를 하려고하는데 계약을 집주인이랑 더 연장을 해야하나요? 은행돈으로 빌린거라서 계약 연장을 해야하는지 아님 그냥 임차권등기를 하고 계약 연장서를 따로 안쓰고도 그집에서 계속 머물고있어도 되는건지 모르겠습니다,1. 근생시설+다중주택 = 60가구,unknown,보증상품 보증상품 미확인 | 주택유형 미상 | 보증금구간 1억~2억 | 계약상태 계약중(종료예정) | 선순위권리 미상 | 반환보증 미상 | 분쟁유형 기타·일반문의 | 진행단계 임차권등기 | 상황 5.18일 계약 만료인데 집주인이 돈없어서 보증금을 못준다고 합니다 등기부등본을 떼보니 이미 저희집이 전 사람도 임차권등기했다가 해제한 상태였구요 부동산은 계약할때 말을 안해줬습니다(해제되어서 따로 말안했던 것 같아요) 저도 등기부등본을 떼서 보는걸 몰랐구요 ㅠㅠ 일단 계약만료이후 임차권등기를 하려고하는데 계약을 집주인이랑 더 연장을 해야하나요? 은행돈으로 빌린거라서 계약 연장을 해야하는지 아님 그냥 임차권등기를 하고 계약 연장서를 따로 안쓰고도 그집에서 계속 머물고있어도 되는건지 모르겠습니다 | 특이사항 1. 근생시설+다중주택 = 60가구,provided_synthetic_consultations
CASE-0535,G06,미상,부평구,1억 미만,계약종료,아파트,선순위존재,미상,기타·일반문의,상담·검토,임대차 계약중 7개월간 임차인의 요구로 전입신고를 못히여 연말정산을 못받았습니다(대출 은행 선순위 문제로) 특약에 일시적 전출을 협조하기로 하였으나 7개월이란 긴시간을 전출해있었는데 구상권 청구나 손해배상 청구를 할수있을까요.,1. 부평skview해모로아파트 / 임대인,unknown,보증상품 보증상품 미확인 | 주택유형 아파트 | 보증금구간 1억 미만 | 계약상태 계약종료 | 선순위권리 선순위존재 | 반환보증 미상 | 분쟁유형 기타·일반문의 | 진행단계 상담·검토 | 상황 임대차 계약중 7개월간 임차인의 요구로 전입신고를 못히여 연말정산을 못받았습니다(대출 은행 선순위 문제로) 특약에 일시적 전출을 협조하기로 하였으나 7개월이란 긴시간을 전출해있었는데 구상권 청구나 손해배상 청구를 할수있을까요. | 특이사항 1. 부평skview해모로아파트 / 임대인,provided_synthetic_consultations
CASE-0536,G06,충북,청주시,1억 미만,계약종료,미상,미상,미상,경매·공매,임차권등기,집주인이 계약이 끝나고 난 후에도 돈을 못주겠다고 해서 (1년 훨씬 지남) 임차권등기 설정은 해놓은 상태라 이사는 갔구요 현재 단기 월세로 세입자를 세워두고 이자를 틀어막는중인데 이것마저도 힘들어서 비용적 부담이나 돈을 전부 돌려 받을 수 있다면 경매까지 해보고 싶어서 어떻게 진행을 해야하는지요,내일 다시 통화하자,unknown,보증상품 보증상품 미확인 | 주택유형 미상 | 보증금구간 1억 미만 | 계약상태 계약종료 | 선순위권리 미상 | 반환보증 미상 | 분쟁유형 경매·공매 | 진행단계 임차권등기 | 상황 집주인이 계약이 끝나고 난 후에도 돈을 못주겠다고 해서 (1년 훨씬 지남) 임차권등기 설정은 해놓은 상태라 이사는 갔구요 현재 단기 월세로 세입자를 세워두고 이자를 틀어막는중인데 이것마저도 힘들어서 비용적 부담이나 돈을 전부 돌려 받을 수 있다면 경매까지 해보고 싶어서 어떻게 진행을 해야하는지요 | 특이사항 내일 다시 통화하자,provided_synthetic_consultations
CASE-0537,G06,대전,서구,1억 미만,계약종료,미상,미상,미상,보증금미반환,소송제기,2025년1월6일 부로 임대차 계약이 종료되었습니다. 3개월 전 부터 재계약 의사 없음을 밝히고 전세 보증금 반환에 관해서 수차례 연락을 했는데 임대인은 전화도 안받고 대리인 통해서 3월 안에는 돌려주겠다고 연락 하더니 아직도 돌려주지 않고 연락 두절 입니다. 이럴 경우 임차권등기명령을 하는고 기다리는건지 아님 소송을 해야하는건지,,unknown,보증상품 보증상품 미확인 | 주택유형 미상 | 보증금구간 1억 미만 | 계약상태 계약종료 | 선순위권리 미상 | 반환보증 미상 | 분쟁유형 보증금미반환 | 진행단계 소송제기 | 상황 2025년1월6일 부로 임대차 계약이 종료되었습니다. 3개월 전 부터 재계약 의사 없음을 밝히고 전세 보증금 반환에 관해서 수차례 연락을 했는데 임대인은 전화도 안받고 대리인 통해서 3월 안에는 돌려주겠다고 연락 하더니 아직도 돌려주지 않고 연락 두절 입니다. 이럴 경우 임차권등기명령을 하는고 기다리는건지 아님 소송을 해야하는건지,provided_synthetic_consultations
CASE-0538,G06,서울,관악구,1억~2억,계약종료,미상,미상,미상,기타·일반문의,상담·검토,25.3.17일 곙계약종료후 집주인이 집이 빠지지 않는다는 이유로 전세금을 반환해주지 않아 임차권 등기 설정 후 (3.26완료) 다음 진행을 어떻게 해야할지 모르겠고 그리고 집은 25.4.7 일자로 짐을 모두 뺀상태여서 오후에 집빠진 사진을 찍고 비밀보호와 함께 집주인에게 보낼 예정인데 지연이자 이야기를 해야할까요?,,unknown,보증상품 보증상품 미확인 | 주택유형 미상 | 보증금구간 1억~2억 | 계약상태 계약종료 | 선순위권리 미상 | 반환보증 미상 | 분쟁유형 기타·일반문의 | 진행단계 상담·검토 | 상황 25.3.17일 곙계약종료후 집주인이 집이 빠지지 않는다는 이유로 전세금을 반환해주지 않아 임차권 등기 설정 후 (3.26완료) 다음 진행을 어떻게 해야할지 모르겠고 그리고 집은 25.4.7 일자로 짐을 모두 뺀상태여서 오후에 집빠진 사진을 찍고 비밀보호와 함께 집주인에게 보낼 예정인데 지연이자 이야기를 해야할까요?,provided_synthetic_consultations
CASE-0539,G06,미상,미상,3억 이상,계약중(종료예정),미상,미상,미상,기타·일반문의,상담·검토,"현재 24. 4/17 계약 종료(원래 3/18계약 종료일이었으나, 계약 종료 의사 표시를 1/18에 해서 3개월 연장됨) 입니다. 다음 세입자를 못 구한 상태로 아직 집을 내놓고 있는 상황이고, 집주인은 돈이 없는 상황입니다. 궁금한 부분은, 지금 집주인이 계약하겠다는 사람이 나타났을 때 4/17 계약 종료일 이후로 마음대로 다음 세입자와 계약을 할 수 있는걸까요? 집주인이 저희와 상의 없이 /20쯤으로 계약했다고 통보하면, 저희는 그 날까지 퇴거해야 하는 의무가 있는 건지",,unknown,"보증상품 보증상품 미확인 | 주택유형 미상 | 보증금구간 3억 이상 | 계약상태 계약중(종료예정) | 선순위권리 미상 | 반환보증 미상 | 분쟁유형 기타·일반문의 | 진행단계 상담·검토 | 상황 현재 24. 4/17 계약 종료(원래 3/18계약 종료일이었으나, 계약 종료 의사 표시를 1/18에 해서 3개월 연장됨) 입니다. 다음 세입자를 못 구한 상태로 아직 집을 내놓고 있는 상황이고, 집주인은 돈이 없는 상황입니다. 궁금한 부분은, 지금 집주인이 계약하겠다는 사람이 나타났을 때 4/17 계약 종료일 이후로 마음대로 다음 세입자와 계약을 할 수 있는걸까요? 집주인이 저희와 상의 없이 /20쯤으로 계약했다고 통보하면, 저희는 그 날까지 퇴거해야 하는 의무가 있는 건지",provided_synthetic_consultations
CASE-0540,G06,인천,남구,1억~2억,계약중(종료예정),다세대주택,선순위존재,가입,기타·일반문의,임차권등기,"23년 4월 14일~ 25년 4월14일 전세계약을 하였습니다. 23년 10월경 전 임대인한테 연락와서 계약 연장을 할거냐고 하셔서 한다고 말씀드렸었는데, 25년 3월 중순경 은행에서 연락와서 임대인이 변경되었는데 연락 되지 않는다. 혹시 연락 받으셨냐고 해서 \""받은 적 없다 애초에 임대인 바뀐걸 지금 알았다\"" 라고 말했는데 그 뒤로 바뀐 임대인께 연락을 지속적으로 드렸으나 연락 두절인 상태였습니다. 더군다나 은행에 문의를 계속 하니 공시지가가 떨어져서 무조건 갱신계약서를 써야 대출 연장이 된다고 하셨었습니다. 그 쯤 되니 무서워서 임대인께 지속적인 통화와 문자를 통해 계약해지 요청을 하였으나 연락이 되지 않은 상태였고 전 임대인(첫번째 임대인)께 연락해보니까 바뀐 임대인이 유산해서 병원에 입원중이라 연락이 안 되는 상태라고 했었구요. 보증 보험 측 연락해보니 2개월 전 퇴거요청을 하지 않아, 보증이행 대상이 아니다 라는 안내를 받고, 그럼 제가 할수 있는 방법이 뭐냐고 물어보니 임대인을 찾아서 전세종료확인서를 받아와야 이행청구가 된다고 하시더라고요. 그래서 그것만 생각하고 찾고 있었다가 전 임대인한테 받은 매매계약서 상 주소로 가보니 반환 신청 서류가 가득 담긴 우편함을 발견해서 \""아 이건 너무 이상하다 혹시나 교도소에 있나?\"" 하고 교정국 문의 후, 이름과 주민번호를 알면 수감 사실을 알 수 있다고 해서 구치소 찾아가보니 수감 중이라고 합니다. 전 임대인이 말한건 다 거짓말이었고, 보증 보험 측 연락해보니 교도소 면회가서 전세종료 확인서를 받아오라고 하는데 (지참서류 다 안내받음) 면회 신청 후 전세종료 확인서를 받아 올 생각인데, 만약에 면회 거절을 하거나, 안 써준다고 하면 제가 할 수 있는 방법이 뭐가 있죠 ? 또 임차권등기설정도 전세종료 확인서를 가져와야 설정이 될텐데 전세 만기 다음날인 4/15일날 안 써도 문제가 없는건가요 ? 혼자서 계속 찾고있는데 잘 모르겠어서 계속 보고있습니다 (확정신고 전입일자 이런것도 아예 안 건들여야 되는지 모르겠어서) 그 집에 해결될때까지 계속 거주하고 있어도 되는 건가요 ? 급작스레 시작 된거라 살 집도 못 구한 상태입니다",1. 다세대 / 대항력있는 선순위임차인,unknown,"보증상품 보증상품 미확인 | 주택유형 다세대주택 | 보증금구간 1억~2억 | 계약상태 계약중(종료예정) | 선순위권리 선순위존재 | 반환보증 가입 | 분쟁유형 기타·일반문의 | 진행단계 임차권등기 | 상황 23년 4월 14일~ 25년 4월14일 전세계약을 하였습니다. 23년 10월경 전 임대인한테 연락와서 계약 연장을 할거냐고 하셔서 한다고 말씀드렸었는데, 25년 3월 중순경 은행에서 연락와서 임대인이 변경되었는데 연락 되지 않는다. 혹시 연락 받으셨냐고 해서 \""받은 적 없다 애초에 임대인 바뀐걸 지금 알았다\"" 라고 말했는데 그 뒤로 바뀐 임대인께 연락을 지속적으로 드렸으나 연락 두절인 상태였습니다. 더군다나 은행에 문의를 계속 하니 공시지가가 떨어져서 무조건 갱신계약서를 써야 대출 연장이 된다고 하셨었습니다. 그 쯤 되니 무서워서 임대인께 지속적인 통화와 문자를 통해 계약해지 요청을 하였으나 연락이 되지 않은 상태였고 전 임대인(첫번째 임대인)께 연락해보니까 바뀐 임대인이 유산해서 병원에 입원중이라 연락이 안 되는 상태라고 했었구요. 보증 보험 측 연락해보니 2개월 전 퇴거요청을 하지 않아, 보증이행 대상이 아니다 라는 안내를 받고, 그럼 제가 할수 있는 방법이 뭐냐고 물어보니 임대인을 찾아서 전세종료확인서를 받아와야 이행청구가 된다고 하시더라고요. 그래서 그것만 생각하고 찾고 있었다가 전 임대인한테 받은 매매계약서 상 주소로 가보니 반환 신청 서류가 가득 담긴 우편함을 발견해서 \""아 이건 너무 이상하다 혹시나 교도소에 있나?\"" 하고 교정국 문의 후, 이름과 주민번호를 알면 수감 사실을 알 수 있다고 해서 구치소 찾아가보니 수감 중이라고 합니다. 전 임대인이 말한건 다 거짓말이었고, 보증 보험 측 연락해보니 교도소 면회가서 전세종료 확인서를 받아오라고 하는데 (지참서류 다 안내받음) 면회 신청 후 전세종료 확인서를 받아 올 생각인데, 만약에 면회 거절을 하거나, 안 써준다고 하면 제가 할 수 있는 방법이 뭐가 있죠 ? 또 임차권등기설정도 전세종료 확인서를 가져와야 설정이 될텐데 전세 만기 다음날인 4/15일날 안 써도 문제가 없는건가요 ? 혼자서 계속 찾고있는데 잘 모르겠어서 계속 보고있습니다 (확정신고 전입일자 이런것도 아예 안 건들여야 되는지 모르겠어서) 그 집에 해결될때까지 계속 거주하고 있어도 되는 건가요 ? 급작스레 시작 된거라 살 집도 못 구한 상태입니다 | 특이사항 1. 다세대 / 대항력있는 선순위임차인",provided_synthetic_consultations
CASE-0541,G06,미상,미상,1억 미만,계약중(종료예정),다가구주택,미상,미상,경매·공매,상담·검토,"2017년도 은행대출을 받았더라고요. 소액임차권에 들어가는건 아니라고하는데, 이번에 경매들어간다고 붙어있습니다. 보증금을 못받을까요? 2019년도 들어가서 현재까지 살고있습니다.",1. 다가구주택 15가구 중 첫번째 임차인,unknown,"보증상품 보증상품 미확인 | 주택유형 다가구주택 | 보증금구간 1억 미만 | 계약상태 계약중(종료예정) | 선순위권리 미상 | 반환보증 미상 | 분쟁유형 경매·공매 | 진행단계 상담·검토 | 상황 2017년도 은행대출을 받았더라고요. 소액임차권에 들어가는건 아니라고하는데, 이번에 경매들어간다고 붙어있습니다. 보증금을 못받을까요? 2019년도 들어가서 현재까지 살고있습니다. | 특이사항 1. 다가구주택 15가구 중 첫번째 임차인",provided_synthetic_consultations
CASE-0542,G06,서울,서대문구,1억 미만,계약중(종료예정),오피스텔,미상,미상,기타·일반문의,상담·검토,"임대인, 공인중개사 고소 관련",1. 오피스텔 / 신탁,unknown,"보증상품 보증상품 미확인 | 주택유형 오피스텔 | 보증금구간 1억 미만 | 계약상태 계약중(종료예정) | 선순위권리 미상 | 반환보증 미상 | 분쟁유형 기타·일반문의 | 진행단계 상담·검토 | 상황 임대인, 공인중개사 고소 관련 | 특이사항 1. 오피스텔 / 신탁",provided_synthetic_consultations
CASE-0543,G06,미상,미상,1억~2억,계약중(종료예정),오피스텔,선순위존재,가입,이중·다운계약,소송제기,23.4월 ~ 25.4월 전세계약으로 오피스텔을 얻은 세입자인데요 4월 20일이 전세계약 만료일 21일 대출 만료일인데 집주인이 22일에 돈을 주겠대요 ㅋㅋ ;; 근데 집 계약이 제대로 됐는지도 모르고 이 집주인이 돈 못 준다고 했었어서 소송 준비도 하고있었고 또 저번에는 보증보험 이제서야 가입한다고 다운계약서를 써달라는 둥 배째라식 임대인 입니다. 저는 20일에 돈 안 들어오면 바로 임차권등기명령신청 하고 싶은데 가능할까요? 아래 대화 이후로 읽지도 답장도 연락도 안 되고 평소에도 지 마음대로 연락 했다가 안 했다가 합니다,1. 오피스텔 / 대항력있는 선순위임차인,unknown,보증상품 보증상품 미확인 | 주택유형 오피스텔 | 보증금구간 1억~2억 | 계약상태 계약중(종료예정) | 선순위권리 선순위존재 | 반환보증 가입 | 분쟁유형 이중·다운계약 | 진행단계 소송제기 | 상황 23.4월 ~ 25.4월 전세계약으로 오피스텔을 얻은 세입자인데요 4월 20일이 전세계약 만료일 21일 대출 만료일인데 집주인이 22일에 돈을 주겠대요 ㅋㅋ ;; 근데 집 계약이 제대로 됐는지도 모르고 이 집주인이 돈 못 준다고 했었어서 소송 준비도 하고있었고 또 저번에는 보증보험 이제서야 가입한다고 다운계약서를 써달라는 둥 배째라식 임대인 입니다. 저는 20일에 돈 안 들어오면 바로 임차권등기명령신청 하고 싶은데 가능할까요? 아래 대화 이후로 읽지도 답장도 연락도 안 되고 평소에도 지 마음대로 연락 했다가 안 했다가 합니다 | 특이사항 1. 오피스텔 / 대항력있는 선순위임차인,provided_synthetic_consultations
CASE-0544,G06,대구,대구,1억~2억,계약중(종료예정),다가구주택,미상,미상,전세사기,소송제기,"23년4월21일 부터 25년4월20일까지 2년의 전세계약을 진행하였고 지난달인 3월 13일에 연장을 안한다라는 말을 집주인에게 통보하고자 문자, 전화, 카톡 등 연락을 시도하였으나, 연락두절이 된 상황. 3월20일 계약서에 표기된 차내용증명서를 보냈으나, 이사불이행으로 반성이되어, 주민센터에가서 집주인 초본 발행 후 변경 된 차내용증명을 3월26일에 발송하였지만 폐문부재로 방송이 되었고 계속 연락이 안되어 4월7일자로 신청하였습니다. 오늘 보증금반환청구소송을 진행하고, 전세사기피해자 자원관리시스템에 제가 신청을 할건데 집주인이 연락두절이 된 상황에서 제가 보증금을 돌려받을 수 있을까요? 지인 휴대폰으로 전화, 문자를 해도 전화연결음은 가는데 전화가 안되는 상황입니다",1. 다가구주택 / 8가구중 8번째 임차인,unknown,"보증상품 보증상품 미확인 | 주택유형 다가구주택 | 보증금구간 1억~2억 | 계약상태 계약중(종료예정) | 선순위권리 미상 | 반환보증 미상 | 분쟁유형 전세사기 | 진행단계 소송제기 | 상황 23년4월21일 부터 25년4월20일까지 2년의 전세계약을 진행하였고 지난달인 3월 13일에 연장을 안한다라는 말을 집주인에게 통보하고자 문자, 전화, 카톡 등 연락을 시도하였으나, 연락두절이 된 상황. 3월20일 계약서에 표기된 차내용증명서를 보냈으나, 이사불이행으로 반성이되어, 주민센터에가서 집주인 초본 발행 후 변경 된 차내용증명을 3월26일에 발송하였지만 폐문부재로 방송이 되었고 계속 연락이 안되어 4월7일자로 신청하였습니다. 오늘 보증금반환청구소송을 진행하고, 전세사기피해자 자원관리시스템에 제가 신청을 할건데 집주인이 연락두절이 된 상황에서 제가 보증금을 돌려받을 수 있을까요? 지인 휴대폰으로 전화, 문자를 해도 전화연결음은 가는데 전화가 안되는 상황입니다 | 특이사항 1. 다가구주택 / 8가구중 8번째 임차인",provided_synthetic_consultations
CASE-0545,G06,경기,고양시,1억~2억,계약중(종료예정),다세대주택,압류·가압류,가입,묵시적갱신분쟁,상담·검토,"2022년 2월 4일, 집주인과 전세 계약 체결하였습니다. - 2022년 2월 28일부터 계약한 오피스텔에서 거주하였습니다. - 2024년 1월 16일, 재계약하지 않는다는 의사표시를 하였으나 집주인은 묵시적 갱신인줄 알았다고 하며, 부동산 경기가 좋지 않으니 차액을 내기 힘들다고 하였습니다. - 2024년 2월 16일, 2년 연장 계약으로 재계약서를 작성하였습니다. - 2024년 6월 24일, 집주인에게 8월 31일자로 퇴거 희망한다는 내용의 문자를 보냈습니다. 집주인은 전세보증금 반환이 어렵다는 사정을 설명하였고 저는 상호 협력을 위해 퇴거 예정일을 11월 30일로 연기하겠으니 맞춰달라고 하였습니다. - 10월 18일 마지막 연락 후로 연락 두절인 상태입니다. - 2025년 3월 27일, 채권자 케이비국민카드, 청구금액 금 11,244,768원 2025년 4월 3일, 채권자 주식회사 신한은행, 청구금액 금299,079,982원 가압류로 등기 변동이 생겼습니다. 제가 현실적으로 할 수 있는 방법이",1. 다세대 / 공동담보 12억(15개 호실 전부),unknown,"보증상품 보증상품 미확인 | 주택유형 다세대주택 | 보증금구간 1억~2억 | 계약상태 계약중(종료예정) | 선순위권리 압류·가압류 | 반환보증 가입 | 분쟁유형 묵시적갱신분쟁 | 진행단계 상담·검토 | 상황 2022년 2월 4일, 집주인과 전세 계약 체결하였습니다. - 2022년 2월 28일부터 계약한 오피스텔에서 거주하였습니다. - 2024년 1월 16일, 재계약하지 않는다는 의사표시를 하였으나 집주인은 묵시적 갱신인줄 알았다고 하며, 부동산 경기가 좋지 않으니 차액을 내기 힘들다고 하였습니다. - 2024년 2월 16일, 2년 연장 계약으로 재계약서를 작성하였습니다. - 2024년 6월 24일, 집주인에게 8월 31일자로 퇴거 희망한다는 내용의 문자를 보냈습니다. 집주인은 전세보증금 반환이 어렵다는 사정을 설명하였고 저는 상호 협력을 위해 퇴거 예정일을 11월 30일로 연기하겠으니 맞춰달라고 하였습니다. - 10월 18일 마지막 연락 후로 연락 두절인 상태입니다. - 2025년 3월 27일, 채권자 케이비국민카드, 청구금액 금 11,244,768원 2025년 4월 3일, 채권자 주식회사 신한은행, 청구금액 금299,079,982원 가압류로 등기 변동이 생겼습니다. 제가 현실적으로 할 수 있는 방법이 | 특이사항 1. 다세대 / 공동담보 12억(15개 호실 전부)",provided_synthetic_consultations
CASE-0546,G06,서울,마포구,1억~2억,계약중(종료예정),다가구주택,근저당설정,가입,보증금미반환,상담·검토,"현재 집주인이 다음 세입자가 들어와야 보증금을 줄 수 있다고 하는 중입니다. 저의 집 계약은 4월 27일 만료, 은행 대출은 28일 만기입니다.중기청 80%로 대출받았고 보증보험 했습니다. 집 입주시 집 근저당은 없었고요 타임라인을 설명하면 1월 31일 - 계약 미연장 의사 문자로 표시 3월 4일 - 다음 세입자 계약 다음 세입자가 4월 11일 입주 희망하여 맞추겠다고 의사 전달 3월 18일 - 다음 세입자가 대출 실행이 안되어 계약 무산 시간이 흘러 4월이 되었고 이번주 새로운 계약 희망자가 나타났는데 5월 30일 입주 희망(아직 계약서 작성 전) 처음 계약한 세입자분은 저의 계약 기간내에 입주를 희망하여 제가 맞춘다는것이였는데 집주인은 제가 다음 세입자가 들어올때까지 입주를 하는것을 생각해서 인지 저한테 5월 30일 괜찮냐고 물어봐서 제가 제 계약은 4월 27일이다 그때 나갈 예정이니 보증금을 반환해 달라고 했는데 돈이 없어 다음 세입자가 들어오지 못하면 보증금을 못 준다고 하고 있는 상황입니다. 이런 상황일때 다음 세입자를 믿고 5월까지 기다리면서 대출 연장과 보증 보험을 연장을 해야하는건지 아니면 바로 법적 조치를 들어가야하는건지 모르겠습니다. 집 주인과의 문자 내용 파일로 첨부 하겠습니다.",1. 다가구주택 / 무융자,unknown,"보증상품 보증상품 미확인 | 주택유형 다가구주택 | 보증금구간 1억~2억 | 계약상태 계약중(종료예정) | 선순위권리 근저당설정 | 반환보증 가입 | 분쟁유형 보증금미반환 | 진행단계 상담·검토 | 상황 현재 집주인이 다음 세입자가 들어와야 보증금을 줄 수 있다고 하는 중입니다. 저의 집 계약은 4월 27일 만료, 은행 대출은 28일 만기입니다.중기청 80%로 대출받았고 보증보험 했습니다. 집 입주시 집 근저당은 없었고요 타임라인을 설명하면 1월 31일 - 계약 미연장 의사 문자로 표시 3월 4일 - 다음 세입자 계약 다음 세입자가 4월 11일 입주 희망하여 맞추겠다고 의사 전달 3월 18일 - 다음 세입자가 대출 실행이 안되어 계약 무산 시간이 흘러 4월이 되었고 이번주 새로운 계약 희망자가 나타났는데 5월 30일 입주 희망(아직 계약서 작성 전) 처음 계약한 세입자분은 저의 계약 기간내에 입주를 희망하여 제가 맞춘다는것이였는데 집주인은 제가 다음 세입자가 들어올때까지 입주를 하는것을 생각해서 인지 저한테 5월 30일 괜찮냐고 물어봐서 제가 제 계약은 4월 27일이다 그때 나갈 예정이니 보증금을 반환해 달라고 했는데 돈이 없어 다음 세입자가 들어오지 못하면 보증금을 못 준다고 하고 있는 상황입니다. 이런 상황일때 다음 세입자를 믿고 5월까지 기다리면서 대출 연장과 보증 보험을 연장을 해야하는건지 아니면 바로 법적 조치를 들어가야하는건지 모르겠습니다. 집 주인과의 문자 내용 파일로 첨부 하겠습니다. | 특이사항 1. 다가구주택 / 무융자",provided_synthetic_consultations
CASE-0547,G06,경기,수원시,1억~2억,계약중(종료예정),미상,미상,가입,전세사기,HUG이행청구,집주인이 대출이자를 못내어 경매에 넘어가게되었고 현재 배당요구까지 신청하고 전세사기 피해자로 등록되어있는 상태입니다. 보증보험은 승인이 되었다가 며칠있다 취소가 되었구요. 세입자들끼리 허그에 문의했으나 원상복구를 못해준다는 답변을 받았다고 합니다. 올해 10월이 계약만료인데 중기청대출과 신용대출을 받고 들어온거라 이런경우 저희가 할수있는게 뭐가있을까요?ㅠ,,unknown,보증상품 보증상품 미확인 | 주택유형 미상 | 보증금구간 1억~2억 | 계약상태 계약중(종료예정) | 선순위권리 미상 | 반환보증 가입 | 분쟁유형 전세사기 | 진행단계 HUG이행청구 | 상황 집주인이 대출이자를 못내어 경매에 넘어가게되었고 현재 배당요구까지 신청하고 전세사기 피해자로 등록되어있는 상태입니다. 보증보험은 승인이 되었다가 며칠있다 취소가 되었구요. 세입자들끼리 허그에 문의했으나 원상복구를 못해준다는 답변을 받았다고 합니다. 올해 10월이 계약만료인데 중기청대출과 신용대출을 받고 들어온거라 이런경우 저희가 할수있는게 뭐가있을까요?ㅠ,provided_synthetic_consultations
CASE-0548,G06,인천,중구,1억~2억,계약종료,아파트,압류·가압류,미상,기타·일반문의,소송제기,"내용증명을 첨부하려고 하는데 한장밖에 올라가지 않아 추후 보내드리겠습니다. 1억에 170만원 반전세로 거주하다가 2월23 전출하였는데 2,467,720원을 받지 못하고 있습니다. 임대인은 전출 후 바로 입금해 준다고 하였으나 인테리어업체 견적을 받은후 최종 견적이 5,039,000원 나왔다며 미반환 된 금액을 상계처리하겠다고 일방적 통보를 해왔습니다. 아파트는 15년 된 아파트로 노후가 많이 진행 된 상태였고 노후로 인한 보수까지도 견적서에 넣었습니다. 저희는 반환지급 내용증명을 보냈고 오늘 임대인에게 610만원에 대한 수리비용을 10일이내 지급하지 않을시 지급명령소송,민사소송,압류등 법적조치를 하겠다는 내용증명이 왔습니다. 이에 관해",1. 아파트 / 3년거주,unknown,"보증상품 보증상품 미확인 | 주택유형 아파트 | 보증금구간 1억~2억 | 계약상태 계약종료 | 선순위권리 압류·가압류 | 반환보증 미상 | 분쟁유형 기타·일반문의 | 진행단계 소송제기 | 상황 내용증명을 첨부하려고 하는데 한장밖에 올라가지 않아 추후 보내드리겠습니다. 1억에 170만원 반전세로 거주하다가 2월23 전출하였는데 2,467,720원을 받지 못하고 있습니다. 임대인은 전출 후 바로 입금해 준다고 하였으나 인테리어업체 견적을 받은후 최종 견적이 5,039,000원 나왔다며 미반환 된 금액을 상계처리하겠다고 일방적 통보를 해왔습니다. 아파트는 15년 된 아파트로 노후가 많이 진행 된 상태였고 노후로 인한 보수까지도 견적서에 넣었습니다. 저희는 반환지급 내용증명을 보냈고 오늘 임대인에게 610만원에 대한 수리비용을 10일이내 지급하지 않을시 지급명령소송,민사소송,압류등 법적조치를 하겠다는 내용증명이 왔습니다. 이에 관해 | 특이사항 1. 아파트 / 3년거주",provided_synthetic_consultations
CASE-0549,G06,경기,평택시,1억 미만,계약중(종료예정),다세대주택,근저당설정,미가입,경매·공매,상담·검토,"[현 임차인 상황] - 다세대 주택 (16개 호수) - 전세 8,000만원 (90% 카카오뱅크 청년대출) >> 전세보증금 반환이 아니면 현재로써는 갚을 능력 없음 >> 전세보증금 반환이 없으면 금전적인 이유로 다른곳으로 이사갈수 있는 상황이 아님 - 보증보험 미가입 - 부동산 계약일 : 23년 5월 - 전입신고 : 23년 6월 - 확정일자 : 23년 7월 - 계약기간 : 23년 6월~25년 6월 - 계약기간 월말경 임대인에게 이사의사를 밝혔고, 임대인은 알겠다는 답변과 보증금을 돌려줄 상황이 아니라 새로운 세입자를 구하라고 함 임대인이 새로운 세입자를 구하라고하여 부동산에 매물을 올리니 거절을 당하여 알아보니, 3개의 호수가 보증금을 못받았다고 합니다. 저보다 먼저 전입한 2개의 집은 이사후 임차권설정을 해놓은 상태이고, 저보다 늦게 전입을 한 1개의 집은 전세권 설정을 한 상태입니다. 그리고 호수마다 은행이름으로 근저당 7억이 되어있습니다 주변분의 말씀으로는 이러한 상태면 곧 경매로 넘어갈수 있다고 합니다 - 임차권설정한 호수1 전세금 : 1억 5천 - 임차권설정한 호수2 전세금 : 9천만원 - 전세권 설정한 호수 전세금 : 4천만원 - 근저당 (은행) : 2017년도 8억 임대인은 이 사실을 말하니, 새로운 임대인을 구하라는 말만 반복하고 있습니다. 임대인 건물로 추측되는 건물을 등기부를 조회해보니 임대인이 아닌 임대인 가족들 명의로 되어있습니다. 그리고 현재 임대인은 돈도없고 대출도 안되는 상태라고 하지만 임대인은 주기적으로 해외여행을 다니는 중입니다. 저 같은 경우라면 어떻게 하는게 좋을까요? 그리고 경매로 넘어가면 어떻게 하는게 좋을까요?",1. 다세대 / 공동담보 7억(15개호실전부),unknown,"보증상품 보증상품 미확인 | 주택유형 다세대주택 | 보증금구간 1억 미만 | 계약상태 계약중(종료예정) | 선순위권리 근저당설정 | 반환보증 미가입 | 분쟁유형 경매·공매 | 진행단계 상담·검토 | 상황 [현 임차인 상황] - 다세대 주택 (16개 호수) - 전세 8,000만원 (90% 카카오뱅크 청년대출) >> 전세보증금 반환이 아니면 현재로써는 갚을 능력 없음 >> 전세보증금 반환이 없으면 금전적인 이유로 다른곳으로 이사갈수 있는 상황이 아님 - 보증보험 미가입 - 부동산 계약일 : 23년 5월 - 전입신고 : 23년 6월 - 확정일자 : 23년 7월 - 계약기간 : 23년 6월~25년 6월 - 계약기간 월말경 임대인에게 이사의사를 밝혔고, 임대인은 알겠다는 답변과 보증금을 돌려줄 상황이 아니라 새로운 세입자를 구하라고 함 임대인이 새로운 세입자를 구하라고하여 부동산에 매물을 올리니 거절을 당하여 알아보니, 3개의 호수가 보증금을 못받았다고 합니다. 저보다 먼저 전입한 2개의 집은 이사후 임차권설정을 해놓은 상태이고, 저보다 늦게 전입을 한 1개의 집은 전세권 설정을 한 상태입니다. 그리고 호수마다 은행이름으로 근저당 7억이 되어있습니다 주변분의 말씀으로는 이러한 상태면 곧 경매로 넘어갈수 있다고 합니다 - 임차권설정한 호수1 전세금 : 1억 5천 - 임차권설정한 호수2 전세금 : 9천만원 - 전세권 설정한 호수 전세금 : 4천만원 - 근저당 (은행) : 2017년도 8억 임대인은 이 사실을 말하니, 새로운 임대인을 구하라는 말만 반복하고 있습니다. 임대인 건물로 추측되는 건물을 등기부를 조회해보니 임대인이 아닌 임대인 가족들 명의로 되어있습니다. 그리고 현재 임대인은 돈도없고 대출도 안되는 상태라고 하지만 임대인은 주기적으로 해외여행을 다니는 중입니다. 저 같은 경우라면 어떻게 하는게 좋을까요? 그리고 경매로 넘어가면 어떻게 하는게 좋을까요? | 특이사항 1. 다세대 / 공동담보 7억(15개호실전부)",provided_synthetic_consultations
CASE-0550,G06,인천,서구,1억~2억,계약종료,다세대주택,미상,미상,기타·일반문의,상담·검토,보정 명령서가 왔는데 어떤걸 보정해야하는지 계약서에 문제가 있어서 보정명령서가 온건가요?,1. 다세대주택,unknown,보증상품 보증상품 미확인 | 주택유형 다세대주택 | 보증금구간 1억~2억 | 계약상태 계약종료 | 선순위권리 미상 | 반환보증 미상 | 분쟁유형 기타·일반문의 | 진행단계 상담·검토 | 상황 보정 명령서가 왔는데 어떤걸 보정해야하는지 계약서에 문제가 있어서 보정명령서가 온건가요? | 특이사항 1. 다세대주택,provided_synthetic_consultations
CASE-0551,G06,경기,수원시,1억~2억,계약종료,오피스텔,미상,미상,전세사기,소송제기,23년도 12월에 전세사기피해자 결정받고 엊그제 매각되었다는 연락을 받았습니다. 결론적으로 받을수있는 돈이 한푼도 없어서 개인회생 진행하려고 법률상담 의뢰드립니다.,1. 오피스텔 동일한 피해자들이 공인중개사를 대상으로 단체소송 진행중,unknown,보증상품 보증상품 미확인 | 주택유형 오피스텔 | 보증금구간 1억~2억 | 계약상태 계약종료 | 선순위권리 미상 | 반환보증 미상 | 분쟁유형 전세사기 | 진행단계 소송제기 | 상황 23년도 12월에 전세사기피해자 결정받고 엊그제 매각되었다는 연락을 받았습니다. 결론적으로 받을수있는 돈이 한푼도 없어서 개인회생 진행하려고 법률상담 의뢰드립니다. | 특이사항 1. 오피스텔 동일한 피해자들이 공인중개사를 대상으로 단체소송 진행중,provided_synthetic_consultations
CASE-0552,G06,서울,영등포구,2억~3억,계약종료,미상,미상,가입,전세사기,소송제기,"2021년 3월 3일, 임대인과 임대차계약을 체결하고, 보증금 2억1천만 원으로 전입신고하고 입주하였습니다. 이후 2023년 3월 17일 재계약하며 보증금 증액하고 허그청년버팀목안심전세대출로 전환하여 210,000,000원 계약 체결했습니다. 2023년 3월 23일 확정일자를 받았습니다. 주민등록 전입 및 점유 개시는 2021년 3월 31일로, 현재까지 해당 주소지에 거주 중이었습니다. 2025년 3월 31일, 저는 이사를 완료하였고, 주택에는 제 짐 일부(옷장)가 남아 있던 상태였습니다. 그런데 부동산 측에서 제 동의 없이 비밀번호 0000으로 무단 진입하고, 새로운 임차인을 입주시켜 실질적인 점유를 침해하였습니다. 현재까지 보증금은 전혀 반환받지 못하고 있습니다. 4/6일 내용증명을 발송하였으나 도달하지 못하였고, 4/8일 임차권등기명령 신청을 한 상태입니다. 2024년 4월 11일 임대인과 직접 대화한 결과, 임대인은 “다른 부동산을 담보로 돈을 마련하겠다”고 하였으나, 지급 일정은 제시하지 않았고, 현재 자금이 없음을 인정하였습니다. 이는 반환 능력이 없거나, 고의적으로 지연하는 것으로 판단됩니다. 이에 따라 전세사기 피해자로서 수사 개시 및 소송이 필요하다고 판단되어 상담을 요청합니다.",전화번호 불일치,unknown,"보증상품 보증상품 미확인 | 주택유형 미상 | 보증금구간 2억~3억 | 계약상태 계약종료 | 선순위권리 미상 | 반환보증 가입 | 분쟁유형 전세사기 | 진행단계 소송제기 | 상황 2021년 3월 3일, 임대인과 임대차계약을 체결하고, 보증금 2억1천만 원으로 전입신고하고 입주하였습니다. 이후 2023년 3월 17일 재계약하며 보증금 증액하고 허그청년버팀목안심전세대출로 전환하여 210,000,000원 계약 체결했습니다. 2023년 3월 23일 확정일자를 받았습니다. 주민등록 전입 및 점유 개시는 2021년 3월 31일로, 현재까지 해당 주소지에 거주 중이었습니다. 2025년 3월 31일, 저는 이사를 완료하였고, 주택에는 제 짐 일부(옷장)가 남아 있던 상태였습니다. 그런데 부동산 측에서 제 동의 없이 비밀번호 0000으로 무단 진입하고, 새로운 임차인을 입주시켜 실질적인 점유를 침해하였습니다. 현재까지 보증금은 전혀 반환받지 못하고 있습니다. 4/6일 내용증명을 발송하였으나 도달하지 못하였고, 4/8일 임차권등기명령 신청을 한 상태입니다. 2024년 4월 11일 임대인과 직접 대화한 결과, 임대인은 “다른 부동산을 담보로 돈을 마련하겠다”고 하였으나, 지급 일정은 제시하지 않았고, 현재 자금이 없음을 인정하였습니다. 이는 반환 능력이 없거나, 고의적으로 지연하는 것으로 판단됩니다. 이에 따라 전세사기 피해자로서 수사 개시 및 소송이 필요하다고 판단되어 상담을 요청합니다. | 특이사항 전화번호 불일치",provided_synthetic_consultations
CASE-0553,G06,대전,서구,1억 미만,계약종료,미상,미상,미상,경매·공매,소송제기,"아래와 같은 사유로 법률 상담을 요청드립니다. 저는 임대차계약 체결 후 임대차등기를 마친 뒤 이사까지 완료한 상태입니다. 이후 임대인이 보증금을 반환하지 않아 지급명령을 신청했고, 그에 따라 재산조회를 거쳐 현재 경매 절차에 들어간 상태입니다. 하지만 다른 세입자들의 경매 유예 신청으로 인해 경매가 계속 지연되고 있으며, 그 사이 임대인은 연락을 끊고 휴대폰 번호까지 변경한 상황입니다. 이에 따라 경찰서에 고소장을 제출했지만 ‘무혐의처분을 받았습니다. 제가 임대차등기를 완료하고 입주한 상태이며, 보증금은 6,000만 원 이하입니다. 이에 따라 소액임차인으로서 최우선변제를 받을 수 있을지 여부를 포함해, 현재 상황에서 더 이상 어떤 조치를 취할 수 있을지에 대해 법률적 조언을 받고자 합니다., 이후 절차에 대해 구체적인 대응 방향도 안내",,unknown,"보증상품 보증상품 미확인 | 주택유형 미상 | 보증금구간 1억 미만 | 계약상태 계약종료 | 선순위권리 미상 | 반환보증 미상 | 분쟁유형 경매·공매 | 진행단계 소송제기 | 상황 아래와 같은 사유로 법률 상담을 요청드립니다. 저는 임대차계약 체결 후 임대차등기를 마친 뒤 이사까지 완료한 상태입니다. 이후 임대인이 보증금을 반환하지 않아 지급명령을 신청했고, 그에 따라 재산조회를 거쳐 현재 경매 절차에 들어간 상태입니다. 하지만 다른 세입자들의 경매 유예 신청으로 인해 경매가 계속 지연되고 있으며, 그 사이 임대인은 연락을 끊고 휴대폰 번호까지 변경한 상황입니다. 이에 따라 경찰서에 고소장을 제출했지만 ‘무혐의처분을 받았습니다. 제가 임대차등기를 완료하고 입주한 상태이며, 보증금은 6,000만 원 이하입니다. 이에 따라 소액임차인으로서 최우선변제를 받을 수 있을지 여부를 포함해, 현재 상황에서 더 이상 어떤 조치를 취할 수 있을지에 대해 법률적 조언을 받고자 합니다., 이후 절차에 대해 구체적인 대응 방향도 안내",provided_synthetic_consultations
CASE-0554,G06,경기,고양시,1억 미만,계약중(종료예정),오피스텔,선순위존재,미상,전세사기,상담·검토,"신탁사기 피해자입니다. 현재 등기부등본상 소유주는 코리아신탁으로 되어있으며 원 소유주라는 사람과 부동산을 끼고 계약을 하였고 그 뒤 이것이 효력이 없는 무효계약이라는것을 알게되었습니다. 전입신고와 확정일자는 받은 상태입니다. 계약당시 신탁에 대해서 부동산 중개인의 설명은, 신탁에 건물관리를 맡겨놓은것이라며 원 소유주인 사람과 계약을 할것이고 만기시 계약금을 돌려준다는 확인서를 주었습니다. 무효계약의 위험성이나 신탁사의 동의가 필요한 절차에 관해서는 전혀 설명하지 않았습니다. 오피스텔 전체를 한사람이 가지고 있었으며, 피해 가구가 이 오피스텔 반절이 넘을거라고 들었습니다. 새마을금고 은행에서 나온 직원분 이야기로는 신탁사에는 거짓으로 다른 계약문서를 보내고, 본인이 따로 전세와 월세 계약을 채결해왔다며 은행에서 원 집주인을 고소한 상태라고합니다. 부동산과도 한통속이며, 전세금을 돌려받지 못한 다른 세입자가 부동산과 원 집주인을 고소했다고도 들었습니다. 집주인에게 이러한 사실에대해 항의를 하니 세입자에게 선순위가 있으니 제가 돈을 돌려받을수있다고 거짓말을 하면서, 자신이 해결할거니 걱정하지 말라고 돈은 돌려줄거라고 합니다. 세마을금고에서는 현재 원 집주인은 출국금지상태이며 고양경찰서에서 수사중이고, 5월달 중 수사결과에 따라 통매각또는 경공매절차가 이루어진다고 합니다. 문의드리고싶은 내용은 이러한 상황에서 제 계약 만기가 12월이고, 아직 경공매절차가 이루어지지않은 상태라 피해사실이 없는데, 그 전에 원 집주인을 고소할수 있는지. 고소한다면 형사와 민사 둘다 걸어야할지, 민사를 진행해 돈을 돌려받을수 있는 가능성이 있을지 궁금합니다. 계약서 특약사항에 코리아신탁에 소유권이 되어있으나 만기시 원 소유주가 계약금을 반환해준다고 쓰여있는데 만약 고소할시 이 문구가 저에게 불리하게 작용하게 될지도 알고싶습니다. 고소하는것이 최선인지, 아직 기다려야할지, 집주인에게 계속 항의를 하며 고소할예정이라는 사실을 알려야할지, 고소한다면 혹시나 제가 패소해 돈을 물어주게될 가능성이 있을지, 불안과 걱정되는게 너무많아 이렇게 상담을 신청합니다.",1. 오피스텔 / 수탁자의 동의없는 임대차,unknown,"보증상품 보증상품 미확인 | 주택유형 오피스텔 | 보증금구간 1억 미만 | 계약상태 계약중(종료예정) | 선순위권리 선순위존재 | 반환보증 미상 | 분쟁유형 전세사기 | 진행단계 상담·검토 | 상황 신탁사기 피해자입니다. 현재 등기부등본상 소유주는 코리아신탁으로 되어있으며 원 소유주라는 사람과 부동산을 끼고 계약을 하였고 그 뒤 이것이 효력이 없는 무효계약이라는것을 알게되었습니다. 전입신고와 확정일자는 받은 상태입니다. 계약당시 신탁에 대해서 부동산 중개인의 설명은, 신탁에 건물관리를 맡겨놓은것이라며 원 소유주인 사람과 계약을 할것이고 만기시 계약금을 돌려준다는 확인서를 주었습니다. 무효계약의 위험성이나 신탁사의 동의가 필요한 절차에 관해서는 전혀 설명하지 않았습니다. 오피스텔 전체를 한사람이 가지고 있었으며, 피해 가구가 이 오피스텔 반절이 넘을거라고 들었습니다. 새마을금고 은행에서 나온 직원분 이야기로는 신탁사에는 거짓으로 다른 계약문서를 보내고, 본인이 따로 전세와 월세 계약을 채결해왔다며 은행에서 원 집주인을 고소한 상태라고합니다. 부동산과도 한통속이며, 전세금을 돌려받지 못한 다른 세입자가 부동산과 원 집주인을 고소했다고도 들었습니다. 집주인에게 이러한 사실에대해 항의를 하니 세입자에게 선순위가 있으니 제가 돈을 돌려받을수있다고 거짓말을 하면서, 자신이 해결할거니 걱정하지 말라고 돈은 돌려줄거라고 합니다. 세마을금고에서는 현재 원 집주인은 출국금지상태이며 고양경찰서에서 수사중이고, 5월달 중 수사결과에 따라 통매각또는 경공매절차가 이루어진다고 합니다. 문의드리고싶은 내용은 이러한 상황에서 제 계약 만기가 12월이고, 아직 경공매절차가 이루어지지않은 상태라 피해사실이 없는데, 그 전에 원 집주인을 고소할수 있는지. 고소한다면 형사와 민사 둘다 걸어야할지, 민사를 진행해 돈을 돌려받을수 있는 가능성이 있을지 궁금합니다. 계약서 특약사항에 코리아신탁에 소유권이 되어있으나 만기시 원 소유주가 계약금을 반환해준다고 쓰여있는데 만약 고소할시 이 문구가 저에게 불리하게 작용하게 될지도 알고싶습니다. 고소하는것이 최선인지, 아직 기다려야할지, 집주인에게 계속 항의를 하며 고소할예정이라는 사실을 알려야할지, 고소한다면 혹시나 제가 패소해 돈을 물어주게될 가능성이 있을지, 불안과 걱정되는게 너무많아 이렇게 상담을 신청합니다. | 특이사항 1. 오피스텔 / 수탁자의 동의없는 임대차",provided_synthetic_consultations
CASE-0555,G06,서울,서초구,3억 이상,계약종료,미상,미상,미상,기타·일반문의,임차권등기,임차권등기 말소관련하여 여쭈어보려고 합니다. 급한 사안이라서 여쭤봅니다. 친절한 답변,,unknown,보증상품 보증상품 미확인 | 주택유형 미상 | 보증금구간 3억 이상 | 계약상태 계약종료 | 선순위권리 미상 | 반환보증 미상 | 분쟁유형 기타·일반문의 | 진행단계 임차권등기 | 상황 임차권등기 말소관련하여 여쭈어보려고 합니다. 급한 사안이라서 여쭤봅니다. 친절한 답변,provided_synthetic_consultations
CASE-0556,G06,경기,하남시,1억~2억,계약종료,다세대주택,선순위존재,미상,기타·일반문의,판결·집행,임대인을 임차인들이 단체로 강제집행면탈죄로 형사 고소 가능할지,1. 다세대 / 대항력있는 선순위임차인,unknown,보증상품 보증상품 미확인 | 주택유형 다세대주택 | 보증금구간 1억~2억 | 계약상태 계약종료 | 선순위권리 선순위존재 | 반환보증 미상 | 분쟁유형 기타·일반문의 | 진행단계 판결·집행 | 상황 임대인을 임차인들이 단체로 강제집행면탈죄로 형사 고소 가능할지 | 특이사항 1. 다세대 / 대항력있는 선순위임차인,provided_synthetic_consultations
CASE-0557,G06,서울,강동구,2억~3억,계약중(종료예정),미상,미상,가입,기타·일반문의,내용증명·공시송달,"보증보험 청구를 위해 셀프로 임대차등기명령을 신청했습니다. 4월 11일에 도달된 보정명령으로 배달증명을 첨부하라고 왔는데, 배달증명이라는 존재를 이때 처음 들었어요. 확인해보니 내용증명을 보내고 이틀 안으로만 배달증명서를 받을 수 있다고 하는데, 주말이 끼다보니 일주일 안으로 위 과정을 완료해서 보정명령을 이행할 수 있을지 모르겠습니다. 이런 경우 사건을 그냥 각하당하고 재신청을 해야할까요? 아니면 보정명령서에 적힌 번호로 문의를 해도 되는 건가요?",1. 내용증명은 보냈다고 땡이 아니라 상대방이 받아야 한다,unknown,"보증상품 보증상품 미확인 | 주택유형 미상 | 보증금구간 2억~3억 | 계약상태 계약중(종료예정) | 선순위권리 미상 | 반환보증 가입 | 분쟁유형 기타·일반문의 | 진행단계 내용증명·공시송달 | 상황 보증보험 청구를 위해 셀프로 임대차등기명령을 신청했습니다. 4월 11일에 도달된 보정명령으로 배달증명을 첨부하라고 왔는데, 배달증명이라는 존재를 이때 처음 들었어요. 확인해보니 내용증명을 보내고 이틀 안으로만 배달증명서를 받을 수 있다고 하는데, 주말이 끼다보니 일주일 안으로 위 과정을 완료해서 보정명령을 이행할 수 있을지 모르겠습니다. 이런 경우 사건을 그냥 각하당하고 재신청을 해야할까요? 아니면 보정명령서에 적힌 번호로 문의를 해도 되는 건가요? | 특이사항 1. 내용증명은 보냈다고 땡이 아니라 상대방이 받아야 한다",provided_synthetic_consultations
CASE-0558,G06,미상,미상,1억~2억,계약종료,미상,압류·가압류,미상,전세사기,소송제기,"계약중도해지, 임차권등기 설정 완료 집주인 건물, 개인소유재산 전부 가압류 되어있는상황. 집주인 소유 다른 건물 임차인들 집단 형사소송. 즉, 보증금 반환 능력 없어보임. 추후 경매 등 진행방향에 대해",1. 전세사기등피해자결정문有,unknown,"보증상품 보증상품 미확인 | 주택유형 미상 | 보증금구간 1억~2억 | 계약상태 계약종료 | 선순위권리 압류·가압류 | 반환보증 미상 | 분쟁유형 전세사기 | 진행단계 소송제기 | 상황 계약중도해지, 임차권등기 설정 완료 집주인 건물, 개인소유재산 전부 가압류 되어있는상황. 집주인 소유 다른 건물 임차인들 집단 형사소송. 즉, 보증금 반환 능력 없어보임. 추후 경매 등 진행방향에 대해 | 특이사항 1. 전세사기등피해자결정문有",provided_synthetic_consultations
CASE-0559,G06,경기,하남시,1억~2억,계약중(종료예정),오피스텔,압류·가압류,가입,전세사기,상담·검토,"21년 9월 집 계약후 살고있었으며 (문제 없는 깨끗한 집이였으며, 전입신고 및 확정일자도 다 된상태, 다만 보증보험등 가입을 해놓지 않았습니다) 23년 6월정도에 집주인이 바뀌었고, 자동연장으로 올해 9월 계약 종료예정입니다. 다만 현재 집주인이 이미 다른 전세사기건으로 작년 24년 7월 수감중에 있으며, 현재 집에는 25년 2~3월에 2건의 20억정도의 가압류가 들어와있는상태입니다. 현재 상담을 두군대에서 받아봤으나 모두 말이 다 달라서요 1. 상담받은 A업체에서는 제가 집을 경매를 붙여서 제가 집을 경매 받는법 (단 이럴때 제가 1순위라서 집을 받으면 따로 돈안내고도 받을수있고, 가압류건도 사라진다고 했었습니다) 2. 상담받은 B업체에서는 이미 가압류가 20억이기때문에 제가 경매로 붙여서 할경우 그집에 금액만큼 다시 집을 사야한다고 하였으며, 이러한 경우 가압류가 사라지는건 아니다보니 1천만원정도로만 돌려받는거다, 그렇다보니 형사 고소를 진행하는게 좋다 라는 두가지 이야기를 받다보니 어떻게 진행을 해야하는지 정말 도저히 알수없어 다시한번 이곳에 문의 하게되었습니다.",1. 오피스텔 / 깡통이지만 대항력있음,unknown,"보증상품 보증상품 미확인 | 주택유형 오피스텔 | 보증금구간 1억~2억 | 계약상태 계약중(종료예정) | 선순위권리 압류·가압류 | 반환보증 가입 | 분쟁유형 전세사기 | 진행단계 상담·검토 | 상황 21년 9월 집 계약후 살고있었으며 (문제 없는 깨끗한 집이였으며, 전입신고 및 확정일자도 다 된상태, 다만 보증보험등 가입을 해놓지 않았습니다) 23년 6월정도에 집주인이 바뀌었고, 자동연장으로 올해 9월 계약 종료예정입니다. 다만 현재 집주인이 이미 다른 전세사기건으로 작년 24년 7월 수감중에 있으며, 현재 집에는 25년 2~3월에 2건의 20억정도의 가압류가 들어와있는상태입니다. 현재 상담을 두군대에서 받아봤으나 모두 말이 다 달라서요 1. 상담받은 A업체에서는 제가 집을 경매를 붙여서 제가 집을 경매 받는법 (단 이럴때 제가 1순위라서 집을 받으면 따로 돈안내고도 받을수있고, 가압류건도 사라진다고 했었습니다) 2. 상담받은 B업체에서는 이미 가압류가 20억이기때문에 제가 경매로 붙여서 할경우 그집에 금액만큼 다시 집을 사야한다고 하였으며, 이러한 경우 가압류가 사라지는건 아니다보니 1천만원정도로만 돌려받는거다, 그렇다보니 형사 고소를 진행하는게 좋다 라는 두가지 이야기를 받다보니 어떻게 진행을 해야하는지 정말 도저히 알수없어 다시한번 이곳에 문의 하게되었습니다. | 특이사항 1. 오피스텔 / 깡통이지만 대항력있음",provided_synthetic_consultations
CASE-0560,G06,서울,광진구,2억~3억,계약중(종료예정),오피스텔,미상,가입,경매·공매,임차권등기,! -현재 집주인이 같은 오피스텔 건물에 거주. -건물 전체가 집주인 소유 (오피스텔 통 여러채) -작년 12월 사정이 어려워져서 세대별 호수 매각 양해 공지. (담당 부동산 지정해줌) -현재 집주인 공동담보 70억 부채 (저희집금액+3천 플러스 예상) -현재 임차권등기하고 나간 호실도 있음 -약 40세대중 절반이 계약 만료가 됐고 최장 1년이 지난사람있음 -넓은 호수는 몇세대 매매가 완료. -비슷한 평수는 매매 이력 X -다른동 집주인 오피스텔은 임차인이 매매한 경우도 있음 -보증보험은 계약당시 갑자기 안돼서 전세권 설정 되어있음 -우리건물에서 경매 진행한 사람은 없음 -담당 부동산에선 집보러오면 적극적으로 협조를 바람. -내용증명 집주인 전달완료 저는 5월 29일 약 한달 뒤면 계약 완료인데 제가 처음으로 경매를 진행해버리면 이 건물 다른 호실들이 매매가 잘안되는게 맞을까요? 대출은 아마 문제 없을거 같고 그냥 만료 지나도 다른 호실처럼 기다리는 게 맞을까요? 언제 나갈 수 있을지 모르니 막막하네요,1. 전세권에 의한 임의경매가능,unknown,보증상품 보증상품 미확인 | 주택유형 오피스텔 | 보증금구간 2억~3억 | 계약상태 계약중(종료예정) | 선순위권리 미상 | 반환보증 가입 | 분쟁유형 경매·공매 | 진행단계 임차권등기 | 상황 ! -현재 집주인이 같은 오피스텔 건물에 거주. -건물 전체가 집주인 소유 (오피스텔 통 여러채) -작년 12월 사정이 어려워져서 세대별 호수 매각 양해 공지. (담당 부동산 지정해줌) -현재 집주인 공동담보 70억 부채 (저희집금액+3천 플러스 예상) -현재 임차권등기하고 나간 호실도 있음 -약 40세대중 절반이 계약 만료가 됐고 최장 1년이 지난사람있음 -넓은 호수는 몇세대 매매가 완료. -비슷한 평수는 매매 이력 X -다른동 집주인 오피스텔은 임차인이 매매한 경우도 있음 -보증보험은 계약당시 갑자기 안돼서 전세권 설정 되어있음 -우리건물에서 경매 진행한 사람은 없음 -담당 부동산에선 집보러오면 적극적으로 협조를 바람. -내용증명 집주인 전달완료 저는 5월 29일 약 한달 뒤면 계약 완료인데 제가 처음으로 경매를 진행해버리면 이 건물 다른 호실들이 매매가 잘안되는게 맞을까요? 대출은 아마 문제 없을거 같고 그냥 만료 지나도 다른 호실처럼 기다리는 게 맞을까요? 언제 나갈 수 있을지 모르니 막막하네요 | 특이사항 1. 전세권에 의한 임의경매가능,provided_synthetic_consultations
CASE-0561,G06,부산,북구,1억 미만,계약종료,오피스텔,선순위존재,미상,보증금미반환,소송제기,"이번에 전세금을 돌려 받지 못해 임차권 등록을 하게되었습니다. 이후에 어떤식으로 일을 진행해야 할지 확정을 내리지 못해 문의 드리게 되었습니다. 이후 절차로 지급명령 혹은 보증금 반환 소송을 진행하는 쪽으로 알아보고 있습니다. 지급명령은 이의신청으로 기간이 길어질수도 있다는 글을 본것 같은데 보증금반환소송으로 가게 되면 기간이 얼마나 걸릴지 실제로 돈을 돌려 받기 까지 걸리는 시간에 대해 알고싶습니다. 전세금은 5,000만원으로 만약 소송을 맡기게 된다면 수임료와 발생금액이 어느정도 될지와 집주인에게 이 금액까지 포함하여 돌려 받을수 있는지 알고싶습니다.",1. 오피스텔 / 대항력있는 선순위임차인,unknown,"보증상품 보증상품 미확인 | 주택유형 오피스텔 | 보증금구간 1억 미만 | 계약상태 계약종료 | 선순위권리 선순위존재 | 반환보증 미상 | 분쟁유형 보증금미반환 | 진행단계 소송제기 | 상황 이번에 전세금을 돌려 받지 못해 임차권 등록을 하게되었습니다. 이후에 어떤식으로 일을 진행해야 할지 확정을 내리지 못해 문의 드리게 되었습니다. 이후 절차로 지급명령 혹은 보증금 반환 소송을 진행하는 쪽으로 알아보고 있습니다. 지급명령은 이의신청으로 기간이 길어질수도 있다는 글을 본것 같은데 보증금반환소송으로 가게 되면 기간이 얼마나 걸릴지 실제로 돈을 돌려 받기 까지 걸리는 시간에 대해 알고싶습니다. 전세금은 5,000만원으로 만약 소송을 맡기게 된다면 수임료와 발생금액이 어느정도 될지와 집주인에게 이 금액까지 포함하여 돌려 받을수 있는지 알고싶습니다. | 특이사항 1. 오피스텔 / 대항력있는 선순위임차인",provided_synthetic_consultations
CASE-0562,G06,부산,동래구,1억~2억,계약중(종료예정),오피스텔,근저당설정,가입,보증금미반환,상담·검토,"법인 물건 오피스텔에 거주 중이고 올해 6월 6일이 계약만료일입니다. 계약 연장 없이 퇴실한다고 3월말에 얘기를 했는데, 그쪽에서는 보증금 반환이 되는지 확인하고 연락을 준다고 한 주가 지난 시점인데 연락이 되지않고 있습니다. 보증보험 가입을 하지 않았고, 해당 물건에 근저당은 없는 상태입니다. 제가 생각하는 최선의 방법은 1년 계약연장 후 보증보험 가입을 하고 싶은데, 법인에 세금 체납이 있는경우 보증보험 가입이 안된다고 하더라구요. 현재 상태에서 할수있는 방법이 있는지",,unknown,"보증상품 보증상품 미확인 | 주택유형 오피스텔 | 보증금구간 1억~2억 | 계약상태 계약중(종료예정) | 선순위권리 근저당설정 | 반환보증 가입 | 분쟁유형 보증금미반환 | 진행단계 상담·검토 | 상황 법인 물건 오피스텔에 거주 중이고 올해 6월 6일이 계약만료일입니다. 계약 연장 없이 퇴실한다고 3월말에 얘기를 했는데, 그쪽에서는 보증금 반환이 되는지 확인하고 연락을 준다고 한 주가 지난 시점인데 연락이 되지않고 있습니다. 보증보험 가입을 하지 않았고, 해당 물건에 근저당은 없는 상태입니다. 제가 생각하는 최선의 방법은 1년 계약연장 후 보증보험 가입을 하고 싶은데, 법인에 세금 체납이 있는경우 보증보험 가입이 안된다고 하더라구요. 현재 상태에서 할수있는 방법이 있는지",provided_synthetic_consultations
CASE-0563,G06,대전,유성구,1억~2억,계약종료,다가구주택,미상,미상,기타·일반문의,소송제기,전세금 반환을 해주지 않아 반환금 소송을 했는데 조정기일이 잡혔습니다. 조정기일은 뭔가요? 출석을 해야하나요?,1. 다가구주택 / 4가구 + 1근생,unknown,보증상품 보증상품 미확인 | 주택유형 다가구주택 | 보증금구간 1억~2억 | 계약상태 계약종료 | 선순위권리 미상 | 반환보증 미상 | 분쟁유형 기타·일반문의 | 진행단계 소송제기 | 상황 전세금 반환을 해주지 않아 반환금 소송을 했는데 조정기일이 잡혔습니다. 조정기일은 뭔가요? 출석을 해야하나요? | 특이사항 1. 다가구주택 / 4가구 + 1근생,provided_synthetic_consultations
CASE-0564,G06,경기,소사구,3억 이상,계약중(종료예정),미상,미상,미상,전세사기,내용증명·공시송달,저는 올해 5월2일 만기를 앞둔 2월 중순 임대인이 전세가 올랐다며 새로 세 놓고 싶다고 연락이 왔으며 당시에 갱신청구권을 사용하겠다고 의사를 밝혔습니다 그러다 고민 끝에 마음에 드는 매물을 발견하여 그저께 가계약을 앞둔 상태에 임대인에게 아직 새로 세 놓고 싶으신 상태냐 이사갈 집을 알아보고왔다고 얘기를 했습니다 임대인은 여전히 새로 세놓기를 희망했고 세입자를 구해야하니 이사날짜를 넉넉하게 4개월 뒤로 잡아주길 요구했습니다 그래서 가계약금을 넣었고 매도인과는 늦어도 8월12일까지 잔금을 치루는걸로 (그사이 날짜는 조율가능) 25일 계약서 작성예정입니다 하지만 어제부터 갑자기 임대인은 노파심 때문인지 가계약을 벌써하면 안됐다 세입자구하고 했어야했다며 만약 4개월 뒤라도 세입자가 안구해지면 난 보증금을 돌려줄 방법이 없으니 전세사기를 운운하며 배째라고 나오는 입장입니다 그래서 오늘 첨부와 같이 퇴거통보를 문자로 보낸 상태입니다 여기서 궁금한 점은 1. 제가 4개월 뒤이긴 하지만 시기가 만기 보름정도밖에 안남기고 퇴거의사를 밝혔다보니 퇴거통보문자가 의미가 있을까요? 혹시 법적으로 갈경우 이 부분이 불리할까요? 2. 내용증명을 보낼경우 보내야 효력이 있을까요? 기준이 되는 날짜가 통보시점인지 만기일인지 8월12일인지,* 오늘자로 다른 임차인이 구해져서 문제해결,unknown,보증상품 보증상품 미확인 | 주택유형 미상 | 보증금구간 3억 이상 | 계약상태 계약중(종료예정) | 선순위권리 미상 | 반환보증 미상 | 분쟁유형 전세사기 | 진행단계 내용증명·공시송달 | 상황 저는 올해 5월2일 만기를 앞둔 2월 중순 임대인이 전세가 올랐다며 새로 세 놓고 싶다고 연락이 왔으며 당시에 갱신청구권을 사용하겠다고 의사를 밝혔습니다 그러다 고민 끝에 마음에 드는 매물을 발견하여 그저께 가계약을 앞둔 상태에 임대인에게 아직 새로 세 놓고 싶으신 상태냐 이사갈 집을 알아보고왔다고 얘기를 했습니다 임대인은 여전히 새로 세놓기를 희망했고 세입자를 구해야하니 이사날짜를 넉넉하게 4개월 뒤로 잡아주길 요구했습니다 그래서 가계약금을 넣었고 매도인과는 늦어도 8월12일까지 잔금을 치루는걸로 (그사이 날짜는 조율가능) 25일 계약서 작성예정입니다 하지만 어제부터 갑자기 임대인은 노파심 때문인지 가계약을 벌써하면 안됐다 세입자구하고 했어야했다며 만약 4개월 뒤라도 세입자가 안구해지면 난 보증금을 돌려줄 방법이 없으니 전세사기를 운운하며 배째라고 나오는 입장입니다 그래서 오늘 첨부와 같이 퇴거통보를 문자로 보낸 상태입니다 여기서 궁금한 점은 1. 제가 4개월 뒤이긴 하지만 시기가 만기 보름정도밖에 안남기고 퇴거의사를 밝혔다보니 퇴거통보문자가 의미가 있을까요? 혹시 법적으로 갈경우 이 부분이 불리할까요? 2. 내용증명을 보낼경우 보내야 효력이 있을까요? 기준이 되는 날짜가 통보시점인지 만기일인지 8월12일인지 | 특이사항 * 오늘자로 다른 임차인이 구해져서 문제해결,provided_synthetic_consultations
CASE-0565,G06,경기,수원시,2억~3억,계약중(종료예정),아파트,미상,미상,기타·일반문의,소송제기,? 현재 아파트 1. 임차권 등기설정 신청 - 보통 만기일 몇 일 전에 신청하는게 좋을까요? - 집주인에게 신청하겠다고 미리 통보하여서 반환하도록 압박하는게 더 나을까요? 신청한다고 미리 말하면 집주인이 미리 조치 취해서 제가 신청하는데 불이익이 발생할수도 있나요? - 변호사 통해 진행하려고하는데 수임료? 도 임대인에게 요구할수 있다고 들었는데 이것도 보통 위임비용에 포함이 되나요? 아니면 따로 또 비용청구를 위해 위임비가 발생하나요? 2. 전세금 반환소송 - 이것도 언제부터 진행하는것이 좋을까요? 만기 후? 만기 몇일 전? - 진행하다가 소송 전에 전세금을 반환받으면 변호사 위임 비용은 임대인에게 요구할 수 있나요?,,unknown,보증상품 보증상품 미확인 | 주택유형 아파트 | 보증금구간 2억~3억 | 계약상태 계약중(종료예정) | 선순위권리 미상 | 반환보증 미상 | 분쟁유형 기타·일반문의 | 진행단계 소송제기 | 상황 ? 현재 아파트 1. 임차권 등기설정 신청 - 보통 만기일 몇 일 전에 신청하는게 좋을까요? - 집주인에게 신청하겠다고 미리 통보하여서 반환하도록 압박하는게 더 나을까요? 신청한다고 미리 말하면 집주인이 미리 조치 취해서 제가 신청하는데 불이익이 발생할수도 있나요? - 변호사 통해 진행하려고하는데 수임료? 도 임대인에게 요구할수 있다고 들었는데 이것도 보통 위임비용에 포함이 되나요? 아니면 따로 또 비용청구를 위해 위임비가 발생하나요? 2. 전세금 반환소송 - 이것도 언제부터 진행하는것이 좋을까요? 만기 후? 만기 몇일 전? - 진행하다가 소송 전에 전세금을 반환받으면 변호사 위임 비용은 임대인에게 요구할 수 있나요?,provided_synthetic_consultations
CASE-0566,G06,경기,성남시,3억 이상,계약중(종료예정),아파트,근저당설정,미상,경매·공매,상담·검토,"[2024년 1월9일]부터 [2026년 1월 8일]까지로 월세계약을 체결하고, 현재까지 거주 중입니다. 자녀의 진학 사정으로 인해, 임대인의 동의를 얻어 2025년 7월경 중도 퇴거를 결정하였고, 그 조건으로 새로운 임차인을 직접 구하고, 중개수수료를 부담하기로 협의하였습니다.(25년 4월4일 협의) 현재 해당 부동산)은 등기부등본상 근저당권이 설정되어 있으며, 이는 임대인의 채무로 인해 발생한 것으로 확인되었습니다. 그로 인해 경매절차가 진행되었고 현재 중지되었으나, 채권자 정보는 여전히 공개되어 있어 새로운 임차인 유치가 사실상 불가능한 상황입니다. 이로 인해 당초 중도퇴거의 전제가 된 “새 임차인 계약”이 불가능해졌습니다. 자녀의 진학을 위해 25년7월까지 해당지역으로 이사를 해야하는 상황인데, 이러한 상황을 어떻게 풀어가야할지 상담드립니다.",1. 20억 아파트,unknown,"보증상품 보증상품 미확인 | 주택유형 아파트 | 보증금구간 3억 이상 | 계약상태 계약중(종료예정) | 선순위권리 근저당설정 | 반환보증 미상 | 분쟁유형 경매·공매 | 진행단계 상담·검토 | 상황 [2024년 1월9일]부터 [2026년 1월 8일]까지로 월세계약을 체결하고, 현재까지 거주 중입니다. 자녀의 진학 사정으로 인해, 임대인의 동의를 얻어 2025년 7월경 중도 퇴거를 결정하였고, 그 조건으로 새로운 임차인을 직접 구하고, 중개수수료를 부담하기로 협의하였습니다.(25년 4월4일 협의) 현재 해당 부동산)은 등기부등본상 근저당권이 설정되어 있으며, 이는 임대인의 채무로 인해 발생한 것으로 확인되었습니다. 그로 인해 경매절차가 진행되었고 현재 중지되었으나, 채권자 정보는 여전히 공개되어 있어 새로운 임차인 유치가 사실상 불가능한 상황입니다. 이로 인해 당초 중도퇴거의 전제가 된 “새 임차인 계약”이 불가능해졌습니다. 자녀의 진학을 위해 25년7월까지 해당지역으로 이사를 해야하는 상황인데, 이러한 상황을 어떻게 풀어가야할지 상담드립니다. | 특이사항 1. 20억 아파트",provided_synthetic_consultations
CASE-0567,G06,미상,서초구,1억 미만,계약중(종료예정),미상,미상,미상,보증금미반환,내용증명·공시송달,"임대인의 귀책사유로 계약파기후 계약금을 돌려 받지 못한 상태입니다. 돈이 없다고 최대한 빠르게 준비해서 주겠다는 말만 합니다. 그런데 전세입자 또한 보증금 한푼도 못받고 전세권과 임차권 설정해 놓고 다른 곳에 거주 중이고 저 말고도 임대인에게 돈을 돌려 받지 못한 분이 애를 먹고 있는 상태입니다 내용증명과 경찰서에 고소한 상태입니다. 경찰서 진술시 제가 준비해야 하는지, 계약금을 돌려 받기 위해 무엇을 해 나가야 할까요?",,unknown,"보증상품 보증상품 미확인 | 주택유형 미상 | 보증금구간 1억 미만 | 계약상태 계약중(종료예정) | 선순위권리 미상 | 반환보증 미상 | 분쟁유형 보증금미반환 | 진행단계 내용증명·공시송달 | 상황 임대인의 귀책사유로 계약파기후 계약금을 돌려 받지 못한 상태입니다. 돈이 없다고 최대한 빠르게 준비해서 주겠다는 말만 합니다. 그런데 전세입자 또한 보증금 한푼도 못받고 전세권과 임차권 설정해 놓고 다른 곳에 거주 중이고 저 말고도 임대인에게 돈을 돌려 받지 못한 분이 애를 먹고 있는 상태입니다 내용증명과 경찰서에 고소한 상태입니다. 경찰서 진술시 제가 준비해야 하는지, 계약금을 돌려 받기 위해 무엇을 해 나가야 할까요?",provided_synthetic_consultations
CASE-0568,G06,인천,미상,1억 미만,계약종료,미상,미상,미상,기타·일반문의,임차권등기,주택임차권등기 명령 신청을했는데 보정명령을 받았는데 흠결사항으로 부동산등기부 등본 상 임차목적물 면적과 임대차 계약서 및 신고필증상 면적이 상이하여 경위를 소명하라는 내용이왔는데 부동산에 전화를 해보니 계약서 써주신분이 잘못썼다고 통화를했습니다. 이럴경우 소명이 가능한가요?,,unknown,보증상품 보증상품 미확인 | 주택유형 미상 | 보증금구간 1억 미만 | 계약상태 계약종료 | 선순위권리 미상 | 반환보증 미상 | 분쟁유형 기타·일반문의 | 진행단계 임차권등기 | 상황 주택임차권등기 명령 신청을했는데 보정명령을 받았는데 흠결사항으로 부동산등기부 등본 상 임차목적물 면적과 임대차 계약서 및 신고필증상 면적이 상이하여 경위를 소명하라는 내용이왔는데 부동산에 전화를 해보니 계약서 써주신분이 잘못썼다고 통화를했습니다. 이럴경우 소명이 가능한가요?,provided_synthetic_consultations
CASE-0569,G06,광주,북구,1억 미만,계약중(종료예정),빌라,압류·가압류,미가입,묵시적갱신분쟁,소송제기,"임대차계약일 : 23.04.06 ~ 25.04.05 확정일자 : 23.03.22 전입신고 : 23.04.07 보증금 : 9500만원(카카오전세대출 7650만원 / 내돈 : 1850만원) 보증보험 X 계약 및 대출연장 : 2025.04.06 ~ 2026.04.05 (등기부등본 상황 - 24.03.21 전세권설정, 24.11.07 임차권설정, 25.4.3 가압류(광주은행 약600만원)) 24년 11월에 퇴거통보하였고 알겠다는 답변을 받았으나, 25년 3월 자긴 사실 암투병중이고 돈이없어 다음세입자나 빌라 매매가 되기전까진 보증금반환어렵다는 말씀을 하심. 그래서 본인 대출 연장하고 보증금받을때까지 기다려보겠다고 함. 계약 연장은 통화(녹음ㅇ)로하였고 계약기간말곤 변동사항이 없습니다 연장 이후에 확정일자를 따로 또 받지않았는데 문제가 있을까요? 따지고 보면 묵시적갱신은 아닌 것 같고해서 무섭습니다 또한, 파일첨부에 제가 여태까지 겪었던 상황과 이제 보내려는 내용증명 첨부해두었습니다. 제가 앞으로 해야할 것들이 뭐가있을지 제발 부탁드립니다 제생각으론 먼저 내용증명 보내고 7월이후 임차권설정-지급명령신청-보증금반환소송 순으로 생각하고있습니다",,unknown,"보증상품 보증상품 미확인 | 주택유형 빌라 | 보증금구간 1억 미만 | 계약상태 계약중(종료예정) | 선순위권리 압류·가압류 | 반환보증 미가입 | 분쟁유형 묵시적갱신분쟁 | 진행단계 소송제기 | 상황 임대차계약일 : 23.04.06 ~ 25.04.05 확정일자 : 23.03.22 전입신고 : 23.04.07 보증금 : 9500만원(카카오전세대출 7650만원 / 내돈 : 1850만원) 보증보험 X 계약 및 대출연장 : 2025.04.06 ~ 2026.04.05 (등기부등본 상황 - 24.03.21 전세권설정, 24.11.07 임차권설정, 25.4.3 가압류(광주은행 약600만원)) 24년 11월에 퇴거통보하였고 알겠다는 답변을 받았으나, 25년 3월 자긴 사실 암투병중이고 돈이없어 다음세입자나 빌라 매매가 되기전까진 보증금반환어렵다는 말씀을 하심. 그래서 본인 대출 연장하고 보증금받을때까지 기다려보겠다고 함. 계약 연장은 통화(녹음ㅇ)로하였고 계약기간말곤 변동사항이 없습니다 연장 이후에 확정일자를 따로 또 받지않았는데 문제가 있을까요? 따지고 보면 묵시적갱신은 아닌 것 같고해서 무섭습니다 또한, 파일첨부에 제가 여태까지 겪었던 상황과 이제 보내려는 내용증명 첨부해두었습니다. 제가 앞으로 해야할 것들이 뭐가있을지 제발 부탁드립니다 제생각으론 먼저 내용증명 보내고 7월이후 임차권설정-지급명령신청-보증금반환소송 순으로 생각하고있습니다",provided_synthetic_consultations
CASE-0570,G06,서울,광진구,2억~3억,계약중(종료예정),미상,근저당설정,미상,경매·공매,판결·집행,"임대인 : 지인 최초 전세계약시 근저당 1억 2천 정도설정 됨 3개월 이내 상환 약속을 받고 전세 계약서 작성 상환에 대한 내용도 전세계약서 작성 당시 특이사항에 기재 함 10년 동안 1원도 대출금 상환 하지 않음 이자만 내면서 연장하고 있었음 모두 상환 하겠다고 한 2024년 6월에도 상환하지 않아 지속 연락을 취하였으나, 연락 두절 결국 변호사 선임하여 현재 민사 소송은 판결 받고 형사 소송 진행 중 임대인과 저와 이 사항을 모두 알고 있는 지인 중재하에 매달 50만원 씩 대출 금 갚고 연장을 위한 가압류 해지 요청 함 (담보 은행에서 가압류가 되어 대출 기간 연장이 어렵다고 함) 담당 변호사는 경매는 모른다고 선을 그음 법적인 기준으로만 이야기 하고 추후 예상될 수 있는 대안 등에 안내를 하지 않음 이 상태에서 어떤 것이 최선인지 너무 힘들고 어려운 상태 셀프 경매까지 생각하고 있는데 조언을 듣고 싶습니다. (전세피해자 신청을 했으나, 기각되었습니다.)",,unknown,"보증상품 보증상품 미확인 | 주택유형 미상 | 보증금구간 2억~3억 | 계약상태 계약중(종료예정) | 선순위권리 근저당설정 | 반환보증 미상 | 분쟁유형 경매·공매 | 진행단계 판결·집행 | 상황 임대인 : 지인 최초 전세계약시 근저당 1억 2천 정도설정 됨 3개월 이내 상환 약속을 받고 전세 계약서 작성 상환에 대한 내용도 전세계약서 작성 당시 특이사항에 기재 함 10년 동안 1원도 대출금 상환 하지 않음 이자만 내면서 연장하고 있었음 모두 상환 하겠다고 한 2024년 6월에도 상환하지 않아 지속 연락을 취하였으나, 연락 두절 결국 변호사 선임하여 현재 민사 소송은 판결 받고 형사 소송 진행 중 임대인과 저와 이 사항을 모두 알고 있는 지인 중재하에 매달 50만원 씩 대출 금 갚고 연장을 위한 가압류 해지 요청 함 (담보 은행에서 가압류가 되어 대출 기간 연장이 어렵다고 함) 담당 변호사는 경매는 모른다고 선을 그음 법적인 기준으로만 이야기 하고 추후 예상될 수 있는 대안 등에 안내를 하지 않음 이 상태에서 어떤 것이 최선인지 너무 힘들고 어려운 상태 셀프 경매까지 생각하고 있는데 조언을 듣고 싶습니다. (전세피해자 신청을 했으나, 기각되었습니다.)",provided_synthetic_consultations
CASE-0571,G06,부산,사상구,1억 미만,계약종료,미상,미상,미상,기타·일반문의,판결·집행,저는 세입자 이구요 현재 전세금반환소송 승소판결후 대략 9개월 지난 시점입니다 채무 불이행자명부 등재신청은 신청진행중입니다 승소 후 방향에대해서 많이 검색해봤지만 내용이 어렵고 이해가 안되는 부분이 많아 도움 받고자 문의남깁니다 재산명시신청과 강제집행에 대해,,unknown,보증상품 보증상품 미확인 | 주택유형 미상 | 보증금구간 1억 미만 | 계약상태 계약종료 | 선순위권리 미상 | 반환보증 미상 | 분쟁유형 기타·일반문의 | 진행단계 판결·집행 | 상황 저는 세입자 이구요 현재 전세금반환소송 승소판결후 대략 9개월 지난 시점입니다 채무 불이행자명부 등재신청은 신청진행중입니다 승소 후 방향에대해서 많이 검색해봤지만 내용이 어렵고 이해가 안되는 부분이 많아 도움 받고자 문의남깁니다 재산명시신청과 강제집행에 대해,provided_synthetic_consultations
CASE-0572,G06,인천,미상,1억~2억,계약종료,오피스텔,압류·가압류,가입,경매·공매,판결·집행,"우선 임차권등기명령 설정 완료 후 이사, 전세보증금반환 소송 후 판결문까지 나온 상황입니다. 임대인과는 연락은 되나 보증금 반환이 원활하게 진행되지 않아 몇가지 물어보려고 합니다. 1. 임대인이 법인이라 혹시나 법인을 말소하게 되면 판결문이라던가 임차권등기명령 설정한 집(오피스텔)의 경우 소유권은 어떻게 되는지 법인이 없어져도 계속 유지가 되는지 궁금합니다. 2. 현재 새로운 임차인을 구할 때까지 또 기다리는 상황인데 임차권등기명령으로 인해 은행에서 대출이 불가능한 상황이라 별다른 진행이 안되는 상황입니다. 1) 새로운 임차인 대기&차액 반환대기 2) 강제 경매와 추심업체를 통한 차액 추심 3) 오피스텔 매입(보증금보다 낮은 금액에 거래중) 및 차액요구 혹시 위에 3가지 방법외 다른 방법이 있을 까요? 3. 경매를 진행한다고 하더라고 보증금과는 차액 손실이 발생하는 상황이라 경매를 진행하면서 신용정보회사를 통한 재산조사를 실시해 법인 재산에 압류 및 추심을 동시에 진행 가능할까요?",,unknown,"보증상품 보증상품 미확인 | 주택유형 오피스텔 | 보증금구간 1억~2억 | 계약상태 계약종료 | 선순위권리 압류·가압류 | 반환보증 가입 | 분쟁유형 경매·공매 | 진행단계 판결·집행 | 상황 우선 임차권등기명령 설정 완료 후 이사, 전세보증금반환 소송 후 판결문까지 나온 상황입니다. 임대인과는 연락은 되나 보증금 반환이 원활하게 진행되지 않아 몇가지 물어보려고 합니다. 1. 임대인이 법인이라 혹시나 법인을 말소하게 되면 판결문이라던가 임차권등기명령 설정한 집(오피스텔)의 경우 소유권은 어떻게 되는지 법인이 없어져도 계속 유지가 되는지 궁금합니다. 2. 현재 새로운 임차인을 구할 때까지 또 기다리는 상황인데 임차권등기명령으로 인해 은행에서 대출이 불가능한 상황이라 별다른 진행이 안되는 상황입니다. 1) 새로운 임차인 대기&차액 반환대기 2) 강제 경매와 추심업체를 통한 차액 추심 3) 오피스텔 매입(보증금보다 낮은 금액에 거래중) 및 차액요구 혹시 위에 3가지 방법외 다른 방법이 있을 까요? 3. 경매를 진행한다고 하더라고 보증금과는 차액 손실이 발생하는 상황이라 경매를 진행하면서 신용정보회사를 통한 재산조사를 실시해 법인 재산에 압류 및 추심을 동시에 진행 가능할까요?",provided_synthetic_consultations
CASE-0573,G06,미상,미상,1억~2억,계약중(종료예정),오피스텔,미상,가입,기타·일반문의,상담·검토,계약(27.1)만료전 중도퇴실 요청을 부동산통해 하였고 집을 보러와 어제 한 부동산으로부터 가계약금 입금되었으니 이사진행하시라 하여 이삿날 조정까지 하고 저도 이사갈집 가계약 진행 했는데 (25.6.30으로 조정 부동산통화가 유선상 녹취일부6/30이사 가능하죠?와 복비조정대화) 두시간뒤 계약이 파기되었다며 진행 멈추라는 연락을 받았습니다. 이런경우 제가 어떻게 대처할수 있나요? 이런경우 저는 어떤조치를 할 수 있나요?,1. 오피스텔 / 보증보험가입,unknown,보증상품 보증상품 미확인 | 주택유형 오피스텔 | 보증금구간 1억~2억 | 계약상태 계약중(종료예정) | 선순위권리 미상 | 반환보증 가입 | 분쟁유형 기타·일반문의 | 진행단계 상담·검토 | 상황 계약(27.1)만료전 중도퇴실 요청을 부동산통해 하였고 집을 보러와 어제 한 부동산으로부터 가계약금 입금되었으니 이사진행하시라 하여 이삿날 조정까지 하고 저도 이사갈집 가계약 진행 했는데 (25.6.30으로 조정 부동산통화가 유선상 녹취일부6/30이사 가능하죠?와 복비조정대화) 두시간뒤 계약이 파기되었다며 진행 멈추라는 연락을 받았습니다. 이런경우 제가 어떻게 대처할수 있나요? 이런경우 저는 어떤조치를 할 수 있나요? | 특이사항 1. 오피스텔 / 보증보험가입,provided_synthetic_consultations
CASE-0574,G06,인천,남동구,1억 미만,계약중(종료예정),미상,미상,미상,기타·일반문의,상담·검토,"22년 07월 15~24년 07월 15일까지가 본 계약서상의 계약기간이였습니다. 근데 집주인 자금상의 문제로 은행에서 6개월 추가 연장 후 현재까지도 대출상환이 이루어지지 않았습니다. 2월 14일자로 종료 된 전세대출에 대해 제가 연체 이자를 부담하고 있는 상황이고, 현재 보증공사에서 5월 12일자로 전출신고 해도 된다는 승인을 받아 5월 12일자로 전출 할 예정입니다. 대출금은 보증공사에서 대납을 해준다고 하지만 전 추가로 지연된 것에 대한 법정이자를 청구하고 싶습니다. 24년 07월 15일 이후로 연장에 대한 재 계약서는 작성한적 없는 상황인데, 현재 법정이자와 법무사 비용을 청구하려고 핮니닼 법정이자의 경우 24년 07월 15일자로 부터 가능한것인지. 거주 도중 관리 소홀로 노후 된 보일러 배관이 고장나 수리를 해야될 예정인데, 이것에 대해서도 어떻게 처리해야될지",,unknown,"보증상품 보증상품 미확인 | 주택유형 미상 | 보증금구간 1억 미만 | 계약상태 계약중(종료예정) | 선순위권리 미상 | 반환보증 미상 | 분쟁유형 기타·일반문의 | 진행단계 상담·검토 | 상황 22년 07월 15~24년 07월 15일까지가 본 계약서상의 계약기간이였습니다. 근데 집주인 자금상의 문제로 은행에서 6개월 추가 연장 후 현재까지도 대출상환이 이루어지지 않았습니다. 2월 14일자로 종료 된 전세대출에 대해 제가 연체 이자를 부담하고 있는 상황이고, 현재 보증공사에서 5월 12일자로 전출신고 해도 된다는 승인을 받아 5월 12일자로 전출 할 예정입니다. 대출금은 보증공사에서 대납을 해준다고 하지만 전 추가로 지연된 것에 대한 법정이자를 청구하고 싶습니다. 24년 07월 15일 이후로 연장에 대한 재 계약서는 작성한적 없는 상황인데, 현재 법정이자와 법무사 비용을 청구하려고 핮니닼 법정이자의 경우 24년 07월 15일자로 부터 가능한것인지. 거주 도중 관리 소홀로 노후 된 보일러 배관이 고장나 수리를 해야될 예정인데, 이것에 대해서도 어떻게 처리해야될지",provided_synthetic_consultations
CASE-0575,G06,대전,서구,1억~2억,계약중(종료예정),미상,근저당설정,미상,경매·공매,상담·검토,대전에 거주중인 20대 남자입니다. 금일 등기부등본을 떼어보니 경매개시결정된걸 발견하여 마음이 너무 불편하여 상담글을 남기게되었습니다 현재 상황은 22년 6월 2년 집 전세계약을 년 6월 만기전에 다음 세입자가 들어오지 않으면 보증금을 못돌려준다는 상황이라고하여 어쩔수없이 1년 재계약하였습니다 현재는 25년 6월 중순이 계약 만기일인 상황인데 지금 상황에 제가 할수있는게 무엇이 있는지 궁금합니다 아래 등기부등본 첨부합니다 참고로 집 근저당은 총 14억 4천만원인 상황입니다,,unknown,보증상품 보증상품 미확인 | 주택유형 미상 | 보증금구간 1억~2억 | 계약상태 계약중(종료예정) | 선순위권리 근저당설정 | 반환보증 미상 | 분쟁유형 경매·공매 | 진행단계 상담·검토 | 상황 대전에 거주중인 20대 남자입니다. 금일 등기부등본을 떼어보니 경매개시결정된걸 발견하여 마음이 너무 불편하여 상담글을 남기게되었습니다 현재 상황은 22년 6월 2년 집 전세계약을 년 6월 만기전에 다음 세입자가 들어오지 않으면 보증금을 못돌려준다는 상황이라고하여 어쩔수없이 1년 재계약하였습니다 현재는 25년 6월 중순이 계약 만기일인 상황인데 지금 상황에 제가 할수있는게 무엇이 있는지 궁금합니다 아래 등기부등본 첨부합니다 참고로 집 근저당은 총 14억 4천만원인 상황입니다,provided_synthetic_consultations
CASE-0576,G06,경북,구미시,1억 미만,계약중(종료예정),다가구주택,미상,미상,경매·공매,상담·검토,"다가구 경매 들어간다고 스티커를 붙었었는데, 법원가서 배당요구신청서 작성완료, 은행 법원에 제출금액 5.7억 경매시작이후 낙찰까지 은행이자도 5.7억에 포함되어있나요? 아님 더 챙겨가나요? (경매사건) 옆 건물 12억7800만원 감정 24년 8억3천 낙찰 여기는 18가구 우리는 15가구+1상가 보증금 받을수있을까요?ㅠ",,unknown,"보증상품 보증상품 미확인 | 주택유형 다가구주택 | 보증금구간 1억 미만 | 계약상태 계약중(종료예정) | 선순위권리 미상 | 반환보증 미상 | 분쟁유형 경매·공매 | 진행단계 상담·검토 | 상황 다가구 경매 들어간다고 스티커를 붙었었는데, 법원가서 배당요구신청서 작성완료, 은행 법원에 제출금액 5.7억 경매시작이후 낙찰까지 은행이자도 5.7억에 포함되어있나요? 아님 더 챙겨가나요? (경매사건) 옆 건물 12억7800만원 감정 24년 8억3천 낙찰 여기는 18가구 우리는 15가구+1상가 보증금 받을수있을까요?ㅠ",provided_synthetic_consultations
CASE-0577,G06,인천,미추홀구,1억 미만,계약종료,미상,미상,미상,기타·일반문의,소송제기,집계약이 2024월 05월 25일 종료이나 집주인이 자금이 없다하여 대출 한번 연장해줌 10월25일경 또 연장해달라해서 안된다하엿으나 집주인이 사정해서 3개월만 연장해줌 더이상 힘들듯하여 1월경 더이상 안된다하엿으나 집주인은 본인들도 돈이없다함. 셀프로 임차권등기신청 하엿고. 지급명령까지 완료한상태. 집주인이 이번달말에 대출이라도 받아서 준다하였으나 갑자기 힘들듯하다고 하고 잠수. 그후 제가어떤방향으로 해야할지 모르겟음,"1. 임대인 5,900매수 / 임차인 8,500 전세 / 시작부터 깡통인데 인테리어 잘 되어 있어서 계약함",unknown,"보증상품 보증상품 미확인 | 주택유형 미상 | 보증금구간 1억 미만 | 계약상태 계약종료 | 선순위권리 미상 | 반환보증 미상 | 분쟁유형 기타·일반문의 | 진행단계 소송제기 | 상황 집계약이 2024월 05월 25일 종료이나 집주인이 자금이 없다하여 대출 한번 연장해줌 10월25일경 또 연장해달라해서 안된다하엿으나 집주인이 사정해서 3개월만 연장해줌 더이상 힘들듯하여 1월경 더이상 안된다하엿으나 집주인은 본인들도 돈이없다함. 셀프로 임차권등기신청 하엿고. 지급명령까지 완료한상태. 집주인이 이번달말에 대출이라도 받아서 준다하였으나 갑자기 힘들듯하다고 하고 잠수. 그후 제가어떤방향으로 해야할지 모르겟음 | 특이사항 1. 임대인 5,900매수 / 임차인 8,500 전세 / 시작부터 깡통인데 인테리어 잘 되어 있어서 계약함",provided_synthetic_consultations
CASE-0578,G06,경기,수원시,1억 미만,계약중(종료예정),미상,미상,미상,전세사기,임차권등기,"2024년 5월 묵시적 계약연장 상태이며, 2025년 4월 15일 전세사기임을 처음 인지했습니다. 4월 16일 임대인에게 내용증명 보냈고 조만간 임차권등기 신청하려고 합니다 이미 경기도에서 지원하는 변호사 상담을 받았지만 저는 전세사기 피해를 받은 상태에서 뭘 어떻게 해야할지 뭘 물어봐야할지도 모르는 상태입니다.",,unknown,"보증상품 보증상품 미확인 | 주택유형 미상 | 보증금구간 1억 미만 | 계약상태 계약중(종료예정) | 선순위권리 미상 | 반환보증 미상 | 분쟁유형 전세사기 | 진행단계 임차권등기 | 상황 2024년 5월 묵시적 계약연장 상태이며, 2025년 4월 15일 전세사기임을 처음 인지했습니다. 4월 16일 임대인에게 내용증명 보냈고 조만간 임차권등기 신청하려고 합니다 이미 경기도에서 지원하는 변호사 상담을 받았지만 저는 전세사기 피해를 받은 상태에서 뭘 어떻게 해야할지 뭘 물어봐야할지도 모르는 상태입니다.",provided_synthetic_consultations
CASE-0579,G06,광주,미상,2억~3억,계약중(종료예정),미상,미상,미가입,기타·일반문의,내용증명·공시송달,"*건설회사 보유분 전세계약+매입조건약정서(설명없음)관련입니다. 최초 계약서 및 약정서 설명듣고 싸인할때 매입관련 언급은 없었고 처음에 4년 언급하기에 저는 2년만 살거라고 하여 2년뒤 퇴거 가능하다는 설명과 함께 최종 계약서(등기, 은행접수)는 년 작성하고 등기 설정함. 약정서 및 특약사항은 최초에 작성된 부분이며 임대차계약서 년 후 나갈수 있다고 하여 작성하게됨. 현재 내용증명 발송 예정임. 계약서를 우선으로 하고 약정서나 특약사항 을 논외로 하여 2년 뒤 퇴거시 보증금 회수 가능한지 알고싶습니다.",1. 표준임대차계약서 / 보증보험가입 체크 / 그러나 미가입,unknown,"보증상품 보증상품 미확인 | 주택유형 미상 | 보증금구간 2억~3억 | 계약상태 계약중(종료예정) | 선순위권리 미상 | 반환보증 미가입 | 분쟁유형 기타·일반문의 | 진행단계 내용증명·공시송달 | 상황 *건설회사 보유분 전세계약+매입조건약정서(설명없음)관련입니다. 최초 계약서 및 약정서 설명듣고 싸인할때 매입관련 언급은 없었고 처음에 4년 언급하기에 저는 2년만 살거라고 하여 2년뒤 퇴거 가능하다는 설명과 함께 최종 계약서(등기, 은행접수)는 년 작성하고 등기 설정함. 약정서 및 특약사항은 최초에 작성된 부분이며 임대차계약서 년 후 나갈수 있다고 하여 작성하게됨. 현재 내용증명 발송 예정임. 계약서를 우선으로 하고 약정서나 특약사항 을 논외로 하여 2년 뒤 퇴거시 보증금 회수 가능한지 알고싶습니다. | 특이사항 1. 표준임대차계약서 / 보증보험가입 체크 / 그러나 미가입",provided_synthetic_consultations
CASE-0580,G06,경기,이천시,1억~2억,계약중(종료예정),미상,미상,미가입,기타·일반문의,상담·검토,25년5월 말일 전세만기라 3월에 연장의사를 밝혔고 연장하는것으로 얘기가되었으나 그제 보증보험은 갱신이되는지 아니면 새가입인지 문의하였더니 이번에 보증보험을 가입을 못하셨다고합니다 저희는 그럼 5월 만기로 계약종료를 하고싶다고 의사를 밝혔는데 거래종료에 해당이되는지 아니면 이미 연장하는것으로 협의된거라 파기가 불가한지 궁금합니다. 법인 임대업이고 미보라는 화사입니다,1. 법인임대사업자 / 보증보험미가입,unknown,보증상품 보증상품 미확인 | 주택유형 미상 | 보증금구간 1억~2억 | 계약상태 계약중(종료예정) | 선순위권리 미상 | 반환보증 미가입 | 분쟁유형 기타·일반문의 | 진행단계 상담·검토 | 상황 25년5월 말일 전세만기라 3월에 연장의사를 밝혔고 연장하는것으로 얘기가되었으나 그제 보증보험은 갱신이되는지 아니면 새가입인지 문의하였더니 이번에 보증보험을 가입을 못하셨다고합니다 저희는 그럼 5월 만기로 계약종료를 하고싶다고 의사를 밝혔는데 거래종료에 해당이되는지 아니면 이미 연장하는것으로 협의된거라 파기가 불가한지 궁금합니다. 법인 임대업이고 미보라는 화사입니다 | 특이사항 1. 법인임대사업자 / 보증보험미가입,provided_synthetic_consultations
CASE-0581,G06,미상,송파구,1억~2억,계약중(종료예정),오피스텔,선순위존재,가입,보증금미반환,판결·집행,"4월26일에 계약종료 예정입니다. 임대인 연락두절, 내용증명도 3차례 폐문부재로 반송되었습니다. 1) 계약 종료 전 제가 더 할 수 있는게 공시송달 외에 또 챙겨야 할 게 있을까요? 2) 계약 종료 후에는 임차권등기명령, 민사 소송 준비 외에 또 챙겨야 할 게 있을까요? 3) 민사 소송을 준비하려는데 셀프로 하는 건 너무 위험할까요? 4) 변호사 선임비가 부담되는데, 전세보증금 반환 소송 선임비가 얼마 정도인지, 성공보수, 부가세 별도는 얼마 정도인지 5) 셀프로도 많이들 하는지, 승소 가능성",1. 오피스텔 / 대항력있는 선순위임차인 / 깡통주택,unknown,"보증상품 보증상품 미확인 | 주택유형 오피스텔 | 보증금구간 1억~2억 | 계약상태 계약중(종료예정) | 선순위권리 선순위존재 | 반환보증 가입 | 분쟁유형 보증금미반환 | 진행단계 판결·집행 | 상황 4월26일에 계약종료 예정입니다. 임대인 연락두절, 내용증명도 3차례 폐문부재로 반송되었습니다. 1) 계약 종료 전 제가 더 할 수 있는게 공시송달 외에 또 챙겨야 할 게 있을까요? 2) 계약 종료 후에는 임차권등기명령, 민사 소송 준비 외에 또 챙겨야 할 게 있을까요? 3) 민사 소송을 준비하려는데 셀프로 하는 건 너무 위험할까요? 4) 변호사 선임비가 부담되는데, 전세보증금 반환 소송 선임비가 얼마 정도인지, 성공보수, 부가세 별도는 얼마 정도인지 5) 셀프로도 많이들 하는지, 승소 가능성 | 특이사항 1. 오피스텔 / 대항력있는 선순위임차인 / 깡통주택",provided_synthetic_consultations
CASE-0582,G06,서울,영등포구,1억~2억,계약중(종료예정),미상,미상,미상,전세사기,소송제기,"! 전세모를 통해 알게되어 아직 계약이 끝나진 않았지만, 집주인의 파산신청 소식과 더불어 여러가지 사실과 정황들이 전세사기피해자 사례(깡통전세, 갭투자)와 매우 흡사하여 다음주 정도에 임대인이 효산 법률사무소를 통해 준비된 파산신청 절차를 법원에 전달할 것이라는 소식을 접했습니다. 파산선고가 이뤄지면 사실상 경매에 넘어가게 되는 것인데 그렇게 되면 약 70세대에 해당하는 다수의 임차인들이 큰 피해를 보게 되는 상황입니다. 이에 임차인들의 동의를 얻어 임대인을 먼저 형사고소하고 수사가 개시되면 민사소송도 고려하고 있고 변호사 선임도 알아보고 있는 상황입니다. 임차in회사에서도 변호사 또는 법무사를 통한 소송, 전세금사기피해자 지원 등을 하고 있다면 도움을 받고 싶습니다. 각종 자료와 고소장을 첨부드리오니 봐주시면 감사하겠습니다. 아울러 현 상황에서 전세사기피해자로 신청이 가능한지도 여쭙고 싶습니다.",,unknown,"보증상품 보증상품 미확인 | 주택유형 미상 | 보증금구간 1억~2억 | 계약상태 계약중(종료예정) | 선순위권리 미상 | 반환보증 미상 | 분쟁유형 전세사기 | 진행단계 소송제기 | 상황 ! 전세모를 통해 알게되어 아직 계약이 끝나진 않았지만, 집주인의 파산신청 소식과 더불어 여러가지 사실과 정황들이 전세사기피해자 사례(깡통전세, 갭투자)와 매우 흡사하여 다음주 정도에 임대인이 효산 법률사무소를 통해 준비된 파산신청 절차를 법원에 전달할 것이라는 소식을 접했습니다. 파산선고가 이뤄지면 사실상 경매에 넘어가게 되는 것인데 그렇게 되면 약 70세대에 해당하는 다수의 임차인들이 큰 피해를 보게 되는 상황입니다. 이에 임차인들의 동의를 얻어 임대인을 먼저 형사고소하고 수사가 개시되면 민사소송도 고려하고 있고 변호사 선임도 알아보고 있는 상황입니다. 임차in회사에서도 변호사 또는 법무사를 통한 소송, 전세금사기피해자 지원 등을 하고 있다면 도움을 받고 싶습니다. 각종 자료와 고소장을 첨부드리오니 봐주시면 감사하겠습니다. 아울러 현 상황에서 전세사기피해자로 신청이 가능한지도 여쭙고 싶습니다.",provided_synthetic_consultations
CASE-0583,G06,경기,수원시,1억~2억,계약중(종료예정),다가구주택,근저당설정,미가입,전세사기,소송제기,"##계약 내용 정리 1. 보증금: 160,000,000원 2. 전세대출 여부: 카카오뱅크 전세대출 (최초 대출 실행 당시 136,000,000원 -> 현재 118,000,000원) 3. 보증보험 가입 여부: 미가입 4. 확정일자 순위: 총 6세대 중 4순위 (소액임차인 최우선변제 포함하면 5위) 5. 경매 진행 여부: 아직 진행되지 않으나, 될 가능성도 있음 안녕하세요. 우선 저의 고민은 전세사기 관련해서 5월말에 다가올 계약만기시에 재계약 하지않고 임차권 등기 후 거주할지, 묵시적 갱신으로 재계약하여 1년을 더 살지 고민입니다. 수원 매탄동에 라는 다가구주택에서 21년도에 전세금 1억 7천만원에 약 1억 3천정도 전세대출을 받은 후 보증보험 가입 없이 전세계약을 했었습니다. 계약 당시 확정일자, 전입신고는 한 상태였고, 2년 후인 23년 계약 만기 년 연장을 하고, 24년에는 천만원 보증금 감액으로 다시 1년 재계약을 했습니다. 보증금 감액 당시에는 재계약서만 작성하였고 확정일자는 다시 받을 필요는 없다고 하여 신청하지 않았습니다. 근데 작년에 저희집 문에 남긴 401호분이 쪽지를 통해 연락을 해보니 저희 건물 총 6세대 중 저를 포함한 2 세대는 거주중이고, 나머지 4세대는 집주인이 전세금을 주지 않아 임차권 등기 설정 후 집을 비워놓은 상태입니다. 라는 건물이 근방에 저희 건물 포함하여 3채가 있고, 3채 모두 전세금을 1년 넘게 못돌려받고 있는 사람들이 있습니다. 집주인 성함 김성희라는 사람은 실질적인 건축 사업을 하는 박유성이라는 사람의 와이프인데, 들어보니 문재인 정부때 부동산 법이 많이 바껴서 기업이 신축 건물 판매에 대한 제제가 좀 있다고해서 건물 명의만 와이프 이름으로 대신 했다고 하더라구요. 불행 중 다행인지 연락이 되고있는 상태이긴 한데, 이번에 한올그룹이라는 기업 대표가 박유성 대표랑 자주 컨택하는 사람인데, 그 분이 노후 목적으로 채를 통째로 구매한다고 계약중에 있다고 되게 상세하게 얘기를 해서 어느정도 없는 말 같진 않은데 말 들어보면 1년 넘게 그런 핑계들로 미루고 있다고 하니, 사실 온전히 믿기 힘든 상황입니다 저희 건물이 AI 추정가로는 14억8천이라고 하고, 지금 경매가 이뤄지고 있는 건 아니지만 만약 경매에 넘어갔을때를 계산해보니 근저당 선순위 포함해서 약 15억 5천만원 정도에는 팔려야 저의 보증금을 전액 돌려받을 수 있을 것 같아요. 근데 경매가 보통 실거래가 대비 싸게 거래가 되다보니 저는 보증금을 전부 못돌려받을 가능성이 매우 큰 상황입니다. 그래서 결론적으로 제가 5월 31일에 계약 만기인데 이런 일이 없었다면 저는 계속 이 집에서 살 생각이였지만, 지금 이런 상황이다보니 처음에 말씀드렸던것 처럼 재계약하지 않고 임차권 등기후에 거주를 하면서 소송이나 뭐 그런걸 진행해야 할지, 묵시적 년 재계약을 하고 그냥 일이 해결되길 바라며 살아야할지 고민인 상태라, 뭐가 더 유리할지 조언을 좀 듣고싶습니다!",1. 다가구 / 대항력없는 후순위임차인 / 5가구 중 3번째,unknown,"보증상품 보증상품 미확인 | 주택유형 다가구주택 | 보증금구간 1억~2억 | 계약상태 계약중(종료예정) | 선순위권리 근저당설정 | 반환보증 미가입 | 분쟁유형 전세사기 | 진행단계 소송제기 | 상황 ##계약 내용 정리 1. 보증금: 160,000,000원 2. 전세대출 여부: 카카오뱅크 전세대출 (최초 대출 실행 당시 136,000,000원 -> 현재 118,000,000원) 3. 보증보험 가입 여부: 미가입 4. 확정일자 순위: 총 6세대 중 4순위 (소액임차인 최우선변제 포함하면 5위) 5. 경매 진행 여부: 아직 진행되지 않으나, 될 가능성도 있음 안녕하세요. 우선 저의 고민은 전세사기 관련해서 5월말에 다가올 계약만기시에 재계약 하지않고 임차권 등기 후 거주할지, 묵시적 갱신으로 재계약하여 1년을 더 살지 고민입니다. 수원 매탄동에 라는 다가구주택에서 21년도에 전세금 1억 7천만원에 약 1억 3천정도 전세대출을 받은 후 보증보험 가입 없이 전세계약을 했었습니다. 계약 당시 확정일자, 전입신고는 한 상태였고, 2년 후인 23년 계약 만기 년 연장을 하고, 24년에는 천만원 보증금 감액으로 다시 1년 재계약을 했습니다. 보증금 감액 당시에는 재계약서만 작성하였고 확정일자는 다시 받을 필요는 없다고 하여 신청하지 않았습니다. 근데 작년에 저희집 문에 남긴 401호분이 쪽지를 통해 연락을 해보니 저희 건물 총 6세대 중 저를 포함한 2 세대는 거주중이고, 나머지 4세대는 집주인이 전세금을 주지 않아 임차권 등기 설정 후 집을 비워놓은 상태입니다. 라는 건물이 근방에 저희 건물 포함하여 3채가 있고, 3채 모두 전세금을 1년 넘게 못돌려받고 있는 사람들이 있습니다. 집주인 성함 김성희라는 사람은 실질적인 건축 사업을 하는 박유성이라는 사람의 와이프인데, 들어보니 문재인 정부때 부동산 법이 많이 바껴서 기업이 신축 건물 판매에 대한 제제가 좀 있다고해서 건물 명의만 와이프 이름으로 대신 했다고 하더라구요. 불행 중 다행인지 연락이 되고있는 상태이긴 한데, 이번에 한올그룹이라는 기업 대표가 박유성 대표랑 자주 컨택하는 사람인데, 그 분이 노후 목적으로 채를 통째로 구매한다고 계약중에 있다고 되게 상세하게 얘기를 해서 어느정도 없는 말 같진 않은데 말 들어보면 1년 넘게 그런 핑계들로 미루고 있다고 하니, 사실 온전히 믿기 힘든 상황입니다 저희 건물이 AI 추정가로는 14억8천이라고 하고, 지금 경매가 이뤄지고 있는 건 아니지만 만약 경매에 넘어갔을때를 계산해보니 근저당 선순위 포함해서 약 15억 5천만원 정도에는 팔려야 저의 보증금을 전액 돌려받을 수 있을 것 같아요. 근데 경매가 보통 실거래가 대비 싸게 거래가 되다보니 저는 보증금을 전부 못돌려받을 가능성이 매우 큰 상황입니다. 그래서 결론적으로 제가 5월 31일에 계약 만기인데 이런 일이 없었다면 저는 계속 이 집에서 살 생각이였지만, 지금 이런 상황이다보니 처음에 말씀드렸던것 처럼 재계약하지 않고 임차권 등기후에 거주를 하면서 소송이나 뭐 그런걸 진행해야 할지, 묵시적 년 재계약을 하고 그냥 일이 해결되길 바라며 살아야할지 고민인 상태라, 뭐가 더 유리할지 조언을 좀 듣고싶습니다! | 특이사항 1. 다가구 / 대항력없는 후순위임차인 / 5가구 중 3번째",provided_synthetic_consultations
CASE-0584,G06,서울,광진구,2억~3억,계약중(종료예정),미상,미상,미상,묵시적갱신분쟁,상담·검토,최근에 상담도 받고온 입니다. 제가 전세대출관련해서 연락이 왔는데 대출을 2년 연장하려면 집주인(임대인) 에게 연락하여 묵시적 연장을 확인한다는 절차가 있는데 제가 먼저 임대인한테 연락하여 이런 상황을 설명하고 2년 연장이라는 말을 언급하여도 저한테 불리할게 없을까요? 은행에서는 대출 연장시 2가지 방법이 있는데 1번째는 임차권 등기를 하면 연장이 가능하다는데 저는 전세권 설정을 해서 임차권 등기를 할 필요가 없고 2번째는 집주인에게 전화해서 계약이 2년 연장이 되었는지 확인하는 방법이라고 합니다. 2번 방법으로 할 시에 따로 단기계 약서를 쓰거나 유선 녹음을 남겨두거나 전화로 제가 어떻게 설명하는게 좋을까요?,1. 전세자금대출연장 건,unknown,보증상품 보증상품 미확인 | 주택유형 미상 | 보증금구간 2억~3억 | 계약상태 계약중(종료예정) | 선순위권리 미상 | 반환보증 미상 | 분쟁유형 묵시적갱신분쟁 | 진행단계 상담·검토 | 상황 최근에 상담도 받고온 입니다. 제가 전세대출관련해서 연락이 왔는데 대출을 2년 연장하려면 집주인(임대인) 에게 연락하여 묵시적 연장을 확인한다는 절차가 있는데 제가 먼저 임대인한테 연락하여 이런 상황을 설명하고 2년 연장이라는 말을 언급하여도 저한테 불리할게 없을까요? 은행에서는 대출 연장시 2가지 방법이 있는데 1번째는 임차권 등기를 하면 연장이 가능하다는데 저는 전세권 설정을 해서 임차권 등기를 할 필요가 없고 2번째는 집주인에게 전화해서 계약이 2년 연장이 되었는지 확인하는 방법이라고 합니다. 2번 방법으로 할 시에 따로 단기계 약서를 쓰거나 유선 녹음을 남겨두거나 전화로 제가 어떻게 설명하는게 좋을까요? | 특이사항 1. 전세자금대출연장 건,provided_synthetic_consultations
CASE-0585,G06,경기,양평군,1억 미만,계약종료,미상,근저당설정,미상,기타·일반문의,내용증명·공시송달,저희가 작년 2024년 8월 19일 부러 계약이 종료 되었습니다 하지만 집주인이 당일 까지 3천만원이 부족 하다하여 우리는 이사를 갈수밖에 없는 상황에 놓였습니다 그전에 마련한다길래 내용증명등 보내지 않았구요 믿고 기다렸습니다 하지만 1억 천오백은 받고 3천만원은 받지 못한채 이사를 가게되었습니다 그리구 이사온집이 신혼부부전세자금 대출을 받는거였어서 전입신고를 해야되는 상황에 남편이 우선 전입신고를 하게되었습니다 저희 부부 둘다 전입신고를 하였구요 그후 전세권설정을 할려고 약속을 잡은 상태였는데 갑자시 그 저희가 나온집이 가압류가 들어 갔더라구요 그래서 자기가 다른집을 우선 근저당설정을 해준다고 합니다 근데 그집에 누가 살고 있어서 순위는 2순위가 될거같아서 불안합니다 아직 차용증도 못받은 상태이구요 무언가 계속 연락은 잘되는 집주인이라 걱정없었어서 전화 녹음 된거 밖에 저희가 증거같은게 없습니다 법적효력 얻을 서류 막막 합니다 우선 저희가 비운 그집에 캐리어 하나 놓고 온 상태이구요 근데 저희가 전세설정 하기도전에 가압류가 들어가서 어쩌면 좋죠 정말 막막합니다,1. 약 8개월이 지났고 새로운 임차인이 들어온것도 아닌데 다른주택에서 자금을 마련하여 일부지급,unknown,보증상품 보증상품 미확인 | 주택유형 미상 | 보증금구간 1억 미만 | 계약상태 계약종료 | 선순위권리 근저당설정 | 반환보증 미상 | 분쟁유형 기타·일반문의 | 진행단계 내용증명·공시송달 | 상황 저희가 작년 2024년 8월 19일 부러 계약이 종료 되었습니다 하지만 집주인이 당일 까지 3천만원이 부족 하다하여 우리는 이사를 갈수밖에 없는 상황에 놓였습니다 그전에 마련한다길래 내용증명등 보내지 않았구요 믿고 기다렸습니다 하지만 1억 천오백은 받고 3천만원은 받지 못한채 이사를 가게되었습니다 그리구 이사온집이 신혼부부전세자금 대출을 받는거였어서 전입신고를 해야되는 상황에 남편이 우선 전입신고를 하게되었습니다 저희 부부 둘다 전입신고를 하였구요 그후 전세권설정을 할려고 약속을 잡은 상태였는데 갑자시 그 저희가 나온집이 가압류가 들어 갔더라구요 그래서 자기가 다른집을 우선 근저당설정을 해준다고 합니다 근데 그집에 누가 살고 있어서 순위는 2순위가 될거같아서 불안합니다 아직 차용증도 못받은 상태이구요 무언가 계속 연락은 잘되는 집주인이라 걱정없었어서 전화 녹음 된거 밖에 저희가 증거같은게 없습니다 법적효력 얻을 서류 막막 합니다 우선 저희가 비운 그집에 캐리어 하나 놓고 온 상태이구요 근데 저희가 전세설정 하기도전에 가압류가 들어가서 어쩌면 좋죠 정말 막막합니다 | 특이사항 1. 약 8개월이 지났고 새로운 임차인이 들어온것도 아닌데 다른주택에서 자금을 마련하여 일부지급,provided_synthetic_consultations
CASE-0586,G06,대구,대구,1억 미만,미상,다가구주택,근저당설정,미상,보증금미반환,소송제기,원룸 월세 임대차계약만료 후 보증금 반환되지 않아 임차권등기명령 신청하였습니다. 미반환보증금은 2천만원입니다. 이후 지급명령으로 진행할지 소액사건소송으로 진행할지,1. 다가구주택 / 2024년 근저당 / 최우선변제가능,unknown,보증상품 보증상품 미확인 | 주택유형 다가구주택 | 보증금구간 1억 미만 | 계약상태 미상 | 선순위권리 근저당설정 | 반환보증 미상 | 분쟁유형 보증금미반환 | 진행단계 소송제기 | 상황 원룸 월세 임대차계약만료 후 보증금 반환되지 않아 임차권등기명령 신청하였습니다. 미반환보증금은 2천만원입니다. 이후 지급명령으로 진행할지 소액사건소송으로 진행할지 | 특이사항 1. 다가구주택 / 2024년 근저당 / 최우선변제가능,provided_synthetic_consultations
CASE-0587,G06,충남,천안시,1억 미만,계약중(종료예정),오피스텔,미상,미상,보증금미반환,상담·검토,"법인 골든핏씨앤디에서 관리하는 에 거주중인데 지금 골든핏씨앤디가 보증금반환문제가있다는것을 인지하고 임대차계약서같은걸 확인해보니 임대사업자는 김xx 개인 이고 김xx는 위임장을통해 골든핏씨앤디에 계약과 보증금 및 임대료 수령, 관리를 골든핏 씨앤디에 위임한상태입니다. 집주인 김xx께 전화를 해보았을때 자기는 그 회사에 모든권한을 위임하였기때문에 모르겠다고만 말하고 회사는 연락할 방도가없어 혹시 이럴경우에는 어떤 진행을 해야할지 막막해 임대차계약서에 특약사항으로 계약종료후 보증금 반환이 이루어지지 않으면 소유주인 김xx이 연대하여 보증금 반환책임이 있다고 나와있는데, 일단 계약종료를 해야할것같은데 어떻게 진행해야할지를 모르겠습니다.",,unknown,"보증상품 보증상품 미확인 | 주택유형 오피스텔 | 보증금구간 1억 미만 | 계약상태 계약중(종료예정) | 선순위권리 미상 | 반환보증 미상 | 분쟁유형 보증금미반환 | 진행단계 상담·검토 | 상황 법인 골든핏씨앤디에서 관리하는 에 거주중인데 지금 골든핏씨앤디가 보증금반환문제가있다는것을 인지하고 임대차계약서같은걸 확인해보니 임대사업자는 김xx 개인 이고 김xx는 위임장을통해 골든핏씨앤디에 계약과 보증금 및 임대료 수령, 관리를 골든핏 씨앤디에 위임한상태입니다. 집주인 김xx께 전화를 해보았을때 자기는 그 회사에 모든권한을 위임하였기때문에 모르겠다고만 말하고 회사는 연락할 방도가없어 혹시 이럴경우에는 어떤 진행을 해야할지 막막해 임대차계약서에 특약사항으로 계약종료후 보증금 반환이 이루어지지 않으면 소유주인 김xx이 연대하여 보증금 반환책임이 있다고 나와있는데, 일단 계약종료를 해야할것같은데 어떻게 진행해야할지를 모르겠습니다.",provided_synthetic_consultations
CASE-0588,G06,서울,관악구,1억~2억,계약중(종료예정),미상,미상,미상,기타·일반문의,상담·검토,중소기업대출 연장 전입니다. 결혼하게되어 방을 빼달라고 했는데 돈이 없고 이미 건물을 급매로 내왔다고 하네요. 건물등기떼보니 이미 5명이나 임차권설정 한뒤더라고요. 이럴경우 어떻게해야할까요? 이미 2년전에도 돈없다고 하야 한번 연장한 상태입니다,1. 법원에서 무료상담을 받고 왔다?,unknown,보증상품 보증상품 미확인 | 주택유형 미상 | 보증금구간 1억~2억 | 계약상태 계약중(종료예정) | 선순위권리 미상 | 반환보증 미상 | 분쟁유형 기타·일반문의 | 진행단계 상담·검토 | 상황 중소기업대출 연장 전입니다. 결혼하게되어 방을 빼달라고 했는데 돈이 없고 이미 건물을 급매로 내왔다고 하네요. 건물등기떼보니 이미 5명이나 임차권설정 한뒤더라고요. 이럴경우 어떻게해야할까요? 이미 2년전에도 돈없다고 하야 한번 연장한 상태입니다 | 특이사항 1. 법원에서 무료상담을 받고 왔다?,provided_synthetic_consultations
CASE-0589,G06,경기,수원시,1억~2억,계약종료,미상,미상,미상,보증금미반환,소송제기,"계약만기일에도 아무 연락없이 보증금을 돌려받지 못하고있습니다. 집주인은 새 임차인이 구해져야 줄수있다며, 안주는게 아니라 못주는거다 라는식의 입장만 고수하고 있습니다. 만기일이 새집 계약시작일이였는데 돌려받지못한 보증금으로 인한 이사일정 및 이자에 대한 손해가 많습니다. 이에 대해 모두 소송으로 돌려받을수있는지",,unknown,"보증상품 보증상품 미확인 | 주택유형 미상 | 보증금구간 1억~2억 | 계약상태 계약종료 | 선순위권리 미상 | 반환보증 미상 | 분쟁유형 보증금미반환 | 진행단계 소송제기 | 상황 계약만기일에도 아무 연락없이 보증금을 돌려받지 못하고있습니다. 집주인은 새 임차인이 구해져야 줄수있다며, 안주는게 아니라 못주는거다 라는식의 입장만 고수하고 있습니다. 만기일이 새집 계약시작일이였는데 돌려받지못한 보증금으로 인한 이사일정 및 이자에 대한 손해가 많습니다. 이에 대해 모두 소송으로 돌려받을수있는지",provided_synthetic_consultations
CASE-0590,G06,경기,이천시,1억~2억,계약중(종료예정),다세대주택,압류·가압류,가입,보증금미반환,임차권등기,1. 2022년7월20일 전세계약을 하고 들어왔습니다. 들어올시 전세권설정도 함께하였습니다 보증보험은 불가하다하여 진행하지못하였습니다. 2. 24년도 집주인에게 퇴거 얘기를 하였고 돈이없다고 보증금을 돌려받지못해 연장을 요구하였습니다 3. 현재까지도 계속 돈이없다 연장만 해달라 요청을 하고 저는 내용증명 보내었고 임차권등기명령도 올렸습니다 4. 집주인과는 계속 연락이 되는데 돈이 없다 지금 상황이 자기도 압류가 걸렸다 말로는 대출이자가 발생하면 자기가 내겠다 말만하지만 신뢰가 가지않습니다 여기서 제가 더 어떻게 하면 되나요?? 1억이 대출이고 2천만이 저희 돈인데 억울합니다. 집주인이해달라는 연장기간 지속적으로 해줬는데 돌아어는 결과는 하나도 믿음직스럽지 않네요 앓는 소리를 해도 귓등으로 안듣는건지 조금도 돌려주지 않을려고합니다,1. 다세대주택,unknown,보증상품 보증상품 미확인 | 주택유형 다세대주택 | 보증금구간 1억~2억 | 계약상태 계약중(종료예정) | 선순위권리 압류·가압류 | 반환보증 가입 | 분쟁유형 보증금미반환 | 진행단계 임차권등기 | 상황 1. 2022년7월20일 전세계약을 하고 들어왔습니다. 들어올시 전세권설정도 함께하였습니다 보증보험은 불가하다하여 진행하지못하였습니다. 2. 24년도 집주인에게 퇴거 얘기를 하였고 돈이없다고 보증금을 돌려받지못해 연장을 요구하였습니다 3. 현재까지도 계속 돈이없다 연장만 해달라 요청을 하고 저는 내용증명 보내었고 임차권등기명령도 올렸습니다 4. 집주인과는 계속 연락이 되는데 돈이 없다 지금 상황이 자기도 압류가 걸렸다 말로는 대출이자가 발생하면 자기가 내겠다 말만하지만 신뢰가 가지않습니다 여기서 제가 더 어떻게 하면 되나요?? 1억이 대출이고 2천만이 저희 돈인데 억울합니다. 집주인이해달라는 연장기간 지속적으로 해줬는데 돌아어는 결과는 하나도 믿음직스럽지 않네요 앓는 소리를 해도 귓등으로 안듣는건지 조금도 돌려주지 않을려고합니다 | 특이사항 1. 다세대주택,provided_synthetic_consultations
CASE-0591,G06,서울,금천구,1억~2억,계약중(종료예정),미상,미상,가입,보증금미반환,상담·검토,"4월 18일에 대출 실행 및 잔금처리, 전입신고까지 완료하였지만 전세보증보험가입이 불가하여 특약사항에 따라 계약해지를 임대인분께 통보해둔 상태입니다.(5월 12일까지 보증금 반환 요청하였으나 임대인분께서는 다음세입자 잔금일까지만 기다려달라고 한 상황임) 이번 주 토요일에 합의를 위하여 부동산에서 만나기로 했는데요, 아래 내용이 궁금합니다! 1. 중도해지합의서의 작성이 필요할 것 같아 인터넷 양식 참고하여 작성해봤는데 잘 작성한건지 모르겠어서 확인 부탁드려도 될지요! 2. 현재 다음 세입자가 가계약한 상태이고 대략적으로 잔금예정일이 5월 25일 정도 일 것 같다는데, 그럼 한달치 이자와 관리비가 발생되고 대략 33만원 정도 예상되는 비용을 중개사님, 임대인님과 함께 내도록 합의할 수 있는 방법이 있을지요. 해당 내용을 중도해지합의서에 어떻게 기재하면 될지도 궁금합니다. 보험 거절 사유는 시세 변동으로 인한 높은 전세가율로 거절 당했기에 분담하고 싶은 마음입니다. 3. 중개사님께 이자와 관리비를 같이 지불해달라고 하면서 중개보수 미지급도 주장하고 싶습니다. 그 이유는 대출 실행 이전에 시세가 변동(180만원 초과)되어 보증보험 가입이 불가할 것을 인지하였음에도, 적은 금액으로 보증보험가입을 거절할 것 같지는 않다며 대출 실행까지 강행한 점이 과실이지 않나 싶어 주장해보려고 하는 것입니다. 또한 보증보험 가입 불가 판정을 받고 어떤 방식이든 보증서만 발급 받으면 된다며 허위 계약서 작성을 권하는 행위가 있었습니다. 이러한 사유로 주장 가능할지 궁금합니다. (이러한 점을 따지니 본인은 처음이라서 그게 허위계약서로 간주되는 지 몰랐다고만 하시네요), 계약서에는 고의나 과실없이 본 계약이 해제되어도 중개보수는 지급하는 걸로 조항이 걸려있긴합니다 ㅜ 고의는 아니였어도 과실로 주장하여 지급하지 않는 걸로 하고싶습니다. 4. 마지막으로, 저와 주로 소통했던 중개사님은 소속중개사님인데, 합의하기로 한 날인 토요일 부터 본인 결혼식이라며 신혼 여행때문에 당분간 연락이 안될 것이라고 통보해왔습니다. 이러한 상황에서 더더욱 3번 항목에 대해서 어떤 식으로 주장하면 좋을지 고민이 됩니다 합의 당일에는 대표중개사님이 계실 예정입니다만 정 방법이 없다면 중개비용만이라도 지급하지 않는 걸로 합의하고 싶습니다. 늦은시간에 머리가 복잡해서 문의 내용이 두서 없을 수 있는 점 양해부탁드립니다ㅜ",,jeonse_return,"보증상품 전세보증금반환보증 | 주택유형 미상 | 보증금구간 1억~2억 | 계약상태 계약중(종료예정) | 선순위권리 미상 | 반환보증 가입 | 분쟁유형 보증금미반환 | 진행단계 상담·검토 | 상황 4월 18일에 대출 실행 및 잔금처리, 전입신고까지 완료하였지만 전세보증보험가입이 불가하여 특약사항에 따라 계약해지를 임대인분께 통보해둔 상태입니다.(5월 12일까지 보증금 반환 요청하였으나 임대인분께서는 다음세입자 잔금일까지만 기다려달라고 한 상황임) 이번 주 토요일에 합의를 위하여 부동산에서 만나기로 했는데요, 아래 내용이 궁금합니다! 1. 중도해지합의서의 작성이 필요할 것 같아 인터넷 양식 참고하여 작성해봤는데 잘 작성한건지 모르겠어서 확인 부탁드려도 될지요! 2. 현재 다음 세입자가 가계약한 상태이고 대략적으로 잔금예정일이 5월 25일 정도 일 것 같다는데, 그럼 한달치 이자와 관리비가 발생되고 대략 33만원 정도 예상되는 비용을 중개사님, 임대인님과 함께 내도록 합의할 수 있는 방법이 있을지요. 해당 내용을 중도해지합의서에 어떻게 기재하면 될지도 궁금합니다. 보험 거절 사유는 시세 변동으로 인한 높은 전세가율로 거절 당했기에 분담하고 싶은 마음입니다. 3. 중개사님께 이자와 관리비를 같이 지불해달라고 하면서 중개보수 미지급도 주장하고 싶습니다. 그 이유는 대출 실행 이전에 시세가 변동(180만원 초과)되어 보증보험 가입이 불가할 것을 인지하였음에도, 적은 금액으로 보증보험가입을 거절할 것 같지는 않다며 대출 실행까지 강행한 점이 과실이지 않나 싶어 주장해보려고 하는 것입니다. 또한 보증보험 가입 불가 판정을 받고 어떤 방식이든 보증서만 발급 받으면 된다며 허위 계약서 작성을 권하는 행위가 있었습니다. 이러한 사유로 주장 가능할지 궁금합니다. (이러한 점을 따지니 본인은 처음이라서 그게 허위계약서로 간주되는 지 몰랐다고만 하시네요), 계약서에는 고의나 과실없이 본 계약이 해제되어도 중개보수는 지급하는 걸로 조항이 걸려있긴합니다 ㅜ 고의는 아니였어도 과실로 주장하여 지급하지 않는 걸로 하고싶습니다. 4. 마지막으로, 저와 주로 소통했던 중개사님은 소속중개사님인데, 합의하기로 한 날인 토요일 부터 본인 결혼식이라며 신혼 여행때문에 당분간 연락이 안될 것이라고 통보해왔습니다. 이러한 상황에서 더더욱 3번 항목에 대해서 어떤 식으로 주장하면 좋을지 고민이 됩니다 합의 당일에는 대표중개사님이 계실 예정입니다만 정 방법이 없다면 중개비용만이라도 지급하지 않는 걸로 합의하고 싶습니다. 늦은시간에 머리가 복잡해서 문의 내용이 두서 없을 수 있는 점 양해부탁드립니다ㅜ",provided_synthetic_consultations
CASE-0592,G06,전북,전주시,1억~2억,계약중(종료예정),다가구주택,미상,미상,기타·일반문의,상담·검토,전세 관련하여 상담 받고 싶습니다.,1. 다가구주택 / 13가구 중 2번째임차인,unknown,보증상품 보증상품 미확인 | 주택유형 다가구주택 | 보증금구간 1억~2억 | 계약상태 계약중(종료예정) | 선순위권리 미상 | 반환보증 미상 | 분쟁유형 기타·일반문의 | 진행단계 상담·검토 | 상황 전세 관련하여 상담 받고 싶습니다. | 특이사항 1. 다가구주택 / 13가구 중 2번째임차인,provided_synthetic_consultations
CASE-0593,G06,경남,창원시,1억 미만,계약중(종료예정),미상,미상,미상,기타·일반문의,상담·검토,"배경 : 전세기간 도중 중대한 하자로 인하여 다른 세입자를 직접 구하고 부동산 중개수수료까지 저희가 부담하겠다고 임대인에게 알림 중대한 하자 : 보일러 배관 노후 및 오염으로 인한 이물질 다량 유출 문제 발생 요청사항 : 전화, 문자로 지속적으로 해당 부분에 대해 수리요청을 하였으나 부동산중개인은 임차인이 저희가 수리를 하라고 하였고, 임대인은 문자를 일방적으로 답하지 않았고 전화는 알아보겠다고 한 후 조치를 취하지 않았음(2025.02.20 이후 현재까지) 계약서 특약사항에 따라 \"" 건물 및 설비 관련 하자 발생 시 임대인이 보수하기로 한다\""고 명시되어 있음에도 불수하고 심각한 문제가 발생하였으나 보수 책임을 거부하였음. 이는 건물설의 기능상 하자로 임대인의 수선 의무에 해당된다고 사료됨 현재 수리도 불응하고 계약기간 중이라서 이사도 못 나가게 하는 상황입니다. 도움",,unknown,"보증상품 보증상품 미확인 | 주택유형 미상 | 보증금구간 1억 미만 | 계약상태 계약중(종료예정) | 선순위권리 미상 | 반환보증 미상 | 분쟁유형 기타·일반문의 | 진행단계 상담·검토 | 상황 배경 : 전세기간 도중 중대한 하자로 인하여 다른 세입자를 직접 구하고 부동산 중개수수료까지 저희가 부담하겠다고 임대인에게 알림 중대한 하자 : 보일러 배관 노후 및 오염으로 인한 이물질 다량 유출 문제 발생 요청사항 : 전화, 문자로 지속적으로 해당 부분에 대해 수리요청을 하였으나 부동산중개인은 임차인이 저희가 수리를 하라고 하였고, 임대인은 문자를 일방적으로 답하지 않았고 전화는 알아보겠다고 한 후 조치를 취하지 않았음(2025.02.20 이후 현재까지) 계약서 특약사항에 따라 \"" 건물 및 설비 관련 하자 발생 시 임대인이 보수하기로 한다\""고 명시되어 있음에도 불수하고 심각한 문제가 발생하였으나 보수 책임을 거부하였음. 이는 건물설의 기능상 하자로 임대인의 수선 의무에 해당된다고 사료됨 현재 수리도 불응하고 계약기간 중이라서 이사도 못 나가게 하는 상황입니다. 도움",provided_synthetic_consultations
CASE-0594,G06,서울,서초구,3억 이상,계약중(종료예정),다세대주택,선순위존재,미상,경매·공매,상담·검토,현재 강매경매 진행중입니다 경매 진행 할려고 하는데 이금액이 맞는건가요?,1. 다세대주택 / 대항력있는 선순위임차인,unknown,보증상품 보증상품 미확인 | 주택유형 다세대주택 | 보증금구간 3억 이상 | 계약상태 계약중(종료예정) | 선순위권리 선순위존재 | 반환보증 미상 | 분쟁유형 경매·공매 | 진행단계 상담·검토 | 상황 현재 강매경매 진행중입니다 경매 진행 할려고 하는데 이금액이 맞는건가요? | 특이사항 1. 다세대주택 / 대항력있는 선순위임차인,provided_synthetic_consultations
CASE-0595,G06,경기,수원시,1억~2억,계약중(종료예정),미상,미상,미상,전세사기,상담·검토,전세사기,,unknown,보증상품 보증상품 미확인 | 주택유형 미상 | 보증금구간 1억~2억 | 계약상태 계약중(종료예정) | 선순위권리 미상 | 반환보증 미상 | 분쟁유형 전세사기 | 진행단계 상담·검토 | 상황 전세사기,provided_synthetic_consultations
CASE-0596,G06,경남,창녕군,1억~2억,계약종료,미상,미상,미상,경매·공매,소송제기,임차권 등기는 신청했습니다. 받을 금액은 1억 8천이고요. 집주인은 일부도 반환하지 않아서 사택으로 이사 후 이자만 받고 있는 실정입니다. 보증금은 매매 후 갚을 수 있다고만 하는데 깡통전세라 매매 후 나머지 금액을 달마다 갚는다고 합니다. (집주인이 돈이 있는 거 같진 않습니다. 집주인도 전세 거주 중이고요.) 오늘 연락와서 다른 분이 집을 보러 왔는데 임차권 등기를 풀어줘야 들어오시는 분이 대출을 신청할 수 있다는 소리를 해대네요. 매매가는 1억 6천인 거 같고요. 나머지 금액은 달마다 갚아나간다고 합니다. 임차권 등기를 풀 경우 제 보증금에 대한 우선 변제권이 사라지는데 어떻게 대처해야 할까요? 급한 마음에 두서없이 적었는데 도움 부탁드립니다.(보증금반환소송해서 경매 넘어가도 깡통이라 유찰될 거 같고 그 긴 여정이 걱정됩니다.),,unknown,보증상품 보증상품 미확인 | 주택유형 미상 | 보증금구간 1억~2억 | 계약상태 계약종료 | 선순위권리 미상 | 반환보증 미상 | 분쟁유형 경매·공매 | 진행단계 소송제기 | 상황 임차권 등기는 신청했습니다. 받을 금액은 1억 8천이고요. 집주인은 일부도 반환하지 않아서 사택으로 이사 후 이자만 받고 있는 실정입니다. 보증금은 매매 후 갚을 수 있다고만 하는데 깡통전세라 매매 후 나머지 금액을 달마다 갚는다고 합니다. (집주인이 돈이 있는 거 같진 않습니다. 집주인도 전세 거주 중이고요.) 오늘 연락와서 다른 분이 집을 보러 왔는데 임차권 등기를 풀어줘야 들어오시는 분이 대출을 신청할 수 있다는 소리를 해대네요. 매매가는 1억 6천인 거 같고요. 나머지 금액은 달마다 갚아나간다고 합니다. 임차권 등기를 풀 경우 제 보증금에 대한 우선 변제권이 사라지는데 어떻게 대처해야 할까요? 급한 마음에 두서없이 적었는데 도움 부탁드립니다.(보증금반환소송해서 경매 넘어가도 깡통이라 유찰될 거 같고 그 긴 여정이 걱정됩니다.),provided_synthetic_consultations
CASE-0597,G06,경기,부천시,1억~2억,계약중(종료예정),아파트,미상,가입,묵시적갱신분쟁,내용증명·공시송달,"계약중 임대인이 바뀌었습니다. 99년생 딸이 임대인인데 엄마가 임대인 역할을 했습니다. 묵시적 갱신을 2회했습니다. 그 기간에 3번의 누수가있었습니다. 모두 노후된 아파트가 원인입니다. 그런데 첫 누수때 아파트 가격이 올랐는데 보증금 인상없이 지나갔고 고마워서 비용의 절반을 내가 내겠다고 했습니다. 45만원을 임대인 모에게 입금했습니다. 마지막 누수는 2025.03.06에 온수관 누수로 발생해 바닥 공사를했는데 아직까지도 비용을 부담하라고 임대인 모가 문자를 보냅니다. 문제는 임대인이 엄마에게 위임하겠다는 문자만 보내고 문자, 전화 통화를 못하고 있습니다. 누수가 걱정되 계약만기전 해약하려 결심중입니다. 임대인이 계약 중간에 바껴서 받은 계약서에는 임대인 계좌번호가없는걸 지금 알았습니다. 그리고 두번째 묵시적 갱신 때 허그의 전세보증금반환 보증 서류를 보내려고 임대인 모에게 문의해서 계약서의 주소가 아닌 다른 주소로 보내 수령 완료되었고요. 정확한 임대인의 주소를 모르는 상태입니다. 문자로 해지일을 통보해도 지금 상황이면 임대인이 확인하지 않을것 같고 내용증명을 보내야할것 같은데 임대보증금 반환과 임대인 신분증과 임대인 명의의 통장 사본을 요구하려 합니다. 그런데 시청에서 무료로 상담해주는 부동산 중개인이 신분증과 계좌번호 사본 요청은 재촉을 하는것 뿐이고 누가 주든 돈만 받으면 되는거라고하는뎅ㅛ. 어디서 본건데 임대인이 아닌 제 3자가 보증금을 제게 보내고 나중에 협박에 의해서 보냈다고 주장할 수있으니 반드시 임대인 명의 통장으로 반환받으라는 글이었습니다. 내용증명 제목에 사본 요청을 넣고 내용에도 해지일 3일 전에 신분증과 통장 사본을 요청하니 협조 바란다고 하고싶습니다. 과한걸까요?",1. 살짝 어눌하신분,unknown,"보증상품 보증상품 미확인 | 주택유형 아파트 | 보증금구간 1억~2억 | 계약상태 계약중(종료예정) | 선순위권리 미상 | 반환보증 가입 | 분쟁유형 묵시적갱신분쟁 | 진행단계 내용증명·공시송달 | 상황 계약중 임대인이 바뀌었습니다. 99년생 딸이 임대인인데 엄마가 임대인 역할을 했습니다. 묵시적 갱신을 2회했습니다. 그 기간에 3번의 누수가있었습니다. 모두 노후된 아파트가 원인입니다. 그런데 첫 누수때 아파트 가격이 올랐는데 보증금 인상없이 지나갔고 고마워서 비용의 절반을 내가 내겠다고 했습니다. 45만원을 임대인 모에게 입금했습니다. 마지막 누수는 2025.03.06에 온수관 누수로 발생해 바닥 공사를했는데 아직까지도 비용을 부담하라고 임대인 모가 문자를 보냅니다. 문제는 임대인이 엄마에게 위임하겠다는 문자만 보내고 문자, 전화 통화를 못하고 있습니다. 누수가 걱정되 계약만기전 해약하려 결심중입니다. 임대인이 계약 중간에 바껴서 받은 계약서에는 임대인 계좌번호가없는걸 지금 알았습니다. 그리고 두번째 묵시적 갱신 때 허그의 전세보증금반환 보증 서류를 보내려고 임대인 모에게 문의해서 계약서의 주소가 아닌 다른 주소로 보내 수령 완료되었고요. 정확한 임대인의 주소를 모르는 상태입니다. 문자로 해지일을 통보해도 지금 상황이면 임대인이 확인하지 않을것 같고 내용증명을 보내야할것 같은데 임대보증금 반환과 임대인 신분증과 임대인 명의의 통장 사본을 요구하려 합니다. 그런데 시청에서 무료로 상담해주는 부동산 중개인이 신분증과 계좌번호 사본 요청은 재촉을 하는것 뿐이고 누가 주든 돈만 받으면 되는거라고하는뎅ㅛ. 어디서 본건데 임대인이 아닌 제 3자가 보증금을 제게 보내고 나중에 협박에 의해서 보냈다고 주장할 수있으니 반드시 임대인 명의 통장으로 반환받으라는 글이었습니다. 내용증명 제목에 사본 요청을 넣고 내용에도 해지일 3일 전에 신분증과 통장 사본을 요청하니 협조 바란다고 하고싶습니다. 과한걸까요? | 특이사항 1. 살짝 어눌하신분",provided_synthetic_consultations
CASE-0598,G06,경기,평택시,1억~2억,계약중(종료예정),미상,미상,미상,보증금미반환,임차권등기,"25년5월19일자로 임대차계약 만료예정입니다. 2월초에 이사 예정 연락드렸고 집 보러오는분 1번,그동안 집 보러오는 사람이없고 연락도없어서 4월초쯤 다시 연락을 드렸는데 만나서 얘기하자고 하시면서 전세대출이냐 물어보시면서 대출연장을 권유받았고 총2번 만나서 대화했는데 처음에는 저도 100%보증금 돌려받고싶은 마음에 대출연장을 하고 이자받으려했으나 집주인 태도+연락피함+대답회피+부동산에 매물도 안올라와있음 등으로 신뢰도가 떨어져 임차권등기명령신청하려합니다. 문제는 카톡내용, 녹취기록등이 있는데 그동안 연락,대화한 사람이 계약서상 임대인이 아닌 임대인 남편분인데 크게 상관없을까요? 대출연장권유로 미리 임차권등기설정을 할수는 없을까요?",,unknown,"보증상품 보증상품 미확인 | 주택유형 미상 | 보증금구간 1억~2억 | 계약상태 계약중(종료예정) | 선순위권리 미상 | 반환보증 미상 | 분쟁유형 보증금미반환 | 진행단계 임차권등기 | 상황 25년5월19일자로 임대차계약 만료예정입니다. 2월초에 이사 예정 연락드렸고 집 보러오는분 1번,그동안 집 보러오는 사람이없고 연락도없어서 4월초쯤 다시 연락을 드렸는데 만나서 얘기하자고 하시면서 전세대출이냐 물어보시면서 대출연장을 권유받았고 총2번 만나서 대화했는데 처음에는 저도 100%보증금 돌려받고싶은 마음에 대출연장을 하고 이자받으려했으나 집주인 태도+연락피함+대답회피+부동산에 매물도 안올라와있음 등으로 신뢰도가 떨어져 임차권등기명령신청하려합니다. 문제는 카톡내용, 녹취기록등이 있는데 그동안 연락,대화한 사람이 계약서상 임대인이 아닌 임대인 남편분인데 크게 상관없을까요? 대출연장권유로 미리 임차권등기설정을 할수는 없을까요?",provided_synthetic_consultations
CASE-0599,G06,경기,부천시,1억~2억,계약중(종료예정),오피스텔,선순위존재,미상,전세사기,내용증명·공시송달,"전세사기 당한 거 같아서요 8년째 같은 오피스텔 거주중으로 매매가 9천 전세가 1억 (깡통) 25년도 6월 17일 계약만기입니다. 작년 24년도에 집주인이 보증금 변동없이 1년 연장으로 계약서 다시 작성하자해서 작성. 그리고 이번에 이사 나가려고 등기부등본 확인 결과 25년도 2월4일에 세무서 압류잡힌걸 확인했어요 (당해세) 종부세 그 후 집주인과 통화 본인도 압류 잡힌 줄 몰랐다 이야기함 계약기간 전에 분납으로 해결해주겠다 약속했지만 당연히 지키지 않았고 마지막 통화에서는 분납하다 중간에 못내게 될 수도 있으니 다음 달 5월에 보고 해결해준다고 말함 기다리다 불안해서 오늘 부동산에 가서 집주인이 소유한 부동산에 다른 압류들이 걸려있나 확인하는데 작년 저랑 재계약 시점에서 계약서상 본인 주소 부동산 등 다른 부동산을 다 처분했더라구요 그리고 이젠 집주인과 연락도 안 되는 상황입니다. 이거 고의성이 짙은 행동으로 볼 수 있을까요 ? (전세사기로 인정이 될 수 있을지) 그리고 작년에 재계약시 확정일자를 다시 받았는데 기존에 받아뇠던 확정일자는 효력이 사라지는 걸까요 ? 내용증명도 보내지 못했고 문자 보냈던 것, 워치 녹음 2건 이렇게 있는데 임차임등기신청이 가능할지도 모르겠어요 집 점유하고 있으면 임차인등기신청 안 해도 된다는 말도 있던데 어떻게 해야할지 갑자기 닥친 일이라 너무 힘드네요 아참 사진첨부가 한장밖에 안되는거 같네요 ㅠㅠ",1. 오피스텔 / 대항력있는 선순위임차인,unknown,"보증상품 보증상품 미확인 | 주택유형 오피스텔 | 보증금구간 1억~2억 | 계약상태 계약중(종료예정) | 선순위권리 선순위존재 | 반환보증 미상 | 분쟁유형 전세사기 | 진행단계 내용증명·공시송달 | 상황 전세사기 당한 거 같아서요 8년째 같은 오피스텔 거주중으로 매매가 9천 전세가 1억 (깡통) 25년도 6월 17일 계약만기입니다. 작년 24년도에 집주인이 보증금 변동없이 1년 연장으로 계약서 다시 작성하자해서 작성. 그리고 이번에 이사 나가려고 등기부등본 확인 결과 25년도 2월4일에 세무서 압류잡힌걸 확인했어요 (당해세) 종부세 그 후 집주인과 통화 본인도 압류 잡힌 줄 몰랐다 이야기함 계약기간 전에 분납으로 해결해주겠다 약속했지만 당연히 지키지 않았고 마지막 통화에서는 분납하다 중간에 못내게 될 수도 있으니 다음 달 5월에 보고 해결해준다고 말함 기다리다 불안해서 오늘 부동산에 가서 집주인이 소유한 부동산에 다른 압류들이 걸려있나 확인하는데 작년 저랑 재계약 시점에서 계약서상 본인 주소 부동산 등 다른 부동산을 다 처분했더라구요 그리고 이젠 집주인과 연락도 안 되는 상황입니다. 이거 고의성이 짙은 행동으로 볼 수 있을까요 ? (전세사기로 인정이 될 수 있을지) 그리고 작년에 재계약시 확정일자를 다시 받았는데 기존에 받아뇠던 확정일자는 효력이 사라지는 걸까요 ? 내용증명도 보내지 못했고 문자 보냈던 것, 워치 녹음 2건 이렇게 있는데 임차임등기신청이 가능할지도 모르겠어요 집 점유하고 있으면 임차인등기신청 안 해도 된다는 말도 있던데 어떻게 해야할지 갑자기 닥친 일이라 너무 힘드네요 아참 사진첨부가 한장밖에 안되는거 같네요 ㅠㅠ | 특이사항 1. 오피스텔 / 대항력있는 선순위임차인",provided_synthetic_consultations
CASE-0600,G06,서울,영등포구,1억~2억,계약중(종료예정),다가구주택,미상,미가입,보증금미반환,소송제기,"현재 거주중인 원룸(A) 보증금 1억 2000만원 (hf 버팀목 9,600만원 / 내 돈 2,400만원) 임대인 법인명의로 되어있어 보증보험X 만기일 5/13 6,7,8월에 또 나갈 세입자들 있음 다음 계약한 오피스텔(B) 보증금 1억 4000만원 (hf 신규대출(추가) 1,600만원 신청함. 잔금 1억 1000이 필요) 계약금 1,400만원 들어가 있는 상태 - 4월 4일 계약 후 확정일자는 옮겨놓은 상태 입주일 5/13 세입자 현재 거주중 3월에 A 임대인에게 5월 13일 만기 때 나가겠다고 알림 [4월 4일] B 오피스텔 계약 후 A 임대인에게 5월 13일 보증금 반환 요구 - A 임대인은 최대한 노력하겠다, 다음 임차인이 들어와야 돌려줄 수 있다 말함. [4월 10일] 재차 요구, 5월 13일에 B 오피스텔 계약했다고 돈 꼭 돌려달라 요구했는데 집 빠지는거 보고 계약해야지 계약을 하면 어떡하냐고 뭐라함. 세무사와 얘기해서 공사때 부가세납입 관련 환급신청하려고 세무사한테 서류 가져다줬고 다음주(4월 3주) 환급신청 예정이라고 노력해본다고함 추가 대출도 안된다고 하고, 부동산에 중개수수료 200을 줄테니 협조해달라고 한다함. 아는 부동산 있으면 얘기하라함. 현재까지 상황이고, 다음 임차인이 들어와야할텐데 보증보험이 안되니 안들어오고 있는 상황입니다. 5월 13일이 되어서 잔금을 돌려받지 못하면 임차권 등기명령 하려고 합니다. 지금 집주인이랑은 통화 잘 됩니다. 부동산 집 보러 오는 분 계시면 서로 협조 잘하고, 제 전화도 바로 받으십니다. ==================================================================== 23년 4월 9일 임대차 계약 23년 11월 3일 법인 대표자명 변경 24년 9월 30일 법인명 변경 25년 2월경 (전 대표자에게) 임대차계약해지예정 통보, 전 대표자는 알겠다, 노력하겠다. 라고만 하고 법인 대표자명 변경 사실을 알려주지 않음 25년 4월 9일 법인 대표자명 변경을 인지 집주인(이전 대표자)은 건물 탑층에서 살고 계십니다. 연락은 되긴 한데, 나중에 보증금 미반환으로 인하여 소송을 걸면 제가 계약 해지에 대한 통지를 했다는 효력이 없을까요? (전 대표자에게 했기 때문에?) 현 법인사업자 대표자명으로 내용증명을 보내는게 맞을까요?",1. 다가구주택 / 10억 설정상태에서 계약,unknown,"보증상품 보증상품 미확인 | 주택유형 다가구주택 | 보증금구간 1억~2억 | 계약상태 계약중(종료예정) | 선순위권리 미상 | 반환보증 미가입 | 분쟁유형 보증금미반환 | 진행단계 소송제기 | 상황 현재 거주중인 원룸(A) 보증금 1억 2000만원 (hf 버팀목 9,600만원 / 내 돈 2,400만원) 임대인 법인명의로 되어있어 보증보험X 만기일 5/13 6,7,8월에 또 나갈 세입자들 있음 다음 계약한 오피스텔(B) 보증금 1억 4000만원 (hf 신규대출(추가) 1,600만원 신청함. 잔금 1억 1000이 필요) 계약금 1,400만원 들어가 있는 상태 - 4월 4일 계약 후 확정일자는 옮겨놓은 상태 입주일 5/13 세입자 현재 거주중 3월에 A 임대인에게 5월 13일 만기 때 나가겠다고 알림 [4월 4일] B 오피스텔 계약 후 A 임대인에게 5월 13일 보증금 반환 요구 - A 임대인은 최대한 노력하겠다, 다음 임차인이 들어와야 돌려줄 수 있다 말함. [4월 10일] 재차 요구, 5월 13일에 B 오피스텔 계약했다고 돈 꼭 돌려달라 요구했는데 집 빠지는거 보고 계약해야지 계약을 하면 어떡하냐고 뭐라함. 세무사와 얘기해서 공사때 부가세납입 관련 환급신청하려고 세무사한테 서류 가져다줬고 다음주(4월 3주) 환급신청 예정이라고 노력해본다고함 추가 대출도 안된다고 하고, 부동산에 중개수수료 200을 줄테니 협조해달라고 한다함. 아는 부동산 있으면 얘기하라함. 현재까지 상황이고, 다음 임차인이 들어와야할텐데 보증보험이 안되니 안들어오고 있는 상황입니다. 5월 13일이 되어서 잔금을 돌려받지 못하면 임차권 등기명령 하려고 합니다. 지금 집주인이랑은 통화 잘 됩니다. 부동산 집 보러 오는 분 계시면 서로 협조 잘하고, 제 전화도 바로 받으십니다. ==================================================================== 23년 4월 9일 임대차 계약 23년 11월 3일 법인 대표자명 변경 24년 9월 30일 법인명 변경 25년 2월경 (전 대표자에게) 임대차계약해지예정 통보, 전 대표자는 알겠다, 노력하겠다. 라고만 하고 법인 대표자명 변경 사실을 알려주지 않음 25년 4월 9일 법인 대표자명 변경을 인지 집주인(이전 대표자)은 건물 탑층에서 살고 계십니다. 연락은 되긴 한데, 나중에 보증금 미반환으로 인하여 소송을 걸면 제가 계약 해지에 대한 통지를 했다는 효력이 없을까요? (전 대표자에게 했기 때문에?) 현 법인사업자 대표자명으로 내용증명을 보내는게 맞을까요? | 특이사항 1. 다가구주택 / 10억 설정상태에서 계약",provided_synthetic_consultations
CASE-0601,G06,미상,미상,1억 미만,계약중(종료예정),다세대주택,선순위존재,미상,기타·일반문의,임차권등기,"5월 26일 계약 만료 입니다. 계약을 연장하려고 했지만 계속 살기 위해선 전세 대출도 연장해야 하는데 은행에서는 임차권등기 신청서를 제출하면 대출이 연장 된다고 합니다. 임차권등기를 신청 후 이사를 가지 않으면 나중에 불리해 질 수 있다고 들었는데, 계약 만료 후 임차권등기명령 신청, 대출 연장 받고 임차권등기 확정이 되면 이사를 가는 방법 괜찮을까요? 그리고 대출 이자도 나중에 집주인에게 청구 가능한지도",1. 다세대 / 대항력있는 선순위임차인,unknown,"보증상품 보증상품 미확인 | 주택유형 다세대주택 | 보증금구간 1억 미만 | 계약상태 계약중(종료예정) | 선순위권리 선순위존재 | 반환보증 미상 | 분쟁유형 기타·일반문의 | 진행단계 임차권등기 | 상황 5월 26일 계약 만료 입니다. 계약을 연장하려고 했지만 계속 살기 위해선 전세 대출도 연장해야 하는데 은행에서는 임차권등기 신청서를 제출하면 대출이 연장 된다고 합니다. 임차권등기를 신청 후 이사를 가지 않으면 나중에 불리해 질 수 있다고 들었는데, 계약 만료 후 임차권등기명령 신청, 대출 연장 받고 임차권등기 확정이 되면 이사를 가는 방법 괜찮을까요? 그리고 대출 이자도 나중에 집주인에게 청구 가능한지도 | 특이사항 1. 다세대 / 대항력있는 선순위임차인",provided_synthetic_consultations
CASE-0602,G06,경기,오산시,1억 미만,미상,미상,근저당설정,미상,경매·공매,상담·검토,2021년계약중. 건물에 근저당이 수십억에 이르어 경매가진행중2차에 아내낙찰받음 남편이 신불자라 임대료를 낙찰자앞으로입2년입금중 낙착자 아내에게 상가임대놓고나가겠다고하니 안된다고합니다 제계약도안해준다고합니다 그냥나가라고합니다 보증금은. 없대고합니다 남편앞으로 빛청산용같습니다,1. [사건번호],unknown,보증상품 보증상품 미확인 | 주택유형 미상 | 보증금구간 1억 미만 | 계약상태 미상 | 선순위권리 근저당설정 | 반환보증 미상 | 분쟁유형 경매·공매 | 진행단계 상담·검토 | 상황 2021년계약중. 건물에 근저당이 수십억에 이르어 경매가진행중2차에 아내낙찰받음 남편이 신불자라 임대료를 낙찰자앞으로입2년입금중 낙착자 아내에게 상가임대놓고나가겠다고하니 안된다고합니다 제계약도안해준다고합니다 그냥나가라고합니다 보증금은. 없대고합니다 남편앞으로 빛청산용같습니다 | 특이사항 1. [사건번호],provided_synthetic_consultations
CASE-0603,G06,미상,무안군,1억~2억,계약중(종료예정),미상,압류·가압류,미상,보증금미반환,상담·검토,"24.06. 기준 2년 만기로 전세 계약을 맺었고, 잘 생활하고 있었는데, - 25.03. 경 집주인에게 전화가 와서 \""파산 위기에 처해 보증금을 돌려줄 수 없게 됐다. 집을 매매해서 그 돈을 보증금으로 주겠다. 6월, 7월 쯤 압류가 진행될 것 같으니 그 전에 매수자를 구해서 당신에게 보증금을 돌려줄 수 있도록 하겠다.\""고 말했고, - 이에 대해 저는 그것 밖에 방법이 없느냐, 나간다면 이사 지원비 등을 지원받을 수 있냐고 하자, - 이 방법 말고는 없다, 현재 204호에 거주하는 당신이 이 집을 사지 않을 거면 방법이 없다, 이사비 등은 줄 수 없다 등으로 일관함 - 보증금은 받아야겠다는 생각에 알았다고 하였고, - 그 사이 집을 보러 온 사람들이 있어서 집에 대한 매수 의사를 표함. - 처음에는 \`12월까지 나가주면 좋겠다\`고 구두로 얘기한 상태였는데, 계약금만 납부한 현재 시점에서는 \`더 빨리 나가달라\`고 요청하는 상황입니다. - 애초 전세계약서를 제외한 모든 사항은 구두로 이뤄졌는데, 제가 계약기간까지 안 나갈 수 있을까요? 이사비 등을 지원받을 수 있는 방법은 없을까요 ?",,unknown,"보증상품 보증상품 미확인 | 주택유형 미상 | 보증금구간 1억~2억 | 계약상태 계약중(종료예정) | 선순위권리 압류·가압류 | 반환보증 미상 | 분쟁유형 보증금미반환 | 진행단계 상담·검토 | 상황 24.06. 기준 2년 만기로 전세 계약을 맺었고, 잘 생활하고 있었는데, - 25.03. 경 집주인에게 전화가 와서 \""파산 위기에 처해 보증금을 돌려줄 수 없게 됐다. 집을 매매해서 그 돈을 보증금으로 주겠다. 6월, 7월 쯤 압류가 진행될 것 같으니 그 전에 매수자를 구해서 당신에게 보증금을 돌려줄 수 있도록 하겠다.\""고 말했고, - 이에 대해 저는 그것 밖에 방법이 없느냐, 나간다면 이사 지원비 등을 지원받을 수 있냐고 하자, - 이 방법 말고는 없다, 현재 204호에 거주하는 당신이 이 집을 사지 않을 거면 방법이 없다, 이사비 등은 줄 수 없다 등으로 일관함 - 보증금은 받아야겠다는 생각에 알았다고 하였고, - 그 사이 집을 보러 온 사람들이 있어서 집에 대한 매수 의사를 표함. - 처음에는 \`12월까지 나가주면 좋겠다\`고 구두로 얘기한 상태였는데, 계약금만 납부한 현재 시점에서는 \`더 빨리 나가달라\`고 요청하는 상황입니다. - 애초 전세계약서를 제외한 모든 사항은 구두로 이뤄졌는데, 제가 계약기간까지 안 나갈 수 있을까요? 이사비 등을 지원받을 수 있는 방법은 없을까요 ?",provided_synthetic_consultations
CASE-0604,G06,대구,대구,1억~2억,계약중(종료예정),미상,미상,미상,경매·공매,상담·검토,5월10일경 만기이며 주택2층중 1층이 1년전 보증금 못받고 나간상태며 아직도 못받았다고 해서 불안해서 주인한테 기한되면 나간다고 문자와 등기로 보냈는데 못 준다는 말만합니다 4월18일 1층에서 경매신청되었는걸 오늘 알았으며 전세권설정은 1층은 안했고 2층인 저희 되어있어요 경매가 진행되면 저흰 어떤걸 진행해야 할지 모르겠네요,,unknown,보증상품 보증상품 미확인 | 주택유형 미상 | 보증금구간 1억~2억 | 계약상태 계약중(종료예정) | 선순위권리 미상 | 반환보증 미상 | 분쟁유형 경매·공매 | 진행단계 상담·검토 | 상황 5월10일경 만기이며 주택2층중 1층이 1년전 보증금 못받고 나간상태며 아직도 못받았다고 해서 불안해서 주인한테 기한되면 나간다고 문자와 등기로 보냈는데 못 준다는 말만합니다 4월18일 1층에서 경매신청되었는걸 오늘 알았으며 전세권설정은 1층은 안했고 2층인 저희 되어있어요 경매가 진행되면 저흰 어떤걸 진행해야 할지 모르겠네요,provided_synthetic_consultations
CASE-0605,G06,미상,증평군,1억 미만,계약종료,아파트,선순위존재,가입,경매·공매,HUG이행청구,저는 중소기업청년전세자금대출을 받고 20년10월에 입주하여 23년3월에 이사나갔습니다. 집주인이 돈을 줄것처럼해서 은행에다 입금 하시면 된다 하고 시간이 흘러 몰랐다가 최근에 핸드폰을 바꾸러 갔는데 허그에서 막아놔서 핸드폰을 못바꾼다고 들었습니다. 그때 집주인이 여태 안줬다는 사실을 알게 되었습니다. 집은 이미 경매로 넘어가서 끝났다고 합니다. 너무 무지했고 너무 안일했습니다. 지금에서라도 어떻게 해결하고 싶은데 방법이 있는지 상담하고 싶습니다.,1. 아파트 / 대항력있는 선순위임차인이었음,unknown,보증상품 보증상품 미확인 | 주택유형 아파트 | 보증금구간 1억 미만 | 계약상태 계약종료 | 선순위권리 선순위존재 | 반환보증 가입 | 분쟁유형 경매·공매 | 진행단계 HUG이행청구 | 상황 저는 중소기업청년전세자금대출을 받고 20년10월에 입주하여 23년3월에 이사나갔습니다. 집주인이 돈을 줄것처럼해서 은행에다 입금 하시면 된다 하고 시간이 흘러 몰랐다가 최근에 핸드폰을 바꾸러 갔는데 허그에서 막아놔서 핸드폰을 못바꾼다고 들었습니다. 그때 집주인이 여태 안줬다는 사실을 알게 되었습니다. 집은 이미 경매로 넘어가서 끝났다고 합니다. 너무 무지했고 너무 안일했습니다. 지금에서라도 어떻게 해결하고 싶은데 방법이 있는지 상담하고 싶습니다. | 특이사항 1. 아파트 / 대항력있는 선순위임차인이었음,provided_synthetic_consultations
CASE-0606,G07,경기,평택시,1억 미만,계약종료,미상,압류·가압류,미상,기타·일반문의,상담·검토,임대인이 법인이면 임대인의 재산이 있어도 압류가 안돼는지요~,,unknown,보증상품 보증상품 미확인 | 주택유형 미상 | 보증금구간 1억 미만 | 계약상태 계약종료 | 선순위권리 압류·가압류 | 반환보증 미상 | 분쟁유형 기타·일반문의 | 진행단계 상담·검토 | 상황 임대인이 법인이면 임대인의 재산이 있어도 압류가 안돼는지요~,provided_synthetic_consultations
CASE-0607,G07,경기,파주시,1억 미만,계약중(종료예정),다가구주택,미상,미상,경매·공매,상담·검토,1. 25.3.7 다가구주택 전세계약 28백만원에 했고 4.10일 잔금 납부했습니다. 2. 4.10. 정부24시 온라인으로 전입신고했고 4.16일 승인 받았습니다. 25.4.30 동사무소 방문하여 확정일자 받았습니다. - 전입신고 당시 동사무소 직원과 유선통화 했는데 확정일자를 https://rtms.molit.go.kr/ 부동산거래관리시스템에 등록을 하라고 해서 여러번 시도하다가 안되었습니다. 나중에 안 사실이지만 6천만원 이하는 등록 자체가 안되더라고요. 그러다가 몇일전에 경매개시안내를 고양지원에서 받았고 화들짝 놀라 부랴부랴 오늘 확정일자를 받았습니다. 근데 이 다가구 주택이 25.4.21일자로 경매개시결정이 되었습니다. 채권자는 원당신협이고 관할법원은 고양지원입니다. 감정가는 15억정도 하는 다가구 주택이라고 하더라고요. 여기서 질문입니다. 저는 전입신고는 경매개시일 전이고 확정일자는 경매개시일 후인 28백만원 소액임차권자입니다. 순위와 상관없이 우선 소액임차권자로 전세금 28백만원 다 받을 수 있을까요?,,unknown,보증상품 보증상품 미확인 | 주택유형 다가구주택 | 보증금구간 1억 미만 | 계약상태 계약중(종료예정) | 선순위권리 미상 | 반환보증 미상 | 분쟁유형 경매·공매 | 진행단계 상담·검토 | 상황 1. 25.3.7 다가구주택 전세계약 28백만원에 했고 4.10일 잔금 납부했습니다. 2. 4.10. 정부24시 온라인으로 전입신고했고 4.16일 승인 받았습니다. 25.4.30 동사무소 방문하여 확정일자 받았습니다. - 전입신고 당시 동사무소 직원과 유선통화 했는데 확정일자를 https://rtms.molit.go.kr/ 부동산거래관리시스템에 등록을 하라고 해서 여러번 시도하다가 안되었습니다. 나중에 안 사실이지만 6천만원 이하는 등록 자체가 안되더라고요. 그러다가 몇일전에 경매개시안내를 고양지원에서 받았고 화들짝 놀라 부랴부랴 오늘 확정일자를 받았습니다. 근데 이 다가구 주택이 25.4.21일자로 경매개시결정이 되었습니다. 채권자는 원당신협이고 관할법원은 고양지원입니다. 감정가는 15억정도 하는 다가구 주택이라고 하더라고요. 여기서 질문입니다. 저는 전입신고는 경매개시일 전이고 확정일자는 경매개시일 후인 28백만원 소액임차권자입니다. 순위와 상관없이 우선 소액임차권자로 전세금 28백만원 다 받을 수 있을까요?,provided_synthetic_consultations
CASE-0608,G07,서울,강서구,1억~2억,계약종료,오피스텔,선순위존재,가입,이중·다운계약,상담·검토,계약기간 2023.03.30~2025.03.30 재계약 희망하지 않아 01/30에 임대인에게 문자했으나 답장 없음. 02/04 재문자 후 통화로 재계약 원하지 않고 퇴거 하겠다고 말했더니 임대인 수긍 후 통화종료. 몇 분 뒤 임대인이 남편과 통화하라며 통화함. 2개월도 안남은 시점에 통지하면 어쩌냐며 현건물 세입자가 잘 구해지지 않으니 세입자 구해질 때 까지만 더 지내달라며 묵시적갱신을 요구함. 세입자 구해졌을 경우 중도수수료는 어떻게 하실거냐고 하니 임차인에게 부담시키지 않겠다고 하여 묵시적으로 갱신하기로 함. 대출 연장하려 했으나 건물 시세 하락하여 현 보증금으론 연장 할 수 없다는 안내 받아 임대인에게 말했으나 동일 회는 무조건 가능하다며 함께 은행 방문했으나 거절되었고 현재 돈이 없다며 다운계약서 써주지 않아 현재 미상환 연체처리 되었음. 임대인은 최대한 세입자를 빨리 구하겠다며 미안하다고 함. 월 연체금이 70만원 정도이니 대납해달라 했으나 부담이고 30만원정도만 지원해 줄 수 있다고 함. 2월에 통화했을 때와 상황이 달라졌고 묵시적갱신 후 중도퇴실이니 중개수수료 부담하라고 함.,1. 오피스텔 / 대항력있는 선순위임차인 / 깡통주택 / 전세보증금반환보증가입,jeonse_return,보증상품 전세보증금반환보증 | 주택유형 오피스텔 | 보증금구간 1억~2억 | 계약상태 계약종료 | 선순위권리 선순위존재 | 반환보증 가입 | 분쟁유형 이중·다운계약 | 진행단계 상담·검토 | 상황 계약기간 2023.03.30~2025.03.30 재계약 희망하지 않아 01/30에 임대인에게 문자했으나 답장 없음. 02/04 재문자 후 통화로 재계약 원하지 않고 퇴거 하겠다고 말했더니 임대인 수긍 후 통화종료. 몇 분 뒤 임대인이 남편과 통화하라며 통화함. 2개월도 안남은 시점에 통지하면 어쩌냐며 현건물 세입자가 잘 구해지지 않으니 세입자 구해질 때 까지만 더 지내달라며 묵시적갱신을 요구함. 세입자 구해졌을 경우 중도수수료는 어떻게 하실거냐고 하니 임차인에게 부담시키지 않겠다고 하여 묵시적으로 갱신하기로 함. 대출 연장하려 했으나 건물 시세 하락하여 현 보증금으론 연장 할 수 없다는 안내 받아 임대인에게 말했으나 동일 회는 무조건 가능하다며 함께 은행 방문했으나 거절되었고 현재 돈이 없다며 다운계약서 써주지 않아 현재 미상환 연체처리 되었음. 임대인은 최대한 세입자를 빨리 구하겠다며 미안하다고 함. 월 연체금이 70만원 정도이니 대납해달라 했으나 부담이고 30만원정도만 지원해 줄 수 있다고 함. 2월에 통화했을 때와 상황이 달라졌고 묵시적갱신 후 중도퇴실이니 중개수수료 부담하라고 함. | 특이사항 1. 오피스텔 / 대항력있는 선순위임차인 / 깡통주택 / 전세보증금반환보증가입,provided_synthetic_consultations
CASE-0609,G07,서울,마포구,1억~2억,계약종료,다세대주택,선순위존재,미상,기타·일반문의,임차권등기,"2024년 7월 10일 : 전세퇴거 요청 2024년 10월 19일 : 전입 유지 상태로 이사 2024년 11월 05일 : 내용증명 발송 2025년 1월 14일 : 임차권등기 결정 2025년 1월 17일 현재 집으로 전입신고 완료 2024년 10월 19일~12월 18일(61일)까지 이자는 지급되었으나, 그 이후 이자 지급이 되지 않고 전세금 또한 지급이 되지 않고 있습니다. 계속 세입자를 구한다는 말만하고 임차권등기 설정으로 계약이 되지를 않으니 제 탓이기 때문에 이자도 주지 못한다는게 집주인 입장입니다. 앞으로 어떻게 해야될까요?",1. 다세대 / 대항력있는 선순위임차인,unknown,"보증상품 보증상품 미확인 | 주택유형 다세대주택 | 보증금구간 1억~2억 | 계약상태 계약종료 | 선순위권리 선순위존재 | 반환보증 미상 | 분쟁유형 기타·일반문의 | 진행단계 임차권등기 | 상황 2024년 7월 10일 : 전세퇴거 요청 2024년 10월 19일 : 전입 유지 상태로 이사 2024년 11월 05일 : 내용증명 발송 2025년 1월 14일 : 임차권등기 결정 2025년 1월 17일 현재 집으로 전입신고 완료 2024년 10월 19일~12월 18일(61일)까지 이자는 지급되었으나, 그 이후 이자 지급이 되지 않고 전세금 또한 지급이 되지 않고 있습니다. 계속 세입자를 구한다는 말만하고 임차권등기 설정으로 계약이 되지를 않으니 제 탓이기 때문에 이자도 주지 못한다는게 집주인 입장입니다. 앞으로 어떻게 해야될까요? | 특이사항 1. 다세대 / 대항력있는 선순위임차인",provided_synthetic_consultations
CASE-0610,G07,대전,미상,2억~3억,계약중(종료예정),미상,압류·가압류,미상,기타·일반문의,상담·검토,2.3억 확정일자(2023년)가 있는데 실질적으로 보증금입금은 2억만하였습니다 어제부로 집 등기에 압류가들어왔는데 2.3억에 대한 확정일자는 법원에서 인정해줄지 걱정이 듭니다. 2억으로 확정일자 다시 수정하면 후순위로되어 아예 보증금을 받지 못하는 상황입니다 너무나 걱정되어 문자드립니다,,unknown,보증상품 보증상품 미확인 | 주택유형 미상 | 보증금구간 2억~3억 | 계약상태 계약중(종료예정) | 선순위권리 압류·가압류 | 반환보증 미상 | 분쟁유형 기타·일반문의 | 진행단계 상담·검토 | 상황 2.3억 확정일자(2023년)가 있는데 실질적으로 보증금입금은 2억만하였습니다 어제부로 집 등기에 압류가들어왔는데 2.3억에 대한 확정일자는 법원에서 인정해줄지 걱정이 듭니다. 2억으로 확정일자 다시 수정하면 후순위로되어 아예 보증금을 받지 못하는 상황입니다 너무나 걱정되어 문자드립니다,provided_synthetic_consultations
CASE-0611,G07,경기,고양시,3억 이상,계약종료,아파트,선순위존재,미상,경매·공매,소송제기,"임차권등기명령하고 나왔는데 전세금을 못 받았어요. 소송해서 압류,경매를 통해 전세금을 반환받고 싶어요",1. 아파트 / 대항력있는 선순위임차인,unknown,"보증상품 보증상품 미확인 | 주택유형 아파트 | 보증금구간 3억 이상 | 계약상태 계약종료 | 선순위권리 선순위존재 | 반환보증 미상 | 분쟁유형 경매·공매 | 진행단계 소송제기 | 상황 임차권등기명령하고 나왔는데 전세금을 못 받았어요. 소송해서 압류,경매를 통해 전세금을 반환받고 싶어요 | 특이사항 1. 아파트 / 대항력있는 선순위임차인",provided_synthetic_consultations
CASE-0612,G07,서울,가양구,1억~2억,계약중(종료예정),오피스텔,선순위존재,가입,전세사기,소송제기,"제가 23년 6월12일에 오피스텔 전세계약을 맺었고, 올해 6월11일에 계약이 만료됩니다. 시기가 퇴실 한달전 정도 되어서 집주인에게 퇴실하겠다고 했고 보증금 반환요청을 하려했지만 연락을 받지 않고있습니다. 그래서 내용증명을 집주인 주소로 보냈지만 수취인부재로 반송되었고요. 혹시나 해서 등기부등본을 떼어보니 집이 가압류처리되어있었습니다. 또한 저는 보증금반환보증보험을 못들어놓은 상태이고요 그 이후로도 집주인에게 계속 전화를 시도했지만 의도적으로 안받고있는 상황이여서, 정황상 전세사기가 의심이 듭니다. 알아보니 이렇게 보증보험이 들어지지 않았을때는 소송을 진행해야 한다고 들어서, 관련해서 상담해주시면 감사하겠습니다.",1. 오피스텔 / 대항력있는 선순위임차인,unknown,"보증상품 보증상품 미확인 | 주택유형 오피스텔 | 보증금구간 1억~2억 | 계약상태 계약중(종료예정) | 선순위권리 선순위존재 | 반환보증 가입 | 분쟁유형 전세사기 | 진행단계 소송제기 | 상황 제가 23년 6월12일에 오피스텔 전세계약을 맺었고, 올해 6월11일에 계약이 만료됩니다. 시기가 퇴실 한달전 정도 되어서 집주인에게 퇴실하겠다고 했고 보증금 반환요청을 하려했지만 연락을 받지 않고있습니다. 그래서 내용증명을 집주인 주소로 보냈지만 수취인부재로 반송되었고요. 혹시나 해서 등기부등본을 떼어보니 집이 가압류처리되어있었습니다. 또한 저는 보증금반환보증보험을 못들어놓은 상태이고요 그 이후로도 집주인에게 계속 전화를 시도했지만 의도적으로 안받고있는 상황이여서, 정황상 전세사기가 의심이 듭니다. 알아보니 이렇게 보증보험이 들어지지 않았을때는 소송을 진행해야 한다고 들어서, 관련해서 상담해주시면 감사하겠습니다. | 특이사항 1. 오피스텔 / 대항력있는 선순위임차인",provided_synthetic_consultations
CASE-0613,G07,경기,평택시,1억~2억,계약중(종료예정),다가구주택,미상,미상,기타·일반문의,임차권등기,만기일이 5.19일입니다. 세입자는 안구해지고 보증금을 주기 어렵다라는 답변만 오고있는데 지금 제가 할수있는게 어떤걸까요? 임차권등기명령신청이 보증금 주기어렵다 라는 카톡으로 신청가능할까요?,1. 다가구 / 10가구,unknown,보증상품 보증상품 미확인 | 주택유형 다가구주택 | 보증금구간 1억~2억 | 계약상태 계약중(종료예정) | 선순위권리 미상 | 반환보증 미상 | 분쟁유형 기타·일반문의 | 진행단계 임차권등기 | 상황 만기일이 5.19일입니다. 세입자는 안구해지고 보증금을 주기 어렵다라는 답변만 오고있는데 지금 제가 할수있는게 어떤걸까요? 임차권등기명령신청이 보증금 주기어렵다 라는 카톡으로 신청가능할까요? | 특이사항 1. 다가구 / 10가구,provided_synthetic_consultations
CASE-0614,G07,미상,강동구,1억~2억,계약종료,오피스텔,미상,가입,보증금미반환,소송제기,"24년 12월 말일에 25.3월엔 이사를 가야한다고 얘기를 해놨습니다. 임대인이 1월초에 전화가 와서는 집값이 떨어져서 내 보증금 전액을 줄 수가 없다고 함. 방법으로는 다음세입자를 구하는데 보증보험 가입 가능 금액이 138,000,000원이고 월10만원을 이자형식으로 입금하고 나머지 보증금 차액 약 18,500,000원은 2년뒤에 지급하겠다는 차용증을 써주겠다고 함. 본인은 여기저기 알아보다가 일단 다른 방법이 없기에 알겠다고 하고 전세계약을 진행하기로 했는데, 이사하기로 했던 다음 세입자가 해당매물의 허그 전세보증보험가입이 힘들다는 소식을 듣고 계약이 파기됨-> 이후 전세보증금 가입이 어려운 이유로 전세세입자가 구해지지 않음-> 계약만료 3개월이 지났으나 여전히 보증금반환이 이루어지지 않고 있으며 해당집에서 계속 머무르는중이며 이러지도 저러지도 못하고 있는 상황입니다. 이로인해 소송까지 진행 할 생각이어서 상담을 신청합니다.",1. 오피스텔 / 대항력은 있지만 깡통주택,jeonse_return,"보증상품 전세보증금반환보증 | 주택유형 오피스텔 | 보증금구간 1억~2억 | 계약상태 계약종료 | 선순위권리 미상 | 반환보증 가입 | 분쟁유형 보증금미반환 | 진행단계 소송제기 | 상황 24년 12월 말일에 25.3월엔 이사를 가야한다고 얘기를 해놨습니다. 임대인이 1월초에 전화가 와서는 집값이 떨어져서 내 보증금 전액을 줄 수가 없다고 함. 방법으로는 다음세입자를 구하는데 보증보험 가입 가능 금액이 138,000,000원이고 월10만원을 이자형식으로 입금하고 나머지 보증금 차액 약 18,500,000원은 2년뒤에 지급하겠다는 차용증을 써주겠다고 함. 본인은 여기저기 알아보다가 일단 다른 방법이 없기에 알겠다고 하고 전세계약을 진행하기로 했는데, 이사하기로 했던 다음 세입자가 해당매물의 허그 전세보증보험가입이 힘들다는 소식을 듣고 계약이 파기됨-> 이후 전세보증금 가입이 어려운 이유로 전세세입자가 구해지지 않음-> 계약만료 3개월이 지났으나 여전히 보증금반환이 이루어지지 않고 있으며 해당집에서 계속 머무르는중이며 이러지도 저러지도 못하고 있는 상황입니다. 이로인해 소송까지 진행 할 생각이어서 상담을 신청합니다. | 특이사항 1. 오피스텔 / 대항력은 있지만 깡통주택",provided_synthetic_consultations
CASE-0615,G07,미상,미상,1억~2억,계약중(종료예정),미상,미상,미상,경매·공매,상담·검토,현재 임의경매 개시결정이 난상황이며 전세대출이 7월만기입니다 현재 집주인이랑은 계약 연장을 한상태구요 아직 대출연장 전화가 안와 은행쪽이랑은 통화를 하지않았습니다 대출연장을 어떻게 처리를해야하며 막막합니다,* 근무중이니 다음에 통화하고 싶다,unknown,보증상품 보증상품 미확인 | 주택유형 미상 | 보증금구간 1억~2억 | 계약상태 계약중(종료예정) | 선순위권리 미상 | 반환보증 미상 | 분쟁유형 경매·공매 | 진행단계 상담·검토 | 상황 현재 임의경매 개시결정이 난상황이며 전세대출이 7월만기입니다 현재 집주인이랑은 계약 연장을 한상태구요 아직 대출연장 전화가 안와 은행쪽이랑은 통화를 하지않았습니다 대출연장을 어떻게 처리를해야하며 막막합니다 | 특이사항 * 근무중이니 다음에 통화하고 싶다,provided_synthetic_consultations
CASE-0616,G07,경기,수원시,2억~3억,계약중(종료예정),다가구주택,미상,미상,보증금미반환,내용증명·공시송달,5/27일 계약 만료 예정이며 현재 새로운 임차인이 구해지지 않았고 현재는 보증금 반환일이 불확실한 상태입니다. 매매 잔금일이 5/27일이고 보증금 반환 시 기존 전세대출금(농협) 상환 후 매매 대출 진행 하려고 했습니다. 보증금 미반환으로 매매 대출 진행이 불가 시 현 상황에서 전세대출 연장 가능한지 궁금하고요. 계약기간 완료 후 임차권 등기 명령 접수해서 전세대출 연장 진행하면 될까요? 현재는 보증금 반환 요청관련 내용증명 보내려고 준비중입니다. 이외 진행해야할 부분들,1. 다가구 / 2가구,unknown,보증상품 보증상품 미확인 | 주택유형 다가구주택 | 보증금구간 2억~3억 | 계약상태 계약중(종료예정) | 선순위권리 미상 | 반환보증 미상 | 분쟁유형 보증금미반환 | 진행단계 내용증명·공시송달 | 상황 5/27일 계약 만료 예정이며 현재 새로운 임차인이 구해지지 않았고 현재는 보증금 반환일이 불확실한 상태입니다. 매매 잔금일이 5/27일이고 보증금 반환 시 기존 전세대출금(농협) 상환 후 매매 대출 진행 하려고 했습니다. 보증금 미반환으로 매매 대출 진행이 불가 시 현 상황에서 전세대출 연장 가능한지 궁금하고요. 계약기간 완료 후 임차권 등기 명령 접수해서 전세대출 연장 진행하면 될까요? 현재는 보증금 반환 요청관련 내용증명 보내려고 준비중입니다. 이외 진행해야할 부분들 | 특이사항 1. 다가구 / 2가구,provided_synthetic_consultations
CASE-0617,G07,부산,중구,1억 미만,계약종료,다가구주택,미상,미상,경매·공매,판결·집행,1.현재 경매가 걸려있는 다가구주택 건물의 예상 감정가를 알 수 있을까요? 2.채권추심 업체에 의뢰하기 위해선 지급명령 신청서만 있어도 가능한가요? 3.사기죄로 형사고소 하고 싶은데 이럴 경우 무작정 경찰서로 가서 접수를 하면 거기서 필요 서류를 첨부해달라고 하나요? 아니면 제가 미리 증거자료를 준비한 채로 접수를 하는 건가요?,,unknown,보증상품 보증상품 미확인 | 주택유형 다가구주택 | 보증금구간 1억 미만 | 계약상태 계약종료 | 선순위권리 미상 | 반환보증 미상 | 분쟁유형 경매·공매 | 진행단계 판결·집행 | 상황 1.현재 경매가 걸려있는 다가구주택 건물의 예상 감정가를 알 수 있을까요? 2.채권추심 업체에 의뢰하기 위해선 지급명령 신청서만 있어도 가능한가요? 3.사기죄로 형사고소 하고 싶은데 이럴 경우 무작정 경찰서로 가서 접수를 하면 거기서 필요 서류를 첨부해달라고 하나요? 아니면 제가 미리 증거자료를 준비한 채로 접수를 하는 건가요?,provided_synthetic_consultations
CASE-0618,G07,미상,미상,1억~2억,계약종료,다가구주택,미상,미상,전세사기,상담·검토,"대출금: 중소기업,300만 원 보유 현금: 4,300만 원 전세사기 피해자로 인정됨 집주인은 현재 경찰서에 구속 중 주택은 다가구주택, 총 15세대 해당 주택은 현재 LH(한국토지 경공매 절차 진행 중 배당순위는 2~3순위 제가 미리 조치를 취해야 할것이 있는지 아니면 그냥 기다렸다가 배상차액을 못받으면 개인회생을 하고 제가 돈은 다 갚아야하는것인지 문의드립니드",,unknown,"보증상품 보증상품 미확인 | 주택유형 다가구주택 | 보증금구간 1억~2억 | 계약상태 계약종료 | 선순위권리 미상 | 반환보증 미상 | 분쟁유형 전세사기 | 진행단계 상담·검토 | 상황 대출금: 중소기업,300만 원 보유 현금: 4,300만 원 전세사기 피해자로 인정됨 집주인은 현재 경찰서에 구속 중 주택은 다가구주택, 총 15세대 해당 주택은 현재 LH(한국토지 경공매 절차 진행 중 배당순위는 2~3순위 제가 미리 조치를 취해야 할것이 있는지 아니면 그냥 기다렸다가 배상차액을 못받으면 개인회생을 하고 제가 돈은 다 갚아야하는것인지 문의드립니드",provided_synthetic_consultations
CASE-0619,G07,서울,중랑구,2억~3억,계약종료,다세대주택,선순위존재,미상,전세사기,상담·검토,현재 임대차 계약은 종료된 상태인데 집주인이 전세사기 특별법으로 감옥에 들어가게 되어 보증금을 받지 못하는 상황이 되었습니다. 현재 이집을 경매에 올려 제가 소유하려는 방법을 선택하고싶은데 절차와 이런것들에 대해 상담받고싶습니다.,1. 다세대 / 대항력있는 선순위임차인,unknown,보증상품 보증상품 미확인 | 주택유형 다세대주택 | 보증금구간 2억~3억 | 계약상태 계약종료 | 선순위권리 선순위존재 | 반환보증 미상 | 분쟁유형 전세사기 | 진행단계 상담·검토 | 상황 현재 임대차 계약은 종료된 상태인데 집주인이 전세사기 특별법으로 감옥에 들어가게 되어 보증금을 받지 못하는 상황이 되었습니다. 현재 이집을 경매에 올려 제가 소유하려는 방법을 선택하고싶은데 절차와 이런것들에 대해 상담받고싶습니다. | 특이사항 1. 다세대 / 대항력있는 선순위임차인,provided_synthetic_consultations
CASE-0620,G07,충북,청주시,1억 미만,계약중(종료예정),아파트,압류·가압류,미상,경매·공매,상담·검토,"청주시 소재 소형 아파트이구요. 21년 10월 28일 전입신고, 전세대출 껴있구요 묵시적 갱신이후 현재도 거주중에 있습니다. 현재 23년 11월부터 25년 3월까지 국민연금, 건강공단, 세무서, 캐피탈, 카드사 가압류 및 압류가 걸려있는데 중요한건 확정일자를 제가 안받은거 같아요 안되면 경매라도 넘겨서 셀프낙찰 받으려했는데 어떻게 해야할까요?",,unknown,"보증상품 보증상품 미확인 | 주택유형 아파트 | 보증금구간 1억 미만 | 계약상태 계약중(종료예정) | 선순위권리 압류·가압류 | 반환보증 미상 | 분쟁유형 경매·공매 | 진행단계 상담·검토 | 상황 청주시 소재 소형 아파트이구요. 21년 10월 28일 전입신고, 전세대출 껴있구요 묵시적 갱신이후 현재도 거주중에 있습니다. 현재 23년 11월부터 25년 3월까지 국민연금, 건강공단, 세무서, 캐피탈, 카드사 가압류 및 압류가 걸려있는데 중요한건 확정일자를 제가 안받은거 같아요 안되면 경매라도 넘겨서 셀프낙찰 받으려했는데 어떻게 해야할까요?",provided_synthetic_consultations
CASE-0621,G07,인천,남동구,1억 미만,계약종료,미상,미상,미상,묵시적갱신분쟁,소송제기,"2016년 계약하고 묵시적 자동연장 으로 현재 까지살고 이따가 이사를 하겠다고 집주인대리인에게 통보 했지만. 차일피일 미루기만 하고 전세금을 주지않고 있습니다.또 집주인은 제가 집을 무단 점유하고 있다고 소장이 저에게 날아온 상태에 있었어,현재 제가 어떻게 해야하는지 집주인 대리를 하신분에게 소송을 해야하는지 혼란스런 상황에 노여있습니다.",1. 2016년 최초계약,unknown,"보증상품 보증상품 미확인 | 주택유형 미상 | 보증금구간 1억 미만 | 계약상태 계약종료 | 선순위권리 미상 | 반환보증 미상 | 분쟁유형 묵시적갱신분쟁 | 진행단계 소송제기 | 상황 2016년 계약하고 묵시적 자동연장 으로 현재 까지살고 이따가 이사를 하겠다고 집주인대리인에게 통보 했지만. 차일피일 미루기만 하고 전세금을 주지않고 있습니다.또 집주인은 제가 집을 무단 점유하고 있다고 소장이 저에게 날아온 상태에 있었어,현재 제가 어떻게 해야하는지 집주인 대리를 하신분에게 소송을 해야하는지 혼란스런 상황에 노여있습니다. | 특이사항 1. 2016년 최초계약",provided_synthetic_consultations
CASE-0622,G07,부산,사하구,1억 미만,계약중(종료예정),미상,미상,미상,경매·공매,상담·검토,"1 / 21. 10. 26 임대인과 부산 하단동에 위치한 키움부동산에서 임대차 계약 하였음 2 / 임대차 계약일자 21. 11. 05 ~ 23.11. 04 이나, 현재까지 거주 중 3 / 21. 11. 10 전입일자 받음 4 / 21. 10. 29 확정일자 받음 5 / 21. 11. 06 입주 하였음 6 / 24. 09. 12 건물이 경매 진행중인 것을 알게 됨 7 / 이후 법원 방문하여 배당요구 신청 및 임차권 등기명령 신청 8 / 경매 진행 중인 것을 알게 된 후 임대인은 연락두절 상태 이런 상황에 보증금을 받을 수 있는 방법이 있을까요?",1. [사건번호] 부산서부지원,unknown,"보증상품 보증상품 미확인 | 주택유형 미상 | 보증금구간 1억 미만 | 계약상태 계약중(종료예정) | 선순위권리 미상 | 반환보증 미상 | 분쟁유형 경매·공매 | 진행단계 상담·검토 | 상황 1 / 21. 10. 26 임대인과 부산 하단동에 위치한 키움부동산에서 임대차 계약 하였음 2 / 임대차 계약일자 21. 11. 05 ~ 23.11. 04 이나, 현재까지 거주 중 3 / 21. 11. 10 전입일자 받음 4 / 21. 10. 29 확정일자 받음 5 / 21. 11. 06 입주 하였음 6 / 24. 09. 12 건물이 경매 진행중인 것을 알게 됨 7 / 이후 법원 방문하여 배당요구 신청 및 임차권 등기명령 신청 8 / 경매 진행 중인 것을 알게 된 후 임대인은 연락두절 상태 이런 상황에 보증금을 받을 수 있는 방법이 있을까요? | 특이사항 1. [사건번호] 부산서부지원",provided_synthetic_consultations
CASE-0623,G07,서울,관악구,1억~2억,계약중(종료예정),다가구주택,근저당설정,가입,경매·공매,소송제기,수고많으십니다. 저는 현재 거주하는 곳에서 중기청(hf)통해서 23년8월16일에 입주하였습니다. 23년6월중순쯤에 확정일자를 받았고 입주날에 전입신고를 완료했습니다. 계약기간은 23년8월16일~25년8월15일 입니다. 계약만료가 3건물주가 대출연장이 안되어 대출미상환으로 인해 임의경매로 넘어갔습니다.(사건번호 (경매사건) 그리하여 권리신고 및 배당요구 신청서를 접수하였습니다. 보증보험은 당시에 다가구는 불가하다하여 못들었습니다. 건물주하고 어제 연락을 했는데 최대한 매매로 넘겨서 해결하려고 한다고 합니다. 만약 안될경우 자기가 어떻게 할 방법이 없다 합니다. 근저당권은 제 전입일보다 먼저 잡혀있었습니다.(23년5월) 그래서 혹시 낙찰이 되어도 제 보증금은 반환받을확률이 낮다고 알고있습니다. 여기까지 제상황이고 아래는 궁금한 사항입니다. 1) 처음계약할때 중개사무실에서 보증보험이 안되도 경매로 넘어가면 선순위채권 변제 하더라도 남은금액으로 충분히 반환가능하다고 했습니다. 내용은 카톡으로 남겨져있습니다. 중개사무실은 계속 영업중이시고 제가 여기에 조치좀 해달라고 얘기해도 되는부분인가요? 2) 경매낙찰이 되어 낙찰가 퇴거요청을 하면 제 보증금은 기존주인한테 반환소송을 걸어야하나요? 3)경매가 언제될지 몰라서 낙찰금액이 엄청 낮다면 소액임차인 최우선변제권도 받지 못할상황인가요? 4)보통 계약만료일 이후 임차권등기를 하고 이사 후 반환소송을 하다고 하는데 경매가 낙찰되면 임차권등기도 소멸되어 결국 의미가 없을거라고 하는데 저는 계약만료날에 보증금을 받지못한다면 나가지도 못하는 상황입니다. 낙찰될때까지 거주하고 있어도 괜찮을지 아니면 낙찰이 언제될지 모르니 만료일에 이사가서 임차권등기설정 하는게 더 나을지 모르겠습니다. 긴글 읽어주셔서 감사하고 저같응 어려운사람들 도와주셔서 정말,1. 15가구 중 7번째 임차인,unknown,보증상품 보증상품 미확인 | 주택유형 다가구주택 | 보증금구간 1억~2억 | 계약상태 계약중(종료예정) | 선순위권리 근저당설정 | 반환보증 가입 | 분쟁유형 경매·공매 | 진행단계 소송제기 | 상황 수고많으십니다. 저는 현재 거주하는 곳에서 중기청(hf)통해서 23년8월16일에 입주하였습니다. 23년6월중순쯤에 확정일자를 받았고 입주날에 전입신고를 완료했습니다. 계약기간은 23년8월16일~25년8월15일 입니다. 계약만료가 3건물주가 대출연장이 안되어 대출미상환으로 인해 임의경매로 넘어갔습니다.(사건번호 (경매사건) 그리하여 권리신고 및 배당요구 신청서를 접수하였습니다. 보증보험은 당시에 다가구는 불가하다하여 못들었습니다. 건물주하고 어제 연락을 했는데 최대한 매매로 넘겨서 해결하려고 한다고 합니다. 만약 안될경우 자기가 어떻게 할 방법이 없다 합니다. 근저당권은 제 전입일보다 먼저 잡혀있었습니다.(23년5월) 그래서 혹시 낙찰이 되어도 제 보증금은 반환받을확률이 낮다고 알고있습니다. 여기까지 제상황이고 아래는 궁금한 사항입니다. 1) 처음계약할때 중개사무실에서 보증보험이 안되도 경매로 넘어가면 선순위채권 변제 하더라도 남은금액으로 충분히 반환가능하다고 했습니다. 내용은 카톡으로 남겨져있습니다. 중개사무실은 계속 영업중이시고 제가 여기에 조치좀 해달라고 얘기해도 되는부분인가요? 2) 경매낙찰이 되어 낙찰가 퇴거요청을 하면 제 보증금은 기존주인한테 반환소송을 걸어야하나요? 3)경매가 언제될지 몰라서 낙찰금액이 엄청 낮다면 소액임차인 최우선변제권도 받지 못할상황인가요? 4)보통 계약만료일 이후 임차권등기를 하고 이사 후 반환소송을 하다고 하는데 경매가 낙찰되면 임차권등기도 소멸되어 결국 의미가 없을거라고 하는데 저는 계약만료날에 보증금을 받지못한다면 나가지도 못하는 상황입니다. 낙찰될때까지 거주하고 있어도 괜찮을지 아니면 낙찰이 언제될지 모르니 만료일에 이사가서 임차권등기설정 하는게 더 나을지 모르겠습니다. 긴글 읽어주셔서 감사하고 저같응 어려운사람들 도와주셔서 정말 | 특이사항 1. 15가구 중 7번째 임차인,provided_synthetic_consultations
CASE-0624,G07,충북,충주시,1억~2억,계약중(종료예정),아파트,압류·가압류,가입,보증금미반환,판결·집행,"기본 정보 임차인: 김원담 임대인: 법인 명의 (부동산 투자 목적 추정) 주소: 충북 충주시 대소원면 첨단산업 [상세주소], 전세계약: 2022년 6월 13일 ~ 2025년 6월 13일 전세보증금: 1억 6천만 원 현재 상황 계약 종료일: 2025년 6월 13일 예정 집주인은 현재 돈이 없다며 집이 매매가 되어야 보증금을 반환해줄 수 있다고만 하는 상황. 집주인 매도 시도 중이나 매매가 이루어지지 않음 시세 하락 + 매물 억 5천~1억 4천 수준에서도 거래 안 됨 본인은 6월 13일 이전에 이사 및 새로운 전세계약 필요함 현재 집주인은 보증금 반환 계획을 명확히 밝히지 않음 문자 및 연락 수차례 시도 → 대부분 회신 없음 4/28에 내용증명 발송함 폐문부재로 배달 실패. (주소는 계약서상 주소지) 우려사항 보증금 반환 지연 또는 불가 가능성 매도 실패 시, 자금 확보 어려울 가능성 높음 임대인의 연락 회피 가능성 법인 명의이므로 강제집행 시 법인 재산 유무 파악 필요 본인의 대응 준비 임차권등기명령 신청 준비 중 (계약 만료일 맞춰 진행 예정) 전세보증금반환 소송 병행 검토 필요 시 법인 보유 타 부동산 가압류 조치 계획 중 감정적으로도 매우 소진된 상태, 현실적인 회수 방안이 최우선",1. 내집스캔으로 임대인이 소유한 여러부동산 확인 / 가압류하고 싶다,unknown,"보증상품 보증상품 미확인 | 주택유형 아파트 | 보증금구간 1억~2억 | 계약상태 계약중(종료예정) | 선순위권리 압류·가압류 | 반환보증 가입 | 분쟁유형 보증금미반환 | 진행단계 판결·집행 | 상황 기본 정보 임차인: 김원담 임대인: 법인 명의 (부동산 투자 목적 추정) 주소: 충북 충주시 대소원면 첨단산업 [상세주소], 전세계약: 2022년 6월 13일 ~ 2025년 6월 13일 전세보증금: 1억 6천만 원 현재 상황 계약 종료일: 2025년 6월 13일 예정 집주인은 현재 돈이 없다며 집이 매매가 되어야 보증금을 반환해줄 수 있다고만 하는 상황. 집주인 매도 시도 중이나 매매가 이루어지지 않음 시세 하락 + 매물 억 5천~1억 4천 수준에서도 거래 안 됨 본인은 6월 13일 이전에 이사 및 새로운 전세계약 필요함 현재 집주인은 보증금 반환 계획을 명확히 밝히지 않음 문자 및 연락 수차례 시도 → 대부분 회신 없음 4/28에 내용증명 발송함 폐문부재로 배달 실패. (주소는 계약서상 주소지) 우려사항 보증금 반환 지연 또는 불가 가능성 매도 실패 시, 자금 확보 어려울 가능성 높음 임대인의 연락 회피 가능성 법인 명의이므로 강제집행 시 법인 재산 유무 파악 필요 본인의 대응 준비 임차권등기명령 신청 준비 중 (계약 만료일 맞춰 진행 예정) 전세보증금반환 소송 병행 검토 필요 시 법인 보유 타 부동산 가압류 조치 계획 중 감정적으로도 매우 소진된 상태, 현실적인 회수 방안이 최우선 | 특이사항 1. 내집스캔으로 임대인이 소유한 여러부동산 확인 / 가압류하고 싶다",provided_synthetic_consultations
CASE-0625,G07,인천,서구,1억 미만,계약중(종료예정),오피스텔,미상,미가입,묵시적갱신분쟁,상담·검토,전세계약을 연장하려 했으나 집 시세가 떨어져 시세에 맞춰 보증금을 조정해야 은행에서 연장이된다고 하여 임대인에게 요청했으나 돈이 없다 했습니다. (자연스레 묵시적갱신이 됐으나 보증보험x 은행대출연장x) 그래서 보증보험 받아서 나갈테니 계약종료서류 부탁드렸더니 그거조차 해주지 않는다고 합니다. 종료서류없이 보증보험 심사 넣었으나 당연히 거절하당한 상태입니다 어떻게 해야 할까요,1. 오피스텔 / 대항력도 있고 보증보험도 있다 / 그러나 깡통주택,unknown,보증상품 보증상품 미확인 | 주택유형 오피스텔 | 보증금구간 1억 미만 | 계약상태 계약중(종료예정) | 선순위권리 미상 | 반환보증 미가입 | 분쟁유형 묵시적갱신분쟁 | 진행단계 상담·검토 | 상황 전세계약을 연장하려 했으나 집 시세가 떨어져 시세에 맞춰 보증금을 조정해야 은행에서 연장이된다고 하여 임대인에게 요청했으나 돈이 없다 했습니다. (자연스레 묵시적갱신이 됐으나 보증보험x 은행대출연장x) 그래서 보증보험 받아서 나갈테니 계약종료서류 부탁드렸더니 그거조차 해주지 않는다고 합니다. 종료서류없이 보증보험 심사 넣었으나 당연히 거절하당한 상태입니다 어떻게 해야 할까요 | 특이사항 1. 오피스텔 / 대항력도 있고 보증보험도 있다 / 그러나 깡통주택,provided_synthetic_consultations
CASE-0626,G07,경기,화성시,2억~3억,계약중(종료예정),오피스텔,근저당설정,미가입,보증금미반환,상담·검토,"8/30 전세만기를 앞두고 있습니다. 현재 사는집 등본확인시 2월에 채무액 1.3억으로 가압류가 걸려있는걸 확인했습니다. 집주인에게 문의시 가압류 해결가능하다고 하지만 설명이 부족해 신뢰가 가지않고, 집주인 거주지 등본확인시에도 2금융권 채무액이 상당한 (5.8억 가량) 이력을 확인하였습니다. 이러한 상황에서 임대인으로서 보증금을 반환받기 위해 어떠한 대항을 할수있을지 참고로 선순위근저당 5천 전세보증금 2.6억 실거래가 4.1억이며, 전입신고 확정일자는 문제없이 진행하였으나 보증보험은 미가입하였습니다.",1. 동탄에 있는 오피스텔,unknown,"보증상품 보증상품 미확인 | 주택유형 오피스텔 | 보증금구간 2억~3억 | 계약상태 계약중(종료예정) | 선순위권리 근저당설정 | 반환보증 미가입 | 분쟁유형 보증금미반환 | 진행단계 상담·검토 | 상황 8/30 전세만기를 앞두고 있습니다. 현재 사는집 등본확인시 2월에 채무액 1.3억으로 가압류가 걸려있는걸 확인했습니다. 집주인에게 문의시 가압류 해결가능하다고 하지만 설명이 부족해 신뢰가 가지않고, 집주인 거주지 등본확인시에도 2금융권 채무액이 상당한 (5.8억 가량) 이력을 확인하였습니다. 이러한 상황에서 임대인으로서 보증금을 반환받기 위해 어떠한 대항을 할수있을지 참고로 선순위근저당 5천 전세보증금 2.6억 실거래가 4.1억이며, 전입신고 확정일자는 문제없이 진행하였으나 보증보험은 미가입하였습니다. | 특이사항 1. 동탄에 있는 오피스텔",provided_synthetic_consultations
CASE-0627,G07,경기,수원시,1억~2억,계약중(종료예정),미상,근저당설정,가입,경매·공매,상담·검토,"우선 저희 건물은 몇몇 세입자가 임차권 설정을 한 상태이며, 집주인이 돈을 돌려주지 못하고 있는 상태입니다. 배당금 우선 순위 현황에 대해 설명드리겠습니다. [1] 근저당 : 818,800,000 [2] : 145,000,000 [3] : 170,000,000 [4] (보증보험): 140,000,000 [5] (소액임차인 최우선변제) : 48,000,000 [6] (본인) : 160,000,000 [7] : 230,000,000 # 5번까지의 총액: 1,321,800,000 # AI 건물 추정가 : 1,488,000,000 전반적인 건물 상황은 위와 같은 상황이며, 제가 궁금한 것은 아래와 같습니다. 1. 근저당은 실제 빌린 돈보다 높게 측정되어 등기부등본에 등록되는 걸로 알고 있습니다. 만약 해당 근저당 은행이 아닌 제 3자에 의해 강제 경매가 시행될 때, 은행이 높게 측정된 근저당 금액 그대로 가져가는 건지, 혹은 실제로 빌린 돈만 가져가는건지 궁금합니다. 2. 위처럼 제가 선순위는 아니지만, 실제로 경매에 넘어간다면 보증금 일부라도 회수할 가능성이 있을까요? (가능하다면 대략 얼마정도 회수 가능한지 궁금합니다) 3. 1억 4500만원부터가 수원 기준 소액임차인에 해당하여 4800만원을 우선 변제해주는 것으로 알고 있습니다. 그리하여 저의 보증금 일부 회수 방법 중 하나로, 보증금을 1500만원 감액하여 1억4500만원에 재계약이 가능한지 집주인에게 문의한 상태입니다. 그러나 만약 집주인이 1500만원이 없다고 하였을 때, 만원을 받지 않은 상태로 감액 재계약서만 우선 작성한다면 나중에 경매 배당받거나 다른 상황에서 감액분을 받지 않는 부분이 문제가 될 수 있을까요?",1. 개인임대인(김성희) / 왠 건설사회장이라는 양반이 노후용으로 사고싶다고 했다함 / 회장씩이나 되는 양반이 무자본갭투자를 한다고? 말도안되는거 같다,unknown,"보증상품 보증상품 미확인 | 주택유형 미상 | 보증금구간 1억~2억 | 계약상태 계약중(종료예정) | 선순위권리 근저당설정 | 반환보증 가입 | 분쟁유형 경매·공매 | 진행단계 상담·검토 | 상황 우선 저희 건물은 몇몇 세입자가 임차권 설정을 한 상태이며, 집주인이 돈을 돌려주지 못하고 있는 상태입니다. 배당금 우선 순위 현황에 대해 설명드리겠습니다. [1] 근저당 : 818,800,000 [2] : 145,000,000 [3] : 170,000,000 [4] (보증보험): 140,000,000 [5] (소액임차인 최우선변제) : 48,000,000 [6] (본인) : 160,000,000 [7] : 230,000,000 # 5번까지의 총액: 1,321,800,000 # AI 건물 추정가 : 1,488,000,000 전반적인 건물 상황은 위와 같은 상황이며, 제가 궁금한 것은 아래와 같습니다. 1. 근저당은 실제 빌린 돈보다 높게 측정되어 등기부등본에 등록되는 걸로 알고 있습니다. 만약 해당 근저당 은행이 아닌 제 3자에 의해 강제 경매가 시행될 때, 은행이 높게 측정된 근저당 금액 그대로 가져가는 건지, 혹은 실제로 빌린 돈만 가져가는건지 궁금합니다. 2. 위처럼 제가 선순위는 아니지만, 실제로 경매에 넘어간다면 보증금 일부라도 회수할 가능성이 있을까요? (가능하다면 대략 얼마정도 회수 가능한지 궁금합니다) 3. 1억 4500만원부터가 수원 기준 소액임차인에 해당하여 4800만원을 우선 변제해주는 것으로 알고 있습니다. 그리하여 저의 보증금 일부 회수 방법 중 하나로, 보증금을 1500만원 감액하여 1억4500만원에 재계약이 가능한지 집주인에게 문의한 상태입니다. 그러나 만약 집주인이 1500만원이 없다고 하였을 때, 만원을 받지 않은 상태로 감액 재계약서만 우선 작성한다면 나중에 경매 배당받거나 다른 상황에서 감액분을 받지 않는 부분이 문제가 될 수 있을까요? | 특이사항 1. 개인임대인(김성희) / 왠 건설사회장이라는 양반이 노후용으로 사고싶다고 했다함 / 회장씩이나 되는 양반이 무자본갭투자를 한다고? 말도안되는거 같다",provided_synthetic_consultations
CASE-0628,G07,서울,구로구,1억 미만,계약중(종료예정),공공임대,미상,미상,이중·다운계약,판결·집행,LH청년전세임대로 거주중에 임대인과 공인중개사의 유도로 이면계약을 체결하게되었습니다. 임차인은 LH이며 거주자로 본인으로 계약되어있으면 나중에 경매진행시 저에게 유리한 조건을 가질려면 어떤 판결이 있어야 할까요?,1. lh 1.23억 지급 / [도로명] 추가지급,unknown,보증상품 보증상품 미확인 | 주택유형 공공임대 | 보증금구간 1억 미만 | 계약상태 계약중(종료예정) | 선순위권리 미상 | 반환보증 미상 | 분쟁유형 이중·다운계약 | 진행단계 판결·집행 | 상황 LH청년전세임대로 거주중에 임대인과 공인중개사의 유도로 이면계약을 체결하게되었습니다. 임차인은 LH이며 거주자로 본인으로 계약되어있으면 나중에 경매진행시 저에게 유리한 조건을 가질려면 어떤 판결이 있어야 할까요? | 특이사항 1. lh 1.23억 지급 / [도로명] 추가지급,provided_synthetic_consultations
CASE-0629,G07,인천,연수구,2억~3억,계약중(종료예정),미상,미상,가입,묵시적갱신분쟁,소송제기,"23년 5월19일을 년 전세계약하였고 25년 5월 18일 만기예정인 - 25년 2월부터 임대인에게 계약조건에 크게 변동없다면 계약연장 의사 있다고 연락했습니다. - 계약조건 변동이 있을지 2월부터 임대인에게 연락을 시도하며 문의했습니다. - 연락이 잘 되지 않아 내용증명을 위해 문자를 남겼고 3월에 겨우 연락이 닿았습니다. - 보증금 인상 계획이 있다고 말해 4천 인상인 3억까지는 고려할 생각이 있다고 임대인에게 3월에 의견 전달하였고 생각해본다고 한달이 또 무의미하게 지나갔습니다. - 문자/통화 여러번 남겼으나 계속 연락이 되지않아 임대인 남편을 통해 한달도 안남은 시점인 4/23에 겨우 통화하였습니다. 이마저도 바빠서 통화가 어렵다고하여 문자로 한달도 안남은 시점이니 묵시적 연장으로 보고 대출 연장진행 예정이니 은행 전화 받으라는 내용 문자로 남겼습니다. 확인후 답신이나 연락 달라고도 남겼습니다. - 4/24 리마인더 남겼습니다 - 4/25 리마인더 한번 더 남겼고 그제서야 얘기하신대로 계약 진행하라는 답변을 받았습니다 - 이에 따라 4월말 묵시적 계약으로 대출 연장을 진행하였고 4/29 은행에서 연락이 조만간 갈테니 연락 잘 받으시라고 연락드렸습니다 - 4/30에 임대인이 상의해야할 것이 있으니 연락달라고 하여 5/1에 문자확인하여 연락남겼으나 임대인과 연락되지 않아 어떤 일로 연락주셨는지 문자 남겼습니다. - 5/9에 임대인이 보증금 인상이 안됐다고 대출 연장 동의해줄 수 없다고, 묵시적 계약 동의했던 건 3월에 보증금 인상 고려해보겠다고 했던 3억에 대한 내용이였다고 임대인이 의사표현하였습니다. 하기 내용에 대한 법률적 자문 여쭙습니다. 1) 묵시적 계약에 동의하여 동일한 금액에 대한 임대인이 대출 연장 거절하는 것 2) 이 계약은 묵시적 계약으로 볼 수 있는지 3) 만기일 기준 영업일 5일전에 대출 연장 거절 의사 통보하는 것 4) 묵시적 계약에 따른 대출 연장에 동의를 연장을 거절할 경우 만기일 (5/18) 계약종료 통보할 수 있는지 5) 만기일에 보증금 반환해주지 않을시 보증보험 소송이 가능할지 의견 여쭙습니다. 문자내용 파일로 함께 첨부합니다 (파일이 하나밖에 안올라가 주요부분만 업로드했습니다)",,unknown,"보증상품 보증상품 미확인 | 주택유형 미상 | 보증금구간 2억~3억 | 계약상태 계약중(종료예정) | 선순위권리 미상 | 반환보증 가입 | 분쟁유형 묵시적갱신분쟁 | 진행단계 소송제기 | 상황 23년 5월19일을 년 전세계약하였고 25년 5월 18일 만기예정인 - 25년 2월부터 임대인에게 계약조건에 크게 변동없다면 계약연장 의사 있다고 연락했습니다. - 계약조건 변동이 있을지 2월부터 임대인에게 연락을 시도하며 문의했습니다. - 연락이 잘 되지 않아 내용증명을 위해 문자를 남겼고 3월에 겨우 연락이 닿았습니다. - 보증금 인상 계획이 있다고 말해 4천 인상인 3억까지는 고려할 생각이 있다고 임대인에게 3월에 의견 전달하였고 생각해본다고 한달이 또 무의미하게 지나갔습니다. - 문자/통화 여러번 남겼으나 계속 연락이 되지않아 임대인 남편을 통해 한달도 안남은 시점인 4/23에 겨우 통화하였습니다. 이마저도 바빠서 통화가 어렵다고하여 문자로 한달도 안남은 시점이니 묵시적 연장으로 보고 대출 연장진행 예정이니 은행 전화 받으라는 내용 문자로 남겼습니다. 확인후 답신이나 연락 달라고도 남겼습니다. - 4/24 리마인더 남겼습니다 - 4/25 리마인더 한번 더 남겼고 그제서야 얘기하신대로 계약 진행하라는 답변을 받았습니다 - 이에 따라 4월말 묵시적 계약으로 대출 연장을 진행하였고 4/29 은행에서 연락이 조만간 갈테니 연락 잘 받으시라고 연락드렸습니다 - 4/30에 임대인이 상의해야할 것이 있으니 연락달라고 하여 5/1에 문자확인하여 연락남겼으나 임대인과 연락되지 않아 어떤 일로 연락주셨는지 문자 남겼습니다. - 5/9에 임대인이 보증금 인상이 안됐다고 대출 연장 동의해줄 수 없다고, 묵시적 계약 동의했던 건 3월에 보증금 인상 고려해보겠다고 했던 3억에 대한 내용이였다고 임대인이 의사표현하였습니다. 하기 내용에 대한 법률적 자문 여쭙습니다. 1) 묵시적 계약에 동의하여 동일한 금액에 대한 임대인이 대출 연장 거절하는 것 2) 이 계약은 묵시적 계약으로 볼 수 있는지 3) 만기일 기준 영업일 5일전에 대출 연장 거절 의사 통보하는 것 4) 묵시적 계약에 따른 대출 연장에 동의를 연장을 거절할 경우 만기일 (5/18) 계약종료 통보할 수 있는지 5) 만기일에 보증금 반환해주지 않을시 보증보험 소송이 가능할지 의견 여쭙습니다. 문자내용 파일로 함께 첨부합니다 (파일이 하나밖에 안올라가 주요부분만 업로드했습니다)",provided_synthetic_consultations
CASE-0630,G07,경기,안양시,1억 미만,계약중(종료예정),미상,압류·가압류,미상,경매·공매,상담·검토,"임대인 연락가능유무 : O 보증금 : 전세 6천만원/버팀목 전세대출 잔여 3,400만원 질의내용 > 전세 소액임차인 최우선변제권을 행사할 수 있는지 궁금하며 내년 하반기 중 이사 예정입니다. 그리고 버팀목 전세자금 대출 만기가 2025.10.21에 도래하는데 4회차(마지막)로 2년 연장을 희망하는데 연장할때 필요한 서류와 방법이 궁금합니다. 계약기간 : 2023.10.21~2025.10.21 (최초계약기간 : 2017.10.21~2019.10.21) 계약체결일 : 2017.09.16 전입신고일 : 2017.10.20 확정신고일 : 2017.09.25 내용 5/9 금일 수원지방법원 안양지원에서 경매신청에 관한 안내문을 받았으며 배당요구 종기일 2025.07.08까지 권리신고 및 배당요구 신청예정 (24년 세입자 한분이 퇴실시 돌려받지 못한 보증금 1억으로 인한 강제경매 및 압류 25년 4월 접수)",,unknown,"보증상품 보증상품 미확인 | 주택유형 미상 | 보증금구간 1억 미만 | 계약상태 계약중(종료예정) | 선순위권리 압류·가압류 | 반환보증 미상 | 분쟁유형 경매·공매 | 진행단계 상담·검토 | 상황 임대인 연락가능유무 : O 보증금 : 전세 6천만원/버팀목 전세대출 잔여 3,400만원 질의내용 > 전세 소액임차인 최우선변제권을 행사할 수 있는지 궁금하며 내년 하반기 중 이사 예정입니다. 그리고 버팀목 전세자금 대출 만기가 2025.10.21에 도래하는데 4회차(마지막)로 2년 연장을 희망하는데 연장할때 필요한 서류와 방법이 궁금합니다. 계약기간 : 2023.10.21~2025.10.21 (최초계약기간 : 2017.10.21~2019.10.21) 계약체결일 : 2017.09.16 전입신고일 : 2017.10.20 확정신고일 : 2017.09.25 내용 5/9 금일 수원지방법원 안양지원에서 경매신청에 관한 안내문을 받았으며 배당요구 종기일 2025.07.08까지 권리신고 및 배당요구 신청예정 (24년 세입자 한분이 퇴실시 돌려받지 못한 보증금 1억으로 인한 강제경매 및 압류 25년 4월 접수)",provided_synthetic_consultations
CASE-0631,G07,경기,평택시,1억 미만,계약종료,미상,압류·가압류,미상,기타·일반문의,임차권등기,작년부터 전세금 4500을 받지못해 마음고생을 하고있습니다 집주인은 전세금을 마련해서 조금이라도 돌려줄 의지가 없어보이고 마냥 기다리는것도 답이 아닌것같고요 어쩔수없이 이사를 해야해서 여차여차 임차권등기설정은 마쳤습니다. 혹시 집주인이 법인이라면 제가 집주인을 상대로 통장 가압류를 할수없나요?,,unknown,보증상품 보증상품 미확인 | 주택유형 미상 | 보증금구간 1억 미만 | 계약상태 계약종료 | 선순위권리 압류·가압류 | 반환보증 미상 | 분쟁유형 기타·일반문의 | 진행단계 임차권등기 | 상황 작년부터 전세금 4500을 받지못해 마음고생을 하고있습니다 집주인은 전세금을 마련해서 조금이라도 돌려줄 의지가 없어보이고 마냥 기다리는것도 답이 아닌것같고요 어쩔수없이 이사를 해야해서 여차여차 임차권등기설정은 마쳤습니다. 혹시 집주인이 법인이라면 제가 집주인을 상대로 통장 가압류를 할수없나요?,provided_synthetic_consultations
CASE-0632,G07,미상,미상,2억~3억,계약중(종료예정),미상,미상,가입,기타·일반문의,상담·검토,"최초 계약 중 중도 해지 <조정 신청하는 이유> 신청인은 현재 피신청인과 체결한 주택임대차계약에 따라 거주중이나, - 개인사정 및 결혼으로 인한 거주지 이전이 불가피하여 임대차계약을 중도 해지하고자 합니다. 그러나 임대인은 - 새 임차인 주선 등 손해 발생이 없도록 하겠다는 신청인의, - 보증보험 비용, 전세금 상승 기회 상실 등을 이유로 거부하고, - 중도 해지를 전면 부정하고 있습니다. 이에 따라, 당사자 간 협의가 불가능하다고 판단하여 요청하게 되었습니다. <신청인 주장 요지> 개인사정 및 결혼으로 인한 생활 환경의 중대한 변화에 따라 거주 유지가 불가하능합니다. 퇴거를 위해 새로운 임차인 주선하거나 임대인에게 개인 사정을 얘기하고 양해해 줄 것을 말씀드리면서 손해를 최소화하려는 노력을 충분히 하였습니다. 그럼에도 피신청인은 일방적인 해지를 거부하며, 어떠한 협의도 응하지 않고 있습니다. 다만, 피신청인은 신청인이 계약 시점에 퇴거를 요청했고, 그 시점 계약을 하지 않았으면 신청인은 더 좋았을 것이라고 주장합니다. 사유는 신청인이 계약을 성립하지 않았다면 전세금 지불 전 계약금으로 피신청인에게 지불한 일천만원을 잃을 수 있었음 이에 일천만원 모두를 요구하지 않겠으니, 그에 반하는 50% 500만원을 요구한 바 있습니다. 임대인의 손해 주장(보증보험료, 전세금 인상 기회- 1년 이후 가능함)은 법적으로 보장되지 않거나 현실화된 손해가 아니므로 정당하지 않다고 생각됩니다. <요청사항> 임대차계약의 조기 해지 승낙 보증금 반화 시기 및 방식에 대한 합의 기타 당사자 간 원한만 퇴거 조건에 대한 조정",* 헤결되었다고 함,unknown,"보증상품 보증상품 미확인 | 주택유형 미상 | 보증금구간 2억~3억 | 계약상태 계약중(종료예정) | 선순위권리 미상 | 반환보증 가입 | 분쟁유형 기타·일반문의 | 진행단계 상담·검토 | 상황 최초 계약 중 중도 해지 <조정 신청하는 이유> 신청인은 현재 피신청인과 체결한 주택임대차계약에 따라 거주중이나, - 개인사정 및 결혼으로 인한 거주지 이전이 불가피하여 임대차계약을 중도 해지하고자 합니다. 그러나 임대인은 - 새 임차인 주선 등 손해 발생이 없도록 하겠다는 신청인의, - 보증보험 비용, 전세금 상승 기회 상실 등을 이유로 거부하고, - 중도 해지를 전면 부정하고 있습니다. 이에 따라, 당사자 간 협의가 불가능하다고 판단하여 요청하게 되었습니다. <신청인 주장 요지> 개인사정 및 결혼으로 인한 생활 환경의 중대한 변화에 따라 거주 유지가 불가하능합니다. 퇴거를 위해 새로운 임차인 주선하거나 임대인에게 개인 사정을 얘기하고 양해해 줄 것을 말씀드리면서 손해를 최소화하려는 노력을 충분히 하였습니다. 그럼에도 피신청인은 일방적인 해지를 거부하며, 어떠한 협의도 응하지 않고 있습니다. 다만, 피신청인은 신청인이 계약 시점에 퇴거를 요청했고, 그 시점 계약을 하지 않았으면 신청인은 더 좋았을 것이라고 주장합니다. 사유는 신청인이 계약을 성립하지 않았다면 전세금 지불 전 계약금으로 피신청인에게 지불한 일천만원을 잃을 수 있었음 이에 일천만원 모두를 요구하지 않겠으니, 그에 반하는 50% 500만원을 요구한 바 있습니다. 임대인의 손해 주장(보증보험료, 전세금 인상 기회- 1년 이후 가능함)은 법적으로 보장되지 않거나 현실화된 손해가 아니므로 정당하지 않다고 생각됩니다. <요청사항> 임대차계약의 조기 해지 승낙 보증금 반화 시기 및 방식에 대한 합의 기타 당사자 간 원한만 퇴거 조건에 대한 조정 | 특이사항 * 헤결되었다고 함",provided_synthetic_consultations
CASE-0633,G07,경기,부천시,1억~2억,계약중(종료예정),미상,압류·가압류,미가입,전세사기,내용증명·공시송달,"전세사기, 깡통전세 집계약 후 얼마 있지않아 임대인이 바뀜 바뀌면서 보증금 500 올려달라고 함 재계약을 하고나서 뒤늦게 등기를 발급해보니 집에 가압류가 잡혀있음 재계약을 하면서 보증보험 가입이 없고 내년 만기라 보증금 반환요청을 하니 현재 여유자금이 없어서 매매로 집을 내놓겠지만 집이 나가지 않으면 보증금 반환이 어렵다고 함 내용증명을 보냈는데 반송되었다고 함",,unknown,"보증상품 보증상품 미확인 | 주택유형 미상 | 보증금구간 1억~2억 | 계약상태 계약중(종료예정) | 선순위권리 압류·가압류 | 반환보증 미가입 | 분쟁유형 전세사기 | 진행단계 내용증명·공시송달 | 상황 전세사기, 깡통전세 집계약 후 얼마 있지않아 임대인이 바뀜 바뀌면서 보증금 500 올려달라고 함 재계약을 하고나서 뒤늦게 등기를 발급해보니 집에 가압류가 잡혀있음 재계약을 하면서 보증보험 가입이 없고 내년 만기라 보증금 반환요청을 하니 현재 여유자금이 없어서 매매로 집을 내놓겠지만 집이 나가지 않으면 보증금 반환이 어렵다고 함 내용증명을 보냈는데 반송되었다고 함",provided_synthetic_consultations
CASE-0634,G07,전남,무안군,1억 미만,계약중(종료예정),미상,선순위존재,가입,기타·일반문의,HUG이행청구,"수고하십니다. 저는 현재 전남 무안군 삼향읍, 1727호에 전세들어 살고 있습니다. 전세 기간은 23. 8. 16.~ 25. 8. 15. 입니다. 전세 연장을 위하여 4. 22. 경 문자로 임대인에게 연장 의사를 밝혔습니다만 연락이 없었고 금일 (5. 13)에 임대인 연락처로 전화통화를 시도 하였으나 “착신불가” 상태로 음성이 나왔슺니다. 그리하여 계약하였던 부동산을 방문하여 등기부등본을 떼어보니 가압류 신청이 되어있었고 25년 3월, 25년 4월 (각 8일) 에 카드 대금 1,900만원 / 1,300만원 총 3,300만원 가량을 갚지 못해 가압류 상태였습니다. 여기서 저는 농협에 4,000만원 대출을 하여 보증금을 지급하였습니다. 농협 자체 보증 보험을 가입하였고 따로 HUG는 가입되지 않은것으로 확인 되었습니다. 어떤 것을 우선순위로 일처리를 해야할 지 감이 잡히지 않습니다. 긴 글 읽어주셔서",,unknown,"보증상품 보증상품 미확인 | 주택유형 미상 | 보증금구간 1억 미만 | 계약상태 계약중(종료예정) | 선순위권리 선순위존재 | 반환보증 가입 | 분쟁유형 기타·일반문의 | 진행단계 HUG이행청구 | 상황 수고하십니다. 저는 현재 전남 무안군 삼향읍, 1727호에 전세들어 살고 있습니다. 전세 기간은 23. 8. 16.~ 25. 8. 15. 입니다. 전세 연장을 위하여 4. 22. 경 문자로 임대인에게 연장 의사를 밝혔습니다만 연락이 없었고 금일 (5. 13)에 임대인 연락처로 전화통화를 시도 하였으나 “착신불가” 상태로 음성이 나왔슺니다. 그리하여 계약하였던 부동산을 방문하여 등기부등본을 떼어보니 가압류 신청이 되어있었고 25년 3월, 25년 4월 (각 8일) 에 카드 대금 1,900만원 / 1,300만원 총 3,300만원 가량을 갚지 못해 가압류 상태였습니다. 여기서 저는 농협에 4,000만원 대출을 하여 보증금을 지급하였습니다. 농협 자체 보증 보험을 가입하였고 따로 HUG는 가입되지 않은것으로 확인 되었습니다. 어떤 것을 우선순위로 일처리를 해야할 지 감이 잡히지 않습니다. 긴 글 읽어주셔서",provided_synthetic_consultations
CASE-0635,G07,부산,부산진구,1억~2억,계약종료,오피스텔,미상,미상,전세사기,임차권등기,임차권등기설정이후 2년가까이 보증금을 못받았고 최근에는 집주인과 연락이 끊겼습니다 전세피해신청과 임대인을 전세사기 형사고소까지 진행한 상태이고 현재 기다리는 중입니다 혹시 형사고소가 불기소되면 전세피해도 인정이 안되나요? 사기 기준이 명확해서 인정이 안되는 사람들이 많다 해서요,1. 오피스텔 / 실거래가 1.4억정도 / 우리보증금으로 무자본갭투자,unknown,보증상품 보증상품 미확인 | 주택유형 오피스텔 | 보증금구간 1억~2억 | 계약상태 계약종료 | 선순위권리 미상 | 반환보증 미상 | 분쟁유형 전세사기 | 진행단계 임차권등기 | 상황 임차권등기설정이후 2년가까이 보증금을 못받았고 최근에는 집주인과 연락이 끊겼습니다 전세피해신청과 임대인을 전세사기 형사고소까지 진행한 상태이고 현재 기다리는 중입니다 혹시 형사고소가 불기소되면 전세피해도 인정이 안되나요? 사기 기준이 명확해서 인정이 안되는 사람들이 많다 해서요 | 특이사항 1. 오피스텔 / 실거래가 1.4억정도 / 우리보증금으로 무자본갭투자,provided_synthetic_consultations
CASE-0636,G07,경기,과천시,1억 미만,계약중(종료예정),미상,미상,미상,묵시적갱신분쟁,임차권등기,"2022년 5월 31일 - 2024년 5웍 31일 (24개월 계약) 이후 상호간 연락 없이 묵시적 갱신, 2025년 3월31일에 임대인에게 나간다 통보 여기까지 보면 묵시적 갱신시 통보 3개월 후인 6월31일에 나갈 수 있는 걸로 알고있습니다. 그런데 3월 31일에 나간다고 통보할 때, 2달 뒤인 5월31일에 나가는 걸로 서로 얘기한 경우는 어떻게 되나요? 임대인도 인지하고 부동산에 매물 올렸지만 임대료 인상으로 계약이 안되는지, 갑자기 보증금을 못주겠다고 합니다. 5월31일 임대 종료한다는 녹취도 있습니다. 이 녹취물 달이 아닌 2달 뒤에도 임차권등기를 설정할 수 있을까요?",* 헤결되었다고 함,unknown,"보증상품 보증상품 미확인 | 주택유형 미상 | 보증금구간 1억 미만 | 계약상태 계약중(종료예정) | 선순위권리 미상 | 반환보증 미상 | 분쟁유형 묵시적갱신분쟁 | 진행단계 임차권등기 | 상황 2022년 5월 31일 - 2024년 5웍 31일 (24개월 계약) 이후 상호간 연락 없이 묵시적 갱신, 2025년 3월31일에 임대인에게 나간다 통보 여기까지 보면 묵시적 갱신시 통보 3개월 후인 6월31일에 나갈 수 있는 걸로 알고있습니다. 그런데 3월 31일에 나간다고 통보할 때, 2달 뒤인 5월31일에 나가는 걸로 서로 얘기한 경우는 어떻게 되나요? 임대인도 인지하고 부동산에 매물 올렸지만 임대료 인상으로 계약이 안되는지, 갑자기 보증금을 못주겠다고 합니다. 5월31일 임대 종료한다는 녹취도 있습니다. 이 녹취물 달이 아닌 2달 뒤에도 임차권등기를 설정할 수 있을까요? | 특이사항 * 헤결되었다고 함",provided_synthetic_consultations
CASE-0637,G07,부산,수영구,1억~2억,계약중(종료예정),미상,근저당설정,미상,경매·공매,상담·검토,"1. 20.02.24 최초계약 22.06.23 갱신계약 이후 묵시적 계약 2. 24.10 계약자 결혼으로 인한 전출(나머지 가족은 등기에 남아 있었음) 3. 25.03 퇴거통보하니 다음 세입자 오기전까진 돈 줄수없다고 해서 계약자 급하게 세대원으로 다시 전입신고함 질문1. 제가 전출했다가 다시 들어온것에 대해 대항력 부분에서 아무 상관 없나요? 세대주가 아닌 세대원으로 있어도 되나요? 질문2.저는 경매셀프낙찰까지 생각하고 있는데, 집주인이 명의이전이나 가등기 등 다른 변수로 낙찰되지 못할 가능성도 있나요(현재는 등기 근저당 없고 깨끗합니다)",,unknown,"보증상품 보증상품 미확인 | 주택유형 미상 | 보증금구간 1억~2억 | 계약상태 계약중(종료예정) | 선순위권리 근저당설정 | 반환보증 미상 | 분쟁유형 경매·공매 | 진행단계 상담·검토 | 상황 1. 20.02.24 최초계약 22.06.23 갱신계약 이후 묵시적 계약 2. 24.10 계약자 결혼으로 인한 전출(나머지 가족은 등기에 남아 있었음) 3. 25.03 퇴거통보하니 다음 세입자 오기전까진 돈 줄수없다고 해서 계약자 급하게 세대원으로 다시 전입신고함 질문1. 제가 전출했다가 다시 들어온것에 대해 대항력 부분에서 아무 상관 없나요? 세대주가 아닌 세대원으로 있어도 되나요? 질문2.저는 경매셀프낙찰까지 생각하고 있는데, 집주인이 명의이전이나 가등기 등 다른 변수로 낙찰되지 못할 가능성도 있나요(현재는 등기 근저당 없고 깨끗합니다)",provided_synthetic_consultations
CASE-0638,G07,대전,동구,1억 미만,계약중(종료예정),다세대주택,미상,미상,보증금미반환,상담·검토,전세 만료까지 3달정도 남았는데 집주인과 연락두절된지 15개월째 동일 집주인에게 연락두절된 피해자 다수발견함 집주인에게 보증금 반환대신 집명의를 받을수 있는지,1. 다세대 / 깡통주택,unknown,보증상품 보증상품 미확인 | 주택유형 다세대주택 | 보증금구간 1억 미만 | 계약상태 계약중(종료예정) | 선순위권리 미상 | 반환보증 미상 | 분쟁유형 보증금미반환 | 진행단계 상담·검토 | 상황 전세 만료까지 3달정도 남았는데 집주인과 연락두절된지 15개월째 동일 집주인에게 연락두절된 피해자 다수발견함 집주인에게 보증금 반환대신 집명의를 받을수 있는지 | 특이사항 1. 다세대 / 깡통주택,provided_synthetic_consultations
CASE-0639,G07,서울,구로구,1억~2억,계약중(종료예정),오피스텔,근저당설정,미가입,전세사기,임차권등기,"1. 19년 7월부터 계약 현재까지 묵시적갱신중 2507.07 만료 2. 3개월 이전 해지 통보 및 매물 등록 세입자 구해졌었으나 전세대출불가로 중단 3. 부동산측 연락해보니 집주인 회생신청중 대출불가로 인해 중개 중단, 기각가능성이 높음, 생활고 및 고정수입X, 집주인 재정상태 사전고지 등 부동산과 임차인(본인) 모두 몰랐음 -보증금은 1억 천, 근저당없음, 보증보험 없음 19년에 이미 확정일자 전입신고하여 제가 선순위이고 25년1월 농협 가압류 3천만원인 상태입니다. 오피스텔 기준가 1억 700, 시세 1억3천-3600 *최초계약시 특약 - 임차인 유무 상관없이 보증금 반환한다. 기재되어있는데 1. 효과가 있나요? 현재 임대인은 저랑은 연락이 안되고 부동산측과는 돼서 내용증명 보낸 상태이며 오늘 전세사기피해자등록을 마친 상태입니다. 검색해본 결과, 회생신청했지만 기각시(기간사유가 높음) 2. 경매로 넘어가서 새임대인에게 보증금은 반환받거나 3. 셀프낙찰로 받는 두가지 경우의 수가 있는거 같은데 제가 현재 알고있는게 맞을까요? 그리고 4. 가장 저에게 피해가 없고 최대한 다 돌려받을 수 있는 방법은 무엇일까요, 추후 제가 취해야할 조치도 안내부탁드립니다. 7월 곧 대출이 만기라 당장 상환하기 어렵습니다. 5. 묵시적갱신을 어쩔수없이 또 할시 대출연장이 될까요? 현재 1월 가압류 농협말곤 등기부등본은 깨끗합니다. 대출금상황이 현재 어려운 상태입니다. 우선 이틀만에 일어난 일이라 알아보는중인데 어떻게하는게 좋을까요? 5가지 질문에 대한 자세한 설명좀 부탁드리겠습니다",,unknown,"보증상품 보증상품 미확인 | 주택유형 오피스텔 | 보증금구간 1억~2억 | 계약상태 계약중(종료예정) | 선순위권리 근저당설정 | 반환보증 미가입 | 분쟁유형 전세사기 | 진행단계 임차권등기 | 상황 1. 19년 7월부터 계약 현재까지 묵시적갱신중 2507.07 만료 2. 3개월 이전 해지 통보 및 매물 등록 세입자 구해졌었으나 전세대출불가로 중단 3. 부동산측 연락해보니 집주인 회생신청중 대출불가로 인해 중개 중단, 기각가능성이 높음, 생활고 및 고정수입X, 집주인 재정상태 사전고지 등 부동산과 임차인(본인) 모두 몰랐음 -보증금은 1억 천, 근저당없음, 보증보험 없음 19년에 이미 확정일자 전입신고하여 제가 선순위이고 25년1월 농협 가압류 3천만원인 상태입니다. 오피스텔 기준가 1억 700, 시세 1억3천-3600 *최초계약시 특약 - 임차인 유무 상관없이 보증금 반환한다. 기재되어있는데 1. 효과가 있나요? 현재 임대인은 저랑은 연락이 안되고 부동산측과는 돼서 내용증명 보낸 상태이며 오늘 전세사기피해자등록을 마친 상태입니다. 검색해본 결과, 회생신청했지만 기각시(기간사유가 높음) 2. 경매로 넘어가서 새임대인에게 보증금은 반환받거나 3. 셀프낙찰로 받는 두가지 경우의 수가 있는거 같은데 제가 현재 알고있는게 맞을까요? 그리고 4. 가장 저에게 피해가 없고 최대한 다 돌려받을 수 있는 방법은 무엇일까요, 추후 제가 취해야할 조치도 안내부탁드립니다. 7월 곧 대출이 만기라 당장 상환하기 어렵습니다. 5. 묵시적갱신을 어쩔수없이 또 할시 대출연장이 될까요? 현재 1월 가압류 농협말곤 등기부등본은 깨끗합니다. 대출금상황이 현재 어려운 상태입니다. 우선 이틀만에 일어난 일이라 알아보는중인데 어떻게하는게 좋을까요? 5가지 질문에 대한 자세한 설명좀 부탁드리겠습니다",provided_synthetic_consultations
CASE-0640,G07,경기,파주시,1억~2억,계약중(종료예정),오피스텔,미상,가입,보증금미반환,소송제기,"25.07.27 날짜로 오피스텔 전세 계약 만료입니다. 보증금 1억1천 만원(전액 신용대출)이며 전세보증보험 가입을 안했습니다 계약만료 2개월전 임대인한테 연장 없이 퇴실여부 의사 전달했으나 예비 세입자가 들어와도 역전세로 인한 보증금 차액을 반환할 능력이 안된다고 합니다.(대략 2500만원~3000만원 예상) 전입신고, 확정일자 모두 갖추고 있습니다. 제가 26년 2월쯤 직장 퇴사를 고려하고 있었습니다. 그래서 보증금을 빨리 반환받고 대출금 상환을 하려고 하는데 현재 현실적으로 제가 취할 수 있는 행동과 좋은 전략이 무엇이 있을까요 ex) 1. 예비 세입받아서 일부 보증금 받고 차액은 체납은 공증 작성. 2. 전세 만료일 다음날 임차권등기명령 신청후 지급명령 or 전세보증금반환신청. 3. 다른 방안도 있을까요 ※기타 참고사항 등기부 갑구 정상 등기부 을구 아무것도 없음",1. 오피스텔 / 대항력은 있으나 깡통(계약할때부터 깡통),jeonse_return,"보증상품 전세보증금반환보증 | 주택유형 오피스텔 | 보증금구간 1억~2억 | 계약상태 계약중(종료예정) | 선순위권리 미상 | 반환보증 가입 | 분쟁유형 보증금미반환 | 진행단계 소송제기 | 상황 25.07.27 날짜로 오피스텔 전세 계약 만료입니다. 보증금 1억1천 만원(전액 신용대출)이며 전세보증보험 가입을 안했습니다 계약만료 2개월전 임대인한테 연장 없이 퇴실여부 의사 전달했으나 예비 세입자가 들어와도 역전세로 인한 보증금 차액을 반환할 능력이 안된다고 합니다.(대략 2500만원~3000만원 예상) 전입신고, 확정일자 모두 갖추고 있습니다. 제가 26년 2월쯤 직장 퇴사를 고려하고 있었습니다. 그래서 보증금을 빨리 반환받고 대출금 상환을 하려고 하는데 현재 현실적으로 제가 취할 수 있는 행동과 좋은 전략이 무엇이 있을까요 ex) 1. 예비 세입받아서 일부 보증금 받고 차액은 체납은 공증 작성. 2. 전세 만료일 다음날 임차권등기명령 신청후 지급명령 or 전세보증금반환신청. 3. 다른 방안도 있을까요 ※기타 참고사항 등기부 갑구 정상 등기부 을구 아무것도 없음 | 특이사항 1. 오피스텔 / 대항력은 있으나 깡통(계약할때부터 깡통)",provided_synthetic_consultations
CASE-0641,G07,충남,천안시,3억 이상,계약중(종료예정),미상,선순위존재,가입,기타·일반문의,상담·검토,부동산시세보다 선순위채권 + 전세보증금 금액이 커서 전세 대출 연장이 불가하다는 답변을 받았으며 현재 대출실행 은행은 선순위채권을 체크하지 못했다며 전세보증금액을 낮춘 계약서가 있어서 대출연장이 안된다고 합니다. 다른은행 상담 해 보니 선순위채권이 있어도 전세보증금과의 금액이 부동산시세내에 있으면 대출이 가능하다는 답변을 받았습니다. 문제는 전세보증금을 낮춰서 계약서를 작성해도 낮춘금액(차액)을 임대인이 주지 못하는 상황이라고 합니다. 이런경우 차액에 대해 차용증과 공증을 해야한다고 하는데 필요서류와 전세계약 만료시 전세보증금과 차액금을 모두 받을 수 있게 해야하는데 막막합니다. 도움,* 해결되었다고 함,unknown,보증상품 보증상품 미확인 | 주택유형 미상 | 보증금구간 3억 이상 | 계약상태 계약중(종료예정) | 선순위권리 선순위존재 | 반환보증 가입 | 분쟁유형 기타·일반문의 | 진행단계 상담·검토 | 상황 부동산시세보다 선순위채권 + 전세보증금 금액이 커서 전세 대출 연장이 불가하다는 답변을 받았으며 현재 대출실행 은행은 선순위채권을 체크하지 못했다며 전세보증금액을 낮춘 계약서가 있어서 대출연장이 안된다고 합니다. 다른은행 상담 해 보니 선순위채권이 있어도 전세보증금과의 금액이 부동산시세내에 있으면 대출이 가능하다는 답변을 받았습니다. 문제는 전세보증금을 낮춰서 계약서를 작성해도 낮춘금액(차액)을 임대인이 주지 못하는 상황이라고 합니다. 이런경우 차액에 대해 차용증과 공증을 해야한다고 하는데 필요서류와 전세계약 만료시 전세보증금과 차액금을 모두 받을 수 있게 해야하는데 막막합니다. 도움 | 특이사항 * 해결되었다고 함,provided_synthetic_consultations
CASE-0642,G07,광주,광산구,미상,계약중(종료예정),미상,미상,가입,보증금미반환,내용증명·공시송달,전세보증금반환 내용증명발송,,unknown,보증상품 보증상품 미확인 | 주택유형 미상 | 보증금구간 미상 | 계약상태 계약중(종료예정) | 선순위권리 미상 | 반환보증 가입 | 분쟁유형 보증금미반환 | 진행단계 내용증명·공시송달 | 상황 전세보증금반환 내용증명발송,provided_synthetic_consultations
CASE-0643,G07,광주,미상,2억~3억,계약종료,다세대주택,선순위존재,미상,기타·일반문의,소송제기,1. 계약 종료 1년이 지났습니다. 종료 전에 내용증명 다 반송됐는데 임차권등기 가능할까요? 2. 반환소송 비용은 얼마나 들까요,1. 22.2 최초계약 / 다세대 / 대항력있는 선순위임차인,unknown,보증상품 보증상품 미확인 | 주택유형 다세대주택 | 보증금구간 2억~3억 | 계약상태 계약종료 | 선순위권리 선순위존재 | 반환보증 미상 | 분쟁유형 기타·일반문의 | 진행단계 소송제기 | 상황 1. 계약 종료 1년이 지났습니다. 종료 전에 내용증명 다 반송됐는데 임차권등기 가능할까요? 2. 반환소송 비용은 얼마나 들까요 | 특이사항 1. 22.2 최초계약 / 다세대 / 대항력있는 선순위임차인,provided_synthetic_consultations
CASE-0644,G07,대전,서구,1억~2억,계약종료,다가구주택,미상,미상,전세사기,임차권등기,"2023년 5월경 계약이 종료되었고, 종료 3개월전에 보증금 돌려달라고 요청하였으나, 현재까지 못 받고 있습니다. 임차권 설정을 해두었고, 여전히 해당 빌라에서 거주중입니다. 저말고도 다른 집도 임차권을 걸어두고 이사를 가거나 거주중입니다. 등기부등본에 확인해보면 제가 확정일자, 임차권등기명령도 1순위로 되어있습니다. 그런데 지난달 말에 집주인이 저 말고 다른 집부터 전세금을 돌려주었다는것을 알게 되었습니다. 등기부등본에 임차권이 해지가 되었던 것을 확인했습니다. 여기서 제가 궁금한 점은 계약순위가 분명히 존재하는데 제가 먼저 받지 못한거에 대해서 사기 혹은 법적인 제재를 할 수 있는게 있을지",1. 다가구주택 / 18가구 중 1번째 임차인,unknown,"보증상품 보증상품 미확인 | 주택유형 다가구주택 | 보증금구간 1억~2억 | 계약상태 계약종료 | 선순위권리 미상 | 반환보증 미상 | 분쟁유형 전세사기 | 진행단계 임차권등기 | 상황 2023년 5월경 계약이 종료되었고, 종료 3개월전에 보증금 돌려달라고 요청하였으나, 현재까지 못 받고 있습니다. 임차권 설정을 해두었고, 여전히 해당 빌라에서 거주중입니다. 저말고도 다른 집도 임차권을 걸어두고 이사를 가거나 거주중입니다. 등기부등본에 확인해보면 제가 확정일자, 임차권등기명령도 1순위로 되어있습니다. 그런데 지난달 말에 집주인이 저 말고 다른 집부터 전세금을 돌려주었다는것을 알게 되었습니다. 등기부등본에 임차권이 해지가 되었던 것을 확인했습니다. 여기서 제가 궁금한 점은 계약순위가 분명히 존재하는데 제가 먼저 받지 못한거에 대해서 사기 혹은 법적인 제재를 할 수 있는게 있을지 | 특이사항 1. 다가구주택 / 18가구 중 1번째 임차인",provided_synthetic_consultations
CASE-0645,G07,경북,구미시,1억 미만,계약종료,미상,압류·가압류,미상,경매·공매,임차권등기,"가압류 2건, 임차권등기 4건에서 현재는 임의경매까지 개시된 상황입니다 어떻게 하는게 좋을까요",,unknown,"보증상품 보증상품 미확인 | 주택유형 미상 | 보증금구간 1억 미만 | 계약상태 계약종료 | 선순위권리 압류·가압류 | 반환보증 미상 | 분쟁유형 경매·공매 | 진행단계 임차권등기 | 상황 가압류 2건, 임차권등기 4건에서 현재는 임의경매까지 개시된 상황입니다 어떻게 하는게 좋을까요",provided_synthetic_consultations
CASE-0646,G07,미상,미상,2억~3억,계약종료,다세대주택,선순위존재,미상,전세사기,상담·검토,"[현황] 임대인 : 김용현 (71년 5월 23일) 이미 알려진 김용현과 동명이인으로 추정됨 전세사기 피해자로 불인정 됨(5/13) 사유 : 임대인 등에 대한 수사 개시, 임대인 등의 기망, 임대인이 임차보증금을 반환할 능력이 없는 자에 대한 임차주택의 양도 또는 임대보증금을 반환할 능력 없이 다수의 주택 취득, 임대 등 임대인이 임차보증금반환채무를 이행하지 아니할 의도가 있었다고 의심할 만한 상당한 이유가 있는 경우에 비해당된다고 되어 있음 [도움요청] - 동일 임대인으로부터 피해받은 임차인들을 확인할 수 있는지, - 임대인의 재산상황을 확인할 수 있는지, - 피해자로 인정받기 위한 이의신청으로 무엇을 보완해야 할지 - 전세 계약은 작년 11월 만기되었고 은행 대출은 임차권 등기 신청을 근거로 가능하여 6개월씩 2번 모두 연장하여 추가 연장을 위해 무엇을 해야할지 위의 내용에 대해 도움받고자",1. 다세대 / 대항력있는 선순위임차인,unknown,"보증상품 보증상품 미확인 | 주택유형 다세대주택 | 보증금구간 2억~3억 | 계약상태 계약종료 | 선순위권리 선순위존재 | 반환보증 미상 | 분쟁유형 전세사기 | 진행단계 상담·검토 | 상황 [현황] 임대인 : 김용현 (71년 5월 23일) 이미 알려진 김용현과 동명이인으로 추정됨 전세사기 피해자로 불인정 됨(5/13) 사유 : 임대인 등에 대한 수사 개시, 임대인 등의 기망, 임대인이 임차보증금을 반환할 능력이 없는 자에 대한 임차주택의 양도 또는 임대보증금을 반환할 능력 없이 다수의 주택 취득, 임대 등 임대인이 임차보증금반환채무를 이행하지 아니할 의도가 있었다고 의심할 만한 상당한 이유가 있는 경우에 비해당된다고 되어 있음 [도움요청] - 동일 임대인으로부터 피해받은 임차인들을 확인할 수 있는지, - 임대인의 재산상황을 확인할 수 있는지, - 피해자로 인정받기 위한 이의신청으로 무엇을 보완해야 할지 - 전세 계약은 작년 11월 만기되었고 은행 대출은 임차권 등기 신청을 근거로 가능하여 6개월씩 2번 모두 연장하여 추가 연장을 위해 무엇을 해야할지 위의 내용에 대해 도움받고자 | 특이사항 1. 다세대 / 대항력있는 선순위임차인",provided_synthetic_consultations
CASE-0647,G07,경기,수원시,1억~2억,계약중(종료예정),미상,압류·가압류,가입,묵시적갱신분쟁,내용증명·공시송달,"최초계약: 21.8.11(확정일자, 전입신고) > 묵시적갱신: 23.9.9 > 만료일 25.9.9 임대인과 직접 연락 대신, 관리소 통해서 연락 및 계약 진행 중입니다. (연장 및 기타 계약들) HUG 보증보험 가입상태이며, 최근 등기부등본 조회했는데 카드사 가압류(2,500만원) 걸려있어서 찝찝해서연장없이 만료 퇴거하려고 합니다. 중기청대출 1억 / 4,700만원 총 1억 4700만원 전세금으로 들어가있는데 관리소에 이번달 중으로 (만료 3개월 전) 만료 여부 알려주겠다 만료일 기준 임차인 상관없이 전세금 반환으로 알겠다고 전달했는데, 무조건 반환은 쉽지 않을거라는 답변이 말이 되나요 ? 집주인한테 문자 또는 통화로 계약종료 의사 전달 후 답변 없으면 공시송달 신청해서 내용증명 전달하면 보증금 반환 가능할까요???",,unknown,"보증상품 보증상품 미확인 | 주택유형 미상 | 보증금구간 1억~2억 | 계약상태 계약중(종료예정) | 선순위권리 압류·가압류 | 반환보증 가입 | 분쟁유형 묵시적갱신분쟁 | 진행단계 내용증명·공시송달 | 상황 최초계약: 21.8.11(확정일자, 전입신고) > 묵시적갱신: 23.9.9 > 만료일 25.9.9 임대인과 직접 연락 대신, 관리소 통해서 연락 및 계약 진행 중입니다. (연장 및 기타 계약들) HUG 보증보험 가입상태이며, 최근 등기부등본 조회했는데 카드사 가압류(2,500만원) 걸려있어서 찝찝해서연장없이 만료 퇴거하려고 합니다. 중기청대출 1억 / 4,700만원 총 1억 4700만원 전세금으로 들어가있는데 관리소에 이번달 중으로 (만료 3개월 전) 만료 여부 알려주겠다 만료일 기준 임차인 상관없이 전세금 반환으로 알겠다고 전달했는데, 무조건 반환은 쉽지 않을거라는 답변이 말이 되나요 ? 집주인한테 문자 또는 통화로 계약종료 의사 전달 후 답변 없으면 공시송달 신청해서 내용증명 전달하면 보증금 반환 가능할까요???",provided_synthetic_consultations
CASE-0648,G07,미상,미상,1억 미만,계약종료,아파트,선순위존재,미상,기타·일반문의,상담·검토,현재 7300만원 중 시세가 2000만원이 차이가 납니다 그런데 집주인이 명의를 아들로 받아서 집주인은 교도소 가있어서 집주인 아들과 연락하고 있는데 현재 채무불이행등재 신청과 압류 준비중인데 저보고 천만원 밖에 못준다며 하길래 제가 압류 등등 다 준비하겠다 하면서 회생이나 파산 할거니 어자피 걸어도 못받으니 알아서 해라 하더라구요 정말 한푼도 못받나요? 돈도 받아야지만 괘씸해서요,1. 아파트 / 대항력있는 선순위임차인 / 깡통주택 / 매매5천만원,unknown,보증상품 보증상품 미확인 | 주택유형 아파트 | 보증금구간 1억 미만 | 계약상태 계약종료 | 선순위권리 선순위존재 | 반환보증 미상 | 분쟁유형 기타·일반문의 | 진행단계 상담·검토 | 상황 현재 7300만원 중 시세가 2000만원이 차이가 납니다 그런데 집주인이 명의를 아들로 받아서 집주인은 교도소 가있어서 집주인 아들과 연락하고 있는데 현재 채무불이행등재 신청과 압류 준비중인데 저보고 천만원 밖에 못준다며 하길래 제가 압류 등등 다 준비하겠다 하면서 회생이나 파산 할거니 어자피 걸어도 못받으니 알아서 해라 하더라구요 정말 한푼도 못받나요? 돈도 받아야지만 괘씸해서요 | 특이사항 1. 아파트 / 대항력있는 선순위임차인 / 깡통주택 / 매매5천만원,provided_synthetic_consultations
CASE-0649,G07,서울,마포구,1억~2억,계약종료,다가구주택,미상,가입,전세사기,소송제기,"25.02.26. 계약 만료일이었으나 보증금을 돌려받지 못했습니다. 중소기업 대출 연장이 필요하여 주택임차권 설정을 바로 진행했고 25.02.27.에 설정이 완료, 25.02.28.에 등기부등본 확인하여 목적물 인도하였습니다. 임대인은 문자 답장이 없고 계속해서 임대인 배우자가 본인과 이야기 나누자 해서 임대인 배우자와 소통을 진행했습니다. 아직까지도 보증금을 돌려받지 못해 25.05.09. 보증금 반환소송을 시작했는데요. 보정명령이 있어 25.05.14.에 피고(임대인)에게 소장부본/소송안내서/청구취지및청구원인변경신청서가 송달되었습니다. 임대인은 병원 입원중이라 주장하고 있어서 + 초본 상 거주지와 실거주가 달라서 수령이 어렵지 않을까 싶습니다. 소송 진행은 미리 공지 하지 않았고, 25.05.16.에 임대인과 전화연결이 되어 구두로 소송을 진행할거니 서류가면 받으시라 말하였습니다. 이후에는 또 임대인이 배우자한테 소통하라고했나봐요 문자 답은 없고 임대인 배우자만 방보러 오는 학생들이 있으니 기다려달라는 말만 3개월 전과 동일하게 반복하고 있어요. 보증금 반환 소송에 대해 더 도움받을 수 있는 게 있을까요? 제가 임대인과 임대인 배우자와 소통할 때 더 신경써서 기록을 남겨놓거나 해야할 게 있을가요? 보증금 반환 소송이 패소하는 경우도 있을까요? 월 말일에 신청한 전세사기 피해자 결정문은 미충족으로 불인정되어 이의신청 준비 중입니다. 다가구인데 호수는 많고 저보다 먼저 퇴실한 호실이 주택임차권을 설정해두어서 그 분도 전세사기 피해이지 않을까 예측하는 정도예요. 그런데 이 분은 허그로 돈 받으신 것 같고요. 임차권자가 한국토지주택공사입니다.",,unknown,"보증상품 보증상품 미확인 | 주택유형 다가구주택 | 보증금구간 1억~2억 | 계약상태 계약종료 | 선순위권리 미상 | 반환보증 가입 | 분쟁유형 전세사기 | 진행단계 소송제기 | 상황 25.02.26. 계약 만료일이었으나 보증금을 돌려받지 못했습니다. 중소기업 대출 연장이 필요하여 주택임차권 설정을 바로 진행했고 25.02.27.에 설정이 완료, 25.02.28.에 등기부등본 확인하여 목적물 인도하였습니다. 임대인은 문자 답장이 없고 계속해서 임대인 배우자가 본인과 이야기 나누자 해서 임대인 배우자와 소통을 진행했습니다. 아직까지도 보증금을 돌려받지 못해 25.05.09. 보증금 반환소송을 시작했는데요. 보정명령이 있어 25.05.14.에 피고(임대인)에게 소장부본/소송안내서/청구취지및청구원인변경신청서가 송달되었습니다. 임대인은 병원 입원중이라 주장하고 있어서 + 초본 상 거주지와 실거주가 달라서 수령이 어렵지 않을까 싶습니다. 소송 진행은 미리 공지 하지 않았고, 25.05.16.에 임대인과 전화연결이 되어 구두로 소송을 진행할거니 서류가면 받으시라 말하였습니다. 이후에는 또 임대인이 배우자한테 소통하라고했나봐요 문자 답은 없고 임대인 배우자만 방보러 오는 학생들이 있으니 기다려달라는 말만 3개월 전과 동일하게 반복하고 있어요. 보증금 반환 소송에 대해 더 도움받을 수 있는 게 있을까요? 제가 임대인과 임대인 배우자와 소통할 때 더 신경써서 기록을 남겨놓거나 해야할 게 있을가요? 보증금 반환 소송이 패소하는 경우도 있을까요? 월 말일에 신청한 전세사기 피해자 결정문은 미충족으로 불인정되어 이의신청 준비 중입니다. 다가구인데 호수는 많고 저보다 먼저 퇴실한 호실이 주택임차권을 설정해두어서 그 분도 전세사기 피해이지 않을까 예측하는 정도예요. 그런데 이 분은 허그로 돈 받으신 것 같고요. 임차권자가 한국토지주택공사입니다.",provided_synthetic_consultations
CASE-0650,G07,경기,오산시,1억 미만,계약종료,다가구주택,미상,미가입,기타·일반문의,상담·검토,2017년 7월 전세 계약후 지금까지 거주중이었는데요 갑자기 집주인 파산선고 등기 수령 했습니다. 앞으로 어떻게 대응해야 할지 보증보험은 없는 상태입니다,1. 다가구주택,unknown,보증상품 보증상품 미확인 | 주택유형 다가구주택 | 보증금구간 1억 미만 | 계약상태 계약종료 | 선순위권리 미상 | 반환보증 미가입 | 분쟁유형 기타·일반문의 | 진행단계 상담·검토 | 상황 2017년 7월 전세 계약후 지금까지 거주중이었는데요 갑자기 집주인 파산선고 등기 수령 했습니다. 앞으로 어떻게 대응해야 할지 보증보험은 없는 상태입니다 | 특이사항 1. 다가구주택,provided_synthetic_consultations
CASE-0651,G07,대전,서구,1억 미만,계약종료,미상,미상,미상,전세사기,임차권등기,"1. 임대차계약은 20년 9월~22년 9월 만기였으나, 연 연장하여 24년 9월 만기였음. 2. 23년 12월 경매 통보가 왔고, 임대인은 얼른 해결하겠다고 하였으나 해결되지 않음. 내용증명 송달하였고 임차권등기명령 설정해놓은 상태이며, 전세사기피해자 신청위해 형사고소 까지 진행하였으나 전세사기피해자 미충족으로 인해 부결. 3. 25년 5월 경매절차가 취소되었으나 현재까지 보증금 미반환 상태. 은행 대출 만기일은 25년 9월입니다.",,unknown,"보증상품 보증상품 미확인 | 주택유형 미상 | 보증금구간 1억 미만 | 계약상태 계약종료 | 선순위권리 미상 | 반환보증 미상 | 분쟁유형 전세사기 | 진행단계 임차권등기 | 상황 1. 임대차계약은 20년 9월~22년 9월 만기였으나, 연 연장하여 24년 9월 만기였음. 2. 23년 12월 경매 통보가 왔고, 임대인은 얼른 해결하겠다고 하였으나 해결되지 않음. 내용증명 송달하였고 임차권등기명령 설정해놓은 상태이며, 전세사기피해자 신청위해 형사고소 까지 진행하였으나 전세사기피해자 미충족으로 인해 부결. 3. 25년 5월 경매절차가 취소되었으나 현재까지 보증금 미반환 상태. 은행 대출 만기일은 25년 9월입니다.",provided_synthetic_consultations
CASE-0652,G07,경기,부천시,1억~2억,계약중(종료예정),다세대주택,미상,가입,보증금미반환,상담·검토,"3개월 전 계약 갱신 거절 문자를 남겨두었고, 임대인이 전세금 반환이 되지 않는다 얘기를 해 둔 상태입니다. 현재 이 집에 들어오겠다는 세입자는 제 계약 만기보다 한두 달 정도 뒤이고, 새로 보증보험을 가입하기 위해서는 제가 계약한 보증금보다 1050만원 정도 낮아야만 가능한 상태입니다. 저는 최대한 보증보험 청구 대신 합의를 하고 싶어 아래의 문자대로 합의를 요청하였으나, 임대인은 보증보험을 청구하라 아래처럼 남겨둔 상태입니다. 이때 보증보험을 청구할 때 갱신 의사를 보이지 않았냐 하며 보증 이행 승인이 거절될 수 있을까요?",1. 다세대 / 대항력도 있고 보증보험도 있다 / 심지어 깡통주택도 아니다,unknown,"보증상품 보증상품 미확인 | 주택유형 다세대주택 | 보증금구간 1억~2억 | 계약상태 계약중(종료예정) | 선순위권리 미상 | 반환보증 가입 | 분쟁유형 보증금미반환 | 진행단계 상담·검토 | 상황 3개월 전 계약 갱신 거절 문자를 남겨두었고, 임대인이 전세금 반환이 되지 않는다 얘기를 해 둔 상태입니다. 현재 이 집에 들어오겠다는 세입자는 제 계약 만기보다 한두 달 정도 뒤이고, 새로 보증보험을 가입하기 위해서는 제가 계약한 보증금보다 1050만원 정도 낮아야만 가능한 상태입니다. 저는 최대한 보증보험 청구 대신 합의를 하고 싶어 아래의 문자대로 합의를 요청하였으나, 임대인은 보증보험을 청구하라 아래처럼 남겨둔 상태입니다. 이때 보증보험을 청구할 때 갱신 의사를 보이지 않았냐 하며 보증 이행 승인이 거절될 수 있을까요? | 특이사항 1. 다세대 / 대항력도 있고 보증보험도 있다 / 심지어 깡통주택도 아니다",provided_synthetic_consultations
CASE-0653,G07,인천,서구,1억 미만,계약중(종료예정),미상,미상,가입,전세사기,상담·검토,"집주인이 보증보험공단에서 공시지가가 150만원 가량 넘어서 현재 보증보험 가입이 불가하다고 하네요. 그래서 150만원 가량 현금으로 제게 주고 재계약을 하자고 하네요. 이와관련하여 조문을 구하고자 합니다. 질문 사항을 정리해 보았습니다. 1. **제 계약 상태 관련** - 현재 전세 계약서를 다시 쓰자는 제안을 받았는데, 이게 합법적인가요? - 공시지가보다 높은 금액으로 계약했을 때 어떤 문제가 생기나요? 1. **보증금 일부 반환 관련** - 집주인이 보증금 150만 원 가량 현금으로 주고 계약서를 다시 쓰자고 합니다. 이런 방식이 문제가 되지 않나요? - 현금으로 돌려받을 경우 어떤 증빙을 꼭 남겨야 하나요? - 이 방식이 전세사기에 자주 쓰인다고 들었는데, 제 사례도 그런 위험이 있나요? 1. **계약서 재작성 시 주의점** - 계약서를 다시 쓸 경우, 기존 계약은 자동으로 해지되는 건가요? 따로 해지서를 써야 하나요? - 새 계약서에는 어떤 내용을 꼭 넣어야 하나요? (예: 총 보증금, 반환 금액 등)",1. 임대사업자인데 표준임대차계약서x,unknown,"보증상품 보증상품 미확인 | 주택유형 미상 | 보증금구간 1억 미만 | 계약상태 계약중(종료예정) | 선순위권리 미상 | 반환보증 가입 | 분쟁유형 전세사기 | 진행단계 상담·검토 | 상황 집주인이 보증보험공단에서 공시지가가 150만원 가량 넘어서 현재 보증보험 가입이 불가하다고 하네요. 그래서 150만원 가량 현금으로 제게 주고 재계약을 하자고 하네요. 이와관련하여 조문을 구하고자 합니다. 질문 사항을 정리해 보았습니다. 1. **제 계약 상태 관련** - 현재 전세 계약서를 다시 쓰자는 제안을 받았는데, 이게 합법적인가요? - 공시지가보다 높은 금액으로 계약했을 때 어떤 문제가 생기나요? 1. **보증금 일부 반환 관련** - 집주인이 보증금 150만 원 가량 현금으로 주고 계약서를 다시 쓰자고 합니다. 이런 방식이 문제가 되지 않나요? - 현금으로 돌려받을 경우 어떤 증빙을 꼭 남겨야 하나요? - 이 방식이 전세사기에 자주 쓰인다고 들었는데, 제 사례도 그런 위험이 있나요? 1. **계약서 재작성 시 주의점** - 계약서를 다시 쓸 경우, 기존 계약은 자동으로 해지되는 건가요? 따로 해지서를 써야 하나요? - 새 계약서에는 어떤 내용을 꼭 넣어야 하나요? (예: 총 보증금, 반환 금액 등) | 특이사항 1. 임대사업자인데 표준임대차계약서x",provided_synthetic_consultations
CASE-0654,G07,서울,광진구,2억~3억,계약종료,다가구주택,미상,미상,경매·공매,소송제기,"24.09.20 일자로 임대차 계약이 종료된 상황에서 임대차 등기를 마쳤고, 전세피해자등록을 신청했지만, 1조 목적에 비해당하여 기각되었습니다. 경찰에서 피해자조사를 통해 피해사실확인서를 통해 이의신청을 했지만, 다시한번 기각 되었습니다. 이런 상황에 해당 건물의 임의경매개시가 시작되어 배당요구종기를 할 예정입니다, 요구종기를 하고 나서 이후 민사 소송까지 갈 예정입니다. 경매 최고서를 통해 다시 한번 신청하면 전세 피해자 인정이 가능할까요? 대환대출이나, 이자 혜택 및 대출기간에 대한 지원이 간절히 필요한 상황입니다.",1. 다가구 / 대항력없음,unknown,"보증상품 보증상품 미확인 | 주택유형 다가구주택 | 보증금구간 2억~3억 | 계약상태 계약종료 | 선순위권리 미상 | 반환보증 미상 | 분쟁유형 경매·공매 | 진행단계 소송제기 | 상황 24.09.20 일자로 임대차 계약이 종료된 상황에서 임대차 등기를 마쳤고, 전세피해자등록을 신청했지만, 1조 목적에 비해당하여 기각되었습니다. 경찰에서 피해자조사를 통해 피해사실확인서를 통해 이의신청을 했지만, 다시한번 기각 되었습니다. 이런 상황에 해당 건물의 임의경매개시가 시작되어 배당요구종기를 할 예정입니다, 요구종기를 하고 나서 이후 민사 소송까지 갈 예정입니다. 경매 최고서를 통해 다시 한번 신청하면 전세 피해자 인정이 가능할까요? 대환대출이나, 이자 혜택 및 대출기간에 대한 지원이 간절히 필요한 상황입니다. | 특이사항 1. 다가구 / 대항력없음",provided_synthetic_consultations
CASE-0655,G07,충북,청주시,1억 미만,계약중(종료예정),오피스텔,미상,미상,묵시적갱신분쟁,소송제기,"22.4월~24.4월 계약 현재 거주중인데 25.5.8일 카톡,문자로 퇴거한다고 말했습니다. 5.9일에 부동산에 집내놓고 나가라는 연락이 왔는데 다시 연락두절입니다. 이 경우는 소송을 5.8일 3개월 뒤인 8월 8일부터 가능한가요? 아니면 내용증명을 받고 3개월 뒤에 가능한가요?현재 내용증명 1차 반송 후 초본 떼서 2차로 보낼 예정입니다.",1. 오피스텔 / 대항력있음 / 깡통여부가 애매함,unknown,"보증상품 보증상품 미확인 | 주택유형 오피스텔 | 보증금구간 1억 미만 | 계약상태 계약중(종료예정) | 선순위권리 미상 | 반환보증 미상 | 분쟁유형 묵시적갱신분쟁 | 진행단계 소송제기 | 상황 22.4월~24.4월 계약 현재 거주중인데 25.5.8일 카톡,문자로 퇴거한다고 말했습니다. 5.9일에 부동산에 집내놓고 나가라는 연락이 왔는데 다시 연락두절입니다. 이 경우는 소송을 5.8일 3개월 뒤인 8월 8일부터 가능한가요? 아니면 내용증명을 받고 3개월 뒤에 가능한가요?현재 내용증명 1차 반송 후 초본 떼서 2차로 보낼 예정입니다. | 특이사항 1. 오피스텔 / 대항력있음 / 깡통여부가 애매함",provided_synthetic_consultations
CASE-0656,G07,충북,청주시,1억~2억,계약중(종료예정),미상,근저당설정,가입,경매·공매,상담·검토,"전세보증금반환 관련하여 상담드립니다. 2023년6월29일~2025년6월28일까지 전세계약을 맺은 등기부등본 상 대출이 없음을 확인 후 전세계약을 맺고 전입신고 및 확정일자를 받았습니다. 전세보증보험은 가입되어있지 않습니다. 그로부터 약 1년 뒤, 임대인으로부터 전화가 와서 본인이 재정 상 어려우니 계약 종료 시 보증금반환이 어려울 것 같다고 얘기했고 등기부등본을 조회해보니 해당 주택에 근저당설정이 되어 있음을 확인했습니다(전입신고 및 확정일자 보다 몇 달 후). 임대인은 집이 경매로 넘어가서 팔리거든 그것을 통해 보증금을 회수하라고 얘기 하는 중입니다. 이러한 상황에서 보증금을 돌려받기 위해 어떠한 준비를 해야할지 막막하여 상담드립니다.",,jeonse_return,"보증상품 전세보증금반환보증 | 주택유형 미상 | 보증금구간 1억~2억 | 계약상태 계약중(종료예정) | 선순위권리 근저당설정 | 반환보증 가입 | 분쟁유형 경매·공매 | 진행단계 상담·검토 | 상황 전세보증금반환 관련하여 상담드립니다. 2023년6월29일~2025년6월28일까지 전세계약을 맺은 등기부등본 상 대출이 없음을 확인 후 전세계약을 맺고 전입신고 및 확정일자를 받았습니다. 전세보증보험은 가입되어있지 않습니다. 그로부터 약 1년 뒤, 임대인으로부터 전화가 와서 본인이 재정 상 어려우니 계약 종료 시 보증금반환이 어려울 것 같다고 얘기했고 등기부등본을 조회해보니 해당 주택에 근저당설정이 되어 있음을 확인했습니다(전입신고 및 확정일자 보다 몇 달 후). 임대인은 집이 경매로 넘어가서 팔리거든 그것을 통해 보증금을 회수하라고 얘기 하는 중입니다. 이러한 상황에서 보증금을 돌려받기 위해 어떠한 준비를 해야할지 막막하여 상담드립니다.",provided_synthetic_consultations
CASE-0657,G07,부산,연제구,1억 미만,계약중(종료예정),오피스텔,근저당설정,가입,경매·공매,상담·검토,2020년 6월3일 전세 7000만원으로 첫계약을했고 근저당설정이 2020년3월25억 4천만원이되어있는상태입니다 2022년 5월20일 다시 재계약하였고 2024년 6월에 2년 거주중입니다 그런데 갑자기 전세자금대출신청되어있는 카카오뱅크에서 2025년 4월30일날 임의경매개시결정이라는 등기사항변경문자가왔고 그제서야 작년부터 이사통보를한 임차인들에게 임대인이 보증금반환이 불가하다라는 통보를 받은걸 알게되었습니다 그뒤로 바로 시청에 방문하여 전세피해자신청 해놓았고 2025년 5월1일 이사가고싶다라고 임대인에게 통보해놓은 상태이고 법원가서 권리신고및 배당요구까지 신청완료한상태입니다 그리고 현재 보증보험은 전세기간 3/1일이 근저당설정으로인해 가입이 불가한 상황입니다 (2022년 5월20일 표준임대차 계약서상에는 보증보험 가입준비중에 체크되어있습니다) 이럴경우 전세를 돌려받을 방법이있는지 상담을 원합니다,1. 오피스텔 / 대항력없는 임차인,unknown,보증상품 보증상품 미확인 | 주택유형 오피스텔 | 보증금구간 1억 미만 | 계약상태 계약중(종료예정) | 선순위권리 근저당설정 | 반환보증 가입 | 분쟁유형 경매·공매 | 진행단계 상담·검토 | 상황 2020년 6월3일 전세 7000만원으로 첫계약을했고 근저당설정이 2020년3월25억 4천만원이되어있는상태입니다 2022년 5월20일 다시 재계약하였고 2024년 6월에 2년 거주중입니다 그런데 갑자기 전세자금대출신청되어있는 카카오뱅크에서 2025년 4월30일날 임의경매개시결정이라는 등기사항변경문자가왔고 그제서야 작년부터 이사통보를한 임차인들에게 임대인이 보증금반환이 불가하다라는 통보를 받은걸 알게되었습니다 그뒤로 바로 시청에 방문하여 전세피해자신청 해놓았고 2025년 5월1일 이사가고싶다라고 임대인에게 통보해놓은 상태이고 법원가서 권리신고및 배당요구까지 신청완료한상태입니다 그리고 현재 보증보험은 전세기간 3/1일이 근저당설정으로인해 가입이 불가한 상황입니다 (2022년 5월20일 표준임대차 계약서상에는 보증보험 가입준비중에 체크되어있습니다) 이럴경우 전세를 돌려받을 방법이있는지 상담을 원합니다 | 특이사항 1. 오피스텔 / 대항력없는 임차인,provided_synthetic_consultations
CASE-0658,G07,미상,은평구,2억~3억,계약종료,미상,미상,가입,보증금미반환,HUG이행청구,"허그보증금반환청구 하였는데 거절되었습니다 거절 사유는 재계약시 감액된 금액900만원(은행-90% 임차인-10%)지급 과정에서 은행엔 대출연장을 위해 당연히 임대인이 지급하였고 제가 받을 10%인90만원은 전출시 지급하겠다는 확약서를 받고 지급 받진 않았는데, 거절 사유가 90만원을 돌려받지 못했기 때문이랍니다 답답합니다",,unknown,"보증상품 보증상품 미확인 | 주택유형 미상 | 보증금구간 2억~3억 | 계약상태 계약종료 | 선순위권리 미상 | 반환보증 가입 | 분쟁유형 보증금미반환 | 진행단계 HUG이행청구 | 상황 허그보증금반환청구 하였는데 거절되었습니다 거절 사유는 재계약시 감액된 금액900만원(은행-90% 임차인-10%)지급 과정에서 은행엔 대출연장을 위해 당연히 임대인이 지급하였고 제가 받을 10%인90만원은 전출시 지급하겠다는 확약서를 받고 지급 받진 않았는데, 거절 사유가 90만원을 돌려받지 못했기 때문이랍니다 답답합니다",provided_synthetic_consultations
CASE-0659,G07,경북,구미시,1억~2억,계약중(종료예정),미상,압류·가압류,미상,전세사기,소송제기,"21년 5월 21일~23년 5월21일 까지 전세권 설정후 년까지 거주하다가 25년 2월에 6월5일부로 계약해지 통보하였습니다. 퇴거일이 다가오는데 전세금반환이 어렵다고 하여, 이리저리 알아보던 중 동네에서 전세사기로 유명한 사람인걸 알게되었습니다. 명의자는 정영자이고 실제 소유주는 아들 이훈오라고 하여 아들과 소통해왔고, 전세가가 매매가보다 높아 임의경매시 원금회수가 안될까 불안해서 소송으로 가야하는건지 이런 경우 명의신탁으로 형사소송도 가능한지, 실소유주인 아들의 재산도 가압류 걸 수 있는건지 궁금합니다. 그리고 전세권의 존속기간이 끝난건지, 전세권이 유지된다해도 임차권등기는 하고 퇴거하는게 맞겠죠? 뭐부터 어떻게해야 할 지 몰라 두서없이 말씀드린것 같네요 ㅠㅠ 전세권 설정되어있으면 내용증명은 안보내도 된다는 부동산 말을 믿고 보낸적이 없어요 ㅠ 임의경매보다는 원금회수가 목적입니다 임차권설정은 어떤 경우라도 해둬야겠죠?",,unknown,"보증상품 보증상품 미확인 | 주택유형 미상 | 보증금구간 1억~2억 | 계약상태 계약중(종료예정) | 선순위권리 압류·가압류 | 반환보증 미상 | 분쟁유형 전세사기 | 진행단계 소송제기 | 상황 21년 5월 21일~23년 5월21일 까지 전세권 설정후 년까지 거주하다가 25년 2월에 6월5일부로 계약해지 통보하였습니다. 퇴거일이 다가오는데 전세금반환이 어렵다고 하여, 이리저리 알아보던 중 동네에서 전세사기로 유명한 사람인걸 알게되었습니다. 명의자는 정영자이고 실제 소유주는 아들 이훈오라고 하여 아들과 소통해왔고, 전세가가 매매가보다 높아 임의경매시 원금회수가 안될까 불안해서 소송으로 가야하는건지 이런 경우 명의신탁으로 형사소송도 가능한지, 실소유주인 아들의 재산도 가압류 걸 수 있는건지 궁금합니다. 그리고 전세권의 존속기간이 끝난건지, 전세권이 유지된다해도 임차권등기는 하고 퇴거하는게 맞겠죠? 뭐부터 어떻게해야 할 지 몰라 두서없이 말씀드린것 같네요 ㅠㅠ 전세권 설정되어있으면 내용증명은 안보내도 된다는 부동산 말을 믿고 보낸적이 없어요 ㅠ 임의경매보다는 원금회수가 목적입니다 임차권설정은 어떤 경우라도 해둬야겠죠?",provided_synthetic_consultations
CASE-0660,G07,경기,평택시,1억~2억,계약중(종료예정),미상,미상,미상,기타·일반문의,소송제기,집주인이 보증금 준비된거 없다고 연장해달라해서 재계약연장을 한 상황입니다. 대출있던 부분이라 대출이자는 집주인분이 내준다고 하셨는데 관리비랑 이자랑 금액이 비슷해 제가 그냥 관리비 안낼테니 이자는 내가 내겠다라고 한 상황인데 나중에 혹시 상황이 더 악화되서 임차권등기나 소송까지 간다고하면 이게 문제가 될까요? 관리비 낸 내역이 저한테 있어야할까요?,1. 일전에 전화했던 사람이 또 상담요청,unknown,보증상품 보증상품 미확인 | 주택유형 미상 | 보증금구간 1억~2억 | 계약상태 계약중(종료예정) | 선순위권리 미상 | 반환보증 미상 | 분쟁유형 기타·일반문의 | 진행단계 소송제기 | 상황 집주인이 보증금 준비된거 없다고 연장해달라해서 재계약연장을 한 상황입니다. 대출있던 부분이라 대출이자는 집주인분이 내준다고 하셨는데 관리비랑 이자랑 금액이 비슷해 제가 그냥 관리비 안낼테니 이자는 내가 내겠다라고 한 상황인데 나중에 혹시 상황이 더 악화되서 임차권등기나 소송까지 간다고하면 이게 문제가 될까요? 관리비 낸 내역이 저한테 있어야할까요? | 특이사항 1. 일전에 전화했던 사람이 또 상담요청,provided_synthetic_consultations
CASE-0661,G07,서울,관악구,1억~2억,계약종료,다가구주택,근저당설정,미상,경매·공매,판결·집행,"단독주택(다중주택) 계약입니다. 거주 중 본 건물이 임의경매 개시되었다는 사실을 인지하고 권리신고 및 배당신청, 임차권설정까지 완료하였습니다. 현재 타세입자들과 단톡방을 만들어 대화중에 있습니다. 관련하여 건물 등기부등본 첨부하였습니다. 임대인은 사실상 이 모든 피해를 변제할 능력이 없다고 하였으며, 본 건물 이외에도 타 건물을 소유 중 강제경매가 진행중이고 전세금을 돌려주지 못하고 있음을 확인하였습니다. 저는 본 건물 확정일자가 제일 빠른상태로, 경매로 건물이 입찰될 경우 최우선변제(소액임차인), 근저당(새마을금고) 이후 1순위로 돈을 받을 수 있을 것이라 생각하고 있었습니다. 하지만 세입자 중 한분이 어느 한 변호사에게 법률상담을 받은 결과, 우선변제권이 없는 대부분의 임차인은 동일한 채권자로 간주되어 경매 낙찰금에서 남은 금액을 안분배당받게 되는 구조라고 합니다. 1. 모든 세입자들은 확정일자를 받고, 실거주를 하고있는 것으로 알고 있습니다. 이런 경우에도 우선변제권이 없을 수 있나요? 2. 소송을 진행할 경우 승소 가능성과 어느 과정을 거쳐 진행이 되는지 자세히 알고 싶습니다. 그리고 형사,민사 모두 진행할 경우 돈을 모두 돌려받을 가능성이 있나요?",1. 다가구 / 첫번째임차인,unknown,"보증상품 보증상품 미확인 | 주택유형 다가구주택 | 보증금구간 1억~2억 | 계약상태 계약종료 | 선순위권리 근저당설정 | 반환보증 미상 | 분쟁유형 경매·공매 | 진행단계 판결·집행 | 상황 단독주택(다중주택) 계약입니다. 거주 중 본 건물이 임의경매 개시되었다는 사실을 인지하고 권리신고 및 배당신청, 임차권설정까지 완료하였습니다. 현재 타세입자들과 단톡방을 만들어 대화중에 있습니다. 관련하여 건물 등기부등본 첨부하였습니다. 임대인은 사실상 이 모든 피해를 변제할 능력이 없다고 하였으며, 본 건물 이외에도 타 건물을 소유 중 강제경매가 진행중이고 전세금을 돌려주지 못하고 있음을 확인하였습니다. 저는 본 건물 확정일자가 제일 빠른상태로, 경매로 건물이 입찰될 경우 최우선변제(소액임차인), 근저당(새마을금고) 이후 1순위로 돈을 받을 수 있을 것이라 생각하고 있었습니다. 하지만 세입자 중 한분이 어느 한 변호사에게 법률상담을 받은 결과, 우선변제권이 없는 대부분의 임차인은 동일한 채권자로 간주되어 경매 낙찰금에서 남은 금액을 안분배당받게 되는 구조라고 합니다. 1. 모든 세입자들은 확정일자를 받고, 실거주를 하고있는 것으로 알고 있습니다. 이런 경우에도 우선변제권이 없을 수 있나요? 2. 소송을 진행할 경우 승소 가능성과 어느 과정을 거쳐 진행이 되는지 자세히 알고 싶습니다. 그리고 형사,민사 모두 진행할 경우 돈을 모두 돌려받을 가능성이 있나요? | 특이사항 1. 다가구 / 첫번째임차인",provided_synthetic_consultations
CASE-0662,G07,미상,은평구,1억~2억,계약중(종료예정),미상,압류·가압류,가입,경매·공매,소송제기,"어디에 여쭤봐야 할지 몰라 1. 24년 6월 21일 계약, 24년 7월 29일 부터 24개월 전세 계약, 계약당일 확정일자 받음 계약당시 등기사항 이상 없음 2. 7월 29일 이사 후 당일 주소이전 3. 24년 11월 부터 집주인과 소통이 잘 안됨 (엘레베이터 작동 및 건물누수 등의 문제가 있었으나 해결은 해줌 하지만 수리연수증을 요청하자 연락이 안됨) 4. 25년 5월 19일 저녁 서부지방법원 (경매사건)로 임의 경매 안내문을 받으며 손이 떨림 다시 읽어보니 등본과 계약서를 법원에 제출하여 권리신고 및 배당요구 신청서를 작성해야 한다고 적힘 5. 정신줄 붙잡으며 등기부를 떼어보니 25년 5월 8일 채권자, 5월 16일 건강보험공단으로 순서대로 채권자의 경매개시, 공단 압류가 떠있음 6. HF버팀목전세대출중으로 대출금은 보증이 되어있고, 계액기간 1/2전으로 HF전세지킴 보증 가입신청 해놓음 7. 임대인 연락 안받다 19일 경매연락 왔다하니 전화와서 다음날 오전에 알아보고 연락 준다하더니 20일 문자로 등기등 서류 온게 있음 보내달라함 8. 알아보니 임대인은 강재경매를 몰랐을리가 없음 대략적인 상황을 정리해 보았습니다. 제가 궁금한건 이런경우 확정일자와 전입신고로 인하여 제가 우선변제권이라는 것과 대항력을 갖고있는 상황이다 라고 알아보았는데 그게 맞을까요?? 그리고 집주인과 연락을 할때 어떤 자세를 취해야 하는지 모르겠습니다 협조적인 자세를 취해야 할지 방어적으로 얀락을 피해야 할까요?? 해달라는대로 서류를 보내주자니 그동안 연락이 안되었는데 해결을 해줄거 같지 않고, 그리고 이미 마지막단계가 경매인데 경매까지 간걸보니 채권자에게 돈을 갚으려는 생각도 없는거 같아서요 이집에 그대로 사는것도 불안해서 경매를 이유로 계약파기요청 후 저도 보증금 반환 소송을 해야하는건가 싶은데 그게 맞는 걸까요?? 혹시 경매로 팔리게 되면 제 보증금은 받을 수 있는건지 너무 불안합니다 경매가 보증금보다 저가로 된다면 제가 먼저 자부담한 20%를 받고 나머지는 은행 대출로 가는건지 아니면 은행대출 먼저 가져가고 전 덜 가져가거나 못받을 수 있는건지 전 왜 전세지킴을 빨리 가입하지 않은건지 후회만 되고 있습니다 제가 집주인에게 어떤 자세를 취해야 하는지 지금 현재 상황에서 법원에 서류제출 후 계약해지 요청 및 보증금 반환 소송을 준비해야 하는건지 만약 좀 지켜보면서 결정해야 한다면 어떤 수순을 밟아야 하는지 궁금합니다 손이 떨려 두서없이 적었습니다 답변해 주시면 감사하겠습니다",,unknown,"보증상품 보증상품 미확인 | 주택유형 미상 | 보증금구간 1억~2억 | 계약상태 계약중(종료예정) | 선순위권리 압류·가압류 | 반환보증 가입 | 분쟁유형 경매·공매 | 진행단계 소송제기 | 상황 어디에 여쭤봐야 할지 몰라 1. 24년 6월 21일 계약, 24년 7월 29일 부터 24개월 전세 계약, 계약당일 확정일자 받음 계약당시 등기사항 이상 없음 2. 7월 29일 이사 후 당일 주소이전 3. 24년 11월 부터 집주인과 소통이 잘 안됨 (엘레베이터 작동 및 건물누수 등의 문제가 있었으나 해결은 해줌 하지만 수리연수증을 요청하자 연락이 안됨) 4. 25년 5월 19일 저녁 서부지방법원 (경매사건)로 임의 경매 안내문을 받으며 손이 떨림 다시 읽어보니 등본과 계약서를 법원에 제출하여 권리신고 및 배당요구 신청서를 작성해야 한다고 적힘 5. 정신줄 붙잡으며 등기부를 떼어보니 25년 5월 8일 채권자, 5월 16일 건강보험공단으로 순서대로 채권자의 경매개시, 공단 압류가 떠있음 6. HF버팀목전세대출중으로 대출금은 보증이 되어있고, 계액기간 1/2전으로 HF전세지킴 보증 가입신청 해놓음 7. 임대인 연락 안받다 19일 경매연락 왔다하니 전화와서 다음날 오전에 알아보고 연락 준다하더니 20일 문자로 등기등 서류 온게 있음 보내달라함 8. 알아보니 임대인은 강재경매를 몰랐을리가 없음 대략적인 상황을 정리해 보았습니다. 제가 궁금한건 이런경우 확정일자와 전입신고로 인하여 제가 우선변제권이라는 것과 대항력을 갖고있는 상황이다 라고 알아보았는데 그게 맞을까요?? 그리고 집주인과 연락을 할때 어떤 자세를 취해야 하는지 모르겠습니다 협조적인 자세를 취해야 할지 방어적으로 얀락을 피해야 할까요?? 해달라는대로 서류를 보내주자니 그동안 연락이 안되었는데 해결을 해줄거 같지 않고, 그리고 이미 마지막단계가 경매인데 경매까지 간걸보니 채권자에게 돈을 갚으려는 생각도 없는거 같아서요 이집에 그대로 사는것도 불안해서 경매를 이유로 계약파기요청 후 저도 보증금 반환 소송을 해야하는건가 싶은데 그게 맞는 걸까요?? 혹시 경매로 팔리게 되면 제 보증금은 받을 수 있는건지 너무 불안합니다 경매가 보증금보다 저가로 된다면 제가 먼저 자부담한 20%를 받고 나머지는 은행 대출로 가는건지 아니면 은행대출 먼저 가져가고 전 덜 가져가거나 못받을 수 있는건지 전 왜 전세지킴을 빨리 가입하지 않은건지 후회만 되고 있습니다 제가 집주인에게 어떤 자세를 취해야 하는지 지금 현재 상황에서 법원에 서류제출 후 계약해지 요청 및 보증금 반환 소송을 준비해야 하는건지 만약 좀 지켜보면서 결정해야 한다면 어떤 수순을 밟아야 하는지 궁금합니다 손이 떨려 두서없이 적었습니다 답변해 주시면 감사하겠습니다",provided_synthetic_consultations
CASE-0663,G07,경기,성남시,3억 이상,계약중(종료예정),미상,미상,미상,묵시적갱신분쟁,상담·검토,계약만료 2개월 안되서 연락이 와서 묵시적 갱신으로 요청 드렸고 처음에는 임대인이 묵시적 갱신 요청에 수락 하였습니다. 그런데 갑자기 은행 대출에 동의를 안하고 있어요 가면 계약갱신청구권이 남아 있어서 다시 계약서를 작성하자고 하는거 같은데 저는 그걸 거부했고요. 은행에서는 임대인이 묵시적 갱신 인정안할때는 대출이 안나온다고 하는데 이럴때 방법이 없나여 ? 만약에 대출이 거절 당하면 제가 해야할 일이 무었인지 알고 싶어요. 1. 계약서를 다시 작성하더라도 대출을 승인을 받아야 하는지. 2. 만약에 제가 대출이 안나오는데 전세 계약 만료일이 다가오면 은행에서 어떻게 처리하는지. 3. 대출금은 제가 먼저 갚아야 하는지.,1. 임대인(노인)이 말이 안통한다고 함,unknown,보증상품 보증상품 미확인 | 주택유형 미상 | 보증금구간 3억 이상 | 계약상태 계약중(종료예정) | 선순위권리 미상 | 반환보증 미상 | 분쟁유형 묵시적갱신분쟁 | 진행단계 상담·검토 | 상황 계약만료 2개월 안되서 연락이 와서 묵시적 갱신으로 요청 드렸고 처음에는 임대인이 묵시적 갱신 요청에 수락 하였습니다. 그런데 갑자기 은행 대출에 동의를 안하고 있어요 가면 계약갱신청구권이 남아 있어서 다시 계약서를 작성하자고 하는거 같은데 저는 그걸 거부했고요. 은행에서는 임대인이 묵시적 갱신 인정안할때는 대출이 안나온다고 하는데 이럴때 방법이 없나여 ? 만약에 대출이 거절 당하면 제가 해야할 일이 무었인지 알고 싶어요. 1. 계약서를 다시 작성하더라도 대출을 승인을 받아야 하는지. 2. 만약에 제가 대출이 안나오는데 전세 계약 만료일이 다가오면 은행에서 어떻게 처리하는지. 3. 대출금은 제가 먼저 갚아야 하는지. | 특이사항 1. 임대인(노인)이 말이 안통한다고 함,provided_synthetic_consultations
CASE-0664,G07,충북,청주시,1억 미만,계약중(종료예정),미상,미상,미상,기타·일반문의,내용증명·공시송달,집주인께 내용증명을 보내고싶은데 아무래도 변호사님 이름이 적혀있는 내용증명으로 보내면 더 압박감이 들거같아서요. 내용증명은 작성했는데 이대로 변호사님께 의뢰만 하게되면 비용이 어떻게 될까요?,,unknown,보증상품 보증상품 미확인 | 주택유형 미상 | 보증금구간 1억 미만 | 계약상태 계약중(종료예정) | 선순위권리 미상 | 반환보증 미상 | 분쟁유형 기타·일반문의 | 진행단계 내용증명·공시송달 | 상황 집주인께 내용증명을 보내고싶은데 아무래도 변호사님 이름이 적혀있는 내용증명으로 보내면 더 압박감이 들거같아서요. 내용증명은 작성했는데 이대로 변호사님께 의뢰만 하게되면 비용이 어떻게 될까요?,provided_synthetic_consultations
CASE-0665,G07,충북,청주시,1억 미만,계약중(종료예정),미상,미상,미상,묵시적갱신분쟁,상담·검토,계약서를 쓰지 않고 같은 년 더 살고있는데 계약연장을 아래 사진처럼 진행했습니다. 저는 묵시적갱신인줄 알았는데 집주인은 명시적이라하고 일 수 있다는데 명시적이 맞나요?,,unknown,보증상품 보증상품 미확인 | 주택유형 미상 | 보증금구간 1억 미만 | 계약상태 계약중(종료예정) | 선순위권리 미상 | 반환보증 미상 | 분쟁유형 묵시적갱신분쟁 | 진행단계 상담·검토 | 상황 계약서를 쓰지 않고 같은 년 더 살고있는데 계약연장을 아래 사진처럼 진행했습니다. 저는 묵시적갱신인줄 알았는데 집주인은 명시적이라하고 일 수 있다는데 명시적이 맞나요?,provided_synthetic_consultations
CASE-0666,G07,경기,안양시,1억~2억,계약중(종료예정),오피스텔,압류·가압류,가입,보증금미반환,상담·검토,"저는 정부대출을 받아서 80%의 중소기업청년대출을 했습니다. 제가 낸 실제 보증금은 22,000,000원이구요 2022년도에 법인명의로 되어 있는 오피스텔을 잠시 2년만 쓰려고 계약을 했는데 24년도 3월부터 계약만료시 퇴실하겠다고 여러번 통보를 하였고 세입자를 구해달라고 했지만 코로나 등 핑계로 세입자가 안구해진다고 핑계를 댔습니다. 그러다 7월중 세입자가 안들어와서 전세금을 반환해주기 어렵다면서 전세계약을 한번만 연장하면 안되겠냐고 사정을 했습니다. 저는 이사갈 집을 보러다니고 있는 상황이라서 계약연장이 어렵다고 몇차례나 얘기했는데 결국 보증금 못준다는 말만 돌아올 뿐이어서 관리비, 대출이자, 주차비 등 본인들이 지원해주는 형태로 해서 전세를 연장했고 계약서를 새로 썼습니다. 2024년 8월에 전세연장을 했는데 자꾸 이자도 밀리고 제 때 주지 않아서 계속 독촉을 하고 있는 상황입니다. 이상하다 싶어서 등기부등본을 보니 건물이 가처분, 압류라고 되어 있어요 2024년 7월쯤 전세 연장을 했는데요 자꾸 대출이자를 안주고 밀리니까 이상해서 전세보증보험을 알아보다가 이 사실을 알았습니다. 현재는 제가 다른 곳에 반전세로 신용대출을 받아서 손해가 이만저만이 아니거든요 월세 40만원에 보증금 2천만원에 대한 이자도 나가고 있어요 이 상황을 어떻게 해야할까요",,jeonse_return,"보증상품 전세보증금반환보증 | 주택유형 오피스텔 | 보증금구간 1억~2억 | 계약상태 계약중(종료예정) | 선순위권리 압류·가압류 | 반환보증 가입 | 분쟁유형 보증금미반환 | 진행단계 상담·검토 | 상황 저는 정부대출을 받아서 80%의 중소기업청년대출을 했습니다. 제가 낸 실제 보증금은 22,000,000원이구요 2022년도에 법인명의로 되어 있는 오피스텔을 잠시 2년만 쓰려고 계약을 했는데 24년도 3월부터 계약만료시 퇴실하겠다고 여러번 통보를 하였고 세입자를 구해달라고 했지만 코로나 등 핑계로 세입자가 안구해진다고 핑계를 댔습니다. 그러다 7월중 세입자가 안들어와서 전세금을 반환해주기 어렵다면서 전세계약을 한번만 연장하면 안되겠냐고 사정을 했습니다. 저는 이사갈 집을 보러다니고 있는 상황이라서 계약연장이 어렵다고 몇차례나 얘기했는데 결국 보증금 못준다는 말만 돌아올 뿐이어서 관리비, 대출이자, 주차비 등 본인들이 지원해주는 형태로 해서 전세를 연장했고 계약서를 새로 썼습니다. 2024년 8월에 전세연장을 했는데 자꾸 이자도 밀리고 제 때 주지 않아서 계속 독촉을 하고 있는 상황입니다. 이상하다 싶어서 등기부등본을 보니 건물이 가처분, 압류라고 되어 있어요 2024년 7월쯤 전세 연장을 했는데요 자꾸 대출이자를 안주고 밀리니까 이상해서 전세보증보험을 알아보다가 이 사실을 알았습니다. 현재는 제가 다른 곳에 반전세로 신용대출을 받아서 손해가 이만저만이 아니거든요 월세 40만원에 보증금 2천만원에 대한 이자도 나가고 있어요 이 상황을 어떻게 해야할까요",provided_synthetic_consultations
CASE-0667,G07,서울,미상,1억~2억,계약중(종료예정),미상,압류·가압류,미상,기타·일반문의,상담·검토,전세집 압류가 된 것을 최근에야 확인했는데 만기가 8월입니다 계약 연장을 앞두고 무엇을 어떻게 해야 할까요?,1. 깡통주택,unknown,보증상품 보증상품 미확인 | 주택유형 미상 | 보증금구간 1억~2억 | 계약상태 계약중(종료예정) | 선순위권리 압류·가압류 | 반환보증 미상 | 분쟁유형 기타·일반문의 | 진행단계 상담·검토 | 상황 전세집 압류가 된 것을 최근에야 확인했는데 만기가 8월입니다 계약 연장을 앞두고 무엇을 어떻게 해야 할까요? | 특이사항 1. 깡통주택,provided_synthetic_consultations
CASE-0668,G07,서울,강서구,3억 이상,계약종료,미상,미상,가입,묵시적갱신분쟁,임차권등기,변호사님 안녕 하십니까? 내용을 간단히 말씀 드리자면 전세계약 종료후 묵시적 갱신으로 인한 HUG 보증보험 관련 입니다. 1. 임대인 보증 보험 거절 2. 임차인 보증 보험 불가(공시가 하락) 3. 보험 없이 살수 없어서 임차권등기 때문에 임대차종료계약서 작성 부탁 및 보험 연장 얘기 이후 연락 피함. (본인도 피해자라면서 먼저 임차권등기라도 신청하라고까지 했습니다) 4. 저의 전세계약 만료는 25년 4월 24일이었 습니다. 허그 임대인보증보험도 25년 4월 24일 허그와 수차례 통화하여 임차인 예외 연장하러 임대인 거주지역인 수원까지 갔었으나 거절. * 중요: 내용 증명을 보냈지만 5월 19일 날짜라 허그 이행청구 날짜랑 맞지 않을듯** * 만료 2일전 계약종료 연락을 하지 않아 허그에서 종료계약확인서와 임대인의 인감증명서 및 도장이 필요한데 연락은 되었지만 찍어줄 생각을 안함. 나름 짧게 쓴다고 썼으나 변호사님께서 조금이라도 상황을 알려 드려야 나으실것 같아서 두서없이 길어진점 양해 부탁 드립니다. 긴글 읽어 주셔서 대단히 감사 드립니다.,1. 도생 / 잔금동시 무자본갭투자,rental_deposit,보증상품 임대보증금보증 | 주택유형 미상 | 보증금구간 3억 이상 | 계약상태 계약종료 | 선순위권리 미상 | 반환보증 가입 | 분쟁유형 묵시적갱신분쟁 | 진행단계 임차권등기 | 상황 변호사님 안녕 하십니까? 내용을 간단히 말씀 드리자면 전세계약 종료후 묵시적 갱신으로 인한 HUG 보증보험 관련 입니다. 1. 임대인 보증 보험 거절 2. 임차인 보증 보험 불가(공시가 하락) 3. 보험 없이 살수 없어서 임차권등기 때문에 임대차종료계약서 작성 부탁 및 보험 연장 얘기 이후 연락 피함. (본인도 피해자라면서 먼저 임차권등기라도 신청하라고까지 했습니다) 4. 저의 전세계약 만료는 25년 4월 24일이었 습니다. 허그 임대인보증보험도 25년 4월 24일 허그와 수차례 통화하여 임차인 예외 연장하러 임대인 거주지역인 수원까지 갔었으나 거절. * 중요: 내용 증명을 보냈지만 5월 19일 날짜라 허그 이행청구 날짜랑 맞지 않을듯** * 만료 2일전 계약종료 연락을 하지 않아 허그에서 종료계약확인서와 임대인의 인감증명서 및 도장이 필요한데 연락은 되었지만 찍어줄 생각을 안함. 나름 짧게 쓴다고 썼으나 변호사님께서 조금이라도 상황을 알려 드려야 나으실것 같아서 두서없이 길어진점 양해 부탁 드립니다. 긴글 읽어 주셔서 대단히 감사 드립니다. | 특이사항 1. 도생 / 잔금동시 무자본갭투자,provided_synthetic_consultations
CASE-0669,G07,경기,고양시,3억 이상,계약종료,미상,선순위존재,미상,경매·공매,판결·집행,"전세금 반환 소송해서 화해조정으로 판결이 났습니다.그런데 화해조정 날짜안에 전세금반환을 받지 못해 경매로 넘겨야 할것같습니다. 같은 주택이라 저희가 1순위 권자이고. 나머지 집에 뭐 걸려있는건 등기부등록상 없습니다. <단독주택이라 1회,2회 유찰되어 보증금3억8천보다 적게 예를들어 3억에 다른 사람에게 낙찰이 되면 차액8천만원은 어떻게 되는지 궁금합니다.> < 그리고 이집을 저희가 예를 들어 3억원에 낙찰을 받을 경우 나머지 차액분은 어떻게 되는지 궁금합니다. 혹시 저희가 낙찰을 받으면 경매가가 얼마건 그냥 그집만 상계처리로 가지고 오고 끝이나는건지 차액을 집주인에게 청구를 할수있는건지 알고싶습니다.> 결론은 경매를 보증금보다 다른 사람이 낙찰을받을경우 차액금, 저희가 직접 낙찰을 받을경우 차액금 회수방법에 대해 알고싶습니다.",1. 타운하우스 / 대항력있는 선순위임차인 / 깡통주택,unknown,"보증상품 보증상품 미확인 | 주택유형 미상 | 보증금구간 3억 이상 | 계약상태 계약종료 | 선순위권리 선순위존재 | 반환보증 미상 | 분쟁유형 경매·공매 | 진행단계 판결·집행 | 상황 전세금 반환 소송해서 화해조정으로 판결이 났습니다.그런데 화해조정 날짜안에 전세금반환을 받지 못해 경매로 넘겨야 할것같습니다. 같은 주택이라 저희가 1순위 권자이고. 나머지 집에 뭐 걸려있는건 등기부등록상 없습니다. <단독주택이라 1회,2회 유찰되어 보증금3억8천보다 적게 예를들어 3억에 다른 사람에게 낙찰이 되면 차액8천만원은 어떻게 되는지 궁금합니다.> < 그리고 이집을 저희가 예를 들어 3억원에 낙찰을 받을 경우 나머지 차액분은 어떻게 되는지 궁금합니다. 혹시 저희가 낙찰을 받으면 경매가가 얼마건 그냥 그집만 상계처리로 가지고 오고 끝이나는건지 차액을 집주인에게 청구를 할수있는건지 알고싶습니다.> 결론은 경매를 보증금보다 다른 사람이 낙찰을받을경우 차액금, 저희가 직접 낙찰을 받을경우 차액금 회수방법에 대해 알고싶습니다. | 특이사항 1. 타운하우스 / 대항력있는 선순위임차인 / 깡통주택",provided_synthetic_consultations
CASE-0670,G07,미상,강동구,1억 미만,계약중(종료예정),다가구주택,미상,미상,보증금미반환,소송제기,"임차권등기 결정후 어제 이삿짐을 거의 옮기고 오늘 잔짐을 치우고 청소마무리하려고 방문했는데 집이 하루만에 달라져있는겁니다. 도배가 싹 되있었습니다. 새로운 임차인을 받으려는건지 고장나서 떨어져있던 욕실,주방 창문도 새걸로 싹 고쳐놨더라구요. 어이가없어 3달째 받지않는 임대인전화번호로 전화했는데 처음듣는목소리의젊은 사람이 전화를 받았고 전화번호 바꾸셨냐고 했더니 아니라고 계속 쓰던번호라고 했습니다 경찰에 주거침입죄로 신고할까하다가 망설여지는부분이 있어서 개인적인 생각으로는 형사고소해서 보증금만 주면 취하해주는 조건으로 더 빨리 받을수도 있을거같은데 오히려 임대인입장에서는 열받아서 줄것도 더 안줄수있을까요? 그냥 길어지더라도 처음부터 변호사 선임해서 반환소송 들어가는게 맞는건지 아님 형사,민사 같이 하는건 어떤지 의견 듣고싶습니다.",1. 단독다가구 / 6가구,unknown,"보증상품 보증상품 미확인 | 주택유형 다가구주택 | 보증금구간 1억 미만 | 계약상태 계약중(종료예정) | 선순위권리 미상 | 반환보증 미상 | 분쟁유형 보증금미반환 | 진행단계 소송제기 | 상황 임차권등기 결정후 어제 이삿짐을 거의 옮기고 오늘 잔짐을 치우고 청소마무리하려고 방문했는데 집이 하루만에 달라져있는겁니다. 도배가 싹 되있었습니다. 새로운 임차인을 받으려는건지 고장나서 떨어져있던 욕실,주방 창문도 새걸로 싹 고쳐놨더라구요. 어이가없어 3달째 받지않는 임대인전화번호로 전화했는데 처음듣는목소리의젊은 사람이 전화를 받았고 전화번호 바꾸셨냐고 했더니 아니라고 계속 쓰던번호라고 했습니다 경찰에 주거침입죄로 신고할까하다가 망설여지는부분이 있어서 개인적인 생각으로는 형사고소해서 보증금만 주면 취하해주는 조건으로 더 빨리 받을수도 있을거같은데 오히려 임대인입장에서는 열받아서 줄것도 더 안줄수있을까요? 그냥 길어지더라도 처음부터 변호사 선임해서 반환소송 들어가는게 맞는건지 아님 형사,민사 같이 하는건 어떤지 의견 듣고싶습니다. | 특이사항 1. 단독다가구 / 6가구",provided_synthetic_consultations
CASE-0671,G07,경기,부천시,1억~2억,계약중(종료예정),오피스텔,미상,미상,기타·일반문의,소송제기,"계약기간이 곧 끝나는데 지급명령 신청을 하려는데 계좌거래내역이 필요하다고 봤습니다. 전 수표로 거래했었고 계좌거래내역은 없습니다. 처음 계약서부터 중간에 증액, 연장 계약서,영수증은 다 가지고 있는 상태인데요 이럴 땐 지급명령 신청도 못하게 되는 걸까요",1. 오피스텔 / 대항력있는 깡통주택,unknown,"보증상품 보증상품 미확인 | 주택유형 오피스텔 | 보증금구간 1억~2억 | 계약상태 계약중(종료예정) | 선순위권리 미상 | 반환보증 미상 | 분쟁유형 기타·일반문의 | 진행단계 소송제기 | 상황 계약기간이 곧 끝나는데 지급명령 신청을 하려는데 계좌거래내역이 필요하다고 봤습니다. 전 수표로 거래했었고 계좌거래내역은 없습니다. 처음 계약서부터 중간에 증액, 연장 계약서,영수증은 다 가지고 있는 상태인데요 이럴 땐 지급명령 신청도 못하게 되는 걸까요 | 특이사항 1. 오피스텔 / 대항력있는 깡통주택",provided_synthetic_consultations
CASE-0672,G07,인천,중구,1억~2억,계약중(종료예정),미상,미상,미상,경매·공매,임차권등기,집 계약중 만기 4개월전에 집이 경매로 넘어갔다고해서 나가려고 했는데 집주인이 기다려달라해서 받고있던 대출연장 상담 받았는데 연장하려면 임차권등기명령신청을 해야한다고해서 신청을 했느데 보정명령이 왔습니다,,unknown,보증상품 보증상품 미확인 | 주택유형 미상 | 보증금구간 1억~2억 | 계약상태 계약중(종료예정) | 선순위권리 미상 | 반환보증 미상 | 분쟁유형 경매·공매 | 진행단계 임차권등기 | 상황 집 계약중 만기 4개월전에 집이 경매로 넘어갔다고해서 나가려고 했는데 집주인이 기다려달라해서 받고있던 대출연장 상담 받았는데 연장하려면 임차권등기명령신청을 해야한다고해서 신청을 했느데 보정명령이 왔습니다,provided_synthetic_consultations
CASE-0673,G07,경기,화성시,1억~2억,계약중(종료예정),다가구주택,근저당설정,미상,전세사기,소송제기,전세보험×처음계약시 (전세쓰리룸1억5천계약) 원래 방쪼개기해논건물 다세대건물 (원룸4.투룸5 쓰리룸1) 당시는 저보다 먼저계약해서 거주중인 사람들이 꾀있었어요 2년후 연장계약을했고 저는보증금1000이 증액됐구요 아마제기억으로는 6개월후 어디서 걸려서 합법건물로 만들어야된다고하면서 원룸4개사람들이 나가고 그걸중간을 터서 투룸4개가 쓰리룸으로됐구요 기존투룸살던사람들이 나간사람이3가구이고 저보다먼저 살던사람은1가구 저사람은 근데투룸에서 쓰리룸으로바뀌고 보증금도7000인가 증액됐다고들었습니다. 만기3개월남았을때 계약안한다 통보했고 만기전통화해보니 돈이없어서 세입자들어오면 나가라해서 어쩔수없이 재계약을진행후 세입자올때까지 기다리고있던상황에 갑자기 일이터진거에요 제순위가 궁금하네요 중간에트고 지저분하게해놨다고 해놨는데 이건 사기칠목적으로 해논거로 신고도가능한지요? 원룸4개를 이렇게해서 거의3억을 땡겨놨을듯 변호사1 채권신고서작성 변호사2 별제권행사해서 경매를 진행하면(경매비용내야된다고?.비용이얼마정도?) 전입신고전에 근저당권 잡혀있는 3억6천보다 먼저회수할수있다고 얘기하네요. 제가 별제권자인지 어떻게확인하며 이말이 맞는지 건물시세가 처음들어갈당시10-12억정도 지금은얼마인지 모르구여 저는 소송이아니더라도 처음부터끝까지 좀 같이진행해줄지알았는데 그런것도 없네요;; 진행을 어찌해야될지 막막하네요 전세사기피해자 신고 이건 나중에 종결됐을때하는건가요?,1. 다가구주택,unknown,보증상품 보증상품 미확인 | 주택유형 다가구주택 | 보증금구간 1억~2억 | 계약상태 계약중(종료예정) | 선순위권리 근저당설정 | 반환보증 미상 | 분쟁유형 전세사기 | 진행단계 소송제기 | 상황 전세보험×처음계약시 (전세쓰리룸1억5천계약) 원래 방쪼개기해논건물 다세대건물 (원룸4.투룸5 쓰리룸1) 당시는 저보다 먼저계약해서 거주중인 사람들이 꾀있었어요 2년후 연장계약을했고 저는보증금1000이 증액됐구요 아마제기억으로는 6개월후 어디서 걸려서 합법건물로 만들어야된다고하면서 원룸4개사람들이 나가고 그걸중간을 터서 투룸4개가 쓰리룸으로됐구요 기존투룸살던사람들이 나간사람이3가구이고 저보다먼저 살던사람은1가구 저사람은 근데투룸에서 쓰리룸으로바뀌고 보증금도7000인가 증액됐다고들었습니다. 만기3개월남았을때 계약안한다 통보했고 만기전통화해보니 돈이없어서 세입자들어오면 나가라해서 어쩔수없이 재계약을진행후 세입자올때까지 기다리고있던상황에 갑자기 일이터진거에요 제순위가 궁금하네요 중간에트고 지저분하게해놨다고 해놨는데 이건 사기칠목적으로 해논거로 신고도가능한지요? 원룸4개를 이렇게해서 거의3억을 땡겨놨을듯 변호사1 채권신고서작성 변호사2 별제권행사해서 경매를 진행하면(경매비용내야된다고?.비용이얼마정도?) 전입신고전에 근저당권 잡혀있는 3억6천보다 먼저회수할수있다고 얘기하네요. 제가 별제권자인지 어떻게확인하며 이말이 맞는지 건물시세가 처음들어갈당시10-12억정도 지금은얼마인지 모르구여 저는 소송이아니더라도 처음부터끝까지 좀 같이진행해줄지알았는데 그런것도 없네요;; 진행을 어찌해야될지 막막하네요 전세사기피해자 신고 이건 나중에 종결됐을때하는건가요? | 특이사항 1. 다가구주택,provided_synthetic_consultations
CASE-0674,G07,서울,관악구,1억~2억,계약중(종료예정),다가구주택,미상,미가입,전세사기,상담·검토,"1. 전세보증보험 가입 X (재계약당시 현재 집주인이 가입 불가함을 제대로 명시하지 않음) 2. 최초 계약시 집주인과 현재 집주인이 다름 3. 현재 집주인은 파산 상태 (파산 미리 고지하지 않음) 4. 상황 설명 요청했으나 잠수 후 파산 완료 하고 메시지로 통보함 5. 전세사기 피해자 신청했으나 부결>현재 이의신청상태 6. 집 경매 넘어갔으나 (경매사건) 현재 임차인이 경매 유예 신청한 상태 (2.17 결정문 발송) 질문점> 문건처리내역 조회결과 \` 전세사기 피해자 경매유예 신청\`이라는 내용으로 임차인이 신청한것 같은데 이 사람은 피해자 인정된건지 궁금합니다. 또 \`한ooooooo\`이런식으로 임차인이 있는데 이건 집단이 걸었는지도 궁금합니다. 저는 보증금중 7천만원은 카카오 전세대출을 받은거라, 내년 1월 26일까지 일괄상환해야 하는데, 이대로 그냥 가만히 지켜봐도 되는건지 아니면 어떤 조치를 더 해야 하는지 모르겠습니다. 전세사기 피해자로 인정도 안해주니 국가에서 상담도 제대로 못받고 너무 아무것도 모르는데 어디서부터 이걸 핸들할지 막막하고 갑갑해서 요청드립니다.",1. 다가구주택,jeonse_return,"보증상품 전세보증금반환보증 | 주택유형 다가구주택 | 보증금구간 1억~2억 | 계약상태 계약중(종료예정) | 선순위권리 미상 | 반환보증 미가입 | 분쟁유형 전세사기 | 진행단계 상담·검토 | 상황 1. 전세보증보험 가입 X (재계약당시 현재 집주인이 가입 불가함을 제대로 명시하지 않음) 2. 최초 계약시 집주인과 현재 집주인이 다름 3. 현재 집주인은 파산 상태 (파산 미리 고지하지 않음) 4. 상황 설명 요청했으나 잠수 후 파산 완료 하고 메시지로 통보함 5. 전세사기 피해자 신청했으나 부결>현재 이의신청상태 6. 집 경매 넘어갔으나 (경매사건) 현재 임차인이 경매 유예 신청한 상태 (2.17 결정문 발송) 질문점> 문건처리내역 조회결과 \` 전세사기 피해자 경매유예 신청\`이라는 내용으로 임차인이 신청한것 같은데 이 사람은 피해자 인정된건지 궁금합니다. 또 \`한ooooooo\`이런식으로 임차인이 있는데 이건 집단이 걸었는지도 궁금합니다. 저는 보증금중 7천만원은 카카오 전세대출을 받은거라, 내년 1월 26일까지 일괄상환해야 하는데, 이대로 그냥 가만히 지켜봐도 되는건지 아니면 어떤 조치를 더 해야 하는지 모르겠습니다. 전세사기 피해자로 인정도 안해주니 국가에서 상담도 제대로 못받고 너무 아무것도 모르는데 어디서부터 이걸 핸들할지 막막하고 갑갑해서 요청드립니다. | 특이사항 1. 다가구주택",provided_synthetic_consultations
CASE-0675,G07,경기,수원시,1억~2억,계약종료,미상,미상,미상,기타·일반문의,임차권등기,임차권등기 서류중 주민등록일자 및 대항력 관련,,unknown,보증상품 보증상품 미확인 | 주택유형 미상 | 보증금구간 1억~2억 | 계약상태 계약종료 | 선순위권리 미상 | 반환보증 미상 | 분쟁유형 기타·일반문의 | 진행단계 임차권등기 | 상황 임차권등기 서류중 주민등록일자 및 대항력 관련,provided_synthetic_consultations
CASE-0676,G07,미상,미상,1억~2억,계약중(종료예정),다가구주택,선순위존재,가입,경매·공매,소송제기,"보증금반환소송에 대해 무료 상담 및 소장 작성 등과 관련하여 도움을 받고 싶습니다. 1. 현재 거주하고 있는 매물이 임의경매개시결정이 난 상태이며 같은 건물에 거주하고 있는 세입자들과 함께 단체 메신저를 통해서 정보 공유를 하고 있는 상황입니다. (세입자등 중에서 전세피해자 신청까지 마친 분들도 있고 임대인의 다른 소유 건물 1채는 강제경매결정이 난 상태입니다.) 2. 저는 배당요구 신청 완료 / 임차권등기명령 결정까지 났고 이후로 국토부, hug 전세피해자 인정 및 확인서 신청 예정이며 보증금반환소송 또한 같이 진행하려하여 이에 소장 작성을 하는 데에 변호사님의 법률 상담이 필요합니다. 3. 추가로 전세피해자 진술서 작성중인데 제가 계약당시 선순위 보증금이 2억이라고 하면서 hug 보증보험이 안 되지만 앞선 보증금이 얼마 되지 않고 만약 전세피해를 입어 해당 건물+토지가 경매에 넘어가도 낙찰가가 높아 전세금을 충분히 돌려받을 수 있을 것이라는 중개사의 말을 믿고 계약을 하였습니다. 더하여 선순위 보증금이 2억이라고 하였지만, 건물의 확정일자를 전부 확인해보니, 저의 계약일 기준 이미 보증금이 3억 6천만원이었는데, 이것 또한 중개대상물 확인계약서 서류를 첨부하여 진술서를 작성하면 유리할지도 같이 확인",1. 다가구주택 / 14가구 중 7번째 임차인,unknown,"보증상품 보증상품 미확인 | 주택유형 다가구주택 | 보증금구간 1억~2억 | 계약상태 계약중(종료예정) | 선순위권리 선순위존재 | 반환보증 가입 | 분쟁유형 경매·공매 | 진행단계 소송제기 | 상황 보증금반환소송에 대해 무료 상담 및 소장 작성 등과 관련하여 도움을 받고 싶습니다. 1. 현재 거주하고 있는 매물이 임의경매개시결정이 난 상태이며 같은 건물에 거주하고 있는 세입자들과 함께 단체 메신저를 통해서 정보 공유를 하고 있는 상황입니다. (세입자등 중에서 전세피해자 신청까지 마친 분들도 있고 임대인의 다른 소유 건물 1채는 강제경매결정이 난 상태입니다.) 2. 저는 배당요구 신청 완료 / 임차권등기명령 결정까지 났고 이후로 국토부, hug 전세피해자 인정 및 확인서 신청 예정이며 보증금반환소송 또한 같이 진행하려하여 이에 소장 작성을 하는 데에 변호사님의 법률 상담이 필요합니다. 3. 추가로 전세피해자 진술서 작성중인데 제가 계약당시 선순위 보증금이 2억이라고 하면서 hug 보증보험이 안 되지만 앞선 보증금이 얼마 되지 않고 만약 전세피해를 입어 해당 건물+토지가 경매에 넘어가도 낙찰가가 높아 전세금을 충분히 돌려받을 수 있을 것이라는 중개사의 말을 믿고 계약을 하였습니다. 더하여 선순위 보증금이 2억이라고 하였지만, 건물의 확정일자를 전부 확인해보니, 저의 계약일 기준 이미 보증금이 3억 6천만원이었는데, 이것 또한 중개대상물 확인계약서 서류를 첨부하여 진술서를 작성하면 유리할지도 같이 확인 | 특이사항 1. 다가구주택 / 14가구 중 7번째 임차인",provided_synthetic_consultations
CASE-0677,G07,서울,성북구,2억~3억,계약중(종료예정),아파트,압류·가압류,가입,기타·일반문의,HUG이행청구,"5월20일날 건축주 소유 집을 가계약을 진행했는데 본계약 하루전 갑자기 분양 매매 될예정이라면서 새로운 임대인이랑 계약하게 된다고 하더라고요. 등기를 때보니 아직 등기 이전도 안되어 있는 집이고 현재 가압류말소 신청해 놓은 상태인데 알지도 못하는 새로운 임대인과 내일 본계약 해도 되는 건가요? 저는 건축주 지방세 납부 주민등록증 이런거 봤는데 새로운 임대인에 대한 정보는 갑자기 오늘 통보 받아 아무것도 아는 사실이 없어요… 제가 부동산 직원한테 물어봤더니 약간 화내듯이 원래 이렇게 갭투자 하는 경우 있다 예를들어 삼성물산에서도 아파트 지으면 분양하지 않냐 여기 건축주도 마찬가지다 이러네요. 그건 맞는 말이지만 저는 건축주를 보고 계약한건데 이상해요 ㅠ 가계약 전부터 좀 이상했던게 보자마자 허그 청년버팀목 무직자 6월 13일 부터 안된다고 은행에 공문 비밀리에 내려왔다고 자기 친한 은행직원한테 들었다며 문자를 보여주고(허그 전화해보니 맞는 사실이긴 한대 안되는 건 아니고 심사가 강화된다라고 합니다), 처음에는, 비어있다더니 하루 생각하고 연락했더니 당일 집 보러 2팀 예약되어 있다고 다음날 두개 다 나갔다며 이미 계약 되어 있던 계약자 신혼부부가 부엌이 좁아서 1101호로 바꿨다며 계약 가능하다거 하더라고요 뭔가 자꾸 바꾸니까 이상해요 ㅠ",,unknown,"보증상품 보증상품 미확인 | 주택유형 아파트 | 보증금구간 2억~3억 | 계약상태 계약중(종료예정) | 선순위권리 압류·가압류 | 반환보증 가입 | 분쟁유형 기타·일반문의 | 진행단계 HUG이행청구 | 상황 5월20일날 건축주 소유 집을 가계약을 진행했는데 본계약 하루전 갑자기 분양 매매 될예정이라면서 새로운 임대인이랑 계약하게 된다고 하더라고요. 등기를 때보니 아직 등기 이전도 안되어 있는 집이고 현재 가압류말소 신청해 놓은 상태인데 알지도 못하는 새로운 임대인과 내일 본계약 해도 되는 건가요? 저는 건축주 지방세 납부 주민등록증 이런거 봤는데 새로운 임대인에 대한 정보는 갑자기 오늘 통보 받아 아무것도 아는 사실이 없어요… 제가 부동산 직원한테 물어봤더니 약간 화내듯이 원래 이렇게 갭투자 하는 경우 있다 예를들어 삼성물산에서도 아파트 지으면 분양하지 않냐 여기 건축주도 마찬가지다 이러네요. 그건 맞는 말이지만 저는 건축주를 보고 계약한건데 이상해요 ㅠ 가계약 전부터 좀 이상했던게 보자마자 허그 청년버팀목 무직자 6월 13일 부터 안된다고 은행에 공문 비밀리에 내려왔다고 자기 친한 은행직원한테 들었다며 문자를 보여주고(허그 전화해보니 맞는 사실이긴 한대 안되는 건 아니고 심사가 강화된다라고 합니다), 처음에는, 비어있다더니 하루 생각하고 연락했더니 당일 집 보러 2팀 예약되어 있다고 다음날 두개 다 나갔다며 이미 계약 되어 있던 계약자 신혼부부가 부엌이 좁아서 1101호로 바꿨다며 계약 가능하다거 하더라고요 뭔가 자꾸 바꾸니까 이상해요 ㅠ",provided_synthetic_consultations
CASE-0678,G07,경기,수원시,1억~2억,계약중(종료예정),다세대주택,미상,미상,전세사기,상담·검토,"깡통전세 임대인은 명의만 빌려준 바지사장. 현재 자기는 아무것도 모른다고 주장하는 상황 (그러나 전세 계약 시 명의 빌려준 바지사장과 통화도 했고 전세사기 걱정에 이것저것 물어봤지만 전세사기 아니니 걱정하지 말라고도 얘기함 > 거짓말 - 공인중개사에서도 처음에 거짓 정보로 집을 안내하고 현재는 공인중개사법 위반으로 중개일을 못하고 있다고 함 > 공인중개사 처벌 가능한지, - 임차권 등기 후 공실해결 : 렌트윈 정식 출시 위 부분 법적으로 문제가 없는지,",1. 다세대 / 12세대 / 공동담보,unknown,"보증상품 보증상품 미확인 | 주택유형 다세대주택 | 보증금구간 1억~2억 | 계약상태 계약중(종료예정) | 선순위권리 미상 | 반환보증 미상 | 분쟁유형 전세사기 | 진행단계 상담·검토 | 상황 깡통전세 임대인은 명의만 빌려준 바지사장. 현재 자기는 아무것도 모른다고 주장하는 상황 (그러나 전세 계약 시 명의 빌려준 바지사장과 통화도 했고 전세사기 걱정에 이것저것 물어봤지만 전세사기 아니니 걱정하지 말라고도 얘기함 > 거짓말 - 공인중개사에서도 처음에 거짓 정보로 집을 안내하고 현재는 공인중개사법 위반으로 중개일을 못하고 있다고 함 > 공인중개사 처벌 가능한지, - 임차권 등기 후 공실해결 : 렌트윈 정식 출시 위 부분 법적으로 문제가 없는지, | 특이사항 1. 다세대 / 12세대 / 공동담보",provided_synthetic_consultations
CASE-0679,G07,미상,신시,1억~2억,계약종료,다가구주택,미상,미상,기타·일반문의,상담·검토,기존 계약 집주인은 사망하시고 아들이 상속 받았습니다 그런데 이 다가구주택은 깡통전세입니다 형사고소 하고싶은데 어떻게 해아하나요,,unknown,보증상품 보증상품 미확인 | 주택유형 다가구주택 | 보증금구간 1억~2억 | 계약상태 계약종료 | 선순위권리 미상 | 반환보증 미상 | 분쟁유형 기타·일반문의 | 진행단계 상담·검토 | 상황 기존 계약 집주인은 사망하시고 아들이 상속 받았습니다 그런데 이 다가구주택은 깡통전세입니다 형사고소 하고싶은데 어떻게 해아하나요,provided_synthetic_consultations
CASE-0680,G07,경기,화성시,1억 미만,계약중(종료예정),다가구주택,미상,가입,보증금미반환,상담·검토,"임대인이 계약 종료 시점(25.07.15)에 보증금을 돌려주지 못할것 같다고 건물보증보험을 가입할테니 건물보증보험을 통해 보증금을 받으라고 했습니다. 다만, 현재 임대인이 국세, 이자 체납 등으로 자산이 부족하여 임차인들에게 200만원정도씩 각출해서 보증보험 가입비로 쓰겠다고 돈을 빌려 달라고 하는 상태입니다. 건물보증보험이라는 것도 잘 모르겠고 정말로 그게 가입이 가능하다면 보증보험에서 보증금을 받을 수 있는지도 궁금합니다. 계약작성시점(23.07.15)에 계약서 상 특약사항에 만기일에 보증금 전액을 즉시 반환한다 라는 조항이 있어도 소용이 없는건지도",1. 다가구,unknown,"보증상품 보증상품 미확인 | 주택유형 다가구주택 | 보증금구간 1억 미만 | 계약상태 계약중(종료예정) | 선순위권리 미상 | 반환보증 가입 | 분쟁유형 보증금미반환 | 진행단계 상담·검토 | 상황 임대인이 계약 종료 시점(25.07.15)에 보증금을 돌려주지 못할것 같다고 건물보증보험을 가입할테니 건물보증보험을 통해 보증금을 받으라고 했습니다. 다만, 현재 임대인이 국세, 이자 체납 등으로 자산이 부족하여 임차인들에게 200만원정도씩 각출해서 보증보험 가입비로 쓰겠다고 돈을 빌려 달라고 하는 상태입니다. 건물보증보험이라는 것도 잘 모르겠고 정말로 그게 가입이 가능하다면 보증보험에서 보증금을 받을 수 있는지도 궁금합니다. 계약작성시점(23.07.15)에 계약서 상 특약사항에 만기일에 보증금 전액을 즉시 반환한다 라는 조항이 있어도 소용이 없는건지도 | 특이사항 1. 다가구",provided_synthetic_consultations
CASE-0681,G07,경기,용인시,1억~2억,계약중(종료예정),미상,압류·가압류,미상,기타·일반문의,소송제기,25년 05월 30일 만기일 -집주인남편이라던 김씨와 05월 07일 전세연장을 목적으로 계약서 작성하려 하였으나 당일 잠수(이전에도 일방적으로 연락을 안받은 이력 다수) -1차 내용증명 05월 08일에 발송하였으나 반송됨 -집주인 초본 발행하여 주소지 동일한것 확인 후 2차 내용증명 05월 20일에 발송하였으나 반송 -집주인 초본 상세하게 발행하여 주소지 동일확인 후 3차 내용증명 05월 28일 발송 -2차 내용증명 반송된 후 발행한 초본에 집주인 권씨의 남편이라고 주장하던 김씨가 실제로 남편이 아닌걸 확인 -3차 내용증명 반송되어 오면 공시송달 예정 질문 1. 공시송달 이후 전세금 반환소송을 통하여 전세금 반환받고 싶은데 다른 방밥이 있을까요? 2. 집주인 권씨와 초본에 기재된 남편 이씨에게 압류를 걸 수 있을까요?,1. 법무사에게 공시송달을 의뢰했다 / 법무사가 법이 까다로워져서 공시송달이 어려우니 임차권등기나 해주겠다고 함,unknown,보증상품 보증상품 미확인 | 주택유형 미상 | 보증금구간 1억~2억 | 계약상태 계약중(종료예정) | 선순위권리 압류·가압류 | 반환보증 미상 | 분쟁유형 기타·일반문의 | 진행단계 소송제기 | 상황 25년 05월 30일 만기일 -집주인남편이라던 김씨와 05월 07일 전세연장을 목적으로 계약서 작성하려 하였으나 당일 잠수(이전에도 일방적으로 연락을 안받은 이력 다수) -1차 내용증명 05월 08일에 발송하였으나 반송됨 -집주인 초본 발행하여 주소지 동일한것 확인 후 2차 내용증명 05월 20일에 발송하였으나 반송 -집주인 초본 상세하게 발행하여 주소지 동일확인 후 3차 내용증명 05월 28일 발송 -2차 내용증명 반송된 후 발행한 초본에 집주인 권씨의 남편이라고 주장하던 김씨가 실제로 남편이 아닌걸 확인 -3차 내용증명 반송되어 오면 공시송달 예정 질문 1. 공시송달 이후 전세금 반환소송을 통하여 전세금 반환받고 싶은데 다른 방밥이 있을까요? 2. 집주인 권씨와 초본에 기재된 남편 이씨에게 압류를 걸 수 있을까요? | 특이사항 1. 법무사에게 공시송달을 의뢰했다 / 법무사가 법이 까다로워져서 공시송달이 어려우니 임차권등기나 해주겠다고 함,provided_synthetic_consultations
CASE-0682,G08,경기,하남시,1억~2억,계약종료,오피스텔,미상,가입,묵시적갱신분쟁,소송제기,"저의 상황이 너무 답답하고 무서워서 저는 2022년 5월 31일부터 2024년 5월 30일까지 현재 거주중인 곳을 보증금 135,000,000만원에 계약 했고 당시에 반환보증보험도 같이 가입을 했었습니다. 처음엔 계약 연장을 목표로 보증공사와 연락을 해서 전세계약 연장을 할 생각인데 보증기간을 연장하고 싶다라고 전달했더니 현재 처음 계약 할 때보다 시세가 많이 내려간 상태여서 현 시세에 맞게 보증금이 내려간 계약내용이 필요하다라는 내용을 전달 받고 부동산과 임대인한테도 2024년 3월 10일에 내용을 전달했습니다. 내용을 전달 하면서 임대인한테 연장을 하실건지 물어보고 연장이 어렵다면 새로 집을 알아봐야 하는 상황이니 알아보고 연락을 달라고 했습니다. 임대인은 알아보겠다고 하고 약 2주간 연락이 없었습니다. 저는 자취가 처음이라 임차인 입장에서 임대인한테 빨리 답을 달라 닥달하는게 예의가 아니라 생각해서 기다리다가 2024년 4월 2일에 다시 한 번 연락해서 연장관련 내용을 언제쯤 알 수 있냐, 확인 되시면 연락 달라고 문자를 했습니다. 그러고도 연락이 없었고 2024년 4월 25일 통화를 했을 때 자신이 확인한 내용을 자료로 보내준다고 했으나 이 역시 보내주지 않았습니다. 그러다가 결국 계약 만기 달인 5월 1일에 연락을 해서 2024년 5월 4일(토)에 부동산에서 만나기로 했습니다. 약속된 2024년 5월 4일 부동산에서 임대인을 만났고 이미 사전에 알려준대로 반환보증가입 조건에 맞는 금액으로 재계약을 하자 전달했더니 임대인이 지금 당장은 떨어진 차액만큼의 돈이 없으니 일단 계약서부터 쓰고 나중에 돈을 주겠다고 했습니다. 그래서 저희쪽에서는 새로운 계약서 및 차액만큼의 반환했다라는 영수증이 필요하다 전달했고 임대인은 일단 수기로 영수증을 작성할테니 그걸로 진행을 해라 수 개월 내로 돌려줄테니 못미더우면 임대차계약서에 언제까지 돌려주겠다라는 문구를 집어 넣자 제안했습니다. 저희쪽에서는 받지않은 돈을 어떻게 받았다고 영수증을 쓰냐 그건 아닌거 같다 거절을 했고 계약을 그럼 종료하겠다 전액 돌려달라 했습니다. 그러자 임대인은 당장의 차액만큼의 돈도 없는데 전액은 더 무리다. 자신은 돈을 줄 수 없으니 보증공사한테 받아라 라고 했습니다. 저희는 그럼 우리가 보증공사에 연락을 해서 알아보고 반환요청 진행을 하겠다 하고 그날 이야기는 마무리가 됐습니다. 공휴일이 지나가고 5월8일에 보증공사와 연락을 했고 보증공사측에서는 종료 2개월전 종료 통보가 아니므로 양측의 동의가 들어있는 종료확인서를 받아서 제출을하라 했고 종료 확인서를 대체 할 수있는 방법에 대해서도 알려줘서 임대인에게 내용을 전달했고 협조해 달라고 했습니다. 임대인은 알겠다고 얘기하면서 갑자기 당장 해외 출장이 있어서 당분간 연락이 안될거라 했습니다. 그러고는 종료확인문자에 대해서 답장해주지 않고 그대로 연락이 끊겼습니다. 그리고 다시 연락이 닿은건 2024년 5월 18일이었고 역시 말로는 협조한다 알겠다 하면서 종료확인문자에 답장을 안해주면서 시간을 끌었습니다. 2024년 5월 21일에 다시 전화 통화를 했고 통화에서는 갑자기 돈을 구하는 중이다. 보증공사와 연락이 안된다. 보증공사한테까지 가지 않길 원한다. 걱정하지 말아라 종료기간 전까지는 자기가 무조건 답변을 주겠다. 라고 했습니다. 그 이후로는 여전히 연락이 없었고 심지어 5월 26일부터 꾸준히 연락을 취했지만 받지 않았습니다. 결국 5월 27일에 내용증명을 작성해 발송을 했지만 그마저도 폐문부재로 닿지 않았습니다. 답답한 마음에 내용증명을 사진을 찍어 5월 30일에 임대인한테 문자로 전송을 했고 임대인은 자신이 출장중에 폰을 놓고와서 연락을 못받았고 5월 30까지 회신준다고했는데 내용증명을 왜 보냈냐며 답장을 했습니다. 결국 계약기간인 2024년 5월 30일이 지나갔고 임대인은 반환보증기간이 6월 28일까지라며 끝까지 비협조적으로 나왔습니다. 그러다가 2024년 6월 9일 문자로 연락이와서 임차인이 근거도 없는 말도 안되는 금액을 제시하면서 일방적으로 계약을 파기하였다. 이는 전세계약 만료일 1개월도 남지않은 상황이었기 때문에 묵시적갱신이다를 주장했습니다. 저희쪽에서는 임대인이 묵시정 갱신을 주장할 수 있는 부분은 아닌걸로 알고 있고 반환보증보험 가입조건만 맞춰주신다면 재계약 의사가 있다 하지만 그 조건을 맞추지 못한다면 말했듯이 계약종료로 알겠다고 하고 연락은 더이상 하지 않았습니다. 6월 10일 두 번째 내용증명을 보냈습니다. 하지만 이 역시 폐문 부재로 반송이 됐습니다. 저는 그 이후로 임차권 등기를 신청해서 2024년 8월 2일부로 임차권 등기가 결정됐습니다. 그리고 8월 16일 세 번째 내용증명을 발송을 하였고 8월 20일 임대인한테 내용증명이 배달되었습니다.(배달증명) 그 이후로도 계속 보증공사를 왔다갔다하며 반환신청을 시도했지만 보증공사로부터 3개월전 종료통보, 종료 확인서가 없으므로 최종 지급 거절을 당한 상태입니다. 현재는 따로 방을 빼지 않고 계속 거주중입니다. 지급명령도 알아봤으나 저한테는 해당되지않는거 같아서 진행은 하지 못했고 결국 소송밖에 남지 않은 상황인 것 같아서 무섭고 답답함에 상담 드립니다.",1. 깡통오피스텔,unknown,"보증상품 보증상품 미확인 | 주택유형 오피스텔 | 보증금구간 1억~2억 | 계약상태 계약종료 | 선순위권리 미상 | 반환보증 가입 | 분쟁유형 묵시적갱신분쟁 | 진행단계 소송제기 | 상황 저의 상황이 너무 답답하고 무서워서 저는 2022년 5월 31일부터 2024년 5월 30일까지 현재 거주중인 곳을 보증금 135,000,000만원에 계약 했고 당시에 반환보증보험도 같이 가입을 했었습니다. 처음엔 계약 연장을 목표로 보증공사와 연락을 해서 전세계약 연장을 할 생각인데 보증기간을 연장하고 싶다라고 전달했더니 현재 처음 계약 할 때보다 시세가 많이 내려간 상태여서 현 시세에 맞게 보증금이 내려간 계약내용이 필요하다라는 내용을 전달 받고 부동산과 임대인한테도 2024년 3월 10일에 내용을 전달했습니다. 내용을 전달 하면서 임대인한테 연장을 하실건지 물어보고 연장이 어렵다면 새로 집을 알아봐야 하는 상황이니 알아보고 연락을 달라고 했습니다. 임대인은 알아보겠다고 하고 약 2주간 연락이 없었습니다. 저는 자취가 처음이라 임차인 입장에서 임대인한테 빨리 답을 달라 닥달하는게 예의가 아니라 생각해서 기다리다가 2024년 4월 2일에 다시 한 번 연락해서 연장관련 내용을 언제쯤 알 수 있냐, 확인 되시면 연락 달라고 문자를 했습니다. 그러고도 연락이 없었고 2024년 4월 25일 통화를 했을 때 자신이 확인한 내용을 자료로 보내준다고 했으나 이 역시 보내주지 않았습니다. 그러다가 결국 계약 만기 달인 5월 1일에 연락을 해서 2024년 5월 4일(토)에 부동산에서 만나기로 했습니다. 약속된 2024년 5월 4일 부동산에서 임대인을 만났고 이미 사전에 알려준대로 반환보증가입 조건에 맞는 금액으로 재계약을 하자 전달했더니 임대인이 지금 당장은 떨어진 차액만큼의 돈이 없으니 일단 계약서부터 쓰고 나중에 돈을 주겠다고 했습니다. 그래서 저희쪽에서는 새로운 계약서 및 차액만큼의 반환했다라는 영수증이 필요하다 전달했고 임대인은 일단 수기로 영수증을 작성할테니 그걸로 진행을 해라 수 개월 내로 돌려줄테니 못미더우면 임대차계약서에 언제까지 돌려주겠다라는 문구를 집어 넣자 제안했습니다. 저희쪽에서는 받지않은 돈을 어떻게 받았다고 영수증을 쓰냐 그건 아닌거 같다 거절을 했고 계약을 그럼 종료하겠다 전액 돌려달라 했습니다. 그러자 임대인은 당장의 차액만큼의 돈도 없는데 전액은 더 무리다. 자신은 돈을 줄 수 없으니 보증공사한테 받아라 라고 했습니다. 저희는 그럼 우리가 보증공사에 연락을 해서 알아보고 반환요청 진행을 하겠다 하고 그날 이야기는 마무리가 됐습니다. 공휴일이 지나가고 5월8일에 보증공사와 연락을 했고 보증공사측에서는 종료 2개월전 종료 통보가 아니므로 양측의 동의가 들어있는 종료확인서를 받아서 제출을하라 했고 종료 확인서를 대체 할 수있는 방법에 대해서도 알려줘서 임대인에게 내용을 전달했고 협조해 달라고 했습니다. 임대인은 알겠다고 얘기하면서 갑자기 당장 해외 출장이 있어서 당분간 연락이 안될거라 했습니다. 그러고는 종료확인문자에 대해서 답장해주지 않고 그대로 연락이 끊겼습니다. 그리고 다시 연락이 닿은건 2024년 5월 18일이었고 역시 말로는 협조한다 알겠다 하면서 종료확인문자에 답장을 안해주면서 시간을 끌었습니다. 2024년 5월 21일에 다시 전화 통화를 했고 통화에서는 갑자기 돈을 구하는 중이다. 보증공사와 연락이 안된다. 보증공사한테까지 가지 않길 원한다. 걱정하지 말아라 종료기간 전까지는 자기가 무조건 답변을 주겠다. 라고 했습니다. 그 이후로는 여전히 연락이 없었고 심지어 5월 26일부터 꾸준히 연락을 취했지만 받지 않았습니다. 결국 5월 27일에 내용증명을 작성해 발송을 했지만 그마저도 폐문부재로 닿지 않았습니다. 답답한 마음에 내용증명을 사진을 찍어 5월 30일에 임대인한테 문자로 전송을 했고 임대인은 자신이 출장중에 폰을 놓고와서 연락을 못받았고 5월 30까지 회신준다고했는데 내용증명을 왜 보냈냐며 답장을 했습니다. 결국 계약기간인 2024년 5월 30일이 지나갔고 임대인은 반환보증기간이 6월 28일까지라며 끝까지 비협조적으로 나왔습니다. 그러다가 2024년 6월 9일 문자로 연락이와서 임차인이 근거도 없는 말도 안되는 금액을 제시하면서 일방적으로 계약을 파기하였다. 이는 전세계약 만료일 1개월도 남지않은 상황이었기 때문에 묵시적갱신이다를 주장했습니다. 저희쪽에서는 임대인이 묵시정 갱신을 주장할 수 있는 부분은 아닌걸로 알고 있고 반환보증보험 가입조건만 맞춰주신다면 재계약 의사가 있다 하지만 그 조건을 맞추지 못한다면 말했듯이 계약종료로 알겠다고 하고 연락은 더이상 하지 않았습니다. 6월 10일 두 번째 내용증명을 보냈습니다. 하지만 이 역시 폐문 부재로 반송이 됐습니다. 저는 그 이후로 임차권 등기를 신청해서 2024년 8월 2일부로 임차권 등기가 결정됐습니다. 그리고 8월 16일 세 번째 내용증명을 발송을 하였고 8월 20일 임대인한테 내용증명이 배달되었습니다.(배달증명) 그 이후로도 계속 보증공사를 왔다갔다하며 반환신청을 시도했지만 보증공사로부터 3개월전 종료통보, 종료 확인서가 없으므로 최종 지급 거절을 당한 상태입니다. 현재는 따로 방을 빼지 않고 계속 거주중입니다. 지급명령도 알아봤으나 저한테는 해당되지않는거 같아서 진행은 하지 못했고 결국 소송밖에 남지 않은 상황인 것 같아서 무섭고 답답함에 상담 드립니다. | 특이사항 1. 깡통오피스텔",provided_synthetic_consultations
CASE-0683,G08,서울,금천구,1억~2억,계약중(종료예정),다가구주택,근저당설정,가입,전세사기,임차권등기,"현재 6년째 세입자로 살고 있는 건물에 지난 12월 강제경제 신청에 대한 안내문이 붙었습니다. 퇴실 후 보증금을 받지 못한 세입자가 신청한 것이었고, 그 후 제가 최초 계약 전 건물에 걸려 있던 근저당(새마을금고 4억 정도)이 대부업체로 이관되면서, 최초 건물을 지을 때 인터리어 업자였던 분이 가압류를 신청하면서 사태가 계속 커졌습니다. 등기부를 보시면 아시겠지만 이제 임차권등기명령을 신청한 사람도 한둘이 아니고 이 건물은 보증보험이 되지 않는 건물입니다. 그래서 일어나지 않기를 바라지만 아마 막을 수 없을 경매와 배당을 앞두고(배당 요구 신청서는 제출 완료했습니다.) 제가 놓치고 있는 것은 없는지 해야 하는 것은 없는지 혼란스러워 지금 시점에서는 8월 말 계약 만료 전 다음 달 쯤 임대인에게 내용증명(계약 연장 없을테니 만기시 보증금을 지급하라는)을 보내고, 지자체에 전세 피해자 등록 신청을 하고, 계약 만료 시 임차권 등기 명령을 신청함과 동시에 은행에 버팀목 전세자금 대출 연장을 신청하려 합니다. 지금 제 보증금 1억 6700만원 중 1억은 은행에서 버팀목 전세대출로 받은 것인데, 문의 해보니 경매가 끝날 때까지 계속 6개월 단위로 연장이 가능하다 해서요(임차권 등기 신청서 제출 시). 그런데 처음부터 전세 사기 목적으로 접근했다는 증거가 없으니 저의 경우 전세 피해자로 등록이 어려울 수 있다는 이야기를 듣기도 했습니다. 경매에서 보증금 전액을 배당 받는 것은 확률상 어려울 것 같고, 그 후에 민사로 넘어가게 되면 어떻게 될런지 집주인이 개인회생이나 파산+면책 등으로 나와 버리면 별 수 없을지도 궁금합니다. 아무쪼록 너무 주절주절 혼란스럽게 말씀을 드렸지만, 문서들과 히스토리가 정리된 링크도 첨부합니다. 연락 기다리겠습니다. 감사합니다.https://drive.google.com/drive/folders/1uESmpi8CBKuzwhOqTom60ouqc6-CD8-C?usp=sharing",1. 다가구주택 / 9가주중 3번째임차인,unknown,"보증상품 보증상품 미확인 | 주택유형 다가구주택 | 보증금구간 1억~2억 | 계약상태 계약중(종료예정) | 선순위권리 근저당설정 | 반환보증 가입 | 분쟁유형 전세사기 | 진행단계 임차권등기 | 상황 현재 6년째 세입자로 살고 있는 건물에 지난 12월 강제경제 신청에 대한 안내문이 붙었습니다. 퇴실 후 보증금을 받지 못한 세입자가 신청한 것이었고, 그 후 제가 최초 계약 전 건물에 걸려 있던 근저당(새마을금고 4억 정도)이 대부업체로 이관되면서, 최초 건물을 지을 때 인터리어 업자였던 분이 가압류를 신청하면서 사태가 계속 커졌습니다. 등기부를 보시면 아시겠지만 이제 임차권등기명령을 신청한 사람도 한둘이 아니고 이 건물은 보증보험이 되지 않는 건물입니다. 그래서 일어나지 않기를 바라지만 아마 막을 수 없을 경매와 배당을 앞두고(배당 요구 신청서는 제출 완료했습니다.) 제가 놓치고 있는 것은 없는지 해야 하는 것은 없는지 혼란스러워 지금 시점에서는 8월 말 계약 만료 전 다음 달 쯤 임대인에게 내용증명(계약 연장 없을테니 만기시 보증금을 지급하라는)을 보내고, 지자체에 전세 피해자 등록 신청을 하고, 계약 만료 시 임차권 등기 명령을 신청함과 동시에 은행에 버팀목 전세자금 대출 연장을 신청하려 합니다. 지금 제 보증금 1억 6700만원 중 1억은 은행에서 버팀목 전세대출로 받은 것인데, 문의 해보니 경매가 끝날 때까지 계속 6개월 단위로 연장이 가능하다 해서요(임차권 등기 신청서 제출 시). 그런데 처음부터 전세 사기 목적으로 접근했다는 증거가 없으니 저의 경우 전세 피해자로 등록이 어려울 수 있다는 이야기를 듣기도 했습니다. 경매에서 보증금 전액을 배당 받는 것은 확률상 어려울 것 같고, 그 후에 민사로 넘어가게 되면 어떻게 될런지 집주인이 개인회생이나 파산+면책 등으로 나와 버리면 별 수 없을지도 궁금합니다. 아무쪼록 너무 주절주절 혼란스럽게 말씀을 드렸지만, 문서들과 히스토리가 정리된 링크도 첨부합니다. 연락 기다리겠습니다. 감사합니다.https://drive.google.com/drive/folders/1uESmpi8CBKuzwhOqTom60ouqc6-CD8-C?usp=sharing | 특이사항 1. 다가구주택 / 9가주중 3번째임차인",provided_synthetic_consultations
CASE-0684,G08,경기,의왕시,2억~3억,계약중(종료예정),미상,미상,미상,보증금미반환,소송제기,"7월7일 전세만기예정이고 만기일 맞춰 매매계약 한 상황. 전세대출이 1억7천정도 있는 상황이고 보금자리론 매매대출 신청한 상황(만기일에 대출금을 갚아야 매매대출이 나온다고합니다) 3개월전에 집주인에게 나간다고 이야기한 상황인데 세입자가 안구해짐 집주인은 9월에 보증금을 줄수있다고 함(2달 후 받을래? 소송걸어서6달후 받을래? 반협박) 위와같은 상황입니다.저희는 2달후든 6개월 후에 받든 상관없이 하루라도 늦으면 매매대출이 안나오기때문에 매매계약을 날리게 되는 상황이고 현재 집주인에게 \""두달말미 줄수없는 상황이며 계속 반환되지않을경우 법적조치 생각중이니 퇴거자금대출이라도 알아봐달라\"" 라고 전달한 상황입니다",,unknown,"보증상품 보증상품 미확인 | 주택유형 미상 | 보증금구간 2억~3억 | 계약상태 계약중(종료예정) | 선순위권리 미상 | 반환보증 미상 | 분쟁유형 보증금미반환 | 진행단계 소송제기 | 상황 7월7일 전세만기예정이고 만기일 맞춰 매매계약 한 상황. 전세대출이 1억7천정도 있는 상황이고 보금자리론 매매대출 신청한 상황(만기일에 대출금을 갚아야 매매대출이 나온다고합니다) 3개월전에 집주인에게 나간다고 이야기한 상황인데 세입자가 안구해짐 집주인은 9월에 보증금을 줄수있다고 함(2달 후 받을래? 소송걸어서6달후 받을래? 반협박) 위와같은 상황입니다.저희는 2달후든 6개월 후에 받든 상관없이 하루라도 늦으면 매매대출이 안나오기때문에 매매계약을 날리게 되는 상황이고 현재 집주인에게 \""두달말미 줄수없는 상황이며 계속 반환되지않을경우 법적조치 생각중이니 퇴거자금대출이라도 알아봐달라\"" 라고 전달한 상황입니다",provided_synthetic_consultations
CASE-0685,G08,부산,남구,1억~2억,계약중(종료예정),미상,근저당설정,가입,경매·공매,상담·검토,"28일 임의경매실시결정 안내문을 등기로 받았습니다. 23.12.28~25.12.27 임대차 계약기간 입니다. 임대인에게 상황 설명 및 중도해지 가능한지 문의하였으나 관리업체에 말하라는 답변만 받았습니다. 관리업체에 전화 하였으나, hug 보증보험으로 해결하라는 답변만 받았습니다. 선순위근저당이 있어서 경매로 넘어가면 배당을 받기 어려울것 같습니다. 현재 권리신고 및 배당요구 신청을 하고, 임차인 등기 명령 신청을 해 놓은 상태입니다. hug임대보증금보험을 임차인.01.13 신청 하였으나 아직 보증 증서가 발급되지 않은 상태입니다. hug담당자 말로는 계약시 임대보증보험이 가입되었으니 임차인 연장은 문제 없을거라고 했습니다. 하지만 너무 보증증서 발급이 너무 늦고, 심사중 경매 상황이 발생하여 문제가 있을지 불안합니다. 보험 보증 증서 월에 전화했을 때도 기다리라고만 하고, 5월 28일에 전화했을 때도 담당자 부재, 5월 29일에 연락이 닿고 5월 30일에 보증료 납부 문자가 올것이라고 했지만 또 오지 않은 상태 입니다. 계속 이렇게 일처리가 안되니 담당자에 대한 불신이 커집니다. (궁금한 것 요약) 1. 이 상황(보험연장 심사중 경매실시)에서 추후 hug보증이행 청구 시 문제가 없을까요? 2. 권리신고 및 배당요구신청, 임차권 등기 설정 이후에도 임대인에게 내용 증명이 필요한가요? 3. 경매 개시 되면 임차권 등기가 설정되어 있으면, 바로 보증 이행 청구가 가능한것일까요? 아니면 계약만료일이나 경매낙찰 때까지 기다려야하나요?",,rental_deposit,"보증상품 임대보증금보증 | 주택유형 미상 | 보증금구간 1억~2억 | 계약상태 계약중(종료예정) | 선순위권리 근저당설정 | 반환보증 가입 | 분쟁유형 경매·공매 | 진행단계 상담·검토 | 상황 28일 임의경매실시결정 안내문을 등기로 받았습니다. 23.12.28~25.12.27 임대차 계약기간 입니다. 임대인에게 상황 설명 및 중도해지 가능한지 문의하였으나 관리업체에 말하라는 답변만 받았습니다. 관리업체에 전화 하였으나, hug 보증보험으로 해결하라는 답변만 받았습니다. 선순위근저당이 있어서 경매로 넘어가면 배당을 받기 어려울것 같습니다. 현재 권리신고 및 배당요구 신청을 하고, 임차인 등기 명령 신청을 해 놓은 상태입니다. hug임대보증금보험을 임차인.01.13 신청 하였으나 아직 보증 증서가 발급되지 않은 상태입니다. hug담당자 말로는 계약시 임대보증보험이 가입되었으니 임차인 연장은 문제 없을거라고 했습니다. 하지만 너무 보증증서 발급이 너무 늦고, 심사중 경매 상황이 발생하여 문제가 있을지 불안합니다. 보험 보증 증서 월에 전화했을 때도 기다리라고만 하고, 5월 28일에 전화했을 때도 담당자 부재, 5월 29일에 연락이 닿고 5월 30일에 보증료 납부 문자가 올것이라고 했지만 또 오지 않은 상태 입니다. 계속 이렇게 일처리가 안되니 담당자에 대한 불신이 커집니다. (궁금한 것 요약) 1. 이 상황(보험연장 심사중 경매실시)에서 추후 hug보증이행 청구 시 문제가 없을까요? 2. 권리신고 및 배당요구신청, 임차권 등기 설정 이후에도 임대인에게 내용 증명이 필요한가요? 3. 경매 개시 되면 임차권 등기가 설정되어 있으면, 바로 보증 이행 청구가 가능한것일까요? 아니면 계약만료일이나 경매낙찰 때까지 기다려야하나요?",provided_synthetic_consultations
CASE-0686,G08,서울,영등포구,1억~2억,계약중(종료예정),오피스텔,근저당설정,가입,경매·공매,상담·검토,"2024년 12월 13일 전세 계약 완료/ 확정일자 완료 (반전세/ 보증금: 1억 6,700만원, 월세 47,000원) (근저당 없음) 2025년 2월 3일 입주 / 전세보증보험 가입 완료 2025년 5월 20일 부동산강제경매 안내문 통보 2025년 5월 30일 배당요구 신청 완료 현재 진행 상황입니다. 2년 계약으로 이사온지 몇달 안되었는데 이런 일이 벌어졌습니다. 근저당 없는 것 확인하고 버팀목전세대출 받느라 은행도 확인하고, 보증보험도 가입 완료해서 문제 없다고 생각했습니다. 일단 배당요구 신청은 무조건 해야한대서 하고왔는데, 이 다음에 무엇을 어떻게 준비해야할지 모르겠습니다.",1. 오피스텔 / 임대인이 전체호실 소유,jeonse_return,"보증상품 전세보증금반환보증 | 주택유형 오피스텔 | 보증금구간 1억~2억 | 계약상태 계약중(종료예정) | 선순위권리 근저당설정 | 반환보증 가입 | 분쟁유형 경매·공매 | 진행단계 상담·검토 | 상황 2024년 12월 13일 전세 계약 완료/ 확정일자 완료 (반전세/ 보증금: 1억 6,700만원, 월세 47,000원) (근저당 없음) 2025년 2월 3일 입주 / 전세보증보험 가입 완료 2025년 5월 20일 부동산강제경매 안내문 통보 2025년 5월 30일 배당요구 신청 완료 현재 진행 상황입니다. 2년 계약으로 이사온지 몇달 안되었는데 이런 일이 벌어졌습니다. 근저당 없는 것 확인하고 버팀목전세대출 받느라 은행도 확인하고, 보증보험도 가입 완료해서 문제 없다고 생각했습니다. 일단 배당요구 신청은 무조건 해야한대서 하고왔는데, 이 다음에 무엇을 어떻게 준비해야할지 모르겠습니다. | 특이사항 1. 오피스텔 / 임대인이 전체호실 소유",provided_synthetic_consultations
CASE-0687,G08,충남,천안시,1억~2억,계약중(종료예정),아파트,압류·가압류,가입,보증금미반환,임차권등기,"전세 21년 3월 전세로 전입하여 현재까지 거주중(보증금 1억5천) 23년 3월 전세갱신계약 750만원증액 (보증금1억5천750만원) 24년 11월 임대인 가압류 1202만원 들어옴(모름) 25년 3월 전세 재계약 750만원감액 (보증금1억5천) 감액분은 5월까지 반환하기로 특약체결 25년3월 당시등기 부등본상 가압류 존재를 모른 상태로 계약(부동산은 대필만 해줌)5월에 가압류 인지, 보증보험 보증기간 종료(25.4), 임대인 보증금감액분 년3월 임대차계약 해지 내용의 내용증명 발송 예정, 23년3월 계약으로 임차권등기 신청 예정 문의) 1. 가압류 이후의 임대차계약서로 확정일자를 또 받았는데 23년 임대차계약서로 임차권등기를 할 수 있나요?","1. 대항력은 있지만, 깡통아파트",unknown,"보증상품 보증상품 미확인 | 주택유형 아파트 | 보증금구간 1억~2억 | 계약상태 계약중(종료예정) | 선순위권리 압류·가압류 | 반환보증 가입 | 분쟁유형 보증금미반환 | 진행단계 임차권등기 | 상황 전세 21년 3월 전세로 전입하여 현재까지 거주중(보증금 1억5천) 23년 3월 전세갱신계약 750만원증액 (보증금1억5천750만원) 24년 11월 임대인 가압류 1202만원 들어옴(모름) 25년 3월 전세 재계약 750만원감액 (보증금1억5천) 감액분은 5월까지 반환하기로 특약체결 25년3월 당시등기 부등본상 가압류 존재를 모른 상태로 계약(부동산은 대필만 해줌)5월에 가압류 인지, 보증보험 보증기간 종료(25.4), 임대인 보증금감액분 년3월 임대차계약 해지 내용의 내용증명 발송 예정, 23년3월 계약으로 임차권등기 신청 예정 문의) 1. 가압류 이후의 임대차계약서로 확정일자를 또 받았는데 23년 임대차계약서로 임차권등기를 할 수 있나요? | 특이사항 1. 대항력은 있지만, 깡통아파트",provided_synthetic_consultations
CASE-0688,G08,서울,금천구,1억 미만,계약중(종료예정),오피스텔,근저당설정,미상,경매·공매,임차권등기,"반전세 계약 만료전 임차권등기명령 가능할까요 -계약조건- 당사자: 임차인 계약일자 24.11.24 확정일자 24.11.25 계약만료일자 25.11.23 근저당설정일자 2017년 (채권액 98,000,000) 보증금 35,000,000원 (소액임차인으로 최우선변제권 32,000,000원까지 가능) 상황1. 25.3.25일 부동산으로부터 오피스텔이 경매에 넘어갈것같으니 월세를 내지말라는 얘기를 들음 상황2. 25.6.1 현재 경매개시는 되지않은 상황에서 빠르면 9월 늦어도 11월말에는 이사를 가야하는 상황 발생 1.아직 계약만료가 안되었는데 경매개시 되기전에 임차권등기명령을 신청할 방법은 없을지 (어차피 경매넘어가는거 임차권등기 먼저 한다고 임대인에게 불리한것은 없지않나요 ? 지금 이사 나가도 되니까 계약종료로 합의 불가능할까요?) 2. 경매개시후에는 계약종료일과 관계없이 임차권등기명령 가능하다고 들었는데 맞는지 3. 합의에 성공해서 계약종료하는것으로하고 임차권등기했다면 이사가도 최우선변제권 상실하지않는지, 경매개시후 임차권등기했다면 계약종료일까지는 이사 못가는지",1. 배당요구신청 이후 임차권등기 가능,unknown,"보증상품 보증상품 미확인 | 주택유형 오피스텔 | 보증금구간 1억 미만 | 계약상태 계약중(종료예정) | 선순위권리 근저당설정 | 반환보증 미상 | 분쟁유형 경매·공매 | 진행단계 임차권등기 | 상황 반전세 계약 만료전 임차권등기명령 가능할까요 -계약조건- 당사자: 임차인 계약일자 24.11.24 확정일자 24.11.25 계약만료일자 25.11.23 근저당설정일자 2017년 (채권액 98,000,000) 보증금 35,000,000원 (소액임차인으로 최우선변제권 32,000,000원까지 가능) 상황1. 25.3.25일 부동산으로부터 오피스텔이 경매에 넘어갈것같으니 월세를 내지말라는 얘기를 들음 상황2. 25.6.1 현재 경매개시는 되지않은 상황에서 빠르면 9월 늦어도 11월말에는 이사를 가야하는 상황 발생 1.아직 계약만료가 안되었는데 경매개시 되기전에 임차권등기명령을 신청할 방법은 없을지 (어차피 경매넘어가는거 임차권등기 먼저 한다고 임대인에게 불리한것은 없지않나요 ? 지금 이사 나가도 되니까 계약종료로 합의 불가능할까요?) 2. 경매개시후에는 계약종료일과 관계없이 임차권등기명령 가능하다고 들었는데 맞는지 3. 합의에 성공해서 계약종료하는것으로하고 임차권등기했다면 이사가도 최우선변제권 상실하지않는지, 경매개시후 임차권등기했다면 계약종료일까지는 이사 못가는지 | 특이사항 1. 배당요구신청 이후 임차권등기 가능",provided_synthetic_consultations
CASE-0689,G08,미상,미상,1억~2억,계약종료,미상,압류·가압류,미상,경매·공매,소송제기,"임차권등기 명령 설정 완료된상황입니다.(등기부 기제 완료). 제 상황에서는 이 상태에서 소송을 들어가는게 좋다고 얘기를 들었는데, 일정기간 안에 소송 절차를 밟아야하는지 궁금하고 변호사를 선임해서 진행하는게 좋을지 조금 힘들더라도 셀프로 진행하는지도 궁금합니다. 또한 소송에 들어가게되면 세부 진행상황들 (경매, 압류 등) 왜, 어떻게 진행되는지 알고싶습니다",,unknown,"보증상품 보증상품 미확인 | 주택유형 미상 | 보증금구간 1억~2억 | 계약상태 계약종료 | 선순위권리 압류·가압류 | 반환보증 미상 | 분쟁유형 경매·공매 | 진행단계 소송제기 | 상황 임차권등기 명령 설정 완료된상황입니다.(등기부 기제 완료). 제 상황에서는 이 상태에서 소송을 들어가는게 좋다고 얘기를 들었는데, 일정기간 안에 소송 절차를 밟아야하는지 궁금하고 변호사를 선임해서 진행하는게 좋을지 조금 힘들더라도 셀프로 진행하는지도 궁금합니다. 또한 소송에 들어가게되면 세부 진행상황들 (경매, 압류 등) 왜, 어떻게 진행되는지 알고싶습니다",provided_synthetic_consultations
CASE-0690,G08,미상,강남구,1억 미만,계약중(종료예정),미상,미상,미상,원상복구·정산,상담·검토,무리한 원상복구를 요청해서 할것 못할것 회신했는데 다음 세입자와의 계약도 하지않겠다고 하는 상황입니다. 제가 전부 원상복구를 해야하는 의무가 있나요?,1. 방충망과 결로에 의한 곰팡이 문제,unknown,보증상품 보증상품 미확인 | 주택유형 미상 | 보증금구간 1억 미만 | 계약상태 계약중(종료예정) | 선순위권리 미상 | 반환보증 미상 | 분쟁유형 원상복구·정산 | 진행단계 상담·검토 | 상황 무리한 원상복구를 요청해서 할것 못할것 회신했는데 다음 세입자와의 계약도 하지않겠다고 하는 상황입니다. 제가 전부 원상복구를 해야하는 의무가 있나요? | 특이사항 1. 방충망과 결로에 의한 곰팡이 문제,provided_synthetic_consultations
CASE-0691,G08,충북,청주시,1억~2억,계약중(종료예정),오피스텔,압류·가압류,미상,보증금미반환,상담·검토,"계약일 2023.10.20. 만료일 2025.10.19. 보증금 1억원 오피스텔전세계약 계약갱신 한적없음 2025.01월 중 집주인 매매로 변경되었고 매매금액 9200백만원 보증금 이하로 매매되었음 2025.03월 집에 체납에다른 압류 등기되었음 2025.06.02. 보증금 반환요청하였음 이런 상황입니다. 저희는 더 연장하고싶었느나 새집주인이 바뀌고 압류가 생기고, 새집주인이 집 매매하면서 집을 한번도 본적없고, 거주지도 포항으로 너무 동떨어져 있어서, 걱정이되어 만기 연장을 하지 않으려고 핮니다. 그래도 불안한데 제가 보증금 반환을 받기위해 해야할 조치들이 있을까요?",,unknown,"보증상품 보증상품 미확인 | 주택유형 오피스텔 | 보증금구간 1억~2억 | 계약상태 계약중(종료예정) | 선순위권리 압류·가압류 | 반환보증 미상 | 분쟁유형 보증금미반환 | 진행단계 상담·검토 | 상황 계약일 2023.10.20. 만료일 2025.10.19. 보증금 1억원 오피스텔전세계약 계약갱신 한적없음 2025.01월 중 집주인 매매로 변경되었고 매매금액 9200백만원 보증금 이하로 매매되었음 2025.03월 집에 체납에다른 압류 등기되었음 2025.06.02. 보증금 반환요청하였음 이런 상황입니다. 저희는 더 연장하고싶었느나 새집주인이 바뀌고 압류가 생기고, 새집주인이 집 매매하면서 집을 한번도 본적없고, 거주지도 포항으로 너무 동떨어져 있어서, 걱정이되어 만기 연장을 하지 않으려고 핮니다. 그래도 불안한데 제가 보증금 반환을 받기위해 해야할 조치들이 있을까요?",provided_synthetic_consultations
CASE-0692,G08,서울,강서구,1억 미만,계약종료,다가구주택,미상,가입,묵시적갱신분쟁,소송제기,"1. 계약일 23.5.26~25.5.25(24개월) 월세 선입금 조건 계약->현재 거주중이며 5월26일 월세 및 관리비 입금안함 2. 계약해지 통보 및 현재상황 계약종료일 3개월전(2월10일)문자로 연장 의사 없음 통보했습니다. 문자로 해지 통보하며 곰팡이 쓴 벽지를 보냈더니 전화가 와서 도배를 진행하겠다고 하길래 도배는 저 이사가고나서 하시라고했더니 도배하고 다음 세입자가 들어와야 보증금 지불 가능하다해서 도배에 적극협조했습니다.추후 중간에 확인해보니 부동산에 접수된 매물이 없어 다시 문자를 했더니 전화통화를 하며 사진요청을 하길래 사진까지 보냈습니다. 그런데도 계속 보증금 안주는 사람아니라는둥 계속 기다려달라, 대출이 안된다는 말만 되풀이하며 현재까지 보증금에 대한 말이 없습니다. 현재 임차권등기소송중이지만 해지통보에 대한 집주인 답변이 없다고 거절된 상황입니다. 내용증명도 보냈는데 25년 5월23일 금요일 발송 25년 5월27일 화요일 배달증명이 되다보니 법원에서는 계약종료5월25일보다 늦게 받은걸로 묵시적 갱신이라는 답변을 받았습니다.그래서 임차권등기소송 진행이 안되고있는 상황입니다. 핸드폰이 통화녹음이 안되는 상황이라 첨부한 파일을 제출했는데 적용안되는 상황입니다. 혹시 몰라 카톡으로 보증금 관련 내용을 집주인에게 보내봤는데 (6.4.수) 현재 읽기만하고 답변이 없는 상태입니다. 저는 현재 6월24일 이사를 해야하고 허그대출로 인하여 전입신고가 당일 필수인 상황입니다. 이런 상황에서 저는 무엇을 더 진행할 수 있을까요? 전입신고를 꼭해야하니 불안할뿐입니다. 전화상담",1. 다가구주택,unknown,"보증상품 보증상품 미확인 | 주택유형 다가구주택 | 보증금구간 1억 미만 | 계약상태 계약종료 | 선순위권리 미상 | 반환보증 가입 | 분쟁유형 묵시적갱신분쟁 | 진행단계 소송제기 | 상황 1. 계약일 23.5.26~25.5.25(24개월) 월세 선입금 조건 계약->현재 거주중이며 5월26일 월세 및 관리비 입금안함 2. 계약해지 통보 및 현재상황 계약종료일 3개월전(2월10일)문자로 연장 의사 없음 통보했습니다. 문자로 해지 통보하며 곰팡이 쓴 벽지를 보냈더니 전화가 와서 도배를 진행하겠다고 하길래 도배는 저 이사가고나서 하시라고했더니 도배하고 다음 세입자가 들어와야 보증금 지불 가능하다해서 도배에 적극협조했습니다.추후 중간에 확인해보니 부동산에 접수된 매물이 없어 다시 문자를 했더니 전화통화를 하며 사진요청을 하길래 사진까지 보냈습니다. 그런데도 계속 보증금 안주는 사람아니라는둥 계속 기다려달라, 대출이 안된다는 말만 되풀이하며 현재까지 보증금에 대한 말이 없습니다. 현재 임차권등기소송중이지만 해지통보에 대한 집주인 답변이 없다고 거절된 상황입니다. 내용증명도 보냈는데 25년 5월23일 금요일 발송 25년 5월27일 화요일 배달증명이 되다보니 법원에서는 계약종료5월25일보다 늦게 받은걸로 묵시적 갱신이라는 답변을 받았습니다.그래서 임차권등기소송 진행이 안되고있는 상황입니다. 핸드폰이 통화녹음이 안되는 상황이라 첨부한 파일을 제출했는데 적용안되는 상황입니다. 혹시 몰라 카톡으로 보증금 관련 내용을 집주인에게 보내봤는데 (6.4.수) 현재 읽기만하고 답변이 없는 상태입니다. 저는 현재 6월24일 이사를 해야하고 허그대출로 인하여 전입신고가 당일 필수인 상황입니다. 이런 상황에서 저는 무엇을 더 진행할 수 있을까요? 전입신고를 꼭해야하니 불안할뿐입니다. 전화상담 | 특이사항 1. 다가구주택",provided_synthetic_consultations
CASE-0693,G08,부산,사상구,1억 미만,계약종료,오피스텔,미상,미상,기타·일반문의,상담·검토,"실제 집주인(회사소유)과 계약서상 집주인이 다른데 실제 집주인에게만 퇴거 통보를 밝히고 계약이 만기가 된 상황으로, 법원에 임차권 등기 명령을 신청시 인정이 될지",1. 오피스텔 / 대항력도 있고 깡통도 아님,unknown,"보증상품 보증상품 미확인 | 주택유형 오피스텔 | 보증금구간 1억 미만 | 계약상태 계약종료 | 선순위권리 미상 | 반환보증 미상 | 분쟁유형 기타·일반문의 | 진행단계 상담·검토 | 상황 실제 집주인(회사소유)과 계약서상 집주인이 다른데 실제 집주인에게만 퇴거 통보를 밝히고 계약이 만기가 된 상황으로, 법원에 임차권 등기 명령을 신청시 인정이 될지 | 특이사항 1. 오피스텔 / 대항력도 있고 깡통도 아님",provided_synthetic_consultations
CASE-0694,G08,미상,미상,1억~2억,계약중(종료예정),다가구주택,미상,미상,전세사기,판결·집행,전세사기피해자입니다. 부동산중개사 소송을 생각하고있는데 제계약일은 2022.07.10년 05일에 계약해지의사 하였으나 2024.12월에 보증금 반환이가능하다고 하여 연장중에있습니다. 보증금 민사소송판결 승소인상태인데 부동산중개업자를 소송하고싶어서 공제증서 확인시 2021.07.07부터-2022.07.06 기간 공제증서를 받았으며 해당약관에대하여 설명받지못하였고 뒷면 약관에관한 내용은 받지못하였습니다. 해당부동산은 폐점인 상태이며 해당부분은 승소가 가능한지 궁금합니다.(공제기간과 계약일이다름) 또한 보증금을 받지못한지 1년가량이 다되가는 상태며 경매는 아직열리지못했는데 공인중개사 손배소부터 가능한지가,1. 다가구주택 / 18가구 중 7번째,unknown,보증상품 보증상품 미확인 | 주택유형 다가구주택 | 보증금구간 1억~2억 | 계약상태 계약중(종료예정) | 선순위권리 미상 | 반환보증 미상 | 분쟁유형 전세사기 | 진행단계 판결·집행 | 상황 전세사기피해자입니다. 부동산중개사 소송을 생각하고있는데 제계약일은 2022.07.10년 05일에 계약해지의사 하였으나 2024.12월에 보증금 반환이가능하다고 하여 연장중에있습니다. 보증금 민사소송판결 승소인상태인데 부동산중개업자를 소송하고싶어서 공제증서 확인시 2021.07.07부터-2022.07.06 기간 공제증서를 받았으며 해당약관에대하여 설명받지못하였고 뒷면 약관에관한 내용은 받지못하였습니다. 해당부동산은 폐점인 상태이며 해당부분은 승소가 가능한지 궁금합니다.(공제기간과 계약일이다름) 또한 보증금을 받지못한지 1년가량이 다되가는 상태며 경매는 아직열리지못했는데 공인중개사 손배소부터 가능한지가 | 특이사항 1. 다가구주택 / 18가구 중 7번째,provided_synthetic_consultations
CASE-0695,G08,서울,광진구,2억~3억,계약중(종료예정),미상,미상,가입,보증금미반환,소송제기,"2023년 7월 4일이 전세 만기일이었으나 계약 연장하여 2025년 7월 4일까지 거주키로 했습니다 작년 말에 집주인분께 이사 나가야된다 미리 말씀드렸고, 부동산 여러 곳에 집을 내놨지만 다음 세입자가 구해지지 않은 상태입니다 집주인은 수중에 돈이 없어 다음 세입자가 구해지기 전까지 전세금을 마련하기 힘들다, 세입자가 구해질 때까지 있어달라는 말만 반복중입니다(집 공시지가가 낮아 전세금만큼 보증보험이 안됩니다 이런 금액을 더 올려 2억1,500만원에 전세를 내놓았습니다 여러 부동산에서 반전세가(보증금 1억3천에 월세 별도) 세입자 구하기 쉬울거라고 해서 집주인에게 얘기해봤지만 그럼 차액 7,000만원을 마련할 수 없다며 양보하지 않고 있는 상황입니다) 1. 현재 전세대출 7,000만원 이용 중인데 제 날짜에 돈을 못 돌려 받았을 때 신용상에 문제가 생길까요?(은행에도 연락해볼 예정입니다) 2. 집주인이 다음 세입자 구해질 때까지 지내는 동안 대출금 2,000만원에 대한 이자(한 달 5만원 가량)는 자기가 부담하겠다는 말도 안되는 이야기를 선심쓰듯 하더라고요 집주인 사정 때문에 여기서 더 살아야한다면 현실적으로 어느 정도의 비용을 받아야 할까요? 3. 만기일에 전세금을 못 돌려받을 확률이 큰 것 같습니다 혹시 법적 대응을 해야 한다면 제가 미리 준비할 것이 있을까요? 소송 절차도",1. 임대인이 배우자명의로 재산을 다 빼돌린것 같다고 함,unknown,"보증상품 보증상품 미확인 | 주택유형 미상 | 보증금구간 2억~3억 | 계약상태 계약중(종료예정) | 선순위권리 미상 | 반환보증 가입 | 분쟁유형 보증금미반환 | 진행단계 소송제기 | 상황 2023년 7월 4일이 전세 만기일이었으나 계약 연장하여 2025년 7월 4일까지 거주키로 했습니다 작년 말에 집주인분께 이사 나가야된다 미리 말씀드렸고, 부동산 여러 곳에 집을 내놨지만 다음 세입자가 구해지지 않은 상태입니다 집주인은 수중에 돈이 없어 다음 세입자가 구해지기 전까지 전세금을 마련하기 힘들다, 세입자가 구해질 때까지 있어달라는 말만 반복중입니다(집 공시지가가 낮아 전세금만큼 보증보험이 안됩니다 이런 금액을 더 올려 2억1,500만원에 전세를 내놓았습니다 여러 부동산에서 반전세가(보증금 1억3천에 월세 별도) 세입자 구하기 쉬울거라고 해서 집주인에게 얘기해봤지만 그럼 차액 7,000만원을 마련할 수 없다며 양보하지 않고 있는 상황입니다) 1. 현재 전세대출 7,000만원 이용 중인데 제 날짜에 돈을 못 돌려 받았을 때 신용상에 문제가 생길까요?(은행에도 연락해볼 예정입니다) 2. 집주인이 다음 세입자 구해질 때까지 지내는 동안 대출금 2,000만원에 대한 이자(한 달 5만원 가량)는 자기가 부담하겠다는 말도 안되는 이야기를 선심쓰듯 하더라고요 집주인 사정 때문에 여기서 더 살아야한다면 현실적으로 어느 정도의 비용을 받아야 할까요? 3. 만기일에 전세금을 못 돌려받을 확률이 큰 것 같습니다 혹시 법적 대응을 해야 한다면 제가 미리 준비할 것이 있을까요? 소송 절차도 | 특이사항 1. 임대인이 배우자명의로 재산을 다 빼돌린것 같다고 함",provided_synthetic_consultations
CASE-0696,G08,경기,안산시,1억~2억,계약중(종료예정),다세대주택,미상,미상,기타·일반문의,상고심,"수고 많으심니다. 저는 임차인이며 23년 11월 15일~25년 11월 14일 까지 계약중이나 24년 12월 초쯤 임대인이 전화가 와서 매매를 할거라며 저에게 매수의사를 물어보아 매수 안하겠다고 하니 매매 협조를 부탁하여 실거주가 아닌 투자자용 으로 매도하길 바란다고 하였으며, 25년 4월말 매매를 시도하였으나 실거주자 여서 제가 이사 거부와 이사 비용 책정도 제대로 하지 않아 매매가 무산되자 카톡 에는 임대인이 실거주 하며 매매하겠다고 하며 저에게 만기시 퇴거를 요청하고 내용 증명에는 계약 갱신 청구 거절 통보를 하고 건물 인도 소송을 제기할 것이다 라고 합니다. 과거에는 실거주 만으로 임차인이 퇴거 했지만 최근 대법원 판결에서는 실거주 의사를 구체적으로 입증하고 거절 사유를 합리적으로 설명해야 된다고 되어 있고 단순한 의사 표명 만으로는 부족하며 실거주 의사를 통상적으로 수긍할 정도로 입증 되야 된다고 판단 했는데요, 임대인은 정당한 이유도 없이 실거주만 주장하고 있는데 23년 11월 계약 당시 주인이 거주하고 있었고 매매가 안되서 전세 놓고 주인은 아파트에서 살고 싶다고 하여 전세 계약을 체결하였습니다. 저도 임대인이 실거주 요건을 악용해 거짓으로 부당하게 갱신 거절권을 행사하고 임차인의 권리를 침해하고 있다. 임차인과 협의한 보상 제공 시 퇴거 하겠다. 정당한 사유 없이 퇴거 요구시 손해배상 청구 하겠다 라는 내용 증명을 보냈지만 저는 이전 전세집 에서도 실거주를 이유로 퇴거해 지금의 집에 이사를 왔습니다. 저의 권리는 어떻게 찾아야 하며 보상도 없이 이대로 만기 퇴거 후 손해배상만이 답일까요?",1. 다세대 / 당연히 깡통주택 아님,unknown,"보증상품 보증상품 미확인 | 주택유형 다세대주택 | 보증금구간 1억~2억 | 계약상태 계약중(종료예정) | 선순위권리 미상 | 반환보증 미상 | 분쟁유형 기타·일반문의 | 진행단계 상고심 | 상황 수고 많으심니다. 저는 임차인이며 23년 11월 15일~25년 11월 14일 까지 계약중이나 24년 12월 초쯤 임대인이 전화가 와서 매매를 할거라며 저에게 매수의사를 물어보아 매수 안하겠다고 하니 매매 협조를 부탁하여 실거주가 아닌 투자자용 으로 매도하길 바란다고 하였으며, 25년 4월말 매매를 시도하였으나 실거주자 여서 제가 이사 거부와 이사 비용 책정도 제대로 하지 않아 매매가 무산되자 카톡 에는 임대인이 실거주 하며 매매하겠다고 하며 저에게 만기시 퇴거를 요청하고 내용 증명에는 계약 갱신 청구 거절 통보를 하고 건물 인도 소송을 제기할 것이다 라고 합니다. 과거에는 실거주 만으로 임차인이 퇴거 했지만 최근 대법원 판결에서는 실거주 의사를 구체적으로 입증하고 거절 사유를 합리적으로 설명해야 된다고 되어 있고 단순한 의사 표명 만으로는 부족하며 실거주 의사를 통상적으로 수긍할 정도로 입증 되야 된다고 판단 했는데요, 임대인은 정당한 이유도 없이 실거주만 주장하고 있는데 23년 11월 계약 당시 주인이 거주하고 있었고 매매가 안되서 전세 놓고 주인은 아파트에서 살고 싶다고 하여 전세 계약을 체결하였습니다. 저도 임대인이 실거주 요건을 악용해 거짓으로 부당하게 갱신 거절권을 행사하고 임차인의 권리를 침해하고 있다. 임차인과 협의한 보상 제공 시 퇴거 하겠다. 정당한 사유 없이 퇴거 요구시 손해배상 청구 하겠다 라는 내용 증명을 보냈지만 저는 이전 전세집 에서도 실거주를 이유로 퇴거해 지금의 집에 이사를 왔습니다. 저의 권리는 어떻게 찾아야 하며 보상도 없이 이대로 만기 퇴거 후 손해배상만이 답일까요? | 특이사항 1. 다세대 / 당연히 깡통주택 아님",provided_synthetic_consultations
CASE-0697,G08,서울,관악구,2억~3억,계약중(종료예정),오피스텔,미상,가입,경매·공매,임차권등기,"묵시적 갱신 이후 보증보험 가입 문제로 현재 거주중인 곳에서 퇴실을 요청했습니다 (다음 주 중으로 통보 후 3개월이 지납니다. 통보 후 답변, 내용증명도 보냈습니다) 그 사이에 여러 부동산도 알아보며 이사하겠다는 사람이 연락이와서 집주인과 연락이 닿았고 집주인은 현재 부동산 전세금을 제외한 2천만원에 해당하는 잔금을 줄 수 없다며 입주를 거절하였습니다. 이 후 저는 개월 뒤 퇴실할 것이며 보증료를 반환할 것을 요청한 상황이였으며. 언젠가부터 제 연락에 무응답하며 답이 돌아오지 않아 임차권등기명령을 준비 중입니다. 해당 명령을 준비하는 과정에서 3개월이 되는 시점에 법적으로 대응하겠는 내용의 내용증명을 보낼 예정이며. 여러 서류를 준비하고 있습니다. 추가로. 임대인이 무슨 상황인지 저에게 공유없이 집관련해서 법무사와 이야기 중이며 법무사를 통해 연락 주겠다는 말과 함께 공유 해달라는 문자 또한 무응답 중입니다. 만약 임차권 등기명령을 신청하는 도중에 제가 거주중인 건물이 경매에 넘어가거나 하는 일이 발생하면 어떻게 대처해야하며. 임차권 등기명령 이후에 진행해야하는 과정에 대해 상담이 필요합니다. (금일 오전까지는 등기에 변동사항이 없었습니다)",1. 오피스텔 / 거래사례가 없어서 깡통주택 여부판단이 애매함,unknown,"보증상품 보증상품 미확인 | 주택유형 오피스텔 | 보증금구간 2억~3억 | 계약상태 계약중(종료예정) | 선순위권리 미상 | 반환보증 가입 | 분쟁유형 경매·공매 | 진행단계 임차권등기 | 상황 묵시적 갱신 이후 보증보험 가입 문제로 현재 거주중인 곳에서 퇴실을 요청했습니다 (다음 주 중으로 통보 후 3개월이 지납니다. 통보 후 답변, 내용증명도 보냈습니다) 그 사이에 여러 부동산도 알아보며 이사하겠다는 사람이 연락이와서 집주인과 연락이 닿았고 집주인은 현재 부동산 전세금을 제외한 2천만원에 해당하는 잔금을 줄 수 없다며 입주를 거절하였습니다. 이 후 저는 개월 뒤 퇴실할 것이며 보증료를 반환할 것을 요청한 상황이였으며. 언젠가부터 제 연락에 무응답하며 답이 돌아오지 않아 임차권등기명령을 준비 중입니다. 해당 명령을 준비하는 과정에서 3개월이 되는 시점에 법적으로 대응하겠는 내용의 내용증명을 보낼 예정이며. 여러 서류를 준비하고 있습니다. 추가로. 임대인이 무슨 상황인지 저에게 공유없이 집관련해서 법무사와 이야기 중이며 법무사를 통해 연락 주겠다는 말과 함께 공유 해달라는 문자 또한 무응답 중입니다. 만약 임차권 등기명령을 신청하는 도중에 제가 거주중인 건물이 경매에 넘어가거나 하는 일이 발생하면 어떻게 대처해야하며. 임차권 등기명령 이후에 진행해야하는 과정에 대해 상담이 필요합니다. (금일 오전까지는 등기에 변동사항이 없었습니다) | 특이사항 1. 오피스텔 / 거래사례가 없어서 깡통주택 여부판단이 애매함",provided_synthetic_consultations
CASE-0698,G08,충남,천안시,1억~2억,계약중(종료예정),오피스텔,미상,미상,경매·공매,상담·검토,"사정상 결혼하면서 혼자 살던 전세집 만기전 계약 해지 통보 했는데 집주인 사정으로(집주인= 법인, 오피스텔 시공사, 안팔린세대 임대사업하는 상황중 건설 경기 안좋아서 밀린 세금이 있어서 전세대출이 안나오는 상황) 전세대출이 안나오는 상황이라 다음 세입자 받지 못해서 기다리는 중이였습니다 그러던중 1억 2천 중 대출 제외 2400은 먼저 주신상황이였구요 나머지 금액은 해결 되면 바로 처리해주신다고 하셔서 기다리고 있었습니다 확정일자랑 전입신고는 계약 할때 해놓은 상태고 대출 이자만 내가 내고 있었는데 오늘 갑자기 먼가 쎄해서 등기부등본 때보니까.강제 경매결정개시 라고 뜨고 다른 건설사가 채권자로 되어 있더라고요 5.28일자로 놀래서 법원 경매사이트 들어가서 보니까 (경매사건) 검색해서 보니까 물건은 올라온게 없던데 이거 이미 경매로 넘어간건가요? 심지어 지금 사는곳이랑 거리가 있고 임신중이라 자주 가보지 못하는 상황이였거든요 이럴경우엔 어떻게 해야할까요 계약은 24년 9월-26년 9월 이였는데 제가 임신을 하면서 결혼을 서두르면서 입주 3개월 만에 나온 상황입니다",,unknown,"보증상품 보증상품 미확인 | 주택유형 오피스텔 | 보증금구간 1억~2억 | 계약상태 계약중(종료예정) | 선순위권리 미상 | 반환보증 미상 | 분쟁유형 경매·공매 | 진행단계 상담·검토 | 상황 사정상 결혼하면서 혼자 살던 전세집 만기전 계약 해지 통보 했는데 집주인 사정으로(집주인= 법인, 오피스텔 시공사, 안팔린세대 임대사업하는 상황중 건설 경기 안좋아서 밀린 세금이 있어서 전세대출이 안나오는 상황) 전세대출이 안나오는 상황이라 다음 세입자 받지 못해서 기다리는 중이였습니다 그러던중 1억 2천 중 대출 제외 2400은 먼저 주신상황이였구요 나머지 금액은 해결 되면 바로 처리해주신다고 하셔서 기다리고 있었습니다 확정일자랑 전입신고는 계약 할때 해놓은 상태고 대출 이자만 내가 내고 있었는데 오늘 갑자기 먼가 쎄해서 등기부등본 때보니까.강제 경매결정개시 라고 뜨고 다른 건설사가 채권자로 되어 있더라고요 5.28일자로 놀래서 법원 경매사이트 들어가서 보니까 (경매사건) 검색해서 보니까 물건은 올라온게 없던데 이거 이미 경매로 넘어간건가요? 심지어 지금 사는곳이랑 거리가 있고 임신중이라 자주 가보지 못하는 상황이였거든요 이럴경우엔 어떻게 해야할까요 계약은 24년 9월-26년 9월 이였는데 제가 임신을 하면서 결혼을 서두르면서 입주 3개월 만에 나온 상황입니다",provided_synthetic_consultations
CASE-0699,G08,인천,서구,1억~2억,계약종료,미상,근저당설정,미상,경매·공매,상담·검토,"현재 상황: 임대인은 임대사업자. 보증 보험 가입X, 근저당X 24년 12월 23일 계약 만료. 임차권 등기 및 지급 명령 정본 받음 임대인이 매매를 1억 6천만원에 올려놓은 상황 집 팔리면 주겠다 해서 매매가와 전세가의 차액인 3천만원에 대해 먼저 반환해줄것을 요구하였음. 5월말에 해준다, 6월초에 해준다, 거래가 안되어 6월 중순에 500~1000정도 먼저 해준다함 변제 능력이 안되는 거 같아 먼저 신용조사회에 의뢰해 임대인의 재산을 조사하였음. 조사 결과 대출 미납과 국세 체납, 채무불이행자 확인. 집도 대략 88채 정도 있는 것으로 보이고 집 몇채에 대해 등기부등본 확인 결과 근저당 없는 집도 몇채 있었음. 궁금한점: 통장 압류 및 부동산 압류 후 현재 거주하는 집 경매 신청까지 하면 전액 다 받을 수 있는지. 혹시나 다른 방법이 있는지도 궁금합니다. *최대한 피해액 없이 전액 반환 받고 싶습니다.",1. 깡통주택,unknown,"보증상품 보증상품 미확인 | 주택유형 미상 | 보증금구간 1억~2억 | 계약상태 계약종료 | 선순위권리 근저당설정 | 반환보증 미상 | 분쟁유형 경매·공매 | 진행단계 상담·검토 | 상황 현재 상황: 임대인은 임대사업자. 보증 보험 가입X, 근저당X 24년 12월 23일 계약 만료. 임차권 등기 및 지급 명령 정본 받음 임대인이 매매를 1억 6천만원에 올려놓은 상황 집 팔리면 주겠다 해서 매매가와 전세가의 차액인 3천만원에 대해 먼저 반환해줄것을 요구하였음. 5월말에 해준다, 6월초에 해준다, 거래가 안되어 6월 중순에 500~1000정도 먼저 해준다함 변제 능력이 안되는 거 같아 먼저 신용조사회에 의뢰해 임대인의 재산을 조사하였음. 조사 결과 대출 미납과 국세 체납, 채무불이행자 확인. 집도 대략 88채 정도 있는 것으로 보이고 집 몇채에 대해 등기부등본 확인 결과 근저당 없는 집도 몇채 있었음. 궁금한점: 통장 압류 및 부동산 압류 후 현재 거주하는 집 경매 신청까지 하면 전액 다 받을 수 있는지. 혹시나 다른 방법이 있는지도 궁금합니다. *최대한 피해액 없이 전액 반환 받고 싶습니다. | 특이사항 1. 깡통주택",provided_synthetic_consultations
CASE-0700,G08,경기,남양주시,3억 이상,계약중(종료예정),미상,근저당설정,미상,보증금미반환,내용증명·공시송달,곙계약 만기가 2개월 앞으로 도래하고 있는데 집주인은 세입자가 구해져야만 보증금 반환이 가능할 뿐더러 개인 휴가 일정이라며 있습니다 2개월전 내용증명을 보내야 임차권설정에 유용하다하여 현재 보내려 하는데 상담박고 싶습니다 현재 전세 시세보다 800 가까이 높게 매물을 올렸고 저희 전세금보다 1억 높게 매물 올리셨습니다 꼭 좀 부탁드릴게요,1. 근저당권1억 설정상태에서 계약,unknown,보증상품 보증상품 미확인 | 주택유형 미상 | 보증금구간 3억 이상 | 계약상태 계약중(종료예정) | 선순위권리 근저당설정 | 반환보증 미상 | 분쟁유형 보증금미반환 | 진행단계 내용증명·공시송달 | 상황 곙계약 만기가 2개월 앞으로 도래하고 있는데 집주인은 세입자가 구해져야만 보증금 반환이 가능할 뿐더러 개인 휴가 일정이라며 있습니다 2개월전 내용증명을 보내야 임차권설정에 유용하다하여 현재 보내려 하는데 상담박고 싶습니다 현재 전세 시세보다 800 가까이 높게 매물을 올렸고 저희 전세금보다 1억 높게 매물 올리셨습니다 꼭 좀 부탁드릴게요 | 특이사항 1. 근저당권1억 설정상태에서 계약,provided_synthetic_consultations
CASE-0701,G08,서울,강서구,1억 미만,계약중(종료예정),미상,미상,미상,기타·일반문의,임차권등기,"다음달 7월 7일이 반전세 계약이 끝나는데 5월에 임대인이 사망한 것을 알게 되었고 상속 1순위인 배우자와 자녀가 상속 포기한 것까지 확인되었습니다. 현재는 상속 2순위인 임대인 어머니(아버지 사망)께 내용증명을 보내 상속 여부 회신을 요청한 상태입니다. 당장 다음달(7월 7일)에 대출도 만기라 연장하려면 임차권등기명령 접수증을 제출하라는 요청을 은행으로부터 요청 받았는데 계약 종료일 다음날인 7월 8일부터 임차권등기명령 신청이 가능하더군요. 임대인 사망 사실을 알기 전에 내용증명을 통해 계약 해지 통보도 하였슺니다. 궁금한 건 임대인도 사망했고 상속 1순위들도 상속 포기하였고 상속 2, 3순위의 상속 포기 여부를 알 수 없는 상황에서 누구를 대상으로 임차권등기명령을 신청해야 하는지 알고 싶습니다. 대출 연체돠면 이자를 계속 내야 하는 상황이라 7월 8일에 바로 신청하여 접수증을 제출해야 하기 때문에 보정명령 없이 한번에 접수 가능한 방법 알려주시면 감사하겠습니다.","* 임차권등기 신청서에 피신청인을 기재해야 하는데 사망했으니, 그냥 신청하면 보정명령 나온다 / 이걸들고 상속인들의 서류를 주민센터에서 발급받아서 하라",unknown,"보증상품 보증상품 미확인 | 주택유형 미상 | 보증금구간 1억 미만 | 계약상태 계약중(종료예정) | 선순위권리 미상 | 반환보증 미상 | 분쟁유형 기타·일반문의 | 진행단계 임차권등기 | 상황 다음달 7월 7일이 반전세 계약이 끝나는데 5월에 임대인이 사망한 것을 알게 되었고 상속 1순위인 배우자와 자녀가 상속 포기한 것까지 확인되었습니다. 현재는 상속 2순위인 임대인 어머니(아버지 사망)께 내용증명을 보내 상속 여부 회신을 요청한 상태입니다. 당장 다음달(7월 7일)에 대출도 만기라 연장하려면 임차권등기명령 접수증을 제출하라는 요청을 은행으로부터 요청 받았는데 계약 종료일 다음날인 7월 8일부터 임차권등기명령 신청이 가능하더군요. 임대인 사망 사실을 알기 전에 내용증명을 통해 계약 해지 통보도 하였슺니다. 궁금한 건 임대인도 사망했고 상속 1순위들도 상속 포기하였고 상속 2, 3순위의 상속 포기 여부를 알 수 없는 상황에서 누구를 대상으로 임차권등기명령을 신청해야 하는지 알고 싶습니다. 대출 연체돠면 이자를 계속 내야 하는 상황이라 7월 8일에 바로 신청하여 접수증을 제출해야 하기 때문에 보정명령 없이 한번에 접수 가능한 방법 알려주시면 감사하겠습니다. | 특이사항 * 임차권등기 신청서에 피신청인을 기재해야 하는데 사망했으니, 그냥 신청하면 보정명령 나온다 / 이걸들고 상속인들의 서류를 주민센터에서 발급받아서 하라",provided_synthetic_consultations
CASE-0702,G08,대전,동구,1억~2억,계약중(종료예정),다가구주택,미상,미상,경매·공매,상담·검토,법원에서 집이 경매에 넘어간다고 안내문이 왔는데 저는 22년 2월 10일에 계약하였고 2년 계약후 집주인과 통화후 묵시적갱신을 한 상태 입니다. 지금 상황에서 주택임차권을 거는게 더 유리할까요? 또 변호사를 선임한다면 어느 시기에 선임해야 하나요? 배당요구 종기일이 8월 25일 입니다,1. 다가구 14가구 중 7번째 임차인,unknown,보증상품 보증상품 미확인 | 주택유형 다가구주택 | 보증금구간 1억~2억 | 계약상태 계약중(종료예정) | 선순위권리 미상 | 반환보증 미상 | 분쟁유형 경매·공매 | 진행단계 상담·검토 | 상황 법원에서 집이 경매에 넘어간다고 안내문이 왔는데 저는 22년 2월 10일에 계약하였고 2년 계약후 집주인과 통화후 묵시적갱신을 한 상태 입니다. 지금 상황에서 주택임차권을 거는게 더 유리할까요? 또 변호사를 선임한다면 어느 시기에 선임해야 하나요? 배당요구 종기일이 8월 25일 입니다 | 특이사항 1. 다가구 14가구 중 7번째 임차인,provided_synthetic_consultations
CASE-0703,G08,광주,미상,2억~3억,계약종료,다세대주택,미상,미상,보증금미반환,임차권등기,22년 4월 계약하고 24년 4월만기였으나 집주인이 보증금을 돌려주지않아 임차권등기를 년 3월 이사를 했습니다. 그 후 집주인에게 이자가 청구될것이라 고지하였고 답은 듣지못하였습니다. 그후 오늘(25년 6월10일) 갑자기 등기우편으로 집주인이 개인회생을 신청했다는 문서를 받게되어 대응하려고합니다. 정확한 대응절차를 잘 몰라 신청드립니다.,1. 깡통다세대,unknown,보증상품 보증상품 미확인 | 주택유형 다세대주택 | 보증금구간 2억~3억 | 계약상태 계약종료 | 선순위권리 미상 | 반환보증 미상 | 분쟁유형 보증금미반환 | 진행단계 임차권등기 | 상황 22년 4월 계약하고 24년 4월만기였으나 집주인이 보증금을 돌려주지않아 임차권등기를 년 3월 이사를 했습니다. 그 후 집주인에게 이자가 청구될것이라 고지하였고 답은 듣지못하였습니다. 그후 오늘(25년 6월10일) 갑자기 등기우편으로 집주인이 개인회생을 신청했다는 문서를 받게되어 대응하려고합니다. 정확한 대응절차를 잘 몰라 신청드립니다. | 특이사항 1. 깡통다세대,provided_synthetic_consultations
CASE-0704,G08,서울,서대문구,1억~2억,계약중(종료예정),미상,미상,가입,묵시적갱신분쟁,임차권등기,"묵시적 계약 연장 건을 중도 해지하고자, 내용증명으로 계약해지통지를 보내고, 임차권등기를 설정 중에 있는데, 총 보증금 1억원 중 임대인이 200만원을 상환해 9800만원이 잔여 보증금으로 남아있습니다. 이때 내용증명에는 보증금을 1억원으로 기입하였고, 임차권등기에는 최초 1억원으로 기입하였으니 보정명령을 통해 9800만원으로 정정하게 되었는데, 추후에 hug를 통해 보증보험이행청구를 진행하게 된다고 하면 금액이 상이해서 hug에서 지원을 못받는 등 문제가 발생할 여지가 있을까요?",,unknown,"보증상품 보증상품 미확인 | 주택유형 미상 | 보증금구간 1억~2억 | 계약상태 계약중(종료예정) | 선순위권리 미상 | 반환보증 가입 | 분쟁유형 묵시적갱신분쟁 | 진행단계 임차권등기 | 상황 묵시적 계약 연장 건을 중도 해지하고자, 내용증명으로 계약해지통지를 보내고, 임차권등기를 설정 중에 있는데, 총 보증금 1억원 중 임대인이 200만원을 상환해 9800만원이 잔여 보증금으로 남아있습니다. 이때 내용증명에는 보증금을 1억원으로 기입하였고, 임차권등기에는 최초 1억원으로 기입하였으니 보정명령을 통해 9800만원으로 정정하게 되었는데, 추후에 hug를 통해 보증보험이행청구를 진행하게 된다고 하면 금액이 상이해서 hug에서 지원을 못받는 등 문제가 발생할 여지가 있을까요?",provided_synthetic_consultations
CASE-0705,G08,미상,미상,2억~3억,계약중(종료예정),미상,미상,미상,보증금미반환,상담·검토,"4년째 거주중입니다. 2년전 계약 만료 두달 전 보증금을 조정해주면 재계약을 하겠다고 얘기했고 집주인은 당장 줄 돈이 없으니 일단 관리비(8만원)을 내지 말고 있으면 돈이 구해지는대로 (2천만원) 주겠다고 한 후 갑자기 직장일로 지방으로 옮겨야 하는 상황이 발생하여 재계약을 취소하겠다고 하였으나 구두계약도 법적 효력이 있다며 년 더 거주중입니다. 또 다시 계약만료 6개월 전에 만료일인 8월 17일에 맞춰 이사를 진행하겠다고 메세지를 보냈고, 그날까지 보증금을 반환을 약속한다는 답변과 전화 녹음 파일도 있습니다. 2개월쯤 남겨둔 시점에서 다시 메세지를 보내 만료일에 이사 의사를 밝혔더니 당장 죽어도 돈도 없고 경제가 엉망이라 세입자가 없으면 본인들도 방법이 없으니 법적으로 알아서 하라고 합니다. 최선을 다하고 있으나 세입자가 없으면 만기일에 돈을 빼줄수 없다는 얘기만 반복합니다. 제 날짜에 맞춰 이사가고 싶습니다. 도와주세요",,unknown,"보증상품 보증상품 미확인 | 주택유형 미상 | 보증금구간 2억~3억 | 계약상태 계약중(종료예정) | 선순위권리 미상 | 반환보증 미상 | 분쟁유형 보증금미반환 | 진행단계 상담·검토 | 상황 4년째 거주중입니다. 2년전 계약 만료 두달 전 보증금을 조정해주면 재계약을 하겠다고 얘기했고 집주인은 당장 줄 돈이 없으니 일단 관리비(8만원)을 내지 말고 있으면 돈이 구해지는대로 (2천만원) 주겠다고 한 후 갑자기 직장일로 지방으로 옮겨야 하는 상황이 발생하여 재계약을 취소하겠다고 하였으나 구두계약도 법적 효력이 있다며 년 더 거주중입니다. 또 다시 계약만료 6개월 전에 만료일인 8월 17일에 맞춰 이사를 진행하겠다고 메세지를 보냈고, 그날까지 보증금을 반환을 약속한다는 답변과 전화 녹음 파일도 있습니다. 2개월쯤 남겨둔 시점에서 다시 메세지를 보내 만료일에 이사 의사를 밝혔더니 당장 죽어도 돈도 없고 경제가 엉망이라 세입자가 없으면 본인들도 방법이 없으니 법적으로 알아서 하라고 합니다. 최선을 다하고 있으나 세입자가 없으면 만기일에 돈을 빼줄수 없다는 얘기만 반복합니다. 제 날짜에 맞춰 이사가고 싶습니다. 도와주세요",provided_synthetic_consultations
CASE-0706,G08,충남,서산시,1억~2억,계약중(종료예정),다세대주택,선순위존재,미가입,기타·일반문의,상담·검토,계약기간 26년 4월 26일까지입니다 어제 갑자기 티비가 안나와서 확인해보니 집주인이 사용료 미납으로 정지되었습니다 집주인은 전화를 안받고 공인중개사도 딱히 다른 연락처를 알고 있지 않는다고 합니다 전세보증보험 가입안되어 전세권 설정 선순위로 설정되어 있습니다 다른 호수 거주자들에게 확인해보니 집주인 연락이 닿지않고 관리도 안해주고 있어 관리비를 내지않고 있었습니다 한 집은 올해 1월 퇴거 예정이었으나 집주인 연락두절로 못나가고 있다고 합니다 제가사는 호수 앞으로 가압류 6천만원이 후순위로 설정되어 있습니다 안전하게 탈출하고 싶은데 제가 취할수 있는 방법을 알고 싶습니다,1. 다세대주택 / 깡통주택,jeonse_return,보증상품 전세보증금반환보증 | 주택유형 다세대주택 | 보증금구간 1억~2억 | 계약상태 계약중(종료예정) | 선순위권리 선순위존재 | 반환보증 미가입 | 분쟁유형 기타·일반문의 | 진행단계 상담·검토 | 상황 계약기간 26년 4월 26일까지입니다 어제 갑자기 티비가 안나와서 확인해보니 집주인이 사용료 미납으로 정지되었습니다 집주인은 전화를 안받고 공인중개사도 딱히 다른 연락처를 알고 있지 않는다고 합니다 전세보증보험 가입안되어 전세권 설정 선순위로 설정되어 있습니다 다른 호수 거주자들에게 확인해보니 집주인 연락이 닿지않고 관리도 안해주고 있어 관리비를 내지않고 있었습니다 한 집은 올해 1월 퇴거 예정이었으나 집주인 연락두절로 못나가고 있다고 합니다 제가사는 호수 앞으로 가압류 6천만원이 후순위로 설정되어 있습니다 안전하게 탈출하고 싶은데 제가 취할수 있는 방법을 알고 싶습니다 | 특이사항 1. 다세대주택 / 깡통주택,provided_synthetic_consultations
CASE-0707,G08,경기,이천시,1억~2억,계약종료,미상,압류·가압류,가입,전세사기,판결·집행,저희 아버지가 전세사기 당해서 대출 연체중 입니다. 지금 상황은 HUG 에서도 피해자 결정이 안 났다고 거절 당했습니다. 그래서 대출 연체중이고요. 그러면 연체기록이 남는데 (개인회생 생각중) 은행에서 채권추심 문자 받았습니다. 1.청약통장이나 월급 이런것도 다 압류되나요? 2.피해자 결정 안나면 연체정보등록유예 신청이나 대위변제 신청이 안되나요? 법무사 쪽에서는 고소한 상태인데도 잘 되고 있는지 모르겠어요.,,unknown,보증상품 보증상품 미확인 | 주택유형 미상 | 보증금구간 1억~2억 | 계약상태 계약종료 | 선순위권리 압류·가압류 | 반환보증 가입 | 분쟁유형 전세사기 | 진행단계 판결·집행 | 상황 저희 아버지가 전세사기 당해서 대출 연체중 입니다. 지금 상황은 HUG 에서도 피해자 결정이 안 났다고 거절 당했습니다. 그래서 대출 연체중이고요. 그러면 연체기록이 남는데 (개인회생 생각중) 은행에서 채권추심 문자 받았습니다. 1.청약통장이나 월급 이런것도 다 압류되나요? 2.피해자 결정 안나면 연체정보등록유예 신청이나 대위변제 신청이 안되나요? 법무사 쪽에서는 고소한 상태인데도 잘 되고 있는지 모르겠어요.,provided_synthetic_consultations
CASE-0708,G08,미상,미상,1억~2억,계약중(종료예정),미상,미상,미상,보증금미반환,상담·검토,현재 보증금 일 억원의 전세입니다. 계약은 올해 12 월까지이었으나 중도 해지를 원하는 상황입니다. 새로운 임차인을 제가 구했고 가계약까지 마친 상황이지만 새로운 임차인이 잔금을 치르지 않아 계약이 성사 되지 않을 경우 제가 보증금을 돌려 받을 수 있는지 궁금합니다.잔금을 치르기로 한 날은 7월 3일 일입니다.전세 보증 보험은 가입 되어 있습니다.,* 임차인이 잔금내고 잘 해결되었다고 함,unknown,보증상품 보증상품 미확인 | 주택유형 미상 | 보증금구간 1억~2억 | 계약상태 계약중(종료예정) | 선순위권리 미상 | 반환보증 미상 | 분쟁유형 보증금미반환 | 진행단계 상담·검토 | 상황 현재 보증금 일 억원의 전세입니다. 계약은 올해 12 월까지이었으나 중도 해지를 원하는 상황입니다. 새로운 임차인을 제가 구했고 가계약까지 마친 상황이지만 새로운 임차인이 잔금을 치르지 않아 계약이 성사 되지 않을 경우 제가 보증금을 돌려 받을 수 있는지 궁금합니다.잔금을 치르기로 한 날은 7월 3일 일입니다.전세 보증 보험은 가입 되어 있습니다. | 특이사항 * 임차인이 잔금내고 잘 해결되었다고 함,provided_synthetic_consultations
CASE-0709,G08,서울,미상,3억 이상,계약중(종료예정),미상,압류·가압류,가입,묵시적갱신분쟁,내용증명·공시송달,작년에 임대인 연락두절이 됐고 등기상 압류가 생겨서 임대인에게 중도퇴실합의와 보증금 반환에 대한 내용증명을 2회 보냈습니다. 그런데 공시송달을 하려고 보니 내용증명의 내용이 묵시적 갱심 임대차계약해지 통보에 적합한지가 궁금합니다. 보냇던 내용증명 사진 첨부 할테니 내용이 적합할지 확인이 가능할까요? 해당 내용증명으로 공시송달을 해도될지 내용을 수정해서 다시 내용증명을 보내고 공시송달을 해야할지,1. 보증보험가입,unknown,보증상품 보증상품 미확인 | 주택유형 미상 | 보증금구간 3억 이상 | 계약상태 계약중(종료예정) | 선순위권리 압류·가압류 | 반환보증 가입 | 분쟁유형 묵시적갱신분쟁 | 진행단계 내용증명·공시송달 | 상황 작년에 임대인 연락두절이 됐고 등기상 압류가 생겨서 임대인에게 중도퇴실합의와 보증금 반환에 대한 내용증명을 2회 보냈습니다. 그런데 공시송달을 하려고 보니 내용증명의 내용이 묵시적 갱심 임대차계약해지 통보에 적합한지가 궁금합니다. 보냇던 내용증명 사진 첨부 할테니 내용이 적합할지 확인이 가능할까요? 해당 내용증명으로 공시송달을 해도될지 내용을 수정해서 다시 내용증명을 보내고 공시송달을 해야할지 | 특이사항 1. 보증보험가입,provided_synthetic_consultations
CASE-0710,G08,미상,미상,3억 이상,계약중(종료예정),미상,미상,가입,기타·일반문의,상담·검토,"제가 최근 2월에 전세 재계약을 했는데 개인적인 사정으로 이사를 해야해서 6월2일 집주인에게 말씀 드렸습니다. 집주인분은 알겠다 하시고 제가 중개수수료를 부담해야한다고 말씀하셨습니다. 그 부분은 특약으로 적혀있어 알고있다고 말씀드리니 그럼 저보고 부동산에 집을 대신 올려달라고 하셨습니다. 6월10일 제가 부동산에 집을 올렸고 그 날 바로 다음 세입자분이 계약을 하셨습니다. 부동산에서 계약 되었다는 연락을 받고 1시간도 안돼서 집주인에게 연락이 와서 중개수수료+보증보험비용 반반요구+교통비 20만원을 요구하셨습니다. 보증보험은 집주인이 보증보험 비용을 다 낼테니 부분보증보험을 가입한 상태였고 15만얼마가 나왔는데 만기 전 계약해지이니 반반 내는 걸 요구하셨고, 집주인이 지방 분이시라 서울로 와야하니 교통비 20만원을 달라고 하셨습니다. (집주인 주소로 KTX를 타면 왕복 5만원, 네비게이션 어플로 기름값과 톨비를 계산하면 왕복 10만원이 나오지 않습니다) 제가 이사가야 할 것 같다고 말씀드리고 계약될 때까지 수수료 외엔 다른 요구를 하시지 않다가 계약이 완료 되자마자 이런 요구를 하신건데 제가 계약 만료 전 퇴실이기 때문에 돌려드릴 수밖에 없는 건가 궁금해 댓글 남깁니다. (모든 통화내용과 문자는 있습니다)",,unknown,"보증상품 보증상품 미확인 | 주택유형 미상 | 보증금구간 3억 이상 | 계약상태 계약중(종료예정) | 선순위권리 미상 | 반환보증 가입 | 분쟁유형 기타·일반문의 | 진행단계 상담·검토 | 상황 제가 최근 2월에 전세 재계약을 했는데 개인적인 사정으로 이사를 해야해서 6월2일 집주인에게 말씀 드렸습니다. 집주인분은 알겠다 하시고 제가 중개수수료를 부담해야한다고 말씀하셨습니다. 그 부분은 특약으로 적혀있어 알고있다고 말씀드리니 그럼 저보고 부동산에 집을 대신 올려달라고 하셨습니다. 6월10일 제가 부동산에 집을 올렸고 그 날 바로 다음 세입자분이 계약을 하셨습니다. 부동산에서 계약 되었다는 연락을 받고 1시간도 안돼서 집주인에게 연락이 와서 중개수수료+보증보험비용 반반요구+교통비 20만원을 요구하셨습니다. 보증보험은 집주인이 보증보험 비용을 다 낼테니 부분보증보험을 가입한 상태였고 15만얼마가 나왔는데 만기 전 계약해지이니 반반 내는 걸 요구하셨고, 집주인이 지방 분이시라 서울로 와야하니 교통비 20만원을 달라고 하셨습니다. (집주인 주소로 KTX를 타면 왕복 5만원, 네비게이션 어플로 기름값과 톨비를 계산하면 왕복 10만원이 나오지 않습니다) 제가 이사가야 할 것 같다고 말씀드리고 계약될 때까지 수수료 외엔 다른 요구를 하시지 않다가 계약이 완료 되자마자 이런 요구를 하신건데 제가 계약 만료 전 퇴실이기 때문에 돌려드릴 수밖에 없는 건가 궁금해 댓글 남깁니다. (모든 통화내용과 문자는 있습니다)",provided_synthetic_consultations
CASE-0711,G08,경남,양산시,1억~2억,계약중(종료예정),오피스텔,미상,미상,경매·공매,임차권등기,현재 거주중인 계약기간이 25년7월19일까지 입니다 오피스텔 계약한 집이 공매가 진행되엇다가 취소가 되엇습니다 대출 빌린 은행에서 곧 만기가 다가오니 연장을 하기위해 임차권등기 접수증이 필요하다고 합니다 법원에 연락을해보니 임차권등기명령신청은 계약 기간 끝나고 하루뒤에 할수잇다고 하는데 대출연장을위해 임차권등기를 미리 신청할수는 없는건가요?,,unknown,보증상품 보증상품 미확인 | 주택유형 오피스텔 | 보증금구간 1억~2억 | 계약상태 계약중(종료예정) | 선순위권리 미상 | 반환보증 미상 | 분쟁유형 경매·공매 | 진행단계 임차권등기 | 상황 현재 거주중인 계약기간이 25년7월19일까지 입니다 오피스텔 계약한 집이 공매가 진행되엇다가 취소가 되엇습니다 대출 빌린 은행에서 곧 만기가 다가오니 연장을 하기위해 임차권등기 접수증이 필요하다고 합니다 법원에 연락을해보니 임차권등기명령신청은 계약 기간 끝나고 하루뒤에 할수잇다고 하는데 대출연장을위해 임차권등기를 미리 신청할수는 없는건가요?,provided_synthetic_consultations
CASE-0712,G08,서울,강서구,1억~2억,계약중(종료예정),미상,미상,가입,기타·일반문의,내용증명·공시송달,2024년 12월 31일 전세 재계약 진행하여 확정일자까지 받았고 바로 hug 전세보증반환 보험도 재 신청하여 1월 10일 가입완료되었습니다. 그후 별문제 없이 살고 있다가 25년 6월 9일 hug에서 소유권자 변경으로 새로운 소유권자 정보요청및 변경 요청하여 급하게 등기부 등본 열람해보니 25년 5월 9일 소유권 이전 접수가 되었고 사유는 25년 1월 4일 협의 분할에 의한 상속으로 확인됩니다. 기존 임대인 전화 번호로 연락하니 전화가 차단되어있어 상속자(새로운 소유권자)의 연락처를 알수 없는 상태이며 이전 임대인의 사망도 6월 9일 등기부 등본을 통해 확인하였습니다. 이런경우 어떤 조취부터 해야하는지 막막합니다. 등기에 적힌 상속자 주소로 찾아가는게 불법인지도 궁금하고 우선 내용증명을 통해 연락을 시도 해봐야 할것 같은데 전반적으로 뭘 준비해야할지 연락처를 알아 낼 수 있는 방법이 없을지 상담받고 싶습니다.,,unknown,보증상품 보증상품 미확인 | 주택유형 미상 | 보증금구간 1억~2억 | 계약상태 계약중(종료예정) | 선순위권리 미상 | 반환보증 가입 | 분쟁유형 기타·일반문의 | 진행단계 내용증명·공시송달 | 상황 2024년 12월 31일 전세 재계약 진행하여 확정일자까지 받았고 바로 hug 전세보증반환 보험도 재 신청하여 1월 10일 가입완료되었습니다. 그후 별문제 없이 살고 있다가 25년 6월 9일 hug에서 소유권자 변경으로 새로운 소유권자 정보요청및 변경 요청하여 급하게 등기부 등본 열람해보니 25년 5월 9일 소유권 이전 접수가 되었고 사유는 25년 1월 4일 협의 분할에 의한 상속으로 확인됩니다. 기존 임대인 전화 번호로 연락하니 전화가 차단되어있어 상속자(새로운 소유권자)의 연락처를 알수 없는 상태이며 이전 임대인의 사망도 6월 9일 등기부 등본을 통해 확인하였습니다. 이런경우 어떤 조취부터 해야하는지 막막합니다. 등기에 적힌 상속자 주소로 찾아가는게 불법인지도 궁금하고 우선 내용증명을 통해 연락을 시도 해봐야 할것 같은데 전반적으로 뭘 준비해야할지 연락처를 알아 낼 수 있는 방법이 없을지 상담받고 싶습니다.,provided_synthetic_consultations
CASE-0713,G08,서울,양천구,1억~2억,계약중(종료예정),미상,압류·가압류,가입,경매·공매,상담·검토,"23년 2월 첫 계약 23년 하반기 다른 채권자로 인해 현 집을 담보로 경매 걸렸다가 유찰로 인하여 불발 여러 압류 걸려있음 (국가로부터, 제3은행권으로부터) 25년 2월 묵시적갱신 진행 3월 6일 집주인으로부터 결국 파산신청 예정이라는 통보 받음 보증보험가입 가입못함 - 첫 계약하고 가입 진행 도중 압류가 그 사이에 걸려 버림",* 일하는 중이다. 오후에 전화주세요.,unknown,"보증상품 보증상품 미확인 | 주택유형 미상 | 보증금구간 1억~2억 | 계약상태 계약중(종료예정) | 선순위권리 압류·가압류 | 반환보증 가입 | 분쟁유형 경매·공매 | 진행단계 상담·검토 | 상황 23년 2월 첫 계약 23년 하반기 다른 채권자로 인해 현 집을 담보로 경매 걸렸다가 유찰로 인하여 불발 여러 압류 걸려있음 (국가로부터, 제3은행권으로부터) 25년 2월 묵시적갱신 진행 3월 6일 집주인으로부터 결국 파산신청 예정이라는 통보 받음 보증보험가입 가입못함 - 첫 계약하고 가입 진행 도중 압류가 그 사이에 걸려 버림 | 특이사항 * 일하는 중이다. 오후에 전화주세요.",provided_synthetic_consultations
CASE-0714,G08,서울,구로구,1억~2억,계약종료,오피스텔,미상,가입,전세사기,판결·집행,"다름이아니라 전세사기피해자 관련 문의 드리려고 합니다 전세보증금 1억1천만원으로 임대차계약을 했습니다 그런데 어느날 공매통지서가 날라왔습니다 집주인에게 \""이게 무엇이냐, 무섭다. 해결해달라 그러지 않으면 계약기간 종료 후 집을 나갈 것이니 보증금을 돌려달라\"" 통지 했습니다. 임대인은 최대한 저에게 피해가 안 가도록 노력할 것이며 공매를 중지시킬 것이라며 안심을 시켰고 실제 중지가 되어 계약을 연장했습니다 그런데 어느날부터 연락이 되지 않고 공매통지서가 다시 날라왔습니다 당시 임대인이 세무서에 걸린 체납액이 얼마인지도 몰랐습니다 다시 한 번 계약 만료 기간이 되었고 임차권등기명령과 보증금 반환 소송을 했습니다 (보증금 반환 소송은 승소 확률이 높으며 판결문은 25일에 받을 수 있다고 합니다) 민사소송을 하다보니 임대인에게 전화가 와서는 공매통지서를 보내줄테니 저보고 낙찰을 받는게 어떻겠냐 했습니다 (공매통지서 첨부) 다른 706호의 같은 임대인 다른 세입자분도 보증금을 돌려받지 못해 스스로 낙찰을 받은 것을 확인했습니다 (등기부등본 떼서 확인. 임대인이 통화로도 말함) 현재 피해자 결정 신청은 의결예정 입니다 만약 보증금 반환 소송 승소 판결문이 나오고 강제 경매를 해서 제가 낙찰을 받아야 할 때에 피해액을 예상해보고 싶습니다 도저히 저는 가늠이 잘 안 갑니다 제발 도와주세요 ※1억1천만원중 8천8백만원은 중기청대출입니다 ※공매시 감정평가 금액은 1억2천만원이었습니다 ※임대인이 보내준 공매통지서로 체납액을 확인 할 수 있었습니다",1. 오피스텔 / 대항력있음,unknown,"보증상품 보증상품 미확인 | 주택유형 오피스텔 | 보증금구간 1억~2억 | 계약상태 계약종료 | 선순위권리 미상 | 반환보증 가입 | 분쟁유형 전세사기 | 진행단계 판결·집행 | 상황 다름이아니라 전세사기피해자 관련 문의 드리려고 합니다 전세보증금 1억1천만원으로 임대차계약을 했습니다 그런데 어느날 공매통지서가 날라왔습니다 집주인에게 \""이게 무엇이냐, 무섭다. 해결해달라 그러지 않으면 계약기간 종료 후 집을 나갈 것이니 보증금을 돌려달라\"" 통지 했습니다. 임대인은 최대한 저에게 피해가 안 가도록 노력할 것이며 공매를 중지시킬 것이라며 안심을 시켰고 실제 중지가 되어 계약을 연장했습니다 그런데 어느날부터 연락이 되지 않고 공매통지서가 다시 날라왔습니다 당시 임대인이 세무서에 걸린 체납액이 얼마인지도 몰랐습니다 다시 한 번 계약 만료 기간이 되었고 임차권등기명령과 보증금 반환 소송을 했습니다 (보증금 반환 소송은 승소 확률이 높으며 판결문은 25일에 받을 수 있다고 합니다) 민사소송을 하다보니 임대인에게 전화가 와서는 공매통지서를 보내줄테니 저보고 낙찰을 받는게 어떻겠냐 했습니다 (공매통지서 첨부) 다른 706호의 같은 임대인 다른 세입자분도 보증금을 돌려받지 못해 스스로 낙찰을 받은 것을 확인했습니다 (등기부등본 떼서 확인. 임대인이 통화로도 말함) 현재 피해자 결정 신청은 의결예정 입니다 만약 보증금 반환 소송 승소 판결문이 나오고 강제 경매를 해서 제가 낙찰을 받아야 할 때에 피해액을 예상해보고 싶습니다 도저히 저는 가늠이 잘 안 갑니다 제발 도와주세요 ※1억1천만원중 8천8백만원은 중기청대출입니다 ※공매시 감정평가 금액은 1억2천만원이었습니다 ※임대인이 보내준 공매통지서로 체납액을 확인 할 수 있었습니다 | 특이사항 1. 오피스텔 / 대항력있음",provided_synthetic_consultations
CASE-0715,G08,경기,이천시,1억~2억,계약중(종료예정),미상,미상,미상,기타·일반문의,상담·검토,집주인 너무 괘씸하네요,,unknown,보증상품 보증상품 미확인 | 주택유형 미상 | 보증금구간 1억~2억 | 계약상태 계약중(종료예정) | 선순위권리 미상 | 반환보증 미상 | 분쟁유형 기타·일반문의 | 진행단계 상담·검토 | 상황 집주인 너무 괘씸하네요,provided_synthetic_consultations
CASE-0716,G08,미상,미상,1억~2억,계약중(종료예정),미상,미상,미상,보증금미반환,내용증명·공시송달,"21.8.2~23.8.1까지 전세계약 23.5 월 집주인이 재계약 할거냐 물어봐서 하겠다고 연장 원한다 했습니다. 서면계약서 새로 안쓰고 조건 동일하게 연장했고 중도해지 필요해 24.11.8 집 나간다 통보하고 24.10월, 25년 1월 중도해지 통보 3개월 후에 보증금 반환 연락 했더니 안된다고 합니다. 보증금 반환 내용증명 보냈는데 계속 안준다 하는데 집주인은 합의에 의한 계약이라 2년 무조건 채우라네요. 전 연장하겠다고 말한게 갱신청구권에 의해 갱신한걸 뜻한건데 갱신청구권에 의해 연장이다라고 말 했어야 하나요?",,unknown,"보증상품 보증상품 미확인 | 주택유형 미상 | 보증금구간 1억~2억 | 계약상태 계약중(종료예정) | 선순위권리 미상 | 반환보증 미상 | 분쟁유형 보증금미반환 | 진행단계 내용증명·공시송달 | 상황 21.8.2~23.8.1까지 전세계약 23.5 월 집주인이 재계약 할거냐 물어봐서 하겠다고 연장 원한다 했습니다. 서면계약서 새로 안쓰고 조건 동일하게 연장했고 중도해지 필요해 24.11.8 집 나간다 통보하고 24.10월, 25년 1월 중도해지 통보 3개월 후에 보증금 반환 연락 했더니 안된다고 합니다. 보증금 반환 내용증명 보냈는데 계속 안준다 하는데 집주인은 합의에 의한 계약이라 2년 무조건 채우라네요. 전 연장하겠다고 말한게 갱신청구권에 의해 갱신한걸 뜻한건데 갱신청구권에 의해 연장이다라고 말 했어야 하나요?",provided_synthetic_consultations
CASE-0717,G08,미상,미상,2억~3억,계약중(종료예정),미상,근저당설정,미상,보증금미반환,상담·검토,계약중인데 근저당설정 된것을 확인했습니다. 보증금 돌려받기 위해 지금 할수 있는 방법이 있는지,,unknown,보증상품 보증상품 미확인 | 주택유형 미상 | 보증금구간 2억~3억 | 계약상태 계약중(종료예정) | 선순위권리 근저당설정 | 반환보증 미상 | 분쟁유형 보증금미반환 | 진행단계 상담·검토 | 상황 계약중인데 근저당설정 된것을 확인했습니다. 보증금 돌려받기 위해 지금 할수 있는 방법이 있는지,provided_synthetic_consultations
CASE-0718,G08,경기,경기도파주시,2억~3억,계약종료,미상,미상,미상,경매·공매,판결·집행,현재 전세반환소송 완료 후 판결문까직 나오고 강제경매 진행하려고 준비중인데 백수에 몸이다쳐서 일을 할수없는상황이라 돈이 여유치 않습니다 몸을 완전히 회복하려면 6~7개월 걸립니다 (가족이없어 금전적 도움받을곳이없음) 그래서 경매를 미루려고 하는데 괜찮은지 궁금합니다 그리고 경매시 입찰보증금 10% 준비해야되면나중에 돌려받는돈인지도,* 전화번호 부정확,unknown,보증상품 보증상품 미확인 | 주택유형 미상 | 보증금구간 2억~3억 | 계약상태 계약종료 | 선순위권리 미상 | 반환보증 미상 | 분쟁유형 경매·공매 | 진행단계 판결·집행 | 상황 현재 전세반환소송 완료 후 판결문까직 나오고 강제경매 진행하려고 준비중인데 백수에 몸이다쳐서 일을 할수없는상황이라 돈이 여유치 않습니다 몸을 완전히 회복하려면 6~7개월 걸립니다 (가족이없어 금전적 도움받을곳이없음) 그래서 경매를 미루려고 하는데 괜찮은지 궁금합니다 그리고 경매시 입찰보증금 10% 준비해야되면나중에 돌려받는돈인지도 | 특이사항 * 전화번호 부정확,provided_synthetic_consultations
CASE-0719,G08,경기,의정부시,1억~2억,계약종료,미상,미상,미상,기타·일반문의,소송제기,"현재 상황 : 임대인 사망 > 사망 사실 모르고 계약 해지 연락했으니 계속 연락 두절 > 계약 만료 1개월 전 집주인 남편으로부터 사망 사실 알게됨 > 계약 해지 요구 > 상속 문제로 지연 > 남편 상속 포기 / 자식 한정승인상속 진행 (25/05/29 인용) - 상속자에 대한 정보를 아예 알려주지 않으려고함 여기 저기 상담 다녀보니, 이사 갈 상태는 아니지만 임차권 등기명령을 해야 할 것 같아서 일단 전자소송에서 하긴했는데 망자를 대상으로 저번주 금요일에 진행했습니다. 허나 지금 상속자가 있는 상태여서 상속자에게 임차권 등기명령을 해야하는건지? 근데 상속자에 대한 정보를 일절 알 수 가없는데 어떻게 하면 임차권 등기 명령을 할 수 잇을까요? 또한 전세금 반환 소송도 상속자에게 해야하는데 어떻게 해양할지 막막합니다.",,unknown,"보증상품 보증상품 미확인 | 주택유형 미상 | 보증금구간 1억~2억 | 계약상태 계약종료 | 선순위권리 미상 | 반환보증 미상 | 분쟁유형 기타·일반문의 | 진행단계 소송제기 | 상황 현재 상황 : 임대인 사망 > 사망 사실 모르고 계약 해지 연락했으니 계속 연락 두절 > 계약 만료 1개월 전 집주인 남편으로부터 사망 사실 알게됨 > 계약 해지 요구 > 상속 문제로 지연 > 남편 상속 포기 / 자식 한정승인상속 진행 (25/05/29 인용) - 상속자에 대한 정보를 아예 알려주지 않으려고함 여기 저기 상담 다녀보니, 이사 갈 상태는 아니지만 임차권 등기명령을 해야 할 것 같아서 일단 전자소송에서 하긴했는데 망자를 대상으로 저번주 금요일에 진행했습니다. 허나 지금 상속자가 있는 상태여서 상속자에게 임차권 등기명령을 해야하는건지? 근데 상속자에 대한 정보를 일절 알 수 가없는데 어떻게 하면 임차권 등기 명령을 할 수 잇을까요? 또한 전세금 반환 소송도 상속자에게 해야하는데 어떻게 해양할지 막막합니다.",provided_synthetic_consultations
CASE-0720,G08,인천,중구,1억~2억,계약중(종료예정),미상,미상,미상,경매·공매,임차권등기,"3월경 임대인 파산 선고 등기 수령 > 채권 신청> 4월말경 법원에 중도해지 허가신청 완료> 6월16일 승인됨. 현재 주거중인 집 만료일 2025년 11월로 당장 할 수 있는게 없었음. (전입신고, 확정일자, 보험가입 완료 되어있음) 현재 매물은 공매 올라와있는 상태이며 파산 관재인이 직접 진행하는 공매임. 1차 6월 17일로 예정되어 있음. 곧 파산 관재인과 중도 해지 서류 작성할 예정인데 내용증명과 임차권등기를 어느 시점에 진행해야 하는지 모름.",1. 법인임대인,unknown,"보증상품 보증상품 미확인 | 주택유형 미상 | 보증금구간 1억~2억 | 계약상태 계약중(종료예정) | 선순위권리 미상 | 반환보증 미상 | 분쟁유형 경매·공매 | 진행단계 임차권등기 | 상황 3월경 임대인 파산 선고 등기 수령 > 채권 신청> 4월말경 법원에 중도해지 허가신청 완료> 6월16일 승인됨. 현재 주거중인 집 만료일 2025년 11월로 당장 할 수 있는게 없었음. (전입신고, 확정일자, 보험가입 완료 되어있음) 현재 매물은 공매 올라와있는 상태이며 파산 관재인이 직접 진행하는 공매임. 1차 6월 17일로 예정되어 있음. 곧 파산 관재인과 중도 해지 서류 작성할 예정인데 내용증명과 임차권등기를 어느 시점에 진행해야 하는지 모름. | 특이사항 1. 법인임대인",provided_synthetic_consultations
CASE-0721,G08,미상,미상,1억 미만,계약종료,미상,미상,미상,기타·일반문의,상담·검토,전세 연장계약 후 중도퇴실하였습니다. 만기일까지 돌려주지 않겠다고 자꾸 버티십니다. 연장계약시에 수기로 날짜를 적으며 재계약한다는 문구를 넣었습니다. 이부분이 문제인가요?,1. 근생시설에 거주 / 구분등기되어있음,unknown,보증상품 보증상품 미확인 | 주택유형 미상 | 보증금구간 1억 미만 | 계약상태 계약종료 | 선순위권리 미상 | 반환보증 미상 | 분쟁유형 기타·일반문의 | 진행단계 상담·검토 | 상황 전세 연장계약 후 중도퇴실하였습니다. 만기일까지 돌려주지 않겠다고 자꾸 버티십니다. 연장계약시에 수기로 날짜를 적으며 재계약한다는 문구를 넣었습니다. 이부분이 문제인가요? | 특이사항 1. 근생시설에 거주 / 구분등기되어있음,provided_synthetic_consultations
CASE-0722,G08,경남,양산시,1억 미만,계약중(종료예정),아파트,압류·가압류,미상,기타·일반문의,소송제기,"2019년 전세 계약후, 3개월후 이사계획으로 집주인에게 연락후 등기열람 해보니, 세금체납으로 인한 압류와 집주인이 보유중인 다른 집 등기도 확인해보니 전세금 미반환으로 소송진행된내용도 확인하였습니다. 전세금 반환이 어려울거같아",1. 아파트 / 대항력없는 깡통주택,unknown,"보증상품 보증상품 미확인 | 주택유형 아파트 | 보증금구간 1억 미만 | 계약상태 계약중(종료예정) | 선순위권리 압류·가압류 | 반환보증 미상 | 분쟁유형 기타·일반문의 | 진행단계 소송제기 | 상황 2019년 전세 계약후, 3개월후 이사계획으로 집주인에게 연락후 등기열람 해보니, 세금체납으로 인한 압류와 집주인이 보유중인 다른 집 등기도 확인해보니 전세금 미반환으로 소송진행된내용도 확인하였습니다. 전세금 반환이 어려울거같아 | 특이사항 1. 아파트 / 대항력없는 깡통주택",provided_synthetic_consultations
CASE-0723,G08,대구,대구,1억 미만,계약중(종료예정),아파트,근저당설정,미상,전세사기,임차권등기,"25/1 계약 보증금 5000만원 월세 80만원 (25/2/16~27/2/16) 부부공동명의 아파트 근저당권 1순위 355,300,000원 (23/6/14) 현재 대출잔액 약 315,000,000원 계약시 집주인의 동의로 월세지만 전세권 근저당설정 2순위 5000만원 설정해놓음 25/2 입주 25/6/9 임차인 중 1명의 개인회생 신청 통보문 우편받음 25/6/11 임차인이 급매 물건 올리겠다고 동의 요청 (매도 시 보증금 반환 하고 퇴거요청) 이사비 등 청구하니 매매하지않겠다 통보 받음 매매 동의 않을 시 경매처분 동의로 알면되냐고 그럼 시간이 더 소요될수있다고 문자받음 ㅡㅡㅡㅡㅡㅡㅡㅡㅡㅡㅡㅡㅡㅡㅡㅡㅡㅡㅡㅡㅡㅡㅡ 1. 확정일자+전입신고-> 준별제권 + 근저당설정 까지 했으면 별제권 맞나요? - 별제권이라면 경락 시 소액임차보증금을 먼저 수령하고 못받은 돈에대해서는 면책이나 탕감없이 변제계획으로 다 받을수 있나요? 2. 소액임차보증금 최우선변제로 낙찰가가 얼마가되든 2800만원은 우선 받을 수있나요? 3. 월세미납하며 임대차기간까지 또는 기간내 경락될깨까지 쭉 살면되나요? - 퇴거 시 임차권등기명령 별도로 해야하는지 - 근저당설정되어있지만 월세보증금이면 나중 경매 배당요구하면 미납한 월세 빼고 주나요? 4. 저희가 먼저 계약해지통보를 해야하나요? 5. 이렇게 임대를 하고 단시간에 개인회생을 했다는것으로 사기죄 고소 가능한가요? - 고소했을때 유의미한 결과가 있나요? (시간끌기?) 6. 임대인이 매매로 물건 올리겠다고 동의를 구합니다. 응해도 되나요? 응하지 않을경우 경매로 처리한다고합니다. 뭐가 더 저희에게 유리한지 모르겠어요 경매가되든 보증금 회수를 할수있다면 그냥 쭉 살고싶기도 하는 마음입니다. 7. 임대인의 개인회생으로 계약해지 퇴거요청 시 이사비,수수료 등 청구 가능한가요?",,unknown,"보증상품 보증상품 미확인 | 주택유형 아파트 | 보증금구간 1억 미만 | 계약상태 계약중(종료예정) | 선순위권리 근저당설정 | 반환보증 미상 | 분쟁유형 전세사기 | 진행단계 임차권등기 | 상황 25/1 계약 보증금 5000만원 월세 80만원 (25/2/16~27/2/16) 부부공동명의 아파트 근저당권 1순위 355,300,000원 (23/6/14) 현재 대출잔액 약 315,000,000원 계약시 집주인의 동의로 월세지만 전세권 근저당설정 2순위 5000만원 설정해놓음 25/2 입주 25/6/9 임차인 중 1명의 개인회생 신청 통보문 우편받음 25/6/11 임차인이 급매 물건 올리겠다고 동의 요청 (매도 시 보증금 반환 하고 퇴거요청) 이사비 등 청구하니 매매하지않겠다 통보 받음 매매 동의 않을 시 경매처분 동의로 알면되냐고 그럼 시간이 더 소요될수있다고 문자받음 ㅡㅡㅡㅡㅡㅡㅡㅡㅡㅡㅡㅡㅡㅡㅡㅡㅡㅡㅡㅡㅡㅡㅡ 1. 확정일자+전입신고-> 준별제권 + 근저당설정 까지 했으면 별제권 맞나요? - 별제권이라면 경락 시 소액임차보증금을 먼저 수령하고 못받은 돈에대해서는 면책이나 탕감없이 변제계획으로 다 받을수 있나요? 2. 소액임차보증금 최우선변제로 낙찰가가 얼마가되든 2800만원은 우선 받을 수있나요? 3. 월세미납하며 임대차기간까지 또는 기간내 경락될깨까지 쭉 살면되나요? - 퇴거 시 임차권등기명령 별도로 해야하는지 - 근저당설정되어있지만 월세보증금이면 나중 경매 배당요구하면 미납한 월세 빼고 주나요? 4. 저희가 먼저 계약해지통보를 해야하나요? 5. 이렇게 임대를 하고 단시간에 개인회생을 했다는것으로 사기죄 고소 가능한가요? - 고소했을때 유의미한 결과가 있나요? (시간끌기?) 6. 임대인이 매매로 물건 올리겠다고 동의를 구합니다. 응해도 되나요? 응하지 않을경우 경매로 처리한다고합니다. 뭐가 더 저희에게 유리한지 모르겠어요 경매가되든 보증금 회수를 할수있다면 그냥 쭉 살고싶기도 하는 마음입니다. 7. 임대인의 개인회생으로 계약해지 퇴거요청 시 이사비,수수료 등 청구 가능한가요?",provided_synthetic_consultations
CASE-0724,G08,서울,관악구,1억~2억,계약중(종료예정),다가구주택,근저당설정,미상,경매·공매,임차권등기,"집은 다가구. 10월 계약하고 첫 입주하여 2024년 묵시적 갱신을 통하여 계약연장 하여 아직 전세계약기간은 남은 상황입니다. 확정일자는 2022년 입주 당시 부여받았으나, 근저당 및 선순위 임차인이 있어 후순위이며 그나마 소액임차인이여서 경매 낙찰 시 최우선변제권으로 조금은 받을 수 있을 것으로 예상하고 있습니다. 얼마 전에 다른 세입자를 통해 집이 경매개시결정이 내려진 것을 알게 되었고, 이에 대응 준비를 하고 있습니다. 우선 권리신고 및 배당요구를 신청하고 혹시 몰라 임차권등기까지 설정하려고 합니다. 권리신고 및 배당요구 신청을 하면 임대차 계약해지의 효력이 있다고 들었습니다 그러면 하루 날 잡아서 법원 가서 신청 하려고 하는데 권리신고 및 배당요구 신청을 접수하고 그 접수한 내역으로 임차권 등기 설정까지 한 날에 바로 신청접수가 가능한가요? 아니면 배당요구 먼저 신청하고 그 결과가 나와야 임차권 등기 설정이 가능한걸까요? 그리고 보증금 받기 전까지는 계속 거주할 예정이긴 합니다. 굳이 임차권등기까지는 할 필요가 없나요? 그리고 LH주택매입도 신청해보려고 하는데 그거랑 배당신청이랑은 연관없는 지도",1. 다가구 / 대항력없음,unknown,"보증상품 보증상품 미확인 | 주택유형 다가구주택 | 보증금구간 1억~2억 | 계약상태 계약중(종료예정) | 선순위권리 근저당설정 | 반환보증 미상 | 분쟁유형 경매·공매 | 진행단계 임차권등기 | 상황 집은 다가구. 10월 계약하고 첫 입주하여 2024년 묵시적 갱신을 통하여 계약연장 하여 아직 전세계약기간은 남은 상황입니다. 확정일자는 2022년 입주 당시 부여받았으나, 근저당 및 선순위 임차인이 있어 후순위이며 그나마 소액임차인이여서 경매 낙찰 시 최우선변제권으로 조금은 받을 수 있을 것으로 예상하고 있습니다. 얼마 전에 다른 세입자를 통해 집이 경매개시결정이 내려진 것을 알게 되었고, 이에 대응 준비를 하고 있습니다. 우선 권리신고 및 배당요구를 신청하고 혹시 몰라 임차권등기까지 설정하려고 합니다. 권리신고 및 배당요구 신청을 하면 임대차 계약해지의 효력이 있다고 들었습니다 그러면 하루 날 잡아서 법원 가서 신청 하려고 하는데 권리신고 및 배당요구 신청을 접수하고 그 접수한 내역으로 임차권 등기 설정까지 한 날에 바로 신청접수가 가능한가요? 아니면 배당요구 먼저 신청하고 그 결과가 나와야 임차권 등기 설정이 가능한걸까요? 그리고 보증금 받기 전까지는 계속 거주할 예정이긴 합니다. 굳이 임차권등기까지는 할 필요가 없나요? 그리고 LH주택매입도 신청해보려고 하는데 그거랑 배당신청이랑은 연관없는 지도 | 특이사항 1. 다가구 / 대항력없음",provided_synthetic_consultations
CASE-0725,G08,울산,동구,1억~2억,계약종료,미상,미상,미상,원상복구·정산,임차권등기,"애완동물 금지 특약사항이 있음. 지인의 강아지가 일시적 거주. 이를 알고 게약 종료하기로 협의. 갑자기 냄새를 이유로 원상복구 비용 및 만원을 제하고 전세자금을 반환하겠다고 함. 이에 청소, 탈취, 방역은 하겠으나 과하니 전액 보증금 반환을 요청함. 2025.6.15. 계약종료 2025.6.16. 이사 및 임차권등기명령 신청. 2025.6.17. 현재까지 전세금 반환을 하고 있지 않음.",,unknown,"보증상품 보증상품 미확인 | 주택유형 미상 | 보증금구간 1억~2억 | 계약상태 계약종료 | 선순위권리 미상 | 반환보증 미상 | 분쟁유형 원상복구·정산 | 진행단계 임차권등기 | 상황 애완동물 금지 특약사항이 있음. 지인의 강아지가 일시적 거주. 이를 알고 게약 종료하기로 협의. 갑자기 냄새를 이유로 원상복구 비용 및 만원을 제하고 전세자금을 반환하겠다고 함. 이에 청소, 탈취, 방역은 하겠으나 과하니 전액 보증금 반환을 요청함. 2025.6.15. 계약종료 2025.6.16. 이사 및 임차권등기명령 신청. 2025.6.17. 현재까지 전세금 반환을 하고 있지 않음.",provided_synthetic_consultations
CASE-0726,G08,대전,미상,1억 미만,계약중(종료예정),미상,선순위존재,미상,전세사기,상담·검토,전세사기 피해자등 결정문을 받은 상태입니다. 현재 경매 사건 번호는 나온 상태이고 배당 신청까지는 넣어둔 상태입니다. 7천만원이라 소액임차인에 해당하여 약 2300만원 정도 가장 선순위로 보증금을 회수할 수 있는 상황입니다. 만약에 경매가 이루어지고 차액에서 보증금을 전부 반환받지 못한다면 저 같은 경우에도 개인회생으로 보증금 탕감이 가능한지 여부가,,unknown,보증상품 보증상품 미확인 | 주택유형 미상 | 보증금구간 1억 미만 | 계약상태 계약중(종료예정) | 선순위권리 선순위존재 | 반환보증 미상 | 분쟁유형 전세사기 | 진행단계 상담·검토 | 상황 전세사기 피해자등 결정문을 받은 상태입니다. 현재 경매 사건 번호는 나온 상태이고 배당 신청까지는 넣어둔 상태입니다. 7천만원이라 소액임차인에 해당하여 약 2300만원 정도 가장 선순위로 보증금을 회수할 수 있는 상황입니다. 만약에 경매가 이루어지고 차액에서 보증금을 전부 반환받지 못한다면 저 같은 경우에도 개인회생으로 보증금 탕감이 가능한지 여부가,provided_synthetic_consultations
CASE-0727,G08,서울,금천구,1억~2억,계약중(종료예정),다세대주택,미상,가입,기타·일반문의,임차권등기,"다세대 빌라이지만, 임대인은 동일하게 1명 입니다. 저희 호수는 계약이 종료되어, 임차권등기를 통하여 법원에 상재관 선임을 신청하였고 예탁금을 납부하라는 보정명령까지 받은 상황입니다. 1. 다른호수가 추후에 상재관을 찾을 수 있는 방법은 어떤게 있을까요 ? (법원에 문의하면 알려주는지) 다른호수는 저희가 상재관 선임을 진행하는지 모르는 상황이며, 어떻게 하다보니 총대를 매고 상재관 선임을 하고 있는 상황입니다.",1. 다세대 / 대항력도 있고 허그보증보험도 가입,unknown,"보증상품 보증상품 미확인 | 주택유형 다세대주택 | 보증금구간 1억~2억 | 계약상태 계약중(종료예정) | 선순위권리 미상 | 반환보증 가입 | 분쟁유형 기타·일반문의 | 진행단계 임차권등기 | 상황 다세대 빌라이지만, 임대인은 동일하게 1명 입니다. 저희 호수는 계약이 종료되어, 임차권등기를 통하여 법원에 상재관 선임을 신청하였고 예탁금을 납부하라는 보정명령까지 받은 상황입니다. 1. 다른호수가 추후에 상재관을 찾을 수 있는 방법은 어떤게 있을까요 ? (법원에 문의하면 알려주는지) 다른호수는 저희가 상재관 선임을 진행하는지 모르는 상황이며, 어떻게 하다보니 총대를 매고 상재관 선임을 하고 있는 상황입니다. | 특이사항 1. 다세대 / 대항력도 있고 허그보증보험도 가입",provided_synthetic_consultations
CASE-0728,G08,미상,개군,1억~2억,계약종료,미상,미상,가입,경매·공매,내용증명·공시송달,"24년5월31일 전세 만료 후 현재까지 전세보증금 2억9천만원 중 잔금 1억 4500만원 을 돌려받지 못하고있습니다. 1년동안 기다렸으나 집주인은 집 매도가 안되니 줄수없다는 입장이며 경매 및 파산시에도 명의가 딸명의로 되있으니 못준다는 입장이고, 집을 매수하는게 어떻겠냐 아니면 2천만원 빌려주면 급한불은 꺼보겠다 는 등의 얘기까지 하고 오늘 2천만원 손해배상에 대한 내용증명까지 받은 상태 입니다. 내용증명 발송 및 답변으로 대응중인데 상식선에서 대응하기에 많이 미비한것같아서 전문가의 도움이 필요한 상황입니다. 앞뒤상황황에대한 내용이 많아서 첨부서류로 설명드리는 점 양해",1. 전원주택,unknown,"보증상품 보증상품 미확인 | 주택유형 미상 | 보증금구간 1억~2억 | 계약상태 계약종료 | 선순위권리 미상 | 반환보증 가입 | 분쟁유형 경매·공매 | 진행단계 내용증명·공시송달 | 상황 24년5월31일 전세 만료 후 현재까지 전세보증금 2억9천만원 중 잔금 1억 4500만원 을 돌려받지 못하고있습니다. 1년동안 기다렸으나 집주인은 집 매도가 안되니 줄수없다는 입장이며 경매 및 파산시에도 명의가 딸명의로 되있으니 못준다는 입장이고, 집을 매수하는게 어떻겠냐 아니면 2천만원 빌려주면 급한불은 꺼보겠다 는 등의 얘기까지 하고 오늘 2천만원 손해배상에 대한 내용증명까지 받은 상태 입니다. 내용증명 발송 및 답변으로 대응중인데 상식선에서 대응하기에 많이 미비한것같아서 전문가의 도움이 필요한 상황입니다. 앞뒤상황황에대한 내용이 많아서 첨부서류로 설명드리는 점 양해 | 특이사항 1. 전원주택",provided_synthetic_consultations
CASE-0729,G08,대구,대구,1억 미만,계약중(종료예정),다가구주택,미상,미상,경매·공매,소송제기,"1. 다가구 주택(총 9가구) 주택 묵시적 갱신 후 계약 중 현재 건물 경매 발생(7월 22일 1차 경매기일), 이후 보증금 요청 및 퇴거 통보 완료(통화 녹취) 2. 임차권 등기 설정 X, 배당 신청 O, 지급명령에서 소제기 신청 중(임대인 남편이 현재 투자한 곳에서 채권단 합의 후 보증금 줄 수 있을 거 같다고 차일피일 미루어 줄 의사가 없어 보여 지급명령으로 진행) 문의 내용 : 형사 고소 가능 여부 검토 사유 1. 처음 부동산 계약(22년 1월경) 부동산 중개인과 가계약 후 임대인과 계약날 보기로 하였으나 집주인이 바쁘다고 하여 중개인과 계약 2. 이후 부동산 건물이 이전 중이라며 집주인 번호를 전달 받고 거주(남편 번호) 3. 현재 이전된 집의 임대인이 남편인 줄 알고 거주 하였으나 경매개시가 되고 난 후 알고 보니 임대인 명의가 아내였음(실질적인 집 관련 관리 및 남편이 다하였고 이후에도 아내 번호는 알려주지 않음) 4. 아내는 전업주부로 보이며 남편이 모든 자금을 관리하는 것으로 예상되고, 현재 거주지에서 가족 모두 나간 상태(남편은 자금이 있는 것으로 보임) 5. 현재 보증금 미반환 관련 임차인 있음(1명 연락 중, 1명은 알 수 없음)",,unknown,"보증상품 보증상품 미확인 | 주택유형 다가구주택 | 보증금구간 1억 미만 | 계약상태 계약중(종료예정) | 선순위권리 미상 | 반환보증 미상 | 분쟁유형 경매·공매 | 진행단계 소송제기 | 상황 1. 다가구 주택(총 9가구) 주택 묵시적 갱신 후 계약 중 현재 건물 경매 발생(7월 22일 1차 경매기일), 이후 보증금 요청 및 퇴거 통보 완료(통화 녹취) 2. 임차권 등기 설정 X, 배당 신청 O, 지급명령에서 소제기 신청 중(임대인 남편이 현재 투자한 곳에서 채권단 합의 후 보증금 줄 수 있을 거 같다고 차일피일 미루어 줄 의사가 없어 보여 지급명령으로 진행) 문의 내용 : 형사 고소 가능 여부 검토 사유 1. 처음 부동산 계약(22년 1월경) 부동산 중개인과 가계약 후 임대인과 계약날 보기로 하였으나 집주인이 바쁘다고 하여 중개인과 계약 2. 이후 부동산 건물이 이전 중이라며 집주인 번호를 전달 받고 거주(남편 번호) 3. 현재 이전된 집의 임대인이 남편인 줄 알고 거주 하였으나 경매개시가 되고 난 후 알고 보니 임대인 명의가 아내였음(실질적인 집 관련 관리 및 남편이 다하였고 이후에도 아내 번호는 알려주지 않음) 4. 아내는 전업주부로 보이며 남편이 모든 자금을 관리하는 것으로 예상되고, 현재 거주지에서 가족 모두 나간 상태(남편은 자금이 있는 것으로 보임) 5. 현재 보증금 미반환 관련 임차인 있음(1명 연락 중, 1명은 알 수 없음)",provided_synthetic_consultations
CASE-0730,G08,부산,기장군,1억 미만,계약종료,미상,미상,미상,기타·일반문의,임차권등기,"아래와 같이 내용증명을 3건 각각 보냈습니다. 임대인이 2명(어머니,아들) 임대인 대리인은 남편이자 아버지 (이분이 건물 관리 및 총 책임자) 임차인은 남편이랑 저 2명 1. 50,000,000 1건 임대인 황?? /임차인은 남편 2. 30,000,000 1건 임대인 장??/ 임차인은 남편 3. 20,000,000 1건 임대인 장지? /임차인은 본인 이렇게 3건의 내용증명을 6월 13일날 보냈는데 내용 내용증명을 받고 임대인 대리인이 법적으로 하라면서 절대 보증금 안줄거라며 협박하는 문자를 보내 왔습니다. 상가임차권등기명령신청을 준비중이며, 앞으로 대처 방법 이나 법적인 조언 및 변호사 선임 비용등 상담을 요청드립니다.",1. 상가임차인 / 대항력여부 모름,unknown,"보증상품 보증상품 미확인 | 주택유형 미상 | 보증금구간 1억 미만 | 계약상태 계약종료 | 선순위권리 미상 | 반환보증 미상 | 분쟁유형 기타·일반문의 | 진행단계 임차권등기 | 상황 아래와 같이 내용증명을 3건 각각 보냈습니다. 임대인이 2명(어머니,아들) 임대인 대리인은 남편이자 아버지 (이분이 건물 관리 및 총 책임자) 임차인은 남편이랑 저 2명 1. 50,000,000 1건 임대인 황?? /임차인은 남편 2. 30,000,000 1건 임대인 장??/ 임차인은 남편 3. 20,000,000 1건 임대인 장지? /임차인은 본인 이렇게 3건의 내용증명을 6월 13일날 보냈는데 내용 내용증명을 받고 임대인 대리인이 법적으로 하라면서 절대 보증금 안줄거라며 협박하는 문자를 보내 왔습니다. 상가임차권등기명령신청을 준비중이며, 앞으로 대처 방법 이나 법적인 조언 및 변호사 선임 비용등 상담을 요청드립니다. | 특이사항 1. 상가임차인 / 대항력여부 모름",provided_synthetic_consultations
CASE-0731,G08,충남,아산시,1억~2억,계약중(종료예정),미상,미상,가입,기타·일반문의,임차권등기,"전세 만기일: 7/12 <현재 상황> 임대인: 대출 없음 임차인: 버팀목전세자금대출 8천 있음 허그 보증보험 가입 임대인이 돈이 없어서 전세자금을 반환할 수 없고, 새로운 세입자를 구하려고 노력 중 임대인은 다음 세입자가 구해지면 전세금을 돌려줄 예정 <질문> 전세 만료 후 2~3주 기다렸을때도 세입자가 구해지지 않을 경우 임차권 등기를 신청하려고 함 만약 임차권등기 신청전에 집주인이 바뀐다면 제가 법적으로 보호받을 수 있는지, 절차가 복잡해지는지 궁금합니다. 또한 임차권등기를 늦게 했을때의 법적인 문제점에 대해서도 궁금해서 상담을 신청하게 되었습니다 도와주세요",1. 보증보험가입,unknown,"보증상품 보증상품 미확인 | 주택유형 미상 | 보증금구간 1억~2억 | 계약상태 계약중(종료예정) | 선순위권리 미상 | 반환보증 가입 | 분쟁유형 기타·일반문의 | 진행단계 임차권등기 | 상황 전세 만기일: 7/12 <현재 상황> 임대인: 대출 없음 임차인: 버팀목전세자금대출 8천 있음 허그 보증보험 가입 임대인이 돈이 없어서 전세자금을 반환할 수 없고, 새로운 세입자를 구하려고 노력 중 임대인은 다음 세입자가 구해지면 전세금을 돌려줄 예정 <질문> 전세 만료 후 2~3주 기다렸을때도 세입자가 구해지지 않을 경우 임차권 등기를 신청하려고 함 만약 임차권등기 신청전에 집주인이 바뀐다면 제가 법적으로 보호받을 수 있는지, 절차가 복잡해지는지 궁금합니다. 또한 임차권등기를 늦게 했을때의 법적인 문제점에 대해서도 궁금해서 상담을 신청하게 되었습니다 도와주세요 | 특이사항 1. 보증보험가입",provided_synthetic_consultations
CASE-0732,G08,서울,관악구,1억~2억,계약중(종료예정),다가구주택,선순위존재,미상,기타·일반문의,내용증명·공시송달,"현재상태 다가구주택. 등기명의인 2명 (모녀) 초기계약 22년 7월 24년 6월에 재계약 동일조건 연장(문자로협의) 재계약은 26년 7월까지. 25년 3월에 중도 퇴거 의사 밝힘. 동일조건으로 중개하라고 임대인에게 답변받음. 부동산통해서 세입자 구했으나 임차권설정으로 인해 계약 이루어지지않음. 3월에 세입자와 계약 하려던 중 임차권설정돼있는걸 알게됐어요. 임차권설정으로 인해 계약 성립이 불가했던 내용에 대해 내용증명 발송해놓은 상태입니다. 확인했을 당시 3월이었고 며칠 전 등기부 확인해보니 임차권설정이 1건 더 추가되었어요. 현재 거주하여 살고 있는 상태인데, 임차권 설정 등록된 2건보다 제가 선순위이긴 합니다. Q : 이런 경우 거주하더라도 임차권 설정이 가능한가요? Q : 재계약기간이 남아있기때문에 지금 할수있는건 아무것도 없는건가요?",,unknown,"보증상품 보증상품 미확인 | 주택유형 다가구주택 | 보증금구간 1억~2억 | 계약상태 계약중(종료예정) | 선순위권리 선순위존재 | 반환보증 미상 | 분쟁유형 기타·일반문의 | 진행단계 내용증명·공시송달 | 상황 현재상태 다가구주택. 등기명의인 2명 (모녀) 초기계약 22년 7월 24년 6월에 재계약 동일조건 연장(문자로협의) 재계약은 26년 7월까지. 25년 3월에 중도 퇴거 의사 밝힘. 동일조건으로 중개하라고 임대인에게 답변받음. 부동산통해서 세입자 구했으나 임차권설정으로 인해 계약 이루어지지않음. 3월에 세입자와 계약 하려던 중 임차권설정돼있는걸 알게됐어요. 임차권설정으로 인해 계약 성립이 불가했던 내용에 대해 내용증명 발송해놓은 상태입니다. 확인했을 당시 3월이었고 며칠 전 등기부 확인해보니 임차권설정이 1건 더 추가되었어요. 현재 거주하여 살고 있는 상태인데, 임차권 설정 등록된 2건보다 제가 선순위이긴 합니다. Q : 이런 경우 거주하더라도 임차권 설정이 가능한가요? Q : 재계약기간이 남아있기때문에 지금 할수있는건 아무것도 없는건가요?",provided_synthetic_consultations
CASE-0733,G08,경남,양산시,2억~3억,계약중(종료예정),미상,미상,미상,기타·일반문의,상담·검토,"작년 12월 말 전세계약종료일인데, 집주인과 협의 후 25년 6월말까지 연장하기로 하였습니다.(별도계약서작성없이 통화로 협의/ 전세자금대출은 올해12월 27일까지 연장) 이제 저희는 이사갈 집을 구해 최대 8월말까지는 전세금을 돌려 받아야 한다고 집주인한테 얘기한 상태인데, 현재 집주인은 매매로 올려놓고 매매가 나가야지 돈을 줄수있다고 얘기합니다. 현재까지 보러오는 사람이 별로없고 기약이 없는상태인데 어떻게 조치를 해야할지 알고싶습니다.",,unknown,"보증상품 보증상품 미확인 | 주택유형 미상 | 보증금구간 2억~3억 | 계약상태 계약중(종료예정) | 선순위권리 미상 | 반환보증 미상 | 분쟁유형 기타·일반문의 | 진행단계 상담·검토 | 상황 작년 12월 말 전세계약종료일인데, 집주인과 협의 후 25년 6월말까지 연장하기로 하였습니다.(별도계약서작성없이 통화로 협의/ 전세자금대출은 올해12월 27일까지 연장) 이제 저희는 이사갈 집을 구해 최대 8월말까지는 전세금을 돌려 받아야 한다고 집주인한테 얘기한 상태인데, 현재 집주인은 매매로 올려놓고 매매가 나가야지 돈을 줄수있다고 얘기합니다. 현재까지 보러오는 사람이 별로없고 기약이 없는상태인데 어떻게 조치를 해야할지 알고싶습니다.",provided_synthetic_consultations
CASE-0734,G08,경북,구미시,1억 미만,계약종료,미상,미상,미상,묵시적갱신분쟁,상담·검토,"! 2022년 12월~2024년 12월 투룸 8500만원 계약을 하고 계약 만기 직전 전화로 집주인에게 \""좀 더 살고싶습니다\"" 라고 말씀드렸고 집주인은 \""그러세요\"" 라고 답변을 받았습니다. 2025년 5월 경 개월정도 살다가 결혼때문에 집을 빼려고 전화했으나 임대인은 저보고 복비 밑 세입자를 구하고 나가라고 합니다. 계약서를 다시적거나 2년 연장이라고 말을 하지 않았는데 2년 자동 연장이 된걸까요 ? 위 같은 상황이라면 묵시적연장으로 보기 어려울까요?",,unknown,"보증상품 보증상품 미확인 | 주택유형 미상 | 보증금구간 1억 미만 | 계약상태 계약종료 | 선순위권리 미상 | 반환보증 미상 | 분쟁유형 묵시적갱신분쟁 | 진행단계 상담·검토 | 상황 ! 2022년 12월~2024년 12월 투룸 8500만원 계약을 하고 계약 만기 직전 전화로 집주인에게 \""좀 더 살고싶습니다\"" 라고 말씀드렸고 집주인은 \""그러세요\"" 라고 답변을 받았습니다. 2025년 5월 경 개월정도 살다가 결혼때문에 집을 빼려고 전화했으나 임대인은 저보고 복비 밑 세입자를 구하고 나가라고 합니다. 계약서를 다시적거나 2년 연장이라고 말을 하지 않았는데 2년 자동 연장이 된걸까요 ? 위 같은 상황이라면 묵시적연장으로 보기 어려울까요?",provided_synthetic_consultations
CASE-0735,G08,인천,미추홀구,1억 미만,계약종료,공공임대,근저당설정,가입,전세사기,소송제기,"1. 대출 및 계약 연장을 위해 감액계약을 해야했던상황 2. 감액계약시 임차보증금이 7000만원에서 6200만원으로 줄어듬 3. 임대인은 감액된 보증금 800만원을 임차인에게 주었어야함 4. 임대인이 당시 돈이 없어 바로 주지못하고 곧주겠다며 차용증 작성함 5. 은행대출 및 허그 보증보험은 감액계약서로 연장처리됨 6. 임대인이 약속 기한까지 차액보증금을 갚지못함 7. 연락두절이다 만나서 공증을 작성함 8. 공증에서 1차 약속기한에 금액일부를 돌려줌 9. 2차 기한이 지나고 현재까지 남은 금액을 돌려주지못함 10. 전세기한이 끝나 이사하려니 임대인이 돈이없다 시전 11. 보증보험을 들어놨으니 허그에 보증보험 이행청구 신청함 12. 허그는 감액계약부터 임대인이 아닌 임차인이 돈을 냈으니 허위계약으로 보고 보증보험 사고건에 대한 처리를 거절함 13. 허그입장에선 임대인이 임차인에게 800을 돌려줬어야 6200짜리 계약이 진정 체결된거였는데 돌려주지못했으니 6200짜리 계약이아니고 실상 7000짜리 계약이며, 허그에는 6200으로 허위로 신청했다보는 듯 함 이런 상황인 경우 최대한 보증금 전액을 돌려받고싶다면 아래중 어떤 절차가 좋을지 조언부탁드립니다 1. 허그 상대 이행거절에 대한 이의신청 또는 소송 진행으로 허그에서 보증보험받기 2. 임대인 상대 지급명령 등 소송 -임대인이 현재 백억 가까이 빚이 있다고함(임대인 말로는) 현재 임대인 집주소 등기부등본 확인 결과 그집에 근저당 확인, 현재 임차인이 거주하는 집은 근저당없이 임차인이 우선순위임 3. 경매절차 - 집이 노후되고 컨디션이 안좋음 주변 시세가 많이 떨어져 보증금을 다 못받을 확률이 높은 것 같음 4. 전세사기피해지원센터 도움받기 - 전세피해자 등록 후 경매처리-lh매입등 신청",,unknown,"보증상품 보증상품 미확인 | 주택유형 공공임대 | 보증금구간 1억 미만 | 계약상태 계약종료 | 선순위권리 근저당설정 | 반환보증 가입 | 분쟁유형 전세사기 | 진행단계 소송제기 | 상황 1. 대출 및 계약 연장을 위해 감액계약을 해야했던상황 2. 감액계약시 임차보증금이 7000만원에서 6200만원으로 줄어듬 3. 임대인은 감액된 보증금 800만원을 임차인에게 주었어야함 4. 임대인이 당시 돈이 없어 바로 주지못하고 곧주겠다며 차용증 작성함 5. 은행대출 및 허그 보증보험은 감액계약서로 연장처리됨 6. 임대인이 약속 기한까지 차액보증금을 갚지못함 7. 연락두절이다 만나서 공증을 작성함 8. 공증에서 1차 약속기한에 금액일부를 돌려줌 9. 2차 기한이 지나고 현재까지 남은 금액을 돌려주지못함 10. 전세기한이 끝나 이사하려니 임대인이 돈이없다 시전 11. 보증보험을 들어놨으니 허그에 보증보험 이행청구 신청함 12. 허그는 감액계약부터 임대인이 아닌 임차인이 돈을 냈으니 허위계약으로 보고 보증보험 사고건에 대한 처리를 거절함 13. 허그입장에선 임대인이 임차인에게 800을 돌려줬어야 6200짜리 계약이 진정 체결된거였는데 돌려주지못했으니 6200짜리 계약이아니고 실상 7000짜리 계약이며, 허그에는 6200으로 허위로 신청했다보는 듯 함 이런 상황인 경우 최대한 보증금 전액을 돌려받고싶다면 아래중 어떤 절차가 좋을지 조언부탁드립니다 1. 허그 상대 이행거절에 대한 이의신청 또는 소송 진행으로 허그에서 보증보험받기 2. 임대인 상대 지급명령 등 소송 -임대인이 현재 백억 가까이 빚이 있다고함(임대인 말로는) 현재 임대인 집주소 등기부등본 확인 결과 그집에 근저당 확인, 현재 임차인이 거주하는 집은 근저당없이 임차인이 우선순위임 3. 경매절차 - 집이 노후되고 컨디션이 안좋음 주변 시세가 많이 떨어져 보증금을 다 못받을 확률이 높은 것 같음 4. 전세사기피해지원센터 도움받기 - 전세피해자 등록 후 경매처리-lh매입등 신청",provided_synthetic_consultations
CASE-0736,G08,서울,성북구,1억~2억,계약종료,다세대주택,근저당설정,미상,묵시적갱신분쟁,임차권등기,[기본 정보] - 계약일 : 2020.02.11 - 계약일자 : 2020.03.10~2022.03.09 (묵시적 갱신 2회 사용) - 전입신고 : 2020.03.10 - 확정일자 : 2020.02.13 [문제] 1. 집주인 연락두절로 인한 보증금 미회수 2. 2025.03.13 내용증명 발송 3. 2025.03.14 내용증명 도달 4. 2025.06.20 임차권등기권 설정 근저당이 2022년에 설정되어있는데 그거보다 제가 선순위맞죠?,1. 다세대 / 대항력있는 깡통,unknown,보증상품 보증상품 미확인 | 주택유형 다세대주택 | 보증금구간 1억~2억 | 계약상태 계약종료 | 선순위권리 근저당설정 | 반환보증 미상 | 분쟁유형 묵시적갱신분쟁 | 진행단계 임차권등기 | 상황 [기본 정보] - 계약일 : 2020.02.11 - 계약일자 : 2020.03.10~2022.03.09 (묵시적 갱신 2회 사용) - 전입신고 : 2020.03.10 - 확정일자 : 2020.02.13 [문제] 1. 집주인 연락두절로 인한 보증금 미회수 2. 2025.03.13 내용증명 발송 3. 2025.03.14 내용증명 도달 4. 2025.06.20 임차권등기권 설정 근저당이 2022년에 설정되어있는데 그거보다 제가 선순위맞죠? | 특이사항 1. 다세대 / 대항력있는 깡통,provided_synthetic_consultations
CASE-0737,G08,경기,수원시,1억 미만,계약중(종료예정),빌라,미상,미상,보증금미반환,상담·검토,"현재 보증금 3000만원에 월세+관리비 73만원에 투룸 빌라 살고 있는데요 원래 계약기간은 23년 4월 28일 ~25년 4월 28일 2년으로 이미 계약기간은 끝난 상황입니다. 다만 세입자인 저희 월 28일이 아니라 조금 더 기간을 연장하여, 계약 만료일 이후에 나가도 되는지 집주인에게 물어봤고 집주인이 OK 하여 합의 하에 조금 더 거주하는 상황이었습니다. (25년 1월 유선상으로, 3월 문자상으로 합의 확인) 4월 말 경 괜찮은 집을 보고 7월 3일에 퇴거해도 괜찮은지 유선상 확인했고 집주인이 알겠다고 확인하여 의사 합치했습니다. (당시 녹취는 없음) 6월 중순 다시 7월 3일에 계약금을 돌려줄 수 있는지 확인하자, 이제와서 그 날짜에 맞춰서 돈을 돌려줄 수 없다고 합니다. 가을에 은행에서 대출이 나올테니 가을까지 기다리라는 이야기만 하고, 그때 퇴거를 하라고 이야기합니다. (6월 통화 내용은 녹취했으며 7월 3일에 나가기로 합의한 사항을 집주인이 인정하는 내용이 담겨있습니다.) 저희는 그 기간까지 기다릴 수 없고 7월에 집을 나가야하니, 돈을 돌려달라고 했으나 집주인이 불가능하다고 거절했습니다. 다만, 저희를 대신할 새로운 임차인을 데려와서 새로 계약을 하면 그 때는 돈을 돌려줄 수 있다는 이야기는 했습니다. 현재 건물상황은, 등기부등본상 24년부터 4건의 임차인등기가 등록되어 있는 상황이며 내용은 각각 1억2천 / 1억2천 / 1억2천 / 1억3천의 전세금을 돌려주지 않았다는 것입니다. 마음같아서는 지금 당장 보증금을 돌려받고 다른 곳으로 떠나고 싶은데 그러지 못해 답답한 상황입니다. 최대한 빠르게 보증금을 돌려받을 수 있는 방법이 있을까요?",,unknown,"보증상품 보증상품 미확인 | 주택유형 빌라 | 보증금구간 1억 미만 | 계약상태 계약중(종료예정) | 선순위권리 미상 | 반환보증 미상 | 분쟁유형 보증금미반환 | 진행단계 상담·검토 | 상황 현재 보증금 3000만원에 월세+관리비 73만원에 투룸 빌라 살고 있는데요 원래 계약기간은 23년 4월 28일 ~25년 4월 28일 2년으로 이미 계약기간은 끝난 상황입니다. 다만 세입자인 저희 월 28일이 아니라 조금 더 기간을 연장하여, 계약 만료일 이후에 나가도 되는지 집주인에게 물어봤고 집주인이 OK 하여 합의 하에 조금 더 거주하는 상황이었습니다. (25년 1월 유선상으로, 3월 문자상으로 합의 확인) 4월 말 경 괜찮은 집을 보고 7월 3일에 퇴거해도 괜찮은지 유선상 확인했고 집주인이 알겠다고 확인하여 의사 합치했습니다. (당시 녹취는 없음) 6월 중순 다시 7월 3일에 계약금을 돌려줄 수 있는지 확인하자, 이제와서 그 날짜에 맞춰서 돈을 돌려줄 수 없다고 합니다. 가을에 은행에서 대출이 나올테니 가을까지 기다리라는 이야기만 하고, 그때 퇴거를 하라고 이야기합니다. (6월 통화 내용은 녹취했으며 7월 3일에 나가기로 합의한 사항을 집주인이 인정하는 내용이 담겨있습니다.) 저희는 그 기간까지 기다릴 수 없고 7월에 집을 나가야하니, 돈을 돌려달라고 했으나 집주인이 불가능하다고 거절했습니다. 다만, 저희를 대신할 새로운 임차인을 데려와서 새로 계약을 하면 그 때는 돈을 돌려줄 수 있다는 이야기는 했습니다. 현재 건물상황은, 등기부등본상 24년부터 4건의 임차인등기가 등록되어 있는 상황이며 내용은 각각 1억2천 / 1억2천 / 1억2천 / 1억3천의 전세금을 돌려주지 않았다는 것입니다. 마음같아서는 지금 당장 보증금을 돌려받고 다른 곳으로 떠나고 싶은데 그러지 못해 답답한 상황입니다. 최대한 빠르게 보증금을 돌려받을 수 있는 방법이 있을까요?",provided_synthetic_consultations
CASE-0738,G08,미상,성산구,3억 이상,계약중(종료예정),미상,미상,가입,기타·일반문의,임차권등기,"제 이야기 봐주세요 22.4.29~25.4.28 전세만기 중간에 집주인바뀜 4월말 만기 한달전 새 집주인 전화와서 8월까지만기지요?하며 1년만 살아달라고함 (전세만기 8월까진줄알았음) 저희는 오래살고 싶다라고 하니 다시 연락준다함 다시 연락와서 서로 양보해서 2년 계약하자함 카페에서 3월13일에 만나서 연장한다는 글 한줄작성함 그후 보증보험갱실하려고 연장했는데 보증금이 매매가 90프로보다 높아 거절당함 집주인한테 연락해서 보증금 2천만원 낮춰서 새로 계약하자고 이야기함 집주인이 처음엔 돈이 묶여서 안된다, 불안하면 나가라는식으로이야기함 계약특약에 보증보험가입 협조함이라고 적혀있는데 왜 안해주냐고 함 다시 전화와서 3억천에 직거래방식으로 쓰고 2천만원은 공증써주겠다, 그리고 그돈은 자기들이 못내겠다함 일한다고 바빠서 대충듣고 다시 연락한다함 그후 다른보증보험에 알아보니 보증되는 금액이 더 낮아짐 억이하여야 함한다 새로 낮춰서 안쓰면 새집구하겠다 하니 자기가 제안했는데 안받아줬다고 나가는줄알겠다고 다음 세입자 구하고 연락해라하심 나도 화나서 내용증명서 보냄 계약해지한다고 자기도 내용증명서 답장옴 계약기간 그대로 이행해라고 그후 어서 문자로 다시 낮춰서 계약서 쓰자고 했는데 말안통함 협조안함 그냥 그 년동안 살아라함 지금 현상태는 보증금3억3천그대로 전세내놓았음 그다음 어떻게 해야할까요 임차권등기신청하면 저희가 이기는건가요? 계약조항에 보증보험 협조함이라고 적혀있어도 효력이없나요? 그럼 계약서왜쓰나요? 잘부탁드립니다 답답하네요",,unknown,"보증상품 보증상품 미확인 | 주택유형 미상 | 보증금구간 3억 이상 | 계약상태 계약중(종료예정) | 선순위권리 미상 | 반환보증 가입 | 분쟁유형 기타·일반문의 | 진행단계 임차권등기 | 상황 제 이야기 봐주세요 22.4.29~25.4.28 전세만기 중간에 집주인바뀜 4월말 만기 한달전 새 집주인 전화와서 8월까지만기지요?하며 1년만 살아달라고함 (전세만기 8월까진줄알았음) 저희는 오래살고 싶다라고 하니 다시 연락준다함 다시 연락와서 서로 양보해서 2년 계약하자함 카페에서 3월13일에 만나서 연장한다는 글 한줄작성함 그후 보증보험갱실하려고 연장했는데 보증금이 매매가 90프로보다 높아 거절당함 집주인한테 연락해서 보증금 2천만원 낮춰서 새로 계약하자고 이야기함 집주인이 처음엔 돈이 묶여서 안된다, 불안하면 나가라는식으로이야기함 계약특약에 보증보험가입 협조함이라고 적혀있는데 왜 안해주냐고 함 다시 전화와서 3억천에 직거래방식으로 쓰고 2천만원은 공증써주겠다, 그리고 그돈은 자기들이 못내겠다함 일한다고 바빠서 대충듣고 다시 연락한다함 그후 다른보증보험에 알아보니 보증되는 금액이 더 낮아짐 억이하여야 함한다 새로 낮춰서 안쓰면 새집구하겠다 하니 자기가 제안했는데 안받아줬다고 나가는줄알겠다고 다음 세입자 구하고 연락해라하심 나도 화나서 내용증명서 보냄 계약해지한다고 자기도 내용증명서 답장옴 계약기간 그대로 이행해라고 그후 어서 문자로 다시 낮춰서 계약서 쓰자고 했는데 말안통함 협조안함 그냥 그 년동안 살아라함 지금 현상태는 보증금3억3천그대로 전세내놓았음 그다음 어떻게 해야할까요 임차권등기신청하면 저희가 이기는건가요? 계약조항에 보증보험 협조함이라고 적혀있어도 효력이없나요? 그럼 계약서왜쓰나요? 잘부탁드립니다 답답하네요",provided_synthetic_consultations
CASE-0739,G08,미상,미상,1억~2억,계약중(종료예정),미상,근저당설정,미상,전세사기,소송제기,"법인 임대인과 계약만료 후 보증금을 반환받지 못해 지급명령, 임차권 등기 명령, 재산명시를 걸었던 상태인데 최근 임대인 파산이 선고되었습니다. 파산관재인과는 아직 통화 전인데, 사건번호를 조회해 보니 은행과 개인 등 다른 채권자들이 많고 국세도 미납으로 나옵니다. 파산 선고 후라 제가 직접 경매에 넘기는 건 불가능한 걸로 알고 있습니다. 궁금한 부분은 1. 저는 계약 및 입주하자마자 확정일자와 전입신고를 완료했었고, 집 등기부등본 상으로는 근저당이나 압류 없이 1순위이고 임차권등기를 건 상태입니다. 파산한 임대인의 다른 모든 재산을 합쳐서 전체 채권자 순위에 따라 배당하는 건지, 아니면 저희 집 보증금에 대해서는 선순위(미납세액 포함) 상관없이 제가 보호받는 건지 궁금합니다. 2. 지금 상태에서 파산관재인과 협의해 집을 인수받는 게 가능한지, 혹시 경매에서 배당받는 수밖에 없다면 전세사기 피해자 신청을 해서 경공매를 미루는 게 의미가 있는지 궁금합니다. 3. 제 돈을 최대한 보호하려면 파산관재인과 어떤 방향으로 협의하는 게 좋을지 궁금합니다. (협의가 가능하다는 전제 하) 4. 첨부한 사진에 채권자 명단의 번호가 단순 번호인지 혹은 순위인지 궁금합니다. 주말이라 어디 문의하지도 못하고 여러 글들을 보며 안심하다가 철렁하다가 하는 상태입니다. 제가 당장 일을 뺄 수가 없는 상황이라 유선상담 희망합니다. 제발 도와주세요",* 다 해결되었다고 함,unknown,"보증상품 보증상품 미확인 | 주택유형 미상 | 보증금구간 1억~2억 | 계약상태 계약중(종료예정) | 선순위권리 근저당설정 | 반환보증 미상 | 분쟁유형 전세사기 | 진행단계 소송제기 | 상황 법인 임대인과 계약만료 후 보증금을 반환받지 못해 지급명령, 임차권 등기 명령, 재산명시를 걸었던 상태인데 최근 임대인 파산이 선고되었습니다. 파산관재인과는 아직 통화 전인데, 사건번호를 조회해 보니 은행과 개인 등 다른 채권자들이 많고 국세도 미납으로 나옵니다. 파산 선고 후라 제가 직접 경매에 넘기는 건 불가능한 걸로 알고 있습니다. 궁금한 부분은 1. 저는 계약 및 입주하자마자 확정일자와 전입신고를 완료했었고, 집 등기부등본 상으로는 근저당이나 압류 없이 1순위이고 임차권등기를 건 상태입니다. 파산한 임대인의 다른 모든 재산을 합쳐서 전체 채권자 순위에 따라 배당하는 건지, 아니면 저희 집 보증금에 대해서는 선순위(미납세액 포함) 상관없이 제가 보호받는 건지 궁금합니다. 2. 지금 상태에서 파산관재인과 협의해 집을 인수받는 게 가능한지, 혹시 경매에서 배당받는 수밖에 없다면 전세사기 피해자 신청을 해서 경공매를 미루는 게 의미가 있는지 궁금합니다. 3. 제 돈을 최대한 보호하려면 파산관재인과 어떤 방향으로 협의하는 게 좋을지 궁금합니다. (협의가 가능하다는 전제 하) 4. 첨부한 사진에 채권자 명단의 번호가 단순 번호인지 혹은 순위인지 궁금합니다. 주말이라 어디 문의하지도 못하고 여러 글들을 보며 안심하다가 철렁하다가 하는 상태입니다. 제가 당장 일을 뺄 수가 없는 상황이라 유선상담 희망합니다. 제발 도와주세요 | 특이사항 * 다 해결되었다고 함",provided_synthetic_consultations
CASE-0740,G08,인천,남동구,3억 이상,계약중(종료예정),아파트,미상,미상,경매·공매,상담·검토,강제경매에들어갔는데 경매가시작되면저희가 1순위인지 유찰됬을때도 저희가가능한건지 그런부분들을알고싶습니다,1. 아파트 / 매매가 4.5억,unknown,보증상품 보증상품 미확인 | 주택유형 아파트 | 보증금구간 3억 이상 | 계약상태 계약중(종료예정) | 선순위권리 미상 | 반환보증 미상 | 분쟁유형 경매·공매 | 진행단계 상담·검토 | 상황 강제경매에들어갔는데 경매가시작되면저희가 1순위인지 유찰됬을때도 저희가가능한건지 그런부분들을알고싶습니다 | 특이사항 1. 아파트 / 매매가 4.5억,provided_synthetic_consultations
CASE-0741,G08,대전,유성구,1억 미만,계약중(종료예정),미상,미상,미상,보증금미반환,상담·검토,2023년 5월 13일날 임대차계약서를 작성해 보증금 9500만원 2년 전세계약을 하였습니다. 만기일인 2025년 5월 12일이 오기 전 이사를 하기위해 보증금을 달라고 하였으나 세입자가 들어오지 않아 줄 수 없다고 하였습니다. 그래서 2개월 연장 후 2025년 6월 4일 다시 보증금 반환 요청을 하였으나 새로운 세입자가 오지않아 줄 수 없다고만 하여 보증금을 돌려 받을 수 없는 상황입니다.,,unknown,보증상품 보증상품 미확인 | 주택유형 미상 | 보증금구간 1억 미만 | 계약상태 계약중(종료예정) | 선순위권리 미상 | 반환보증 미상 | 분쟁유형 보증금미반환 | 진행단계 상담·검토 | 상황 2023년 5월 13일날 임대차계약서를 작성해 보증금 9500만원 2년 전세계약을 하였습니다. 만기일인 2025년 5월 12일이 오기 전 이사를 하기위해 보증금을 달라고 하였으나 세입자가 들어오지 않아 줄 수 없다고 하였습니다. 그래서 2개월 연장 후 2025년 6월 4일 다시 보증금 반환 요청을 하였으나 새로운 세입자가 오지않아 줄 수 없다고만 하여 보증금을 돌려 받을 수 없는 상황입니다.,provided_synthetic_consultations
CASE-0742,G08,울산,남구,1억 미만,계약중(종료예정),미상,근저당설정,가입,전출선근저당후,임차권등기,"24년 12월 22일 집주인한테 전세금 입금하면서 부동산 계약 완료하고 24년 12월 23일날 전입신고,확정일자받고 입주하여 살고있는데 정확하진않지만 제가살기전 전세입자분한테 집주인에게 잔금 치뤘는지 연락이 왔고 전세금을 돌려받지 못한 사실을 알게되었습니다 돈을 못받아 전출을 못하고 있다고 연락 받았었고 25년 6월24일 전세보증보험 이행 청구때문에 임차권 등기 설정을 했고 임차권 등기신청 과정에서 현재 집이 가압류결정이 났다는 연락을 받게 되었습니다 계약전 근저당 1500만원이 잡혀있었는데 금방 해결한다던 근저당도 그대로고 가압류 결정이 났고 전세입자는 임차권등기신청을 했는데 그럼 제가 제일 후순위로 밀려나는건가요? 조금 알아보니 관할 주민센터에 해당 전입자의 허위 전입신고에 대한 사실조사를 요구하고 조사결과에 따라 행정상 말소처리가 된다는데 말소처리를 하면 제가 순위가 올라가면서 전세금을 보호 받을수있는지 궁금합니다 집주인은 연락을 피하는 상황입니다",,jeonse_return,"보증상품 전세보증금반환보증 | 주택유형 미상 | 보증금구간 1억 미만 | 계약상태 계약중(종료예정) | 선순위권리 근저당설정 | 반환보증 가입 | 분쟁유형 전출선근저당후 | 진행단계 임차권등기 | 상황 24년 12월 22일 집주인한테 전세금 입금하면서 부동산 계약 완료하고 24년 12월 23일날 전입신고,확정일자받고 입주하여 살고있는데 정확하진않지만 제가살기전 전세입자분한테 집주인에게 잔금 치뤘는지 연락이 왔고 전세금을 돌려받지 못한 사실을 알게되었습니다 돈을 못받아 전출을 못하고 있다고 연락 받았었고 25년 6월24일 전세보증보험 이행 청구때문에 임차권 등기 설정을 했고 임차권 등기신청 과정에서 현재 집이 가압류결정이 났다는 연락을 받게 되었습니다 계약전 근저당 1500만원이 잡혀있었는데 금방 해결한다던 근저당도 그대로고 가압류 결정이 났고 전세입자는 임차권등기신청을 했는데 그럼 제가 제일 후순위로 밀려나는건가요? 조금 알아보니 관할 주민센터에 해당 전입자의 허위 전입신고에 대한 사실조사를 요구하고 조사결과에 따라 행정상 말소처리가 된다는데 말소처리를 하면 제가 순위가 올라가면서 전세금을 보호 받을수있는지 궁금합니다 집주인은 연락을 피하는 상황입니다",provided_synthetic_consultations
CASE-0743,G08,서울,금천구,1억~2억,계약중(종료예정),미상,미상,미상,묵시적갱신분쟁,임차권등기,만기는 25/06/30 인데 연장할 생각으로 따로 연락을 안했어서 묵시적갱신으로 넘어갑니다 대출 연장하는과정에서 임차권등기설정이 많이 되어있다는 사실을 알고 많이 불안해서 어떻게 뭐부터 해야할지 몰라서 일단 집주인쪽에 집부터 내놔야하는지 당장 이사를 가야하는지 이사는 안가도 되는데 임차권등기설정을 해야하는지 몰라서 남깁니다 ㅠㅠ,,unknown,보증상품 보증상품 미확인 | 주택유형 미상 | 보증금구간 1억~2억 | 계약상태 계약중(종료예정) | 선순위권리 미상 | 반환보증 미상 | 분쟁유형 묵시적갱신분쟁 | 진행단계 임차권등기 | 상황 만기는 25/06/30 인데 연장할 생각으로 따로 연락을 안했어서 묵시적갱신으로 넘어갑니다 대출 연장하는과정에서 임차권등기설정이 많이 되어있다는 사실을 알고 많이 불안해서 어떻게 뭐부터 해야할지 몰라서 일단 집주인쪽에 집부터 내놔야하는지 당장 이사를 가야하는지 이사는 안가도 되는데 임차권등기설정을 해야하는지 몰라서 남깁니다 ㅠㅠ,provided_synthetic_consultations
CASE-0744,G08,서울,동작구,1억 미만,계약중(종료예정),미상,미상,가입,보증금미반환,상담·검토,"■ 인물 관계 - 고(故) 박귀연 (1922~2016): 기초수급자, 황경순의 사실상 양어머니 - 황경순 (1957년생): 고인과 1970년부터 동거, 사망신고 및 장례 절차 주체 - (1982년생): 고인의 사실상 큰손녀 - 현 임대인: 박귀연 님의 둘째아들로, 현재 해당 부동산의 상속인 중 1인이며, 임대인 지위도 보유하고 있음 ■ 1. 사건 개요 약 15년 전, 고 박귀연 명의로 서울 동작구 소재 주택에 전세보증금 600만 원 계약 체결 총 전세보증금 1,800만 원 중 1,200만 원은 명의 계약 고인은 황경순과 함께 거주하였으며, 2016년 11월 사망 이후 현재까지 황경순이 해당 주택에 거주하며, 월세 5만 원은 황경순 계좌에서 지속적으로 납부 현재 임대인은 고인의 둘째아들로, 해당 부동산의 상속인 겸 임대인 지위를 가지며, 전세보증금 600만 원 반환을 거부하고 있음 그는 “너무 저렴하게 살아왔고, 황경순은 법적 가족이 아니므로 반환 대상이 아니다”라는 입장을 고수하고 있음 이에 따라 600만 원은 고인의 상속재산으로 판단되며, 상속인들에 의한 반환 청구 또는 공탁 필요 ■ 2. 상속인 관련 고인은 8남매 중 막내였으며, 형제자매는 모두 사망 직계비속은 없고, 형제자매의 자녀들(조카들)이 다수 존재하여 상속인이 될 가능성 있음 현재 상속인 전원 파악이 어려우며, 개별 연락 또는 동의서 확보는 현실적으로 불가능에 가까움 ■ 3. 자문 요청 사항 사실혼 관계였던 고인의 재산에 대해, 특정 1인이 대표 상속인으로 임대인과 협의 가능 여부 임대인이(=상속인) 반환을 거부할 경우, 일부 상속인의 반환 청구 및 타 상속인 지분 공탁 가능 여부 상속인 수 및 지분 불명확 시 ‘기타 상속인 일동’ 등의 명의로 공탁 가능 여부 황경순이 법적 가족이 아님에도 실거주자로서 반환 청구에 협력하거나 절차에 참여할 수 있는지 여부 공탁 진행 시 전자공탁 절차, 필요 서류 및 실무 유의사항에 대한 안내 요청 상속인 간 정리가 어렵고 다툼이 있는 상황에서 가장 현실적이고 법적으로 안전한 보증금 회수 절차는 무엇인지 첨부: 고 박귀연 작성 임대차 관련 서류 (공증 없음, 갱신 없음)","1. 임차인도 사망, 임대인도 사망",unknown,"보증상품 보증상품 미확인 | 주택유형 미상 | 보증금구간 1억 미만 | 계약상태 계약중(종료예정) | 선순위권리 미상 | 반환보증 가입 | 분쟁유형 보증금미반환 | 진행단계 상담·검토 | 상황 ■ 인물 관계 - 고(故) 박귀연 (1922~2016): 기초수급자, 황경순의 사실상 양어머니 - 황경순 (1957년생): 고인과 1970년부터 동거, 사망신고 및 장례 절차 주체 - (1982년생): 고인의 사실상 큰손녀 - 현 임대인: 박귀연 님의 둘째아들로, 현재 해당 부동산의 상속인 중 1인이며, 임대인 지위도 보유하고 있음 ■ 1. 사건 개요 약 15년 전, 고 박귀연 명의로 서울 동작구 소재 주택에 전세보증금 600만 원 계약 체결 총 전세보증금 1,800만 원 중 1,200만 원은 명의 계약 고인은 황경순과 함께 거주하였으며, 2016년 11월 사망 이후 현재까지 황경순이 해당 주택에 거주하며, 월세 5만 원은 황경순 계좌에서 지속적으로 납부 현재 임대인은 고인의 둘째아들로, 해당 부동산의 상속인 겸 임대인 지위를 가지며, 전세보증금 600만 원 반환을 거부하고 있음 그는 “너무 저렴하게 살아왔고, 황경순은 법적 가족이 아니므로 반환 대상이 아니다”라는 입장을 고수하고 있음 이에 따라 600만 원은 고인의 상속재산으로 판단되며, 상속인들에 의한 반환 청구 또는 공탁 필요 ■ 2. 상속인 관련 고인은 8남매 중 막내였으며, 형제자매는 모두 사망 직계비속은 없고, 형제자매의 자녀들(조카들)이 다수 존재하여 상속인이 될 가능성 있음 현재 상속인 전원 파악이 어려우며, 개별 연락 또는 동의서 확보는 현실적으로 불가능에 가까움 ■ 3. 자문 요청 사항 사실혼 관계였던 고인의 재산에 대해, 특정 1인이 대표 상속인으로 임대인과 협의 가능 여부 임대인이(=상속인) 반환을 거부할 경우, 일부 상속인의 반환 청구 및 타 상속인 지분 공탁 가능 여부 상속인 수 및 지분 불명확 시 ‘기타 상속인 일동’ 등의 명의로 공탁 가능 여부 황경순이 법적 가족이 아님에도 실거주자로서 반환 청구에 협력하거나 절차에 참여할 수 있는지 여부 공탁 진행 시 전자공탁 절차, 필요 서류 및 실무 유의사항에 대한 안내 요청 상속인 간 정리가 어렵고 다툼이 있는 상황에서 가장 현실적이고 법적으로 안전한 보증금 회수 절차는 무엇인지 첨부: 고 박귀연 작성 임대차 관련 서류 (공증 없음, 갱신 없음) | 특이사항 1. 임차인도 사망, 임대인도 사망",provided_synthetic_consultations
CASE-0745,G08,경북,포항시,1억~2억,계약중(종료예정),미상,미상,가입,이중·다운계약,상담·검토,임대아프트 거주중입니다 첫계약은 2018년쯤 두번째 계약 2022년(+보증금증액) 두번째 계약하면서 만료기간은 28년4월로 변경. 첫계약 당시 계약서상 계약금 1억5천정도였는데 이 금액 중 4천만원을 3년간 유예시켜준다고 했습니다. (3년후 계약금 4천만 납입) 전세보증보험신청시 첫계약서류와 납입금 입금까지 확인한다고 하던데 첫계약서에 명시되지 않은 유예기간으로 인해 전세보증보험으로 전세금 보호 받지 못할 수도 있나요? 다운계약서 상황으로 들어가는건지 심히 걱정이 됩니다,1. 과거에 일부 부족한 금액이 있던 시절에도 보증보험은 가입했다 / 그리고 2년마다 갱신했다,jeonse_return,보증상품 전세보증금반환보증 | 주택유형 미상 | 보증금구간 1억~2억 | 계약상태 계약중(종료예정) | 선순위권리 미상 | 반환보증 가입 | 분쟁유형 이중·다운계약 | 진행단계 상담·검토 | 상황 임대아프트 거주중입니다 첫계약은 2018년쯤 두번째 계약 2022년(+보증금증액) 두번째 계약하면서 만료기간은 28년4월로 변경. 첫계약 당시 계약서상 계약금 1억5천정도였는데 이 금액 중 4천만원을 3년간 유예시켜준다고 했습니다. (3년후 계약금 4천만 납입) 전세보증보험신청시 첫계약서류와 납입금 입금까지 확인한다고 하던데 첫계약서에 명시되지 않은 유예기간으로 인해 전세보증보험으로 전세금 보호 받지 못할 수도 있나요? 다운계약서 상황으로 들어가는건지 심히 걱정이 됩니다 | 특이사항 1. 과거에 일부 부족한 금액이 있던 시절에도 보증보험은 가입했다 / 그리고 2년마다 갱신했다,provided_synthetic_consultations
CASE-0746,G08,경기,의정부시,1억 미만,계약종료,미상,근저당설정,미상,경매·공매,임차권등기,계약기간 2019.03.06~2025.03.05 이며 집주인이 보증금 반환을 계속 미뤄 현재 임차권등기명령을 완료했습니다(등기 완료) 직장이 멀어져서 거주할수가 없어 이번주 토요일에 이사할 예정입니다. 궁금한것이 1. 명도를 하고 나감으로써 저에게 발생하는 불이익은 없는지요. 2. 집주인이 6월부터 연락을 안받습니다. 명도 문자만 남겨도 명도한것으로 인정되는지요. 3. 근저당이 제 전입보다 먼저 은행 억이 있습니다. 경매에 넘어가면 저는 돈을 아예 못받는것 아닌가요? 소중한 시간 내어주셔서,,unknown,보증상품 보증상품 미확인 | 주택유형 미상 | 보증금구간 1억 미만 | 계약상태 계약종료 | 선순위권리 근저당설정 | 반환보증 미상 | 분쟁유형 경매·공매 | 진행단계 임차권등기 | 상황 계약기간 2019.03.06~2025.03.05 이며 집주인이 보증금 반환을 계속 미뤄 현재 임차권등기명령을 완료했습니다(등기 완료) 직장이 멀어져서 거주할수가 없어 이번주 토요일에 이사할 예정입니다. 궁금한것이 1. 명도를 하고 나감으로써 저에게 발생하는 불이익은 없는지요. 2. 집주인이 6월부터 연락을 안받습니다. 명도 문자만 남겨도 명도한것으로 인정되는지요. 3. 근저당이 제 전입보다 먼저 은행 억이 있습니다. 경매에 넘어가면 저는 돈을 아예 못받는것 아닌가요? 소중한 시간 내어주셔서,provided_synthetic_consultations
CASE-0747,G08,미상,강동구,3억 이상,계약종료,빌라,압류·가압류,미상,기타·일반문의,임차권등기,만6년채 살고있고 등기상 체납압류가 잡혀 계약종료 두달전 내용증명보내고 6.14 계약종료와 함께 임차권등기신청하였는데 보정명령을 받게되었습니다 등본상과 등기부상 건물하나의 빌라인데 1동 표기의 상이함이 발견되었습니다 이에대해 문의할곳이 마땅찮습니다,,unknown,보증상품 보증상품 미확인 | 주택유형 빌라 | 보증금구간 3억 이상 | 계약상태 계약종료 | 선순위권리 압류·가압류 | 반환보증 미상 | 분쟁유형 기타·일반문의 | 진행단계 임차권등기 | 상황 만6년채 살고있고 등기상 체납압류가 잡혀 계약종료 두달전 내용증명보내고 6.14 계약종료와 함께 임차권등기신청하였는데 보정명령을 받게되었습니다 등본상과 등기부상 건물하나의 빌라인데 1동 표기의 상이함이 발견되었습니다 이에대해 문의할곳이 마땅찮습니다,provided_synthetic_consultations
CASE-0748,G08,미상,무안군,1억 미만,계약중(종료예정),미상,압류·가압류,가입,보증금미반환,상담·검토,"계약일 23.10.6. 계약기간 23.10.10. ~ 25.10.9. 보증보험 23.4.15. ~ 24. 4. 14. 확정일자 및 전입신고 25.5.7. 가압류 결정일 24.5.14.(청구금액 399억) 올해 5월에 우연히 가압류 사실을 알게됐고, 늦었지만 그때서야 부랴부랴 확정일자 및 전입신고를 했습니다 계약기간이 얼마 남지않은 상황에서 보증금을 돌려받기 위해서 제가 할 수 있는 일이 있는지, 뭘 해야하는지",,unknown,"보증상품 보증상품 미확인 | 주택유형 미상 | 보증금구간 1억 미만 | 계약상태 계약중(종료예정) | 선순위권리 압류·가압류 | 반환보증 가입 | 분쟁유형 보증금미반환 | 진행단계 상담·검토 | 상황 계약일 23.10.6. 계약기간 23.10.10. ~ 25.10.9. 보증보험 23.4.15. ~ 24. 4. 14. 확정일자 및 전입신고 25.5.7. 가압류 결정일 24.5.14.(청구금액 399억) 올해 5월에 우연히 가압류 사실을 알게됐고, 늦었지만 그때서야 부랴부랴 확정일자 및 전입신고를 했습니다 계약기간이 얼마 남지않은 상황에서 보증금을 돌려받기 위해서 제가 할 수 있는 일이 있는지, 뭘 해야하는지",provided_synthetic_consultations
CASE-0749,G08,경기,수원시,1억~2억,계약중(종료예정),미상,미상,가입,보증금미반환,소송제기,"임대인의 파산선고로 인해 보증금 반환이 힘들어질 것 같은 상황입니다. 현재 파산관재인은 선임되어 있는 상황이며, 임대차 기간은 25년 12월27일까지 입니다. 현재 채권신고는 날짜는 아직 나오지 않은 상태이고, 8월20일에 채권자집회가 있다고 합니다. 임대인이 개인회생을 신청했는지에 대한 여부는 확인이 불가능한 상황이고, 저는 임대중도계약해지를 하고 싶으며, 그 후에 이행 청구 및 임차권 등기 명령을 진행하고자 합니다. 현재 같은 건물에 임차하고 있는 임차인들 사이에서는 보증금 반환 소송 및 파산이의제기에 대한 논의가 진행되고 있는 상황입니다. 그리고 전입신고, 확정일자, 임대차 계약 신고, 보증보험 등 대항력을 갖출 수 있는 건 다 가입이 되어 있는 상황입니다. 제가 원하는 건 어떠한 방법을 통해서든 보증금을 반환받고, 최대한 빠르게 이사를 하는 것입니다. 지금 현 상황에서 할 수 있는 방법을 알려주세요! 부탁드립니다! 필요한 서류 등을 알려주시면 최대한 빠르게 보내겠습니다.",,unknown,"보증상품 보증상품 미확인 | 주택유형 미상 | 보증금구간 1억~2억 | 계약상태 계약중(종료예정) | 선순위권리 미상 | 반환보증 가입 | 분쟁유형 보증금미반환 | 진행단계 소송제기 | 상황 임대인의 파산선고로 인해 보증금 반환이 힘들어질 것 같은 상황입니다. 현재 파산관재인은 선임되어 있는 상황이며, 임대차 기간은 25년 12월27일까지 입니다. 현재 채권신고는 날짜는 아직 나오지 않은 상태이고, 8월20일에 채권자집회가 있다고 합니다. 임대인이 개인회생을 신청했는지에 대한 여부는 확인이 불가능한 상황이고, 저는 임대중도계약해지를 하고 싶으며, 그 후에 이행 청구 및 임차권 등기 명령을 진행하고자 합니다. 현재 같은 건물에 임차하고 있는 임차인들 사이에서는 보증금 반환 소송 및 파산이의제기에 대한 논의가 진행되고 있는 상황입니다. 그리고 전입신고, 확정일자, 임대차 계약 신고, 보증보험 등 대항력을 갖출 수 있는 건 다 가입이 되어 있는 상황입니다. 제가 원하는 건 어떠한 방법을 통해서든 보증금을 반환받고, 최대한 빠르게 이사를 하는 것입니다. 지금 현 상황에서 할 수 있는 방법을 알려주세요! 부탁드립니다! 필요한 서류 등을 알려주시면 최대한 빠르게 보내겠습니다.",provided_synthetic_consultations
CASE-0750,G08,경기,수원시,1억 미만,계약종료,아파트,미상,미상,경매·공매,상담·검토,"반전세로 임대한 집이 경매로 넘어가고 최우선변제금액인3700만원까지 반환 받았습니다. 남은 금액 2300만원을 반환 받고자 절차 상담을 받고싶습니다. 전세피해자 결정문을 받았고, 임대인은 면책불허가까지 받았습니다. 다만 연세가 있으셔서 어려울수도 있다는 조언을 받았지만 신청할 수 있는건 신청하고자 합니다.",1. 아파트 / 대항력없고 경매끝,unknown,"보증상품 보증상품 미확인 | 주택유형 아파트 | 보증금구간 1억 미만 | 계약상태 계약종료 | 선순위권리 미상 | 반환보증 미상 | 분쟁유형 경매·공매 | 진행단계 상담·검토 | 상황 반전세로 임대한 집이 경매로 넘어가고 최우선변제금액인3700만원까지 반환 받았습니다. 남은 금액 2300만원을 반환 받고자 절차 상담을 받고싶습니다. 전세피해자 결정문을 받았고, 임대인은 면책불허가까지 받았습니다. 다만 연세가 있으셔서 어려울수도 있다는 조언을 받았지만 신청할 수 있는건 신청하고자 합니다. | 특이사항 1. 아파트 / 대항력없고 경매끝",provided_synthetic_consultations
CASE-0751,G08,부산,사상구,1억~2억,계약중(종료예정),미상,미상,미상,기타·일반문의,상담·검토,6/30 종료예정이며 저희는 1억7천5백이고 다음 세입자는 1억5천5백이라서 2천만원에 대한 돈을 못준다고 하는 상황입니다,,unknown,보증상품 보증상품 미확인 | 주택유형 미상 | 보증금구간 1억~2억 | 계약상태 계약중(종료예정) | 선순위권리 미상 | 반환보증 미상 | 분쟁유형 기타·일반문의 | 진행단계 상담·검토 | 상황 6/30 종료예정이며 저희는 1억7천5백이고 다음 세입자는 1억5천5백이라서 2천만원에 대한 돈을 못준다고 하는 상황입니다,provided_synthetic_consultations
CASE-0752,G08,대전,대덕구,1억~2억,계약중(종료예정),미상,미상,가입,경매·공매,임차권등기,"24년 2월경 등기상 문제없던 집이라서 잔금치르고 이사를 했습니다,(보증보험은 조건이 안되어 들지 못했습니다) 그런데 한달쯤 지난뒤 부동산연락을 받고 나서 이전 세입자가 임차권등기 설정한것을 확인했습니다, 현재 경매로는 진행이 넘어가지 않은 상황이구요 내년 2월이면 전세계약이 종료될 예정이라서 혼란스러운 상황인데 보증금반환을 받을 수 있을지, 못받게 된다면 어떤 조치를 취해야할지 상담 신청합니다",,unknown,"보증상품 보증상품 미확인 | 주택유형 미상 | 보증금구간 1억~2억 | 계약상태 계약중(종료예정) | 선순위권리 미상 | 반환보증 가입 | 분쟁유형 경매·공매 | 진행단계 임차권등기 | 상황 24년 2월경 등기상 문제없던 집이라서 잔금치르고 이사를 했습니다,(보증보험은 조건이 안되어 들지 못했습니다) 그런데 한달쯤 지난뒤 부동산연락을 받고 나서 이전 세입자가 임차권등기 설정한것을 확인했습니다, 현재 경매로는 진행이 넘어가지 않은 상황이구요 내년 2월이면 전세계약이 종료될 예정이라서 혼란스러운 상황인데 보증금반환을 받을 수 있을지, 못받게 된다면 어떤 조치를 취해야할지 상담 신청합니다",provided_synthetic_consultations
CASE-0753,G08,광주,광산구,2억~3억,계약종료,미상,미상,미상,기타·일반문의,소송제기,전세금 반환이 안되는 상황에서 지급명령 신청시 전세로 샃고 있는집을 비워줘야하나요?,,unknown,보증상품 보증상품 미확인 | 주택유형 미상 | 보증금구간 2억~3억 | 계약상태 계약종료 | 선순위권리 미상 | 반환보증 미상 | 분쟁유형 기타·일반문의 | 진행단계 소송제기 | 상황 전세금 반환이 안되는 상황에서 지급명령 신청시 전세로 샃고 있는집을 비워줘야하나요?,provided_synthetic_consultations
CASE-0754,G08,인천,계양구,1억 미만,계약종료,미상,미상,가입,경매·공매,상담·검토,hug에서 보증금 은행에 반환해주고 저에게 청구를 하였습니다. 그래서 경매로 넘기겠다고 하여 기다리고 있는데 2년이 되어도 진행이 안되고 있는데 이럴 경우 제가 직접 경매를 진행해도 되는지,,unknown,보증상품 보증상품 미확인 | 주택유형 미상 | 보증금구간 1억 미만 | 계약상태 계약종료 | 선순위권리 미상 | 반환보증 가입 | 분쟁유형 경매·공매 | 진행단계 상담·검토 | 상황 hug에서 보증금 은행에 반환해주고 저에게 청구를 하였습니다. 그래서 경매로 넘기겠다고 하여 기다리고 있는데 2년이 되어도 진행이 안되고 있는데 이럴 경우 제가 직접 경매를 진행해도 되는지,provided_synthetic_consultations
CASE-0755,G08,서울,송파구,1억~2억,계약중(종료예정),미상,압류·가압류,가입,보증금미반환,상담·검토,"전세계약 만료 및 보증금 반환 관련 분쟁이 예상되어 법률 자문을 요청드립니다. 아래에 기본 사실관계와 쟁점사항을 정리하였습니다. 1. 기본 정보 • 전세계약 만기일: 2025년 7월 9일 • 전세보증금: 175,000,000원 • 전세대출: 100,000,000원 (우리은행) • 전세반환보증보험: 가입 완료 (주택금융공사) • 임대인 상태: 해외 체류 중, 국내 010번호 있음 (연결 안 됨), 070번호로 소통 중 • 계약 만료 통보일: 2025년 4월 22일 (문자 통보) ⸻ 2. 진행 상황 요약 • 임대인에게 계약 만료를 통보했고, 임대인은 다음 세입자 계약 후 새 집을 계약하라고 함. • 현재까지 신규 세입자 미정, 임대인은 보증금 반환을 계속 유예 요청 중 • 임차인은 만기일에 맞춰 대출금 상환이 불가피한 상황 • 임대인과 통화 어려움, 반환 불이행 가능성 있음 ⸻ 3. 상담 요청사항 ① 전세대출 상환 관련 • 만기일 도래 시, 임대인이 보증금을 반환하지 않더라도 대출을 상환해야 하는지? • 상환하지 않고 대출 연장을 할 경우, 임대인에게 지연 이자까지 손해배상 청구가 가능한지 여부 • 상환여부와 상관없이, 임대인에게 손해배상 청구를 할 수 있는지? (e.g. 이삿짐 창고 보관비용, 이동 비용 등) ② 임차권 등기명령 관련 • 임대인이 해외에 있을 경우, 임차권 등기명령 진행에 제약이 있는지 여부 • 계약 종료일 당일에 신청이 가능한 지 ③ 사전 보호 조치 • 가압류 등 조치가 가능한지 • 전세계약 종료 이전에도 사전 법적 조치가 가능한 범위와 조건은?",1. 계약서에 있는 임대인연락처가 아닌 070번호로 갱신거절의사표시를 한것을 보증보험사에서 인정을 해줄것이냐의 문제,unknown,"보증상품 보증상품 미확인 | 주택유형 미상 | 보증금구간 1억~2억 | 계약상태 계약중(종료예정) | 선순위권리 압류·가압류 | 반환보증 가입 | 분쟁유형 보증금미반환 | 진행단계 상담·검토 | 상황 전세계약 만료 및 보증금 반환 관련 분쟁이 예상되어 법률 자문을 요청드립니다. 아래에 기본 사실관계와 쟁점사항을 정리하였습니다. 1. 기본 정보 • 전세계약 만기일: 2025년 7월 9일 • 전세보증금: 175,000,000원 • 전세대출: 100,000,000원 (우리은행) • 전세반환보증보험: 가입 완료 (주택금융공사) • 임대인 상태: 해외 체류 중, 국내 010번호 있음 (연결 안 됨), 070번호로 소통 중 • 계약 만료 통보일: 2025년 4월 22일 (문자 통보) ⸻ 2. 진행 상황 요약 • 임대인에게 계약 만료를 통보했고, 임대인은 다음 세입자 계약 후 새 집을 계약하라고 함. • 현재까지 신규 세입자 미정, 임대인은 보증금 반환을 계속 유예 요청 중 • 임차인은 만기일에 맞춰 대출금 상환이 불가피한 상황 • 임대인과 통화 어려움, 반환 불이행 가능성 있음 ⸻ 3. 상담 요청사항 ① 전세대출 상환 관련 • 만기일 도래 시, 임대인이 보증금을 반환하지 않더라도 대출을 상환해야 하는지? • 상환하지 않고 대출 연장을 할 경우, 임대인에게 지연 이자까지 손해배상 청구가 가능한지 여부 • 상환여부와 상관없이, 임대인에게 손해배상 청구를 할 수 있는지? (e.g. 이삿짐 창고 보관비용, 이동 비용 등) ② 임차권 등기명령 관련 • 임대인이 해외에 있을 경우, 임차권 등기명령 진행에 제약이 있는지 여부 • 계약 종료일 당일에 신청이 가능한 지 ③ 사전 보호 조치 • 가압류 등 조치가 가능한지 • 전세계약 종료 이전에도 사전 법적 조치가 가능한 범위와 조건은? | 특이사항 1. 계약서에 있는 임대인연락처가 아닌 070번호로 갱신거절의사표시를 한것을 보증보험사에서 인정을 해줄것이냐의 문제",provided_synthetic_consultations
CASE-0756,G08,인천,연수구,3억 이상,계약중(종료예정),아파트,압류·가압류,미상,기타·일반문의,소송제기,지역주택조합으로 완공된 아파트에 거주중인 100세대 가량의 미분양이 나면서 시행사에서 조합을 억원의 가압류를 건 상황인데요. 임대인분이 조합원이어서 거주중인 집에도 31억원의 가압류가 걸렸습니다. 소송이 어떻게 얼마나 진행될 지 모르기 때문에 계속 거주하기가 불안한데 해결 방법이 있을까요 ?,1. 소유권이전등기 된 상태에서 임대차계약 / 대항력과 우선변제권 이후 가압류설정,unknown,보증상품 보증상품 미확인 | 주택유형 아파트 | 보증금구간 3억 이상 | 계약상태 계약중(종료예정) | 선순위권리 압류·가압류 | 반환보증 미상 | 분쟁유형 기타·일반문의 | 진행단계 소송제기 | 상황 지역주택조합으로 완공된 아파트에 거주중인 100세대 가량의 미분양이 나면서 시행사에서 조합을 억원의 가압류를 건 상황인데요. 임대인분이 조합원이어서 거주중인 집에도 31억원의 가압류가 걸렸습니다. 소송이 어떻게 얼마나 진행될 지 모르기 때문에 계속 거주하기가 불안한데 해결 방법이 있을까요 ? | 특이사항 1. 소유권이전등기 된 상태에서 임대차계약 / 대항력과 우선변제권 이후 가압류설정,provided_synthetic_consultations
CASE-0757,G08,부산,남구,1억~2억,계약종료,미상,미상,가입,보증금미반환,상담·검토,집주인분께서 연락 안 받으시고 임차권 등기 신청해야하는데 너무 어려워서 문의 남깁니다,1. 전세보증금반환보증 가입,jeonse_return,보증상품 전세보증금반환보증 | 주택유형 미상 | 보증금구간 1억~2억 | 계약상태 계약종료 | 선순위권리 미상 | 반환보증 가입 | 분쟁유형 보증금미반환 | 진행단계 상담·검토 | 상황 집주인분께서 연락 안 받으시고 임차권 등기 신청해야하는데 너무 어려워서 문의 남깁니다 | 특이사항 1. 전세보증금반환보증 가입,provided_synthetic_consultations
CASE-0758,G08,서울,양천구,2억~3억,계약종료,미상,미상,미상,원상복구·정산,소송제기,임차권등기완료 하였으나 아직 보증금반환받지못해 점유중입니다 그동안 납부한 장기수선충당금 반환요청을 하고싶지만 임대인 잠적한지 2년이 다되어가고 현실적으로 반환받기 어려워보입니다. 이러한 상황에서 계속하여 장기수선충당금 납부를 해야하는지,1. 셀프소송 중,unknown,보증상품 보증상품 미확인 | 주택유형 미상 | 보증금구간 2억~3억 | 계약상태 계약종료 | 선순위권리 미상 | 반환보증 미상 | 분쟁유형 원상복구·정산 | 진행단계 소송제기 | 상황 임차권등기완료 하였으나 아직 보증금반환받지못해 점유중입니다 그동안 납부한 장기수선충당금 반환요청을 하고싶지만 임대인 잠적한지 2년이 다되어가고 현실적으로 반환받기 어려워보입니다. 이러한 상황에서 계속하여 장기수선충당금 납부를 해야하는지 | 특이사항 1. 셀프소송 중,provided_synthetic_consultations
CASE-0759,G09,전북,전주시,1억 미만,계약중(종료예정),다가구주택,미상,미상,기타·일반문의,상담·검토,매각기일 및 매각결정기일통지서가 와서 임차권설정을 매각기일전에 등기부등본에 올라가있는상태입니다 집주인은 연락두절이구요 여기서 배당금신청을 해야하나요? 매각기일전에? 제가 지금 해야하는게 무엇인지알수있을까요,1. 다가구주택 / 대항력없는 후순위임차인,unknown,보증상품 보증상품 미확인 | 주택유형 다가구주택 | 보증금구간 1억 미만 | 계약상태 계약중(종료예정) | 선순위권리 미상 | 반환보증 미상 | 분쟁유형 기타·일반문의 | 진행단계 상담·검토 | 상황 매각기일 및 매각결정기일통지서가 와서 임차권설정을 매각기일전에 등기부등본에 올라가있는상태입니다 집주인은 연락두절이구요 여기서 배당금신청을 해야하나요? 매각기일전에? 제가 지금 해야하는게 무엇인지알수있을까요 | 특이사항 1. 다가구주택 / 대항력없는 후순위임차인,provided_synthetic_consultations
CASE-0760,G09,서울,중랑구,2억~3억,계약중(종료예정),아파트,선순위존재,미상,보증금미반환,내용증명·공시송달,"현재 저희 남편이 계약자로 되어있으며 부인인 제가 대신 2024년 5월31일~ 2026년 5월30일 계약이며 현재 세입자가 거주하는 집의 바닥 누수로 인해 수리요청했으나 집주인은 돈이없다고 수리거부, 새로운집을 알아보라 하셨습니다. 그 후 추가통화건에서 이사비도 180만원 지원해주시기로 이야기되었습니다. 먼저 날짜가 정해지는사람이 이야기하자고 협의가 된 상태에서 저희도 3개월정도 걸쳐 알아본 후 이사갈 집을 계약했고 계약종료일자(25.08.25)를 부동산과 집주인에게 통보했습니다. 그러나 집주인은 세입자가 구해져야 보증금을 줄 수 있다며 일방적으로 연락을 받지 않는 상태입니다. 문자,카톡 모두 확인하지않습니다. 집주인 주소정보가 없어, 반송된 내용증명을 가지고 주민센터 방문 후 초본까지 떼서 겨우 내용증명을 보냈으나 오히려 역으로 그날짜에 반환할의무 없고 업계관행이 세입자를 구한 후 지급인데 못준다며 저희에게 내용증명을 보냈습니다. 첨부하려했는데 한 이미지만 첨부가 되는것같네요 자세한 내용은 상담통해서 전달드리고싶습니다. 지금 새로 이사갈 집도 계약해놓은 상태고 어린 아기가 있어 거실,방 온바닥에서 썩은물이 올라오고 장판도 썩어 색이변하며 냄새가 올라오는 이 집에 더이상 있을 수 없습니다 아기발에도 가끔 썩은물이 묻어나요 꼭 상담받고싶습니다. 도와주세요",1. 아파트 / 대항력있는 선순위 세입자,unknown,"보증상품 보증상품 미확인 | 주택유형 아파트 | 보증금구간 2억~3억 | 계약상태 계약중(종료예정) | 선순위권리 선순위존재 | 반환보증 미상 | 분쟁유형 보증금미반환 | 진행단계 내용증명·공시송달 | 상황 현재 저희 남편이 계약자로 되어있으며 부인인 제가 대신 2024년 5월31일~ 2026년 5월30일 계약이며 현재 세입자가 거주하는 집의 바닥 누수로 인해 수리요청했으나 집주인은 돈이없다고 수리거부, 새로운집을 알아보라 하셨습니다. 그 후 추가통화건에서 이사비도 180만원 지원해주시기로 이야기되었습니다. 먼저 날짜가 정해지는사람이 이야기하자고 협의가 된 상태에서 저희도 3개월정도 걸쳐 알아본 후 이사갈 집을 계약했고 계약종료일자(25.08.25)를 부동산과 집주인에게 통보했습니다. 그러나 집주인은 세입자가 구해져야 보증금을 줄 수 있다며 일방적으로 연락을 받지 않는 상태입니다. 문자,카톡 모두 확인하지않습니다. 집주인 주소정보가 없어, 반송된 내용증명을 가지고 주민센터 방문 후 초본까지 떼서 겨우 내용증명을 보냈으나 오히려 역으로 그날짜에 반환할의무 없고 업계관행이 세입자를 구한 후 지급인데 못준다며 저희에게 내용증명을 보냈습니다. 첨부하려했는데 한 이미지만 첨부가 되는것같네요 자세한 내용은 상담통해서 전달드리고싶습니다. 지금 새로 이사갈 집도 계약해놓은 상태고 어린 아기가 있어 거실,방 온바닥에서 썩은물이 올라오고 장판도 썩어 색이변하며 냄새가 올라오는 이 집에 더이상 있을 수 없습니다 아기발에도 가끔 썩은물이 묻어나요 꼭 상담받고싶습니다. 도와주세요 | 특이사항 1. 아파트 / 대항력있는 선순위 세입자",provided_synthetic_consultations
CASE-0761,G09,대구,대구,1억~2억,계약중(종료예정),다가구주택,미상,미상,전세사기,소송제기,"전세 계약 종료 후 보증금을 돌려받지 못해 2023년 2월 28일부터 대구 북구 가 에 전세로 거주 중입니다. 보증금은 1억 원이고, 이 중 2천만 원은 제 자금, 8천만 원은 대출입니다. 임대차계약 종료일은 2025년 2월 28일입니다. 임대인은 현재 보증금 반환이 어렵다고 하며, 아직 명확한 상환 계획 없이 시간을 끌고 있습니다. 그동안 수차례 문자·전화로 연락을 주고받았으며, 퇴거 예정일도 전달했습니다. 현재 전세사기 피해자 인정 신청 중이며, 향후 임차권등기명령 신청 및 소송 절차를 밟아야 할 가능성도 있어 법률 자문이 절실한 상황입니다. ● 임차권등기와 전세사기 피해 인정 중 어떤 절차를 우선해야 하는지, ● 출국 예정(9월 중)인 상황에서 어떤 방식으로 대리 소송을 준비해야 하는지, ● 구조공단 또는 민사소송으로 진행 시 예상되는 비용과 보전 가능성은 있는지 이와 관련해 도움을 받을 수 있을지",1. 다가구주택 / 대항력없는 후순위임차인 / 12가구 중 6번째,unknown,"보증상품 보증상품 미확인 | 주택유형 다가구주택 | 보증금구간 1억~2억 | 계약상태 계약중(종료예정) | 선순위권리 미상 | 반환보증 미상 | 분쟁유형 전세사기 | 진행단계 소송제기 | 상황 전세 계약 종료 후 보증금을 돌려받지 못해 2023년 2월 28일부터 대구 북구 가 에 전세로 거주 중입니다. 보증금은 1억 원이고, 이 중 2천만 원은 제 자금, 8천만 원은 대출입니다. 임대차계약 종료일은 2025년 2월 28일입니다. 임대인은 현재 보증금 반환이 어렵다고 하며, 아직 명확한 상환 계획 없이 시간을 끌고 있습니다. 그동안 수차례 문자·전화로 연락을 주고받았으며, 퇴거 예정일도 전달했습니다. 현재 전세사기 피해자 인정 신청 중이며, 향후 임차권등기명령 신청 및 소송 절차를 밟아야 할 가능성도 있어 법률 자문이 절실한 상황입니다. ● 임차권등기와 전세사기 피해 인정 중 어떤 절차를 우선해야 하는지, ● 출국 예정(9월 중)인 상황에서 어떤 방식으로 대리 소송을 준비해야 하는지, ● 구조공단 또는 민사소송으로 진행 시 예상되는 비용과 보전 가능성은 있는지 이와 관련해 도움을 받을 수 있을지 | 특이사항 1. 다가구주택 / 대항력없는 후순위임차인 / 12가구 중 6번째",provided_synthetic_consultations
CASE-0762,G09,경북,경북경산시,1억~2억,계약중(종료예정),미상,미상,가입,기타·일반문의,상담·검토,계약완료를 2개월 조금넘게 앞두고 재계약할려고 하는데 현시점 등기부등본을보니 이번년4월에 건물이 가입류가 되어있어서 확정일자 전입신고는 했지만 전세보증보험은 가입이 안되어있습니다,,jeonse_return,보증상품 전세보증금반환보증 | 주택유형 미상 | 보증금구간 1억~2억 | 계약상태 계약중(종료예정) | 선순위권리 미상 | 반환보증 가입 | 분쟁유형 기타·일반문의 | 진행단계 상담·검토 | 상황 계약완료를 2개월 조금넘게 앞두고 재계약할려고 하는데 현시점 등기부등본을보니 이번년4월에 건물이 가입류가 되어있어서 확정일자 전입신고는 했지만 전세보증보험은 가입이 안되어있습니다,provided_synthetic_consultations
CASE-0763,G09,서울,마포구,1억~2억,계약종료,미상,압류·가압류,가입,보증금미반환,판결·집행,"변호사님께 드리는 문의 안녕하세요, 변호사님. 전세보증금 반환 관련 소송 및 강제집행을 진행 중인데, 채권양도 문제로 인해 제 소송 적격 여부에 대해 확실히 확인하고 싶어 상황 요약 저는 임대인(김신엽)을 상대로 전세보증금 반환청구 소송을 제기했고, 사건번호 (사건)에서 원고로 승소한 상태입니다. 이후 판결을 바탕으로 신한은행에 대한 채권압류 및 추심명령도 진행했습니다. 사건번호 (사건)입니다. 그런데 최근 임대인이 법원에 압류해제신청서를 제출하며, “이미 채권은 HUG에 양도되었으므로 는 채권자가 아니다”라고 주장하고 있습니다. 상대방 주장 근거 제가 최고 전세계약 당시인 2019년 HUG의 전세금안심대출보증에 가입했고, 그 과정에서 HUG가 작성한 채권양도계약서 및 채권양도사실통지서가 존재합니다. 통지서에는 \`채권양도사실을 통지한다’는 내용이 기재돼 있습니다. 현재 상황 및 제 입장 HUG는 아직 실제로 대위변제를 하지 않았고, 작년 중도퇴실 후 이행청구 접수를 하려하였으나 중도퇴실 관련 소통 자료 부족 (카카오톡 차단으로 연락처 확인 불가) 으로 접수도 못하고 바로 소송으로 진행하고 있었습니다. 저는 현재까지 보증금을 HUG로부터 지급받은 적이 없습니다. 하지만 HUG가 변제도 안 했고, 권리 행사도 하지 않고 있는 상황에서 제가 제기한 소송이 원고 적격이 없는 것으로 판단될 수 있는지, 매우 우려됩니다. 질문드리는 사항 - 실제 대위변제가 이루어지지 않았더라도, 양도계약서 및 채권양도통지서만으로 이미 채권이 HUG에 완전히 양도된 것으로 보게 되는지요? - 만약 채권이 HUG에 양도된 것으로 본다면, 제가 제기한 소송(사건)은 원고적격이 없어서 부적법한 것인지요? - 반대로 대위변제가 실제로 없었다는 점을 전제로, 제가 여전히 채권자 지위에 있다고 주장할 수 있는지요? 이 경우 HUG의 대위변제 여부나 권리행사 의사를 어떻게 증명하거나 회신받아야 제 소송과 집행을 정당화할 수 있을지요?",,unknown,"보증상품 보증상품 미확인 | 주택유형 미상 | 보증금구간 1억~2억 | 계약상태 계약종료 | 선순위권리 압류·가압류 | 반환보증 가입 | 분쟁유형 보증금미반환 | 진행단계 판결·집행 | 상황 변호사님께 드리는 문의 안녕하세요, 변호사님. 전세보증금 반환 관련 소송 및 강제집행을 진행 중인데, 채권양도 문제로 인해 제 소송 적격 여부에 대해 확실히 확인하고 싶어 상황 요약 저는 임대인(김신엽)을 상대로 전세보증금 반환청구 소송을 제기했고, 사건번호 (사건)에서 원고로 승소한 상태입니다. 이후 판결을 바탕으로 신한은행에 대한 채권압류 및 추심명령도 진행했습니다. 사건번호 (사건)입니다. 그런데 최근 임대인이 법원에 압류해제신청서를 제출하며, “이미 채권은 HUG에 양도되었으므로 는 채권자가 아니다”라고 주장하고 있습니다. 상대방 주장 근거 제가 최고 전세계약 당시인 2019년 HUG의 전세금안심대출보증에 가입했고, 그 과정에서 HUG가 작성한 채권양도계약서 및 채권양도사실통지서가 존재합니다. 통지서에는 \`채권양도사실을 통지한다’는 내용이 기재돼 있습니다. 현재 상황 및 제 입장 HUG는 아직 실제로 대위변제를 하지 않았고, 작년 중도퇴실 후 이행청구 접수를 하려하였으나 중도퇴실 관련 소통 자료 부족 (카카오톡 차단으로 연락처 확인 불가) 으로 접수도 못하고 바로 소송으로 진행하고 있었습니다. 저는 현재까지 보증금을 HUG로부터 지급받은 적이 없습니다. 하지만 HUG가 변제도 안 했고, 권리 행사도 하지 않고 있는 상황에서 제가 제기한 소송이 원고 적격이 없는 것으로 판단될 수 있는지, 매우 우려됩니다. 질문드리는 사항 - 실제 대위변제가 이루어지지 않았더라도, 양도계약서 및 채권양도통지서만으로 이미 채권이 HUG에 완전히 양도된 것으로 보게 되는지요? - 만약 채권이 HUG에 양도된 것으로 본다면, 제가 제기한 소송(사건)은 원고적격이 없어서 부적법한 것인지요? - 반대로 대위변제가 실제로 없었다는 점을 전제로, 제가 여전히 채권자 지위에 있다고 주장할 수 있는지요? 이 경우 HUG의 대위변제 여부나 권리행사 의사를 어떻게 증명하거나 회신받아야 제 소송과 집행을 정당화할 수 있을지요?",provided_synthetic_consultations
CASE-0764,G09,서울,동작구,1억~2억,계약중(종료예정),미상,미상,미상,묵시적갱신분쟁,상담·검토,"21년7월23일 계약 시작 23년 7월 묵시적갱신 25년 7월 23일 계약 종료 국민은행 버팀목대출 9천만원, 본인 자금 6천 만원입니다. 3개월 안될 시기에 문자로 계약종료 통보했습니다. 그런데 집주인이 전세금을 돌려줄 수 없는 상황이라고 하면서 이자지원 5프로정도를 해주겠다. 묵시적 갱신으로 대출 연장해서 내년 4월말까지 기다려달라고 하는 상황입니다. 집주인은 명입니다.(1명만 소통중입니다.) 투자한 집이 몇 채가 있다고 하면서 규제로 인해 묵여있다고 하면서 기다려달라고하는 상황입니다.",,unknown,"보증상품 보증상품 미확인 | 주택유형 미상 | 보증금구간 1억~2억 | 계약상태 계약중(종료예정) | 선순위권리 미상 | 반환보증 미상 | 분쟁유형 묵시적갱신분쟁 | 진행단계 상담·검토 | 상황 21년7월23일 계약 시작 23년 7월 묵시적갱신 25년 7월 23일 계약 종료 국민은행 버팀목대출 9천만원, 본인 자금 6천 만원입니다. 3개월 안될 시기에 문자로 계약종료 통보했습니다. 그런데 집주인이 전세금을 돌려줄 수 없는 상황이라고 하면서 이자지원 5프로정도를 해주겠다. 묵시적 갱신으로 대출 연장해서 내년 4월말까지 기다려달라고 하는 상황입니다. 집주인은 명입니다.(1명만 소통중입니다.) 투자한 집이 몇 채가 있다고 하면서 규제로 인해 묵여있다고 하면서 기다려달라고하는 상황입니다.",provided_synthetic_consultations
CASE-0765,G09,부산,서구,1억 미만,계약종료,다가구주택,미상,미상,전세사기,임차권등기,"2020년 12월 24일부터 2024년 12월 24일에 종료된 전세집이 있습니다. 집주인이 다음 세입자가 들어오기 전까지 보증금을 주기 어렵다는 의사를 밝혀 임차권등기를 설정하였습니다. 임차권등기설정 후 확인해 보니 경매에 넘어간 것을 인지하였고 주소이전은 하지 않았습니다. 그리고 전세사기피해자 신청을 하였는데, 부결이 났습니다. 어떻게 준비하여 이의신청을 할지 막막합니다.",1. 다가구주택 / 대항력없는 후순위임차인,unknown,"보증상품 보증상품 미확인 | 주택유형 다가구주택 | 보증금구간 1억 미만 | 계약상태 계약종료 | 선순위권리 미상 | 반환보증 미상 | 분쟁유형 전세사기 | 진행단계 임차권등기 | 상황 2020년 12월 24일부터 2024년 12월 24일에 종료된 전세집이 있습니다. 집주인이 다음 세입자가 들어오기 전까지 보증금을 주기 어렵다는 의사를 밝혀 임차권등기를 설정하였습니다. 임차권등기설정 후 확인해 보니 경매에 넘어간 것을 인지하였고 주소이전은 하지 않았습니다. 그리고 전세사기피해자 신청을 하였는데, 부결이 났습니다. 어떻게 준비하여 이의신청을 할지 막막합니다. | 특이사항 1. 다가구주택 / 대항력없는 후순위임차인",provided_synthetic_consultations
CASE-0766,G09,미상,미상,1억 미만,계약종료,미상,미상,미상,전세사기,상담·검토,전세사기피해자신청 두번째 부결 4호미충족으로나오는데 어떻게 해야할지 모르겠습니다,,unknown,보증상품 보증상품 미확인 | 주택유형 미상 | 보증금구간 1억 미만 | 계약상태 계약종료 | 선순위권리 미상 | 반환보증 미상 | 분쟁유형 전세사기 | 진행단계 상담·검토 | 상황 전세사기피해자신청 두번째 부결 4호미충족으로나오는데 어떻게 해야할지 모르겠습니다,provided_synthetic_consultations
CASE-0767,G09,미상,미상,1억 미만,계약중(종료예정),오피스텔,선순위존재,가입,전세사기,판결·집행,"전세계약: 2024년 5월23일 전세보증금 5,000천만원 부동산끼고 오피스텔 전세 계약을 했습니다. 전입;신고: 2024년 5월23일 확정일자, 전입신고 5월28일, 실거주 → 5월28일 대항력+우선변제권 획득 조건: 선순위 임차인 오피스텔 매매 시세는 (사건)정도 결론: 제가 선순위 임차인이고 몇 달후에 가등기 가압류가 잡혔습니다. 현황 : 등기부등본: 2024년 5월24일 계약때 갑구 : 집주인 을구: 기록없음 깨끗 2024년 10월달에 로 갑자기 체권 가압류 우편등 날라와서 인터넷등기부 등본을 열람하니깐 갑지기 가등기 10월5일 가압류 10월7일 잡혀있었습니다. 집주인한테 전화를 하니깐 지금 다른데 투자를 했는데 소송중이라 가등기 잠시 해두었는거라 25년 상반기에 없애주겠다고 하셨습니다. 제가 선순위 임차인이고 아직 계약기간이 많이 남아 어떻게 할수도 없고 해서 그냥 기다렸습니다. 25년 7월달에 제가 밤에 잠이 안와서 인터넷등기소 열람하니 가압류가 2건이 더 잡혀 있었습니다. 그래서 집주인한테 전화를 하니깐 전화를 안받고, 부동산한테 전화를 하니 집주인과 통화가 안된다고 합니다. 계약때 집주인(어머니)가 집주인(아들)한테 오피스텔을 사준건데 집주인(어머니) 돌아가셨고, 집주인(아들) 파산했는지 행망불명입니다. 전세만기일 26년 5월23일날입니다. 아마 제가보기엔 집주인 파산으로 전세보증금을 못 돌려 받을거 같습니다. 2달전에 내용증명하고, 재계약은 안한다고 문자 보내고, 임차권등기를 할 예정입니다. 그리고 전세보증반환소송을 걸어 승소까지만 할 생각입니다. 셀프경매를 언제 할지는 시간이 많이 남아 고민해야할 상황입니다. 질문 1: 이 상황에서 제가 계약기간이 남아있는데 다른사람(가압류)자가 경매나 공매 통해 보증금 5천만원인데 4천8백에 입찰해서, 낙찰되면 경매에 참가한 낙찰자가 소유권이전하면 저는 200만원 못 받고 나가야 하는 상황인가요? 200만원 돌려줄때까지 안나가면 되는겁니까? 또 민사송해서 200만원을 돌려받아야 하나요? 2. 이 상황에서 셀프경매로 제가 아닌 다른사람이 경매를 통해 보증금 5천만원인데 4천8백에 입찰해서, 낙찰되면 경매에 참가한 낙찰자가 소유권이전하면 저는 200만원 못 받고 나가야 하는 상황인가요? 200만원 돌려줄때까지 안나가면 되는겁니까? 또 민사송해서 200만원을 돌려받아야 하나요? 낙찰가 200만원 못준다고 낙찰받았으니 협박하면서 제보고 나가라 하면 어떻게 하나요? 그런사례도 있는지요? 3. 임차권등기명령하고, 전세보증반환소송을 승소한 다음에 제가 이 오피스텔에 계속 살다가 셀프경매를 해도 되는지요? 기간에 정해져 있는지? 4. 오피스텔 매매 시세는 (사건)정도입니다. 셀프경매해서 전세보증금 5천에 같은 금액로 셀프낙찰받으면 1가구 2주택이 되어서 고민중입니다. 저는 전세사기피해자로 인정받을수 있는지요? 보증금 돌려받을때까지 계속 살면 되는지요? 5. 아직 시간이 많이 남았는데 제가 최선의 방법이 무언지를 궁금합니다.?",* 회의중이니 나중에 통화하자!!,unknown,"보증상품 보증상품 미확인 | 주택유형 오피스텔 | 보증금구간 1억 미만 | 계약상태 계약중(종료예정) | 선순위권리 선순위존재 | 반환보증 가입 | 분쟁유형 전세사기 | 진행단계 판결·집행 | 상황 전세계약: 2024년 5월23일 전세보증금 5,000천만원 부동산끼고 오피스텔 전세 계약을 했습니다. 전입;신고: 2024년 5월23일 확정일자, 전입신고 5월28일, 실거주 → 5월28일 대항력+우선변제권 획득 조건: 선순위 임차인 오피스텔 매매 시세는 (사건)정도 결론: 제가 선순위 임차인이고 몇 달후에 가등기 가압류가 잡혔습니다. 현황 : 등기부등본: 2024년 5월24일 계약때 갑구 : 집주인 을구: 기록없음 깨끗 2024년 10월달에 로 갑자기 체권 가압류 우편등 날라와서 인터넷등기부 등본을 열람하니깐 갑지기 가등기 10월5일 가압류 10월7일 잡혀있었습니다. 집주인한테 전화를 하니깐 지금 다른데 투자를 했는데 소송중이라 가등기 잠시 해두었는거라 25년 상반기에 없애주겠다고 하셨습니다. 제가 선순위 임차인이고 아직 계약기간이 많이 남아 어떻게 할수도 없고 해서 그냥 기다렸습니다. 25년 7월달에 제가 밤에 잠이 안와서 인터넷등기소 열람하니 가압류가 2건이 더 잡혀 있었습니다. 그래서 집주인한테 전화를 하니깐 전화를 안받고, 부동산한테 전화를 하니 집주인과 통화가 안된다고 합니다. 계약때 집주인(어머니)가 집주인(아들)한테 오피스텔을 사준건데 집주인(어머니) 돌아가셨고, 집주인(아들) 파산했는지 행망불명입니다. 전세만기일 26년 5월23일날입니다. 아마 제가보기엔 집주인 파산으로 전세보증금을 못 돌려 받을거 같습니다. 2달전에 내용증명하고, 재계약은 안한다고 문자 보내고, 임차권등기를 할 예정입니다. 그리고 전세보증반환소송을 걸어 승소까지만 할 생각입니다. 셀프경매를 언제 할지는 시간이 많이 남아 고민해야할 상황입니다. 질문 1: 이 상황에서 제가 계약기간이 남아있는데 다른사람(가압류)자가 경매나 공매 통해 보증금 5천만원인데 4천8백에 입찰해서, 낙찰되면 경매에 참가한 낙찰자가 소유권이전하면 저는 200만원 못 받고 나가야 하는 상황인가요? 200만원 돌려줄때까지 안나가면 되는겁니까? 또 민사송해서 200만원을 돌려받아야 하나요? 2. 이 상황에서 셀프경매로 제가 아닌 다른사람이 경매를 통해 보증금 5천만원인데 4천8백에 입찰해서, 낙찰되면 경매에 참가한 낙찰자가 소유권이전하면 저는 200만원 못 받고 나가야 하는 상황인가요? 200만원 돌려줄때까지 안나가면 되는겁니까? 또 민사송해서 200만원을 돌려받아야 하나요? 낙찰가 200만원 못준다고 낙찰받았으니 협박하면서 제보고 나가라 하면 어떻게 하나요? 그런사례도 있는지요? 3. 임차권등기명령하고, 전세보증반환소송을 승소한 다음에 제가 이 오피스텔에 계속 살다가 셀프경매를 해도 되는지요? 기간에 정해져 있는지? 4. 오피스텔 매매 시세는 (사건)정도입니다. 셀프경매해서 전세보증금 5천에 같은 금액로 셀프낙찰받으면 1가구 2주택이 되어서 고민중입니다. 저는 전세사기피해자로 인정받을수 있는지요? 보증금 돌려받을때까지 계속 살면 되는지요? 5. 아직 시간이 많이 남았는데 제가 최선의 방법이 무언지를 궁금합니다.? | 특이사항 * 회의중이니 나중에 통화하자!!",provided_synthetic_consultations
CASE-0768,G09,경기,성남시,1억~2억,계약종료,미상,미상,미상,묵시적갱신분쟁,임차권등기,"2020년 6월11일 이사와서 전입신고,확정일자 받았어요 그간 묵시적갱신으로 살았고 2025년 6월24일에 임대인한테 9월30일에 집을 매수하게 돼 잔금을 치뤄야 하니 보증금은 꼭 돌려달라고 했습니다 임대인은 집을 내놔 보겠다고 하셨고 지금 전세가격보다 3천만원이나 올려서 내놨어요 문제는 이집이 35년차인데다가 엘베없는 5층에 내부도 현저히 낡아서 부동산에서 집 보러 오시더니 이렇게 리모델링도 하나도 안돼 있는 낡은 집은 절대 2억에 못나간다고 하더라구요 그 말을 들으니 다가오는 9월30일 잔금을 못치르면 계약금 3천만원을 손해 보게 될까봐 걱정이 됩니다 15일이 지난 내일 내용증명을 보내려고 합니다 내용증명을 보내면 보통 임대인들이 보증금을 돌려주나요? 보증금 돌려 받기 힘들다고 판단되면 어느시점에 임차권등기를 걸어야 할까요 그 후 소 제기해서 계약금 3천 손해 본거랑 손해보고 적금 해지 한것까지 모든 손해비용을 청구해서 받을 수 있나요?",* 임대인이 보증금반환하기로 함,unknown,"보증상품 보증상품 미확인 | 주택유형 미상 | 보증금구간 1억~2억 | 계약상태 계약종료 | 선순위권리 미상 | 반환보증 미상 | 분쟁유형 묵시적갱신분쟁 | 진행단계 임차권등기 | 상황 2020년 6월11일 이사와서 전입신고,확정일자 받았어요 그간 묵시적갱신으로 살았고 2025년 6월24일에 임대인한테 9월30일에 집을 매수하게 돼 잔금을 치뤄야 하니 보증금은 꼭 돌려달라고 했습니다 임대인은 집을 내놔 보겠다고 하셨고 지금 전세가격보다 3천만원이나 올려서 내놨어요 문제는 이집이 35년차인데다가 엘베없는 5층에 내부도 현저히 낡아서 부동산에서 집 보러 오시더니 이렇게 리모델링도 하나도 안돼 있는 낡은 집은 절대 2억에 못나간다고 하더라구요 그 말을 들으니 다가오는 9월30일 잔금을 못치르면 계약금 3천만원을 손해 보게 될까봐 걱정이 됩니다 15일이 지난 내일 내용증명을 보내려고 합니다 내용증명을 보내면 보통 임대인들이 보증금을 돌려주나요? 보증금 돌려 받기 힘들다고 판단되면 어느시점에 임차권등기를 걸어야 할까요 그 후 소 제기해서 계약금 3천 손해 본거랑 손해보고 적금 해지 한것까지 모든 손해비용을 청구해서 받을 수 있나요? | 특이사항 * 임대인이 보증금반환하기로 함",provided_synthetic_consultations
CASE-0769,G09,경기,안산시,2억~3억,계약종료,미상,미상,미상,묵시적갱신분쟁,소송제기,묵시적 갱신후 1년더 거주. 이사가기위해 퇴거통보후 3개월 경과. 임대인은 새 임차인 구해져야 보증금 반환할수있다함.(문자보유) 내용증명 2차례 폐문부재. 현재 임차권등기와 반환소송 전자소송 진행하려하는중 입니다.,,unknown,보증상품 보증상품 미확인 | 주택유형 미상 | 보증금구간 2억~3억 | 계약상태 계약종료 | 선순위권리 미상 | 반환보증 미상 | 분쟁유형 묵시적갱신분쟁 | 진행단계 소송제기 | 상황 묵시적 갱신후 1년더 거주. 이사가기위해 퇴거통보후 3개월 경과. 임대인은 새 임차인 구해져야 보증금 반환할수있다함.(문자보유) 내용증명 2차례 폐문부재. 현재 임차권등기와 반환소송 전자소송 진행하려하는중 입니다.,provided_synthetic_consultations
CASE-0770,G09,경기,부천시,1억~2억,계약종료,다세대주택,선순위존재,가입,경매·공매,소송제기,어머니 명의로 임대사업자를 하고 있는데 다른집에 대한 보증사고로 제가 사는 곳이 허그 가압류가 걸렸습니다. 다른 피해자 저를 포함 4명은 단체 톡방에서 이야기 하고 있습니다. 전세계약은 25년 5월 8일로 종료 되었고 대출금은 은행에 가압류 잡혀있다고 솔직히 말씀 드리고 묵시적 계약 형식으로 연장 했습니다. 2019년 전세 대출 하고 동사무소에서 확정일자를 받았습니다. 다른건 다 동일 하게 하였으나 동사무소에서 확정일자 부여현황에다가 임차인 임대인을 완전 반대로 기재해서 제가 임대인으로 등록 되어 있습니다. 정정 요청 하였으나 동사무소에서는 수정이 어렵다고 하는데 이런경우가 특이한 상황 이라고 합니다. 판례를 찾아서 행정소송이 필요 하다고 하는데 행정소송으로 수정이 가능한가요? 가압류가 잡혀 임차권등기와 전세금 반황 소송과 경매가 필요한 상황입니다.어떻게 해야 할까요? ㅜ ㅠ,1. 다세대주택 / 대항력있는 선순위임차인,unknown,보증상품 보증상품 미확인 | 주택유형 다세대주택 | 보증금구간 1억~2억 | 계약상태 계약종료 | 선순위권리 선순위존재 | 반환보증 가입 | 분쟁유형 경매·공매 | 진행단계 소송제기 | 상황 어머니 명의로 임대사업자를 하고 있는데 다른집에 대한 보증사고로 제가 사는 곳이 허그 가압류가 걸렸습니다. 다른 피해자 저를 포함 4명은 단체 톡방에서 이야기 하고 있습니다. 전세계약은 25년 5월 8일로 종료 되었고 대출금은 은행에 가압류 잡혀있다고 솔직히 말씀 드리고 묵시적 계약 형식으로 연장 했습니다. 2019년 전세 대출 하고 동사무소에서 확정일자를 받았습니다. 다른건 다 동일 하게 하였으나 동사무소에서 확정일자 부여현황에다가 임차인 임대인을 완전 반대로 기재해서 제가 임대인으로 등록 되어 있습니다. 정정 요청 하였으나 동사무소에서는 수정이 어렵다고 하는데 이런경우가 특이한 상황 이라고 합니다. 판례를 찾아서 행정소송이 필요 하다고 하는데 행정소송으로 수정이 가능한가요? 가압류가 잡혀 임차권등기와 전세금 반황 소송과 경매가 필요한 상황입니다.어떻게 해야 할까요? ㅜ ㅠ | 특이사항 1. 다세대주택 / 대항력있는 선순위임차인,provided_synthetic_consultations
CASE-0771,G09,대구,대구,1억 미만,계약종료,미상,미상,미상,보증금미반환,임차권등기,작년 11월부 계약 종료 이후 3월 말까지는 재계약하지는않고 집주인과 협의하에 거주후 이사했는데 3개월이 지났는데도 보증금을 못돌려받고있습니다. 집이 나가야 준다고 하는데 조치할수있는 방법이 있을까요? 이런적이 처음이라 임차권등기 설정 이런것도 안하고 전입신고했는데 보증 보험도 없고 대항력이 없는것같아 걱정입니다. 돈이 필요해서 보증금을 빠르게 받아야되는데 어떻게 하는게 좋을지,,unknown,보증상품 보증상품 미확인 | 주택유형 미상 | 보증금구간 1억 미만 | 계약상태 계약종료 | 선순위권리 미상 | 반환보증 미상 | 분쟁유형 보증금미반환 | 진행단계 임차권등기 | 상황 작년 11월부 계약 종료 이후 3월 말까지는 재계약하지는않고 집주인과 협의하에 거주후 이사했는데 3개월이 지났는데도 보증금을 못돌려받고있습니다. 집이 나가야 준다고 하는데 조치할수있는 방법이 있을까요? 이런적이 처음이라 임차권등기 설정 이런것도 안하고 전입신고했는데 보증 보험도 없고 대항력이 없는것같아 걱정입니다. 돈이 필요해서 보증금을 빠르게 받아야되는데 어떻게 하는게 좋을지,provided_synthetic_consultations
CASE-0772,G09,경기,수원시,1억~2억,계약중(종료예정),다세대주택,근저당설정,가입,보증금미반환,내용증명·공시송달,"근저당이 걸린 건물이라 24년 8월경 2차 전세계약을 고민할 때, 전세보증보험을 들어준다는 임대인의 말을 듣고 2년 연장을 진행했습니다. 한 빌라의 집주인이 같고, 전 세대원 서류 준비 년 11월 전세보증보험 서류 심사가 들어갔습니다. 이후 25년 2월에 보증보험을 진행했던 대리인으로부터 임대인의 년 12월에 이미 보증보험가입이 반려 되었다는 사실을 알았습니다. 25년 3월 17일에 보증보험가입이 어렵다면 3개월 후인 6월 17일 임대차 계약을 종료하겠다는 이야기를 임대인과 전화, 문자로 나누었습니다. 부동산에서 매물을 보러 오지도 않고, 점점 임대인도 연락을 받지 않아 5월 28일에 내용증명을 발송했습니다. 이사불명을 사유로 내용증명이 반송되어 돌아왔고, 6월 12일에 임대인의 초본을 뗀 상태입니다. 앞으로 제가 어떤 행동을 취해야 할지, 보증금을 돌려받을 수 있는 절차에 대해",1. 다세대주택 / 공동담보有 / 대항력없는 후순위임차인,jeonse_return,"보증상품 전세보증금반환보증 | 주택유형 다세대주택 | 보증금구간 1억~2억 | 계약상태 계약중(종료예정) | 선순위권리 근저당설정 | 반환보증 가입 | 분쟁유형 보증금미반환 | 진행단계 내용증명·공시송달 | 상황 근저당이 걸린 건물이라 24년 8월경 2차 전세계약을 고민할 때, 전세보증보험을 들어준다는 임대인의 말을 듣고 2년 연장을 진행했습니다. 한 빌라의 집주인이 같고, 전 세대원 서류 준비 년 11월 전세보증보험 서류 심사가 들어갔습니다. 이후 25년 2월에 보증보험을 진행했던 대리인으로부터 임대인의 년 12월에 이미 보증보험가입이 반려 되었다는 사실을 알았습니다. 25년 3월 17일에 보증보험가입이 어렵다면 3개월 후인 6월 17일 임대차 계약을 종료하겠다는 이야기를 임대인과 전화, 문자로 나누었습니다. 부동산에서 매물을 보러 오지도 않고, 점점 임대인도 연락을 받지 않아 5월 28일에 내용증명을 발송했습니다. 이사불명을 사유로 내용증명이 반송되어 돌아왔고, 6월 12일에 임대인의 초본을 뗀 상태입니다. 앞으로 제가 어떤 행동을 취해야 할지, 보증금을 돌려받을 수 있는 절차에 대해 | 특이사항 1. 다세대주택 / 공동담보有 / 대항력없는 후순위임차인",provided_synthetic_consultations
CASE-0773,G09,미상,미상,3억 이상,계약종료,미상,미상,미상,기타·일반문의,상담·검토,5월7일 부동산을 통해 집주인에게 전세계약종료통보 후 8월7일만료일에 먼저 이사를 나간후 다음세입자가 들어오는 법정이자를 달라 요청하니 줄 수 없다고 합니다,1. 임대인,unknown,보증상품 보증상품 미확인 | 주택유형 미상 | 보증금구간 3억 이상 | 계약상태 계약종료 | 선순위권리 미상 | 반환보증 미상 | 분쟁유형 기타·일반문의 | 진행단계 상담·검토 | 상황 5월7일 부동산을 통해 집주인에게 전세계약종료통보 후 8월7일만료일에 먼저 이사를 나간후 다음세입자가 들어오는 법정이자를 달라 요청하니 줄 수 없다고 합니다 | 특이사항 1. 임대인,provided_synthetic_consultations
CASE-0774,G09,대전,대덕구,1억~2억,계약중(종료예정),미상,미상,미상,보증금미반환,상담·검토,7/17일 전세계약 개월전 통보하였으나 일주일 남은 시점에 대출로 인해 전날 퇴거해야지만 임차보증금 전액을 돌려줄수 있다는 답변을 받았습니다. 문자통보를 한 상황인데 답변도 못받아서 만기 2개월전 답변 받는 증빙자료도 부족한 상황인데 어떻게 처리하는게 좋을지 해서,* 퇴거자금대출은 통상 3개월 내에 임차인퇴거 & 임대인 입주가 조건이다,unknown,보증상품 보증상품 미확인 | 주택유형 미상 | 보증금구간 1억~2억 | 계약상태 계약중(종료예정) | 선순위권리 미상 | 반환보증 미상 | 분쟁유형 보증금미반환 | 진행단계 상담·검토 | 상황 7/17일 전세계약 개월전 통보하였으나 일주일 남은 시점에 대출로 인해 전날 퇴거해야지만 임차보증금 전액을 돌려줄수 있다는 답변을 받았습니다. 문자통보를 한 상황인데 답변도 못받아서 만기 2개월전 답변 받는 증빙자료도 부족한 상황인데 어떻게 처리하는게 좋을지 해서 | 특이사항 * 퇴거자금대출은 통상 3개월 내에 임차인퇴거 & 임대인 입주가 조건이다,provided_synthetic_consultations
CASE-0775,G09,서울,강서구,3억 이상,계약종료,미상,미상,가입,보증금미반환,판결·집행,"✅ 사건 개요 • 초기 자본: 5천만 원 • 전세 매물: 3억 9천만 원 • 부동산 측 주장: 대출 100% 가능, 안 되면 가계약금 반환 약속 → 가계약금 300만 원 지급 •임대인 변경: 1차 계약 후 약 한 달 뒤, 새로운 임대인과 2차 계약을 체결했으나, 보증보험 심사에서 큰 문제는 되지 않았습니다. ⸻ ✅ 자금 조달 및 흐름 • 하나은행 대출: 3억4천만원 필요했으나 3억 1,200만 원 실행됨 (중개사가 2번의 대출이 실행된다고 알려주지않음) • 부동산 측 권유: 건축주 입장에서는 공실로 두는것보다 만실을 목적으로 하는 “입주 지원금(2,500만 원) 제도 있으니 걱정 말라”고 설명하며, 확약서에 2,500만 원 명시 • 계약시부족 자금: 2,800만 원 → 전북은행 대출 시도 → 2,000만 원만 승인 (이자 15%) 이자율이 높아 계약해지요청하였으나 • 중개사 개인 지원: 고금리로인한 이자 부담 호소 시, 중개사 개인 지원 200만 원을 약속 • 임대인 및 중개사 명의 입주 지원금: 총 2700만원 중 600만+이자지원금200만 중개사 통해 800만 선지급받은 후 잔금 처리하였음 나머지 1,900만 원은 확약서에 명시되어있듯 잔금처리 이후 직접 수령(만원, 900만원 나눠받음) • 중개사 개인 입주 지원금(200만 원) 및 **중개사 명의 선지급(600만 원)**을 합쳐(800만 원) 부족 자금 보충 • 이후 임대인 명의 입주지원금 1,900만 원과 본인 자금을 합쳐 추가 대출 상환(전북은행 대출) • 총 3억 9천만 원 전액 임대인에게 지급 ⸻ ✅ 현재 상황 • HUG 보증보험 가입 완료 • 계약 만료 후 보증금 반환 요구 → 임대인은 “돈이 없다”고 통보 • HUG에 이행 신청 → 7개월 동안 심사 진행, 최종적으로 입주지원금 포함 문제로 지급 거절 • 입주지원금 제외 조건부 지급 요청 → HUG에서 거절(유선상으로) ⸻ ✅ 피해자 입장 및 증거 • 본인은 중국 국적 외국인으로, 한국 전세 제도 및 입주 지원금 제도를 잘 알지 못했습니다. • 부동산 중개사 측 지속적인 설득과 입주 지원금 약속을 믿고 계약 진행을 하였습니다. • 임대인 입주 지원금 2,500만 원은 확약서에 기재되어 있고, 중개사 개인 지원금 200만 원 • HUG 또한 보증보험 가입을 승인했기에, 피해자 입장에선 HUG에도 책임이 있다고 판단하고 있습니다. ⸻ ✅ 보유 증거 • 임대차 계약서 • 임대인 입주 및 이자 지원금 확약서 (2,500만 원) • 녹취록 (입주 부동산 개인 지원 관련 및 허그 직원 통화 포함) • 계좌 이체 내역 등 ⸻ 💬 상담 요청 내용 1️⃣ HUG 보증보험 이의신청 가능성과 전략 • 감액 지급 동의를 조건으로 이의신청 시 승산 여부 2️⃣ 임대인 및 HUG 상대로의 소송 가능성 및 승소 전망 • 임대인 상대 민사 소송 • HUG 상대로 손해배상 청구 혹은 지급 거절 취소 소송 3️⃣ 향후 대응 전략 • 민사, 형사 병행 진행 여부 • 피해자 인정 신청과의 병행 진행 여부 ⸻ ✔️ 변호사님께서 구체적인 대응 방향과 소송 전략, 필요 증거 정리 방안 등을 자문해 주시면 감사하겠습니다.",,unknown,"보증상품 보증상품 미확인 | 주택유형 미상 | 보증금구간 3억 이상 | 계약상태 계약종료 | 선순위권리 미상 | 반환보증 가입 | 분쟁유형 보증금미반환 | 진행단계 판결·집행 | 상황 ✅ 사건 개요 • 초기 자본: 5천만 원 • 전세 매물: 3억 9천만 원 • 부동산 측 주장: 대출 100% 가능, 안 되면 가계약금 반환 약속 → 가계약금 300만 원 지급 •임대인 변경: 1차 계약 후 약 한 달 뒤, 새로운 임대인과 2차 계약을 체결했으나, 보증보험 심사에서 큰 문제는 되지 않았습니다. ⸻ ✅ 자금 조달 및 흐름 • 하나은행 대출: 3억4천만원 필요했으나 3억 1,200만 원 실행됨 (중개사가 2번의 대출이 실행된다고 알려주지않음) • 부동산 측 권유: 건축주 입장에서는 공실로 두는것보다 만실을 목적으로 하는 “입주 지원금(2,500만 원) 제도 있으니 걱정 말라”고 설명하며, 확약서에 2,500만 원 명시 • 계약시부족 자금: 2,800만 원 → 전북은행 대출 시도 → 2,000만 원만 승인 (이자 15%) 이자율이 높아 계약해지요청하였으나 • 중개사 개인 지원: 고금리로인한 이자 부담 호소 시, 중개사 개인 지원 200만 원을 약속 • 임대인 및 중개사 명의 입주 지원금: 총 2700만원 중 600만+이자지원금200만 중개사 통해 800만 선지급받은 후 잔금 처리하였음 나머지 1,900만 원은 확약서에 명시되어있듯 잔금처리 이후 직접 수령(만원, 900만원 나눠받음) • 중개사 개인 입주 지원금(200만 원) 및 **중개사 명의 선지급(600만 원)**을 합쳐(800만 원) 부족 자금 보충 • 이후 임대인 명의 입주지원금 1,900만 원과 본인 자금을 합쳐 추가 대출 상환(전북은행 대출) • 총 3억 9천만 원 전액 임대인에게 지급 ⸻ ✅ 현재 상황 • HUG 보증보험 가입 완료 • 계약 만료 후 보증금 반환 요구 → 임대인은 “돈이 없다”고 통보 • HUG에 이행 신청 → 7개월 동안 심사 진행, 최종적으로 입주지원금 포함 문제로 지급 거절 • 입주지원금 제외 조건부 지급 요청 → HUG에서 거절(유선상으로) ⸻ ✅ 피해자 입장 및 증거 • 본인은 중국 국적 외국인으로, 한국 전세 제도 및 입주 지원금 제도를 잘 알지 못했습니다. • 부동산 중개사 측 지속적인 설득과 입주 지원금 약속을 믿고 계약 진행을 하였습니다. • 임대인 입주 지원금 2,500만 원은 확약서에 기재되어 있고, 중개사 개인 지원금 200만 원 • HUG 또한 보증보험 가입을 승인했기에, 피해자 입장에선 HUG에도 책임이 있다고 판단하고 있습니다. ⸻ ✅ 보유 증거 • 임대차 계약서 • 임대인 입주 및 이자 지원금 확약서 (2,500만 원) • 녹취록 (입주 부동산 개인 지원 관련 및 허그 직원 통화 포함) • 계좌 이체 내역 등 ⸻ 💬 상담 요청 내용 1️⃣ HUG 보증보험 이의신청 가능성과 전략 • 감액 지급 동의를 조건으로 이의신청 시 승산 여부 2️⃣ 임대인 및 HUG 상대로의 소송 가능성 및 승소 전망 • 임대인 상대 민사 소송 • HUG 상대로 손해배상 청구 혹은 지급 거절 취소 소송 3️⃣ 향후 대응 전략 • 민사, 형사 병행 진행 여부 • 피해자 인정 신청과의 병행 진행 여부 ⸻ ✔️ 변호사님께서 구체적인 대응 방향과 소송 전략, 필요 증거 정리 방안 등을 자문해 주시면 감사하겠습니다.",provided_synthetic_consultations
CASE-0776,G09,서울,영등포구,2억~3억,계약종료,미상,압류·가압류,미상,기타·일반문의,판결·집행,"<전세금 반환 소송> 1. 본인: 임차인 2. 전세계약: 2024년 10월 2년 전세 계약 만기> 임차인 본인의 년 5월 15일까지 구두로 연장, 2월부터 부동산에 집은 내놓음 > 5월 15일까지 돈을 받지 못해 집주인이 7월 15일까지 돌려주도록 하겠다고 하나 연락이 안 됨 (5월에도 연락이 안 되어서 겨우 겨우 통화가 되어 7월 15일까지 돌려주겠다는 답을 들었고 내용 증명을 보냄. 내용 증명도 카톡과 우편 두 가지로 모두 보냈는데 모두 받지 않아 문자로 캡쳐하여 보냄) 3. 부동산 특이사항: 근린 생활 시설, 압류 (영등포구, 송파구 세무행정 건으로 압류 2개가 거주 중에 생김 (집주인은 세금 문제라고 다음 세입자 구해지면 바로 처리하겠다고 하여 부동산에 이와같이 말했으니 이 때문에 세입자는 더 구하기 어려워진 상황임) 4.이제 집주인도 연락이 안 되고 돈도 약속된 15일에 받지 못할 것으로 예상되어 전세금 반환 소송을 해야 할 것 같은데 어떻게 해야 하는지 도움이 필요합니다. 5. 문의 사항 - 소송 비용 - 승소 후 강제 집행 과정 - 집주인 자산이 없는 경우",,unknown,"보증상품 보증상품 미확인 | 주택유형 미상 | 보증금구간 2억~3억 | 계약상태 계약종료 | 선순위권리 압류·가압류 | 반환보증 미상 | 분쟁유형 기타·일반문의 | 진행단계 판결·집행 | 상황 <전세금 반환 소송> 1. 본인: 임차인 2. 전세계약: 2024년 10월 2년 전세 계약 만기> 임차인 본인의 년 5월 15일까지 구두로 연장, 2월부터 부동산에 집은 내놓음 > 5월 15일까지 돈을 받지 못해 집주인이 7월 15일까지 돌려주도록 하겠다고 하나 연락이 안 됨 (5월에도 연락이 안 되어서 겨우 겨우 통화가 되어 7월 15일까지 돌려주겠다는 답을 들었고 내용 증명을 보냄. 내용 증명도 카톡과 우편 두 가지로 모두 보냈는데 모두 받지 않아 문자로 캡쳐하여 보냄) 3. 부동산 특이사항: 근린 생활 시설, 압류 (영등포구, 송파구 세무행정 건으로 압류 2개가 거주 중에 생김 (집주인은 세금 문제라고 다음 세입자 구해지면 바로 처리하겠다고 하여 부동산에 이와같이 말했으니 이 때문에 세입자는 더 구하기 어려워진 상황임) 4.이제 집주인도 연락이 안 되고 돈도 약속된 15일에 받지 못할 것으로 예상되어 전세금 반환 소송을 해야 할 것 같은데 어떻게 해야 하는지 도움이 필요합니다. 5. 문의 사항 - 소송 비용 - 승소 후 강제 집행 과정 - 집주인 자산이 없는 경우",provided_synthetic_consultations
CASE-0777,G09,미상,경산시,1억 미만,계약종료,미상,미상,미상,보증금미반환,임차권등기,계약 종료 후 보증금이 없다고하여 반환을 못 받는중입니다. 임차권 등기 명령 신청 예정인데 법률적인 도움을 받고 싶습니다.,* 임차권등기 설정완료,unknown,보증상품 보증상품 미확인 | 주택유형 미상 | 보증금구간 1억 미만 | 계약상태 계약종료 | 선순위권리 미상 | 반환보증 미상 | 분쟁유형 보증금미반환 | 진행단계 임차권등기 | 상황 계약 종료 후 보증금이 없다고하여 반환을 못 받는중입니다. 임차권 등기 명령 신청 예정인데 법률적인 도움을 받고 싶습니다. | 특이사항 * 임차권등기 설정완료,provided_synthetic_consultations
CASE-0778,G09,경기,안산시,1억 미만,계약종료,미상,압류·가압류,미가입,묵시적갱신분쟁,소송제기,"하 저는 19년도 부터 전세 7500만원 살고 있구요. 묵시적 계약갱신을 해왔습니다. 25년도 1월 결혼과 개인사정으로 집을 빼야해서 집주인에게 연락했구요. 그때는 증빙자료(통화녹음, 문자내역 등)를 남겨놓지 않았고 막연히 기다렸습니다. (전세 7500만원에 깡통전세로 살고 있었구요 보증보험 가입 안했습니다.) 집주인은 계속 매매 7500만원 고집했고 자기돈 하나 안들이고 제 보증금을 반환하겟다는 의지가 강했습니다. 그래서 4월2일날 카톡과 내용증명을 통해서 다시한번 3개월내에 나가겟다고 통보를 명확히 했구요 그 안에 갚겟다고 확약 문자를 집주인이 회신했습니다 근데 7월초가 되도록 전세는 커녕 계속 거래되지도 않는 매매로만 7500만원 매물을 내놓길래 답답한 마음에 집주인에게 4월이후로 한번 7.3일경에 한번 연락했습니다. 근데 집주인은 왜이렇게 사람 피를 말리게 하냐며 돈을 준다하지 않앗냐 왜 기다리지 못하냐며 소리를 지르며 법대로 하라며 전화를 일방적으로 끊어버렸습니다 근데 그래도 저는 원만히 해결하고 싶어 집주인과 계속 연락하는 친한 부동산에 전화했고, 그 부동산 사장은 집주인이 아마 예민한 상태여서 그렇게 욱한것 같다. 최대한 전세 6천만원에 빼고 차액 1500만원은 마련하는걸로 협의햇다며 전화통화로 말했습니다. 저는 그래도 불안해서 각서나 카톡으로라도 확증을 받아야 할 것 같다햇고, 부동산은 물어보겟다 했습니다. 거기에도 협조됏다는듯이 말햇지만 여전히 집주인은 사과한마디 각서, 카톡회신도 없는 상태구요. 다만 부동산 사장이 전세 6천만에 먼저 빼고 8월15일자 잔금날 맞춰서 나머지 잔액 모두 갚는걸로 집주인도 동의하셨다고만 문자를 보냈습니다. 그래서 브동산 사장이 알겟더고 하고 그래도 각서나 카톡 회신은 집주인이 해줫으몆 좋겟다라고 집주인은 일말을 회신 이게 성사가 된건지도 의문입니다. 그리고 부동산이 금방 삐질거라던 전세도 7.8일에 방 내놓고 이틀째 되는날 방보러 온게 전부구요 보러온분도 방이 작아 마음에 들지 않는다고 햇더 하네요 전세가 7월까지 거래가 또한 자기가 계속 연락하던 그 부동산 한군데 빼고는 절대 계약하지 않겟다고 햇답니다 참나 아직도 갑질을 하고 있구요. 그리고 뮤슨 제가 거지도 아니고 7.15일에 100만원만 보내겟다고 어거지로 저는 너무 화가나서 집주인이 법대로 하라고 말한 7.3일 바로 다음날인 7.4일에 변호사 상담도 받앗고, 소송 진행하려 스탠바이 시켜놧습니다 구래도 자존심 다 내려놓고 어떻게든 돈 빨리 받으려 저만 아등바등 대고 잇구요 집주인은 거래되던지 말던지인 액션만 취하고 잇는듯해요 이 경우에 전세가 그래도 7월말까지 나가도록 기다려야 할비, 그냥 어차피 내용증명으로 통보한 계약기간이 지낫으니 걍 소송으로 집내놓고 일주일이 지난 기한인 7.15일 화요일까지 기다려 보는게 낳을지 고민입니다 어차피 전세가 나가지 않는다면 돈은 안줄것 같구요 (다만, 소송을 진행하면 집주인 채권이 좀 잡혀잇긴 하지만 주택과 땅에 소송과 동시에 가압류를 걸려고 합니다) 어떤 방법이 맞는 방법일지요 또한 제가 부동산과 여지를 주겟다 약속 하긴햇는데 그건 부동산과 말한 내역만 잇을뿐 집주인과 직접적으로 말한 카톡 통화과 일절 없어 이 효능이 유지가 될지도 의문입니다 긴글 읽어주샤서 감사드리고 어떻게 진행하는게 맞을까요?ㅠㅜㅜ 싸움이고 깡통전세라서 과연 건질게 잇을건인지에 대한 확신이 없어 더 답답한 상황입니다.",* 전화받기는 했는데 아무말도 않고 끊어버림!!,unknown,"보증상품 보증상품 미확인 | 주택유형 미상 | 보증금구간 1억 미만 | 계약상태 계약종료 | 선순위권리 압류·가압류 | 반환보증 미가입 | 분쟁유형 묵시적갱신분쟁 | 진행단계 소송제기 | 상황 하 저는 19년도 부터 전세 7500만원 살고 있구요. 묵시적 계약갱신을 해왔습니다. 25년도 1월 결혼과 개인사정으로 집을 빼야해서 집주인에게 연락했구요. 그때는 증빙자료(통화녹음, 문자내역 등)를 남겨놓지 않았고 막연히 기다렸습니다. (전세 7500만원에 깡통전세로 살고 있었구요 보증보험 가입 안했습니다.) 집주인은 계속 매매 7500만원 고집했고 자기돈 하나 안들이고 제 보증금을 반환하겟다는 의지가 강했습니다. 그래서 4월2일날 카톡과 내용증명을 통해서 다시한번 3개월내에 나가겟다고 통보를 명확히 했구요 그 안에 갚겟다고 확약 문자를 집주인이 회신했습니다 근데 7월초가 되도록 전세는 커녕 계속 거래되지도 않는 매매로만 7500만원 매물을 내놓길래 답답한 마음에 집주인에게 4월이후로 한번 7.3일경에 한번 연락했습니다. 근데 집주인은 왜이렇게 사람 피를 말리게 하냐며 돈을 준다하지 않앗냐 왜 기다리지 못하냐며 소리를 지르며 법대로 하라며 전화를 일방적으로 끊어버렸습니다 근데 그래도 저는 원만히 해결하고 싶어 집주인과 계속 연락하는 친한 부동산에 전화했고, 그 부동산 사장은 집주인이 아마 예민한 상태여서 그렇게 욱한것 같다. 최대한 전세 6천만원에 빼고 차액 1500만원은 마련하는걸로 협의햇다며 전화통화로 말했습니다. 저는 그래도 불안해서 각서나 카톡으로라도 확증을 받아야 할 것 같다햇고, 부동산은 물어보겟다 했습니다. 거기에도 협조됏다는듯이 말햇지만 여전히 집주인은 사과한마디 각서, 카톡회신도 없는 상태구요. 다만 부동산 사장이 전세 6천만에 먼저 빼고 8월15일자 잔금날 맞춰서 나머지 잔액 모두 갚는걸로 집주인도 동의하셨다고만 문자를 보냈습니다. 그래서 브동산 사장이 알겟더고 하고 그래도 각서나 카톡 회신은 집주인이 해줫으몆 좋겟다라고 집주인은 일말을 회신 이게 성사가 된건지도 의문입니다. 그리고 부동산이 금방 삐질거라던 전세도 7.8일에 방 내놓고 이틀째 되는날 방보러 온게 전부구요 보러온분도 방이 작아 마음에 들지 않는다고 햇더 하네요 전세가 7월까지 거래가 또한 자기가 계속 연락하던 그 부동산 한군데 빼고는 절대 계약하지 않겟다고 햇답니다 참나 아직도 갑질을 하고 있구요. 그리고 뮤슨 제가 거지도 아니고 7.15일에 100만원만 보내겟다고 어거지로 저는 너무 화가나서 집주인이 법대로 하라고 말한 7.3일 바로 다음날인 7.4일에 변호사 상담도 받앗고, 소송 진행하려 스탠바이 시켜놧습니다 구래도 자존심 다 내려놓고 어떻게든 돈 빨리 받으려 저만 아등바등 대고 잇구요 집주인은 거래되던지 말던지인 액션만 취하고 잇는듯해요 이 경우에 전세가 그래도 7월말까지 나가도록 기다려야 할비, 그냥 어차피 내용증명으로 통보한 계약기간이 지낫으니 걍 소송으로 집내놓고 일주일이 지난 기한인 7.15일 화요일까지 기다려 보는게 낳을지 고민입니다 어차피 전세가 나가지 않는다면 돈은 안줄것 같구요 (다만, 소송을 진행하면 집주인 채권이 좀 잡혀잇긴 하지만 주택과 땅에 소송과 동시에 가압류를 걸려고 합니다) 어떤 방법이 맞는 방법일지요 또한 제가 부동산과 여지를 주겟다 약속 하긴햇는데 그건 부동산과 말한 내역만 잇을뿐 집주인과 직접적으로 말한 카톡 통화과 일절 없어 이 효능이 유지가 될지도 의문입니다 긴글 읽어주샤서 감사드리고 어떻게 진행하는게 맞을까요?ㅠㅜㅜ 싸움이고 깡통전세라서 과연 건질게 잇을건인지에 대한 확신이 없어 더 답답한 상황입니다. | 특이사항 * 전화받기는 했는데 아무말도 않고 끊어버림!!",provided_synthetic_consultations
CASE-0779,G09,미상,강서구,3억 이상,계약중(종료예정),미상,미상,가입,경매·공매,HUG이행청구,밤잠을 설치며 너무 힘들어서 상담 요청해요 ㅠㅠ 아버지 집에 현재 전세로 살고있습니다 아버지는 다른곳에 전입즁이시구요 기존 세입자가 전세금 6억7천 허그에서 보증금을 반환받고 제가 4억5천 전세금 계좌이체 해드리고 전입신고 한 상태입니다 (확정일자는 받지 않음) 허그에 갚아야할 금액이 2억2천이 있는데 (현재 등기상에는 6억7천 임차권으로 나오더라구요) 이걸 기한내 못갚으면 집이 경매로 넘어갈 수 있는 상황입니다 제가 귱금한건 부동산 안끼고 양식으로 받은 계약서에 수기로 작성해둔게 있는데 이걸 가지고 확정 일자 받으면 배당요구를 할 수 있는건지 이 배당요구 관련 서류는 자동으로 법원에서 오는건지 궁금합니다 (실거주와 실 전세금을 지불했지만 뭔가 딸이라는 지위때문에 불안합니다 ㅠㅠ) 후순위라서 낙찰가가 7억은 되어야지 제 보증금을 다 받을 수 있는건가요? 두번째는 저처럼 후순위 세입자가 경매에 참여 할 수 있다고 들었는데 참여해 낙찰되면 제 전세금 4억5천을 낙찰금액에서 상계 할 수 있는지도 궁금합니다 (이거 또한 딸이라는 지위땨문에 불안해서 여쭤봅니다) 제발 답변 좀 부탁드려요 ㅜㅠㅠㅠ,,unknown,보증상품 보증상품 미확인 | 주택유형 미상 | 보증금구간 3억 이상 | 계약상태 계약중(종료예정) | 선순위권리 미상 | 반환보증 가입 | 분쟁유형 경매·공매 | 진행단계 HUG이행청구 | 상황 밤잠을 설치며 너무 힘들어서 상담 요청해요 ㅠㅠ 아버지 집에 현재 전세로 살고있습니다 아버지는 다른곳에 전입즁이시구요 기존 세입자가 전세금 6억7천 허그에서 보증금을 반환받고 제가 4억5천 전세금 계좌이체 해드리고 전입신고 한 상태입니다 (확정일자는 받지 않음) 허그에 갚아야할 금액이 2억2천이 있는데 (현재 등기상에는 6억7천 임차권으로 나오더라구요) 이걸 기한내 못갚으면 집이 경매로 넘어갈 수 있는 상황입니다 제가 귱금한건 부동산 안끼고 양식으로 받은 계약서에 수기로 작성해둔게 있는데 이걸 가지고 확정 일자 받으면 배당요구를 할 수 있는건지 이 배당요구 관련 서류는 자동으로 법원에서 오는건지 궁금합니다 (실거주와 실 전세금을 지불했지만 뭔가 딸이라는 지위때문에 불안합니다 ㅠㅠ) 후순위라서 낙찰가가 7억은 되어야지 제 보증금을 다 받을 수 있는건가요? 두번째는 저처럼 후순위 세입자가 경매에 참여 할 수 있다고 들었는데 참여해 낙찰되면 제 전세금 4억5천을 낙찰금액에서 상계 할 수 있는지도 궁금합니다 (이거 또한 딸이라는 지위땨문에 불안해서 여쭤봅니다) 제발 답변 좀 부탁드려요 ㅜㅠㅠㅠ,provided_synthetic_consultations
CASE-0780,G09,경기,안산시,1억~2억,계약종료,미상,미상,가입,묵시적갱신분쟁,HUG이행청구,"초기 중기청 2019.06.29~2021.06.29 1억 100% 대출 받아 진행 후 2년뒤 2021.06.29~2023.06.29 1천만원 증액하고 계약서 새로 쓴 다음 버팀목 전세 대출로 전환 후 계약을 연장했습니다. 이후 2023.06.29~2025.06.29 기간동안 별 얘기 없이 갱신으로 진행 했으나, 2025.07.04 대출연장 서류 작성을 위하여 은행을 방문 및 서류 작성 후,따로 연락 주겠다 했습니다. 2025.07.10일날 은행에서 공시지가 및 등기부등본 상 문제로 인하여 1억1천만원에 대한 대출이 불가 통보하여, 9천만원 까지는 가능 할 것이라고 얘기해 줬습니다. 임대인에게 1억1천만원 -> 9천만원으로 감액 후 상환해주셔야 한다 얘기를 드렸고, 임대인은 상황이 어려워 상환하기 어렵다고 하여, 다음날 제가 다시 은행과 통화 해보겠다 한 후 마무리 됐습니다. 그 다음날 임대인에게 전세계약종료 합의를 요청했으나 집주인의 연락두절로 인하여, 이 후 어떻게 대응해야 할지 막막한 상황입니다",* 허그전세보증금반환보증 가입되어 있음,jeonse_return,"보증상품 전세보증금반환보증 | 주택유형 미상 | 보증금구간 1억~2억 | 계약상태 계약종료 | 선순위권리 미상 | 반환보증 가입 | 분쟁유형 묵시적갱신분쟁 | 진행단계 HUG이행청구 | 상황 초기 중기청 2019.06.29~2021.06.29 1억 100% 대출 받아 진행 후 2년뒤 2021.06.29~2023.06.29 1천만원 증액하고 계약서 새로 쓴 다음 버팀목 전세 대출로 전환 후 계약을 연장했습니다. 이후 2023.06.29~2025.06.29 기간동안 별 얘기 없이 갱신으로 진행 했으나, 2025.07.04 대출연장 서류 작성을 위하여 은행을 방문 및 서류 작성 후,따로 연락 주겠다 했습니다. 2025.07.10일날 은행에서 공시지가 및 등기부등본 상 문제로 인하여 1억1천만원에 대한 대출이 불가 통보하여, 9천만원 까지는 가능 할 것이라고 얘기해 줬습니다. 임대인에게 1억1천만원 -> 9천만원으로 감액 후 상환해주셔야 한다 얘기를 드렸고, 임대인은 상황이 어려워 상환하기 어렵다고 하여, 다음날 제가 다시 은행과 통화 해보겠다 한 후 마무리 됐습니다. 그 다음날 임대인에게 전세계약종료 합의를 요청했으나 집주인의 연락두절로 인하여, 이 후 어떻게 대응해야 할지 막막한 상황입니다 | 특이사항 * 허그전세보증금반환보증 가입되어 있음",provided_synthetic_consultations
CASE-0781,G09,광주,미상,1억~2억,계약종료,미상,압류·가압류,미상,경매·공매,판결·집행,지급명령 소송.형사고소.경매신청 1월에 진행했습니다 변호사통해서 소송진행하엿고 형사고소 셀프로진행 집주인연락두절로 임시사건종결. 판결후에 압류.경매등 법무사에서 진행하라고 안내받고 법무사통해서 경매 진행한 상태입니다. 집주인은 계속 연락두절. 신용정보사 의뢰해서 확인해보니 집주인명의 다른집들 임차권등기되어있는걸로 확인됨 경매진행하여도 보증금 전체 회수불가한상태라 변호사님통해서 추가소송 가능한게있을까요? 부동산에도 소송진행하고싶은데 소송가능할까요? 변호사 사무실에서 보증금 회수어려우면 신용정보사에 수수료지급하고 회수진행하는것도 나을꺼같다고했는데 신용정보사에 의뢰해도 되는걸까요?,주소불명확,unknown,보증상품 보증상품 미확인 | 주택유형 미상 | 보증금구간 1억~2억 | 계약상태 계약종료 | 선순위권리 압류·가압류 | 반환보증 미상 | 분쟁유형 경매·공매 | 진행단계 판결·집행 | 상황 지급명령 소송.형사고소.경매신청 1월에 진행했습니다 변호사통해서 소송진행하엿고 형사고소 셀프로진행 집주인연락두절로 임시사건종결. 판결후에 압류.경매등 법무사에서 진행하라고 안내받고 법무사통해서 경매 진행한 상태입니다. 집주인은 계속 연락두절. 신용정보사 의뢰해서 확인해보니 집주인명의 다른집들 임차권등기되어있는걸로 확인됨 경매진행하여도 보증금 전체 회수불가한상태라 변호사님통해서 추가소송 가능한게있을까요? 부동산에도 소송진행하고싶은데 소송가능할까요? 변호사 사무실에서 보증금 회수어려우면 신용정보사에 수수료지급하고 회수진행하는것도 나을꺼같다고했는데 신용정보사에 의뢰해도 되는걸까요? | 특이사항 주소불명확,provided_synthetic_consultations
CASE-0782,G09,세종,미상,3억 이상,계약중(종료예정),미상,미상,가입,보증금미반환,상담·검토,"임대차 계약이 2025년 9월 4일 종료 예정입니다. 임대인은 “매매가 우선이며, 매매가 안 될 경우에만 전세 연장을 고려한다”는 모호한 입장을 지속적으로 밝혀왔습니다. 이에 따라 저희는 전세계약 종료에 대비해 새로 이사할 집을 알아보았고, 2025년 7월 10일 임대인과의 전화 협의를 거쳐 계약 진행 허락을 받고 이사갈 집 계약을 체결하게 되었습니다. 그러나 이후 임대인은 “해지 통보가 늦었고, 배려가 없었다”는 이유로 불쾌감을 드러내며, 계약 종료일(9월 4일)까지의 전세보증금 반환에 대해 명확한 확답을 주지 않고 있는 상황입니다. 계약서상 종료일에 맞춘 이사 및 새 계약이 확정된 상황으로, 임대인의 대응 지연 또는 반환 거절 시 계약금 몰수(3천5백만원 및 이사갈 집 세입자의 계약금 몰수 등)심각한 피해위기에 처해있습니다.",,unknown,"보증상품 보증상품 미확인 | 주택유형 미상 | 보증금구간 3억 이상 | 계약상태 계약중(종료예정) | 선순위권리 미상 | 반환보증 가입 | 분쟁유형 보증금미반환 | 진행단계 상담·검토 | 상황 임대차 계약이 2025년 9월 4일 종료 예정입니다. 임대인은 “매매가 우선이며, 매매가 안 될 경우에만 전세 연장을 고려한다”는 모호한 입장을 지속적으로 밝혀왔습니다. 이에 따라 저희는 전세계약 종료에 대비해 새로 이사할 집을 알아보았고, 2025년 7월 10일 임대인과의 전화 협의를 거쳐 계약 진행 허락을 받고 이사갈 집 계약을 체결하게 되었습니다. 그러나 이후 임대인은 “해지 통보가 늦었고, 배려가 없었다”는 이유로 불쾌감을 드러내며, 계약 종료일(9월 4일)까지의 전세보증금 반환에 대해 명확한 확답을 주지 않고 있는 상황입니다. 계약서상 종료일에 맞춘 이사 및 새 계약이 확정된 상황으로, 임대인의 대응 지연 또는 반환 거절 시 계약금 몰수(3천5백만원 및 이사갈 집 세입자의 계약금 몰수 등)심각한 피해위기에 처해있습니다.",provided_synthetic_consultations
CASE-0783,G09,경기,파주시,2억~3억,계약중(종료예정),미상,미상,미가입,보증금미반환,상담·검토,"23년 전세 재계약을 했고, 전세 만료일은 25년 12월06일 까지입니다. 분양받은 집 입주 날짜는 2025년 07월 28일 입니다. 전세 만료전 이사 예정으로 재계약시 임대인에게 미리고지 해둠, 2월에 입주시기가 정해서져 미리 6~8월에 나간다고 고지, 4월말에 정확한 이사 날짜 픽스되서 최종 이사 날짜 고지했습니다. 집주인도 알겠다고 한 상황이고 부동산에도 집을 내놓은 상태입니다. 그런데 이사2주 앞두고도 새세입자가 구해지지 않는 상황이라서 집주인이 보증금을 돌려줄수 있는 여력이 안된다고 혹시 전세 보증 보험 가입이 되어있냐고 연락 받았습니다. 전세 재계약 당시 전세가가 많이 떨어진 상태 였는데, 저희는 계약 만기전 이사나가야하고 집주인은 많은 보증금을 돌려주기에는 부담이 있다고 해서 2천만원을 낮춘 금액으로 재계약을했었는데 매매가에 비해 전세가가 높은 상태라서 보증보험 가입이 반려되어 보증보험이 없는상태입니다. 집주인이 전세 보증금을 돌려주지 않으면 분양 받은 집의 주택담보대출이 실행이 안되는 상황인데 만약 집주인이 보증금을 못돌려주면 2주 남은 시점에 저희가 어떻게 대응 해야 하나요?",,unknown,"보증상품 보증상품 미확인 | 주택유형 미상 | 보증금구간 2억~3억 | 계약상태 계약중(종료예정) | 선순위권리 미상 | 반환보증 미가입 | 분쟁유형 보증금미반환 | 진행단계 상담·검토 | 상황 23년 전세 재계약을 했고, 전세 만료일은 25년 12월06일 까지입니다. 분양받은 집 입주 날짜는 2025년 07월 28일 입니다. 전세 만료전 이사 예정으로 재계약시 임대인에게 미리고지 해둠, 2월에 입주시기가 정해서져 미리 6~8월에 나간다고 고지, 4월말에 정확한 이사 날짜 픽스되서 최종 이사 날짜 고지했습니다. 집주인도 알겠다고 한 상황이고 부동산에도 집을 내놓은 상태입니다. 그런데 이사2주 앞두고도 새세입자가 구해지지 않는 상황이라서 집주인이 보증금을 돌려줄수 있는 여력이 안된다고 혹시 전세 보증 보험 가입이 되어있냐고 연락 받았습니다. 전세 재계약 당시 전세가가 많이 떨어진 상태 였는데, 저희는 계약 만기전 이사나가야하고 집주인은 많은 보증금을 돌려주기에는 부담이 있다고 해서 2천만원을 낮춘 금액으로 재계약을했었는데 매매가에 비해 전세가가 높은 상태라서 보증보험 가입이 반려되어 보증보험이 없는상태입니다. 집주인이 전세 보증금을 돌려주지 않으면 분양 받은 집의 주택담보대출이 실행이 안되는 상황인데 만약 집주인이 보증금을 못돌려주면 2주 남은 시점에 저희가 어떻게 대응 해야 하나요?",provided_synthetic_consultations
CASE-0784,G09,충북,미상,1억~2억,계약중(종료예정),아파트,미상,가입,기타·일반문의,HUG이행청구,"아파트 전세가 8월 2일 만기 예정이고, 임대인과 5월7일 연장의사가 있다는 것을 유선상 통화했으며 녹취록은 없습니다.(문자로 문의했더니 문자로는 모하다며 전화가 왔으나 갑자기 연락와서 녹음을 못했습니다) 계약서 재작성 월 2일부터 카톡, 그 후에도 문자, 전화 연락을 취하고 있지만 임대인은 연락이 되지않습니다. 부동산에 문의 하니 6월 초 연락시에도 연락이 되지않았다고 합니다. 집으로 임대인 앞으로 보증회사에서 카드6천만원 이상 미납되었다고 오는 우편물이 오고 있으며, 임대인이 재정형편이 어려워진 것 같아 불안한 상태입니다. 이럴 경우 지금이라도 계약해지의사를 표시하고, 보증금 이행청구를 통해 보증금을 받아야할 것 같은데 어떻게해야 최소의 기간 내에 전세금 피해가 없도록 할 수 있을지",1. 아파트 / 대항력 있는 것으로 추정,unknown,"보증상품 보증상품 미확인 | 주택유형 아파트 | 보증금구간 1억~2억 | 계약상태 계약중(종료예정) | 선순위권리 미상 | 반환보증 가입 | 분쟁유형 기타·일반문의 | 진행단계 HUG이행청구 | 상황 아파트 전세가 8월 2일 만기 예정이고, 임대인과 5월7일 연장의사가 있다는 것을 유선상 통화했으며 녹취록은 없습니다.(문자로 문의했더니 문자로는 모하다며 전화가 왔으나 갑자기 연락와서 녹음을 못했습니다) 계약서 재작성 월 2일부터 카톡, 그 후에도 문자, 전화 연락을 취하고 있지만 임대인은 연락이 되지않습니다. 부동산에 문의 하니 6월 초 연락시에도 연락이 되지않았다고 합니다. 집으로 임대인 앞으로 보증회사에서 카드6천만원 이상 미납되었다고 오는 우편물이 오고 있으며, 임대인이 재정형편이 어려워진 것 같아 불안한 상태입니다. 이럴 경우 지금이라도 계약해지의사를 표시하고, 보증금 이행청구를 통해 보증금을 받아야할 것 같은데 어떻게해야 최소의 기간 내에 전세금 피해가 없도록 할 수 있을지 | 특이사항 1. 아파트 / 대항력 있는 것으로 추정",provided_synthetic_consultations
CASE-0785,G09,미상,미상,1억~2억,계약중(종료예정),미상,미상,가입,기타·일반문의,임차권등기,25.08.21 만기인데 허그 임대보증금 가입 되어있는 상황인데 임차권등기를해서 보증보험을 받아라고 얘기를하더라구요 만기가 21일이니 22일 임차권등기명령을하고 임대보증 가입이니 10월 22일 보증이행청구를 해야하는지 그리고 찾아보니 최소 2달전에는 계약안하겠다는 의사표현 메세지가 있어야한다는데 저는 한달전에 얘기를 드렸는대 이런 경우 어떻게 해야하나요?? 저한태 이런일이 생길지 생각도 못햇습니다 ㅠ,,unknown,보증상품 보증상품 미확인 | 주택유형 미상 | 보증금구간 1억~2억 | 계약상태 계약중(종료예정) | 선순위권리 미상 | 반환보증 가입 | 분쟁유형 기타·일반문의 | 진행단계 임차권등기 | 상황 25.08.21 만기인데 허그 임대보증금 가입 되어있는 상황인데 임차권등기를해서 보증보험을 받아라고 얘기를하더라구요 만기가 21일이니 22일 임차권등기명령을하고 임대보증 가입이니 10월 22일 보증이행청구를 해야하는지 그리고 찾아보니 최소 2달전에는 계약안하겠다는 의사표현 메세지가 있어야한다는데 저는 한달전에 얘기를 드렸는대 이런 경우 어떻게 해야하나요?? 저한태 이런일이 생길지 생각도 못햇습니다 ㅠ,provided_synthetic_consultations
CASE-0786,G09,경기,남양주시,3억 이상,계약종료,아파트,미상,미상,기타·일반문의,소송제기,첫 계약기간: 21.07.15~23.07.15(4억7천 계약) 계약갱신요구권: 23.07.15.~25.07.15. 두 번째 감액연장계약: 2025.07.15.~ 2026.07.15.(1억 감액 3억 7천 계약) 총 5년 첫 특약: 만기날짜 25.07.15. 작성 4년동안 임대료 인상 하지 않는다 두 번째 특약: 25.07.15. 차액금액 1억원을 입금한다. 만약 미 입금시 이계약을 해지함. 내용: 처음 같이 작성 임대인에게 갱신요구권 사용 하지 않고 23.07.15. 퇴거하겠다고 이야기함 임대인이 특약도 효력이 있다고 계속 돌려줄 수 없다고 얘기해서 우선 갱신요구권까지 사용하여 총 4년거주 이제 2024년 11월 18일 다시 임대인에게 이제 2025년 7월 15일에 나가겠다고 통보 우선 계속 알아보시겠다고 하고 금액이 모자르다고 방법이 없다고 알아서 하라고 함. 저도 금액이 여유가 있는 상황이 아니여서 금액 조정 연장계약을 제가 제시함. 1억 감액해서 연장계약서 2025년 6월 20일에 작성함. 2025년 7월 14일 하루 남겨두고 제가 연락을 드리니 빌리기고 한 사람이 8월달이 넘어야 준다고 지금은 안된다고 함. 저는 전세대출이 연장도 안되고 문제가 생겨서 7월 16일 이후에는 연체가 진행 된 상황임 문의 내용 1. 형사고소가 가능한지? 2. 첨부계약서 제6조 채무불이행과 손해배상관련 제가 소송이 가능한지,1. 아파트 / 대항력 있음,unknown,보증상품 보증상품 미확인 | 주택유형 아파트 | 보증금구간 3억 이상 | 계약상태 계약종료 | 선순위권리 미상 | 반환보증 미상 | 분쟁유형 기타·일반문의 | 진행단계 소송제기 | 상황 첫 계약기간: 21.07.15~23.07.15(4억7천 계약) 계약갱신요구권: 23.07.15.~25.07.15. 두 번째 감액연장계약: 2025.07.15.~ 2026.07.15.(1억 감액 3억 7천 계약) 총 5년 첫 특약: 만기날짜 25.07.15. 작성 4년동안 임대료 인상 하지 않는다 두 번째 특약: 25.07.15. 차액금액 1억원을 입금한다. 만약 미 입금시 이계약을 해지함. 내용: 처음 같이 작성 임대인에게 갱신요구권 사용 하지 않고 23.07.15. 퇴거하겠다고 이야기함 임대인이 특약도 효력이 있다고 계속 돌려줄 수 없다고 얘기해서 우선 갱신요구권까지 사용하여 총 4년거주 이제 2024년 11월 18일 다시 임대인에게 이제 2025년 7월 15일에 나가겠다고 통보 우선 계속 알아보시겠다고 하고 금액이 모자르다고 방법이 없다고 알아서 하라고 함. 저도 금액이 여유가 있는 상황이 아니여서 금액 조정 연장계약을 제가 제시함. 1억 감액해서 연장계약서 2025년 6월 20일에 작성함. 2025년 7월 14일 하루 남겨두고 제가 연락을 드리니 빌리기고 한 사람이 8월달이 넘어야 준다고 지금은 안된다고 함. 저는 전세대출이 연장도 안되고 문제가 생겨서 7월 16일 이후에는 연체가 진행 된 상황임 문의 내용 1. 형사고소가 가능한지? 2. 첨부계약서 제6조 채무불이행과 손해배상관련 제가 소송이 가능한지 | 특이사항 1. 아파트 / 대항력 있음,provided_synthetic_consultations
CASE-0787,G09,미상,일산동구,2억~3억,계약중(종료예정),미상,미상,가입,보증금미반환,상담·검토,2022년 12월 12일~2024년 12월 11일 계약종료였는데 집주인 전세보증금 반환 불가해서 재계약 연장한 상태인데 저는 이제 이 집을 나가고싶은데 집주인이 보증금 반환이 불가해서 계약을 지속 연장하고있는 경우 입니다 당장 1개월이나 2개월 뒤에 나가고 싶은데 나갈수 있는 방법 있을까요?,* 연락처 부정확,unknown,보증상품 보증상품 미확인 | 주택유형 미상 | 보증금구간 2억~3억 | 계약상태 계약중(종료예정) | 선순위권리 미상 | 반환보증 가입 | 분쟁유형 보증금미반환 | 진행단계 상담·검토 | 상황 2022년 12월 12일~2024년 12월 11일 계약종료였는데 집주인 전세보증금 반환 불가해서 재계약 연장한 상태인데 저는 이제 이 집을 나가고싶은데 집주인이 보증금 반환이 불가해서 계약을 지속 연장하고있는 경우 입니다 당장 1개월이나 2개월 뒤에 나가고 싶은데 나갈수 있는 방법 있을까요? | 특이사항 * 연락처 부정확,provided_synthetic_consultations
CASE-0788,G09,인천,서구,1억 미만,계약종료,미상,미상,미상,묵시적갱신분쟁,내용증명·공시송달,임대인의 대리인과 협상중 결렬 되어 묵시적 갱신이 되었고 임대인과의 연락이 어려워 임대차 해지 통보 및 보증금 반환청구의 내용증명을 발송하였습니다. 계약기간중 발송되어 계약기간 만료 4일전에 임대인의 배우자분께서 수령한것으로 확인 되었습니다. 내용증명에 묵시적갱신이 되었고 묵시적갱신 3개월 뒤인 7/13일에 반환해 달라는 내용을 기재하지 못하였는데 해지 통보에 대한 증빙 효력이 가능한지 알고 싶습니다.,,unknown,보증상품 보증상품 미확인 | 주택유형 미상 | 보증금구간 1억 미만 | 계약상태 계약종료 | 선순위권리 미상 | 반환보증 미상 | 분쟁유형 묵시적갱신분쟁 | 진행단계 내용증명·공시송달 | 상황 임대인의 대리인과 협상중 결렬 되어 묵시적 갱신이 되었고 임대인과의 연락이 어려워 임대차 해지 통보 및 보증금 반환청구의 내용증명을 발송하였습니다. 계약기간중 발송되어 계약기간 만료 4일전에 임대인의 배우자분께서 수령한것으로 확인 되었습니다. 내용증명에 묵시적갱신이 되었고 묵시적갱신 3개월 뒤인 7/13일에 반환해 달라는 내용을 기재하지 못하였는데 해지 통보에 대한 증빙 효력이 가능한지 알고 싶습니다.,provided_synthetic_consultations
CASE-0789,G09,미상,관악구,1억 미만,계약종료,미상,미상,미상,기타·일반문의,소송제기,지급명령 신청하려고하는데 막막해요,1. 근생에 주택으로 거주,unknown,보증상품 보증상품 미확인 | 주택유형 미상 | 보증금구간 1억 미만 | 계약상태 계약종료 | 선순위권리 미상 | 반환보증 미상 | 분쟁유형 기타·일반문의 | 진행단계 소송제기 | 상황 지급명령 신청하려고하는데 막막해요 | 특이사항 1. 근생에 주택으로 거주,provided_synthetic_consultations
CASE-0790,G09,부산,중구,1억~2억,계약종료,미상,미상,가입,묵시적갱신분쟁,상담·검토,"1. 임대인과 묵시적연장으로 계약서는 작성했지만 최초계약에 준한다는 특약 2번조항에 의해, 전세금 차액부분이 있고 일부상환하고 다시 계약서작성에 임대인의거절로 버팀목대출심사에 통과되지않은상태. 이럴때 연장계약서가 효력이 있는건지? 2. 이 심사일이 7월 14일,연장계약서는 6월15일작성 버팀목대출만기는 8월 6일, 임대인은 10월14일까지만 전세보증금상환하면된다고 주장하는데 이게 맞는지? 3. 맞다면 3개월후에 임대인이 상환을 못했을때 보증보험가입되어있는데 보증보험회사의 혜택을 받은수 있는지? 사진파일도 함께 참고",,unknown,"보증상품 보증상품 미확인 | 주택유형 미상 | 보증금구간 1억~2억 | 계약상태 계약종료 | 선순위권리 미상 | 반환보증 가입 | 분쟁유형 묵시적갱신분쟁 | 진행단계 상담·검토 | 상황 1. 임대인과 묵시적연장으로 계약서는 작성했지만 최초계약에 준한다는 특약 2번조항에 의해, 전세금 차액부분이 있고 일부상환하고 다시 계약서작성에 임대인의거절로 버팀목대출심사에 통과되지않은상태. 이럴때 연장계약서가 효력이 있는건지? 2. 이 심사일이 7월 14일,연장계약서는 6월15일작성 버팀목대출만기는 8월 6일, 임대인은 10월14일까지만 전세보증금상환하면된다고 주장하는데 이게 맞는지? 3. 맞다면 3개월후에 임대인이 상환을 못했을때 보증보험가입되어있는데 보증보험회사의 혜택을 받은수 있는지? 사진파일도 함께 참고",provided_synthetic_consultations
CASE-0791,G09,대구,대구,1억 미만,계약중(종료예정),빌라,근저당설정,가입,전세사기,상담·검토,"20년도 6월에 계약하여 확정일자,전입신고 모두 되어있는 상태이고 로 보증보험가입은 안되어있고 선순위 근저당있습니다. 지난 6월 30일 임대인에게 파산신청접수 하였다는 연락을 받았고 금주에 파산을 맡은 법무사측과 통화 시 빠르면 1개월안으로 선고 날 것으로 전달 받았습니다. 개인적으로 확인해 봤으나 보증금 회수에 어려움이 있을 것으로 보이며, 전세사기피해자 선정 입증에 있어 중점을 맞추고 있었습니다. 몇일 전 임대인에게 빌라가 6채정도 있으며 해당 빌라의 경우 지난 해부터 계약해지 세대 대상으로 보증금 반환에 어려움이 있어 연락두절, 반환회피 등 있었던 것으로 확인됩니다. 현재 상황에서 법적으로 조치 할 수 있는 사항이 있는지, 전세사기피해자 조건 4번사항에 대해 인정받을 수 있는 경우에 대해 알고 싶습니다.",,unknown,"보증상품 보증상품 미확인 | 주택유형 빌라 | 보증금구간 1억 미만 | 계약상태 계약중(종료예정) | 선순위권리 근저당설정 | 반환보증 가입 | 분쟁유형 전세사기 | 진행단계 상담·검토 | 상황 20년도 6월에 계약하여 확정일자,전입신고 모두 되어있는 상태이고 로 보증보험가입은 안되어있고 선순위 근저당있습니다. 지난 6월 30일 임대인에게 파산신청접수 하였다는 연락을 받았고 금주에 파산을 맡은 법무사측과 통화 시 빠르면 1개월안으로 선고 날 것으로 전달 받았습니다. 개인적으로 확인해 봤으나 보증금 회수에 어려움이 있을 것으로 보이며, 전세사기피해자 선정 입증에 있어 중점을 맞추고 있었습니다. 몇일 전 임대인에게 빌라가 6채정도 있으며 해당 빌라의 경우 지난 해부터 계약해지 세대 대상으로 보증금 반환에 어려움이 있어 연락두절, 반환회피 등 있었던 것으로 확인됩니다. 현재 상황에서 법적으로 조치 할 수 있는 사항이 있는지, 전세사기피해자 조건 4번사항에 대해 인정받을 수 있는 경우에 대해 알고 싶습니다.",provided_synthetic_consultations
CASE-0792,G09,광주,미상,3억 이상,계약중(종료예정),다세대주택,선순위존재,가입,경매·공매,소송제기,"현재 집주인이 전세금을 다 날려먹은 상황입니다 전세로 아직 거주하고 있는 상태이고, 제 확정일자보다 앞서는게 없어서 대항력 있는 선순위 집에 등기부에 가압류가 들어오는 상태이고, 집 주인도 소송하고 강제경매로 집낙찰 받아라 하는 상황입니다 계약기간은 2027년 3월 말 까지이고 보증금은 3억5천1백만원이고, 집 공시가격은 2억 초반으으로 알고있습니다 지금 제가 준비하려고하는건 계속 거주하면서 계약위반으로 전세보증금 반환 소송+강제경매 신청 후 셀프낙찰을 받으려고 계획을 짜고잇습니다. 보증금 3억5천1백만원중 2억800이 전세대출입니다. 소송+강제경매까지 변호사 대행 할 예정인데 위 내용 계획대로 셀프낙찰이 가능한지 알고싶고 셀프낙찰시 보증금 가격으로 낙찰을 받고 상계처리가 되는지, 전세대출금 2억800을 주택담보대출로 전환 처리가 되는지 알고 싶습니다 맡길 변호사님도 찾고있어요 꼭 연락주세요!",1. 다세대 / 대항력있는 선순위임차인,unknown,"보증상품 보증상품 미확인 | 주택유형 다세대주택 | 보증금구간 3억 이상 | 계약상태 계약중(종료예정) | 선순위권리 선순위존재 | 반환보증 가입 | 분쟁유형 경매·공매 | 진행단계 소송제기 | 상황 현재 집주인이 전세금을 다 날려먹은 상황입니다 전세로 아직 거주하고 있는 상태이고, 제 확정일자보다 앞서는게 없어서 대항력 있는 선순위 집에 등기부에 가압류가 들어오는 상태이고, 집 주인도 소송하고 강제경매로 집낙찰 받아라 하는 상황입니다 계약기간은 2027년 3월 말 까지이고 보증금은 3억5천1백만원이고, 집 공시가격은 2억 초반으으로 알고있습니다 지금 제가 준비하려고하는건 계속 거주하면서 계약위반으로 전세보증금 반환 소송+강제경매 신청 후 셀프낙찰을 받으려고 계획을 짜고잇습니다. 보증금 3억5천1백만원중 2억800이 전세대출입니다. 소송+강제경매까지 변호사 대행 할 예정인데 위 내용 계획대로 셀프낙찰이 가능한지 알고싶고 셀프낙찰시 보증금 가격으로 낙찰을 받고 상계처리가 되는지, 전세대출금 2억800을 주택담보대출로 전환 처리가 되는지 알고 싶습니다 맡길 변호사님도 찾고있어요 꼭 연락주세요! | 특이사항 1. 다세대 / 대항력있는 선순위임차인",provided_synthetic_consultations
CASE-0793,G09,부산,사상구,1억~2억,계약중(종료예정),오피스텔,미상,가입,경매·공매,상담·검토,전세임대차계약 2024.12.30 전입신고 확정일자 2025.01.03 전세계약기간 25.02.08 ~ 27.02.07 임대보증보험 2024.01.12 ~ 2025.01.11 이후 갱신가입중 임의경매개시결정됨 현재 임대보증보험 가입이 안되어있음 보증금 전액 다 받는게 가능할까요?,1. 오피스텔/ 대항력없는 후순위임차인,rental_deposit,보증상품 임대보증금보증 | 주택유형 오피스텔 | 보증금구간 1억~2억 | 계약상태 계약중(종료예정) | 선순위권리 미상 | 반환보증 가입 | 분쟁유형 경매·공매 | 진행단계 상담·검토 | 상황 전세임대차계약 2024.12.30 전입신고 확정일자 2025.01.03 전세계약기간 25.02.08 ~ 27.02.07 임대보증보험 2024.01.12 ~ 2025.01.11 이후 갱신가입중 임의경매개시결정됨 현재 임대보증보험 가입이 안되어있음 보증금 전액 다 받는게 가능할까요? | 특이사항 1. 오피스텔/ 대항력없는 후순위임차인,provided_synthetic_consultations
CASE-0794,G09,서울,관악구,1억~2억,계약중(종료예정),다가구주택,압류·가압류,미상,보증금미반환,판결·집행,"2019. 2. 19. 1,000,000원, 2019. 2. 22. 4,000,000원을 각 계약금으로 지급하였으며, 2019. 3. 14. 15,000,000원, 2019. 3. 18. 10,000,000원을 잔금으로 지급하였습니다. 그리고 나머지 전세금인 70,000,000원은 전세자금 대출을 받아 전세 보증금 100,000,000원 전액 지급하였습니다 그리고 계약종료일 보증금이 반환되지 않아 임차권 등기를 설정 하였고 집주인이 본이보다 나이가 어리다고 생각하여 무시하고 넘기는 경향이 있는것 같아 변호사를 통하여 보증금반환 소송에 7/14일 승소하여 항소가 끝나는 28일만 기다리고있는데 혹시 통장 압류나 집주인 집이 전세라면 전세자금 압류 비용은 어떻게 될까요? 그리고 소요기간은 어느정도 되는지 알고싶습니다.",1. 다가구 / 19가중 첫번째 임차인,unknown,"보증상품 보증상품 미확인 | 주택유형 다가구주택 | 보증금구간 1억~2억 | 계약상태 계약중(종료예정) | 선순위권리 압류·가압류 | 반환보증 미상 | 분쟁유형 보증금미반환 | 진행단계 판결·집행 | 상황 2019. 2. 19. 1,000,000원, 2019. 2. 22. 4,000,000원을 각 계약금으로 지급하였으며, 2019. 3. 14. 15,000,000원, 2019. 3. 18. 10,000,000원을 잔금으로 지급하였습니다. 그리고 나머지 전세금인 70,000,000원은 전세자금 대출을 받아 전세 보증금 100,000,000원 전액 지급하였습니다 그리고 계약종료일 보증금이 반환되지 않아 임차권 등기를 설정 하였고 집주인이 본이보다 나이가 어리다고 생각하여 무시하고 넘기는 경향이 있는것 같아 변호사를 통하여 보증금반환 소송에 7/14일 승소하여 항소가 끝나는 28일만 기다리고있는데 혹시 통장 압류나 집주인 집이 전세라면 전세자금 압류 비용은 어떻게 될까요? 그리고 소요기간은 어느정도 되는지 알고싶습니다. | 특이사항 1. 다가구 / 19가중 첫번째 임차인",provided_synthetic_consultations
CASE-0795,G09,경기,하남시,3억 이상,계약중(종료예정),아파트,선순위존재,미상,기타·일반문의,소송제기,만기일 10월27일 1.아파트 전세계약시 계약자 할머니가 돌아가시면서 자녀들에게 상속이 됨. 2.계약시 같이 만나고 은행대출에 연대보증 들어간 할머니 딸과 나머지 자식들 사이 재산 싸움으로 상속 무효 소송 시작됨. 3. 그러면서 딸과 생전 할머니가 전세계약 전 우리 몰래 분양권을 매매 함. 그 사실을 숨기고 우리와 전세계약을 함. 4. 분양권 매매 사실을 이번에 전세 만기일 에 갱신 거절 의사를 우리가 전달하며 알게됨.(등기부등본 띄다 알게됨) 5. 전세 기간동안 계속 연락을 주고 받은 딸에게 연락하여 만기일에 나가겠다고 알리고 전세금 반환 요청을 하니 위 사실들을 말하여 돈을 주기가 힘들다. 노력하겠다. 잘 될거다 하며 계속 확답을 미룸. 6.다시 오늘 통화하니 분양권 매매 자가 돈을 줘야 하는데 소송을 하는게 좋을지 잘 모르겠다 라고 함. 이러한 상황에서 전세금 전액을 받을 소송을 미리 진행과 기망행위로 인한 계약 해지(만기일 전) 및 반환 에 관련해서 상담 및 진행하고 싶습니다.,1. 대항력있는 선순위임차인 / 실거래가 11억,unknown,보증상품 보증상품 미확인 | 주택유형 아파트 | 보증금구간 3억 이상 | 계약상태 계약중(종료예정) | 선순위권리 선순위존재 | 반환보증 미상 | 분쟁유형 기타·일반문의 | 진행단계 소송제기 | 상황 만기일 10월27일 1.아파트 전세계약시 계약자 할머니가 돌아가시면서 자녀들에게 상속이 됨. 2.계약시 같이 만나고 은행대출에 연대보증 들어간 할머니 딸과 나머지 자식들 사이 재산 싸움으로 상속 무효 소송 시작됨. 3. 그러면서 딸과 생전 할머니가 전세계약 전 우리 몰래 분양권을 매매 함. 그 사실을 숨기고 우리와 전세계약을 함. 4. 분양권 매매 사실을 이번에 전세 만기일 에 갱신 거절 의사를 우리가 전달하며 알게됨.(등기부등본 띄다 알게됨) 5. 전세 기간동안 계속 연락을 주고 받은 딸에게 연락하여 만기일에 나가겠다고 알리고 전세금 반환 요청을 하니 위 사실들을 말하여 돈을 주기가 힘들다. 노력하겠다. 잘 될거다 하며 계속 확답을 미룸. 6.다시 오늘 통화하니 분양권 매매 자가 돈을 줘야 하는데 소송을 하는게 좋을지 잘 모르겠다 라고 함. 이러한 상황에서 전세금 전액을 받을 소송을 미리 진행과 기망행위로 인한 계약 해지(만기일 전) 및 반환 에 관련해서 상담 및 진행하고 싶습니다. | 특이사항 1. 대항력있는 선순위임차인 / 실거래가 11억,provided_synthetic_consultations
CASE-0796,G09,서울,양천구,3억 이상,계약중(종료예정),미상,미상,미상,기타·일반문의,소송제기,임차권등기설정및 소송진행,* 운전중이니까 나중에 통화하자 / 시큰둥 함,unknown,보증상품 보증상품 미확인 | 주택유형 미상 | 보증금구간 3억 이상 | 계약상태 계약중(종료예정) | 선순위권리 미상 | 반환보증 미상 | 분쟁유형 기타·일반문의 | 진행단계 소송제기 | 상황 임차권등기설정및 소송진행 | 특이사항 * 운전중이니까 나중에 통화하자 / 시큰둥 함,provided_synthetic_consultations
CASE-0797,G09,경기,안양시,3억 이상,계약중(종료예정),아파트,미상,가입,보증금미반환,소송제기,임차권등기명령신청 및 전세보증금반환소송,1. 아파트 / 대항력있음 / 실거래가 10억정도,unknown,보증상품 보증상품 미확인 | 주택유형 아파트 | 보증금구간 3억 이상 | 계약상태 계약중(종료예정) | 선순위권리 미상 | 반환보증 가입 | 분쟁유형 보증금미반환 | 진행단계 소송제기 | 상황 임차권등기명령신청 및 전세보증금반환소송 | 특이사항 1. 아파트 / 대항력있음 / 실거래가 10억정도,provided_synthetic_consultations
CASE-0798,G09,미상,미상,1억~2억,계약종료,다세대주택,미상,미상,경매·공매,상담·검토,"21.3월부터 공동담보 다세대주택 2년 계약 후 묵시적 연장으로 살고 있습니다. 임대인이 가입하는 반환보험은 25.3월에 완료되었고, 재연장 된다는 말에 계속 살고 있었습니다.(임차인이 가입하는 건 가입 불가). 그러나 연장이 불발 됐다고 7/17 통보를 받았고 퇴거를 희망했으나 돈이 없다고 합니다. 주인이 보유 중인 건물 중 경매로 넘어간 건물도 있다고 알고 있습니다.(어떤 건물인지는 모르고 팩트체크는 안됨). 피해가 예정된 상황에서 선제 조치할 수 있는 방안이 있을까요?",1. 임대인이 임대사업자인지 여부 불명확,unknown,"보증상품 보증상품 미확인 | 주택유형 다세대주택 | 보증금구간 1억~2억 | 계약상태 계약종료 | 선순위권리 미상 | 반환보증 미상 | 분쟁유형 경매·공매 | 진행단계 상담·검토 | 상황 21.3월부터 공동담보 다세대주택 2년 계약 후 묵시적 연장으로 살고 있습니다. 임대인이 가입하는 반환보험은 25.3월에 완료되었고, 재연장 된다는 말에 계속 살고 있었습니다.(임차인이 가입하는 건 가입 불가). 그러나 연장이 불발 됐다고 7/17 통보를 받았고 퇴거를 희망했으나 돈이 없다고 합니다. 주인이 보유 중인 건물 중 경매로 넘어간 건물도 있다고 알고 있습니다.(어떤 건물인지는 모르고 팩트체크는 안됨). 피해가 예정된 상황에서 선제 조치할 수 있는 방안이 있을까요? | 특이사항 1. 임대인이 임대사업자인지 여부 불명확",provided_synthetic_consultations
CASE-0799,G09,경기,안양시,1억~2억,계약종료,다세대주택,선순위존재,가입,보증금미반환,상담·검토,2년전 집주인이 반환할 수 있는 보증급이 없다고 하여 계약안하고 점거해있는 상태입니다. 등기에선 가압류가 들어가 있는 상태이며 예전에 법률 상담을 받았을땐 일단 기다려보라고 해서 기다리는 중인데 현재는 집주인과 연락도 되지 않습니다. 여기서 제가 무엇을 해야하는지 알고 싶어서 채권자들의 가압류가 들어가있는데 세입자들이 무엇을 해야 전세보증금을 지킬 수 있을까요?,1. 다세대주택 / 대항력있는 선순위임차인,unknown,보증상품 보증상품 미확인 | 주택유형 다세대주택 | 보증금구간 1억~2억 | 계약상태 계약종료 | 선순위권리 선순위존재 | 반환보증 가입 | 분쟁유형 보증금미반환 | 진행단계 상담·검토 | 상황 2년전 집주인이 반환할 수 있는 보증급이 없다고 하여 계약안하고 점거해있는 상태입니다. 등기에선 가압류가 들어가 있는 상태이며 예전에 법률 상담을 받았을땐 일단 기다려보라고 해서 기다리는 중인데 현재는 집주인과 연락도 되지 않습니다. 여기서 제가 무엇을 해야하는지 알고 싶어서 채권자들의 가압류가 들어가있는데 세입자들이 무엇을 해야 전세보증금을 지킬 수 있을까요? | 특이사항 1. 다세대주택 / 대항력있는 선순위임차인,provided_synthetic_consultations
CASE-0800,G09,서울,금천구,1억~2억,계약중(종료예정),빌라,압류·가압류,가입,보증금미반환,상담·검토,계약종료는 8월 31일입니다. 입주할 때 계약했던 부동산 통해 3개월 전 퇴거 통보하였고 집보러 오는 사람들이 많았습니다. 그런데 계약을 하려던 분들이 가압류가 걸려있어 계약 못한다고 하시기에 등기부 떼어보니 가압류가 19억 걸려 있습니다. (이 빌라 전체가 걸린 듯합니다) 임대인은 연락 두절상태이며 이 상태에선 보증금 반환은 물론 전세대출 및 보증보험 연장도 안될 듯합니다. 어떻게 해야 할까요?,,unknown,보증상품 보증상품 미확인 | 주택유형 빌라 | 보증금구간 1억~2억 | 계약상태 계약중(종료예정) | 선순위권리 압류·가압류 | 반환보증 가입 | 분쟁유형 보증금미반환 | 진행단계 상담·검토 | 상황 계약종료는 8월 31일입니다. 입주할 때 계약했던 부동산 통해 3개월 전 퇴거 통보하였고 집보러 오는 사람들이 많았습니다. 그런데 계약을 하려던 분들이 가압류가 걸려있어 계약 못한다고 하시기에 등기부 떼어보니 가압류가 19억 걸려 있습니다. (이 빌라 전체가 걸린 듯합니다) 임대인은 연락 두절상태이며 이 상태에선 보증금 반환은 물론 전세대출 및 보증보험 연장도 안될 듯합니다. 어떻게 해야 할까요?,provided_synthetic_consultations
CASE-0801,G09,전남,순천시,1억 미만,계약종료,미상,미상,미상,기타·일반문의,판결·집행,(경매사건) 사건번호의 권리신고 및 배당요구서를 작성하여 보냈는데 건물의 인도일(입주한날) 2022. 3.2일이 아닌 2025. 3.2로 을 잘못기입했습니다. 권리신고가 끝났는데 정정할 수가 없나요?? 이것이 판결에 영향을 미치나요?,,unknown,보증상품 보증상품 미확인 | 주택유형 미상 | 보증금구간 1억 미만 | 계약상태 계약종료 | 선순위권리 미상 | 반환보증 미상 | 분쟁유형 기타·일반문의 | 진행단계 판결·집행 | 상황 (경매사건) 사건번호의 권리신고 및 배당요구서를 작성하여 보냈는데 건물의 인도일(입주한날) 2022. 3.2일이 아닌 2025. 3.2로 을 잘못기입했습니다. 권리신고가 끝났는데 정정할 수가 없나요?? 이것이 판결에 영향을 미치나요?,provided_synthetic_consultations
CASE-0802,G09,전북,익산시,1억 미만,계약중(종료예정),미상,미상,미상,원상복구·정산,임차권등기,"7월31일 계약만료이며, 회사 월31일에 이사를 합니다. 집주인이 건설사로, 건설 시설관리하는 분께 5월30일에 유선상으로 계약만료를 말했습니다. 7월에도 3번이나 보증금, 장기수선충당금에 대해 물었지만 명확한 답을 해주지 않았고 민원을 넣는다 하니까 연락이 왔습니다. 회사 유보금이 돌고, 공사진행중인게 있어 임차인이 구해져야 돈을 줄 수있다고 합니다. 양해를 해달라고하는데 저는 타지역으로 이사를 가기 때문에 더 신경을 쓰고 싶지 않습니다. 이번주에 내용증명을 보내고 임차권등기명령을 신청한다고 시설관리인께 말하면 될까요? 또, 1년씩 계약해서 총 3년 정도 있었는데 마지막 계약시 확정일자를 받지 못했습니다. 이게 문제가 될까요? 보증금은 동일하며, 월세 인상만 있었습니다.",,unknown,"보증상품 보증상품 미확인 | 주택유형 미상 | 보증금구간 1억 미만 | 계약상태 계약중(종료예정) | 선순위권리 미상 | 반환보증 미상 | 분쟁유형 원상복구·정산 | 진행단계 임차권등기 | 상황 7월31일 계약만료이며, 회사 월31일에 이사를 합니다. 집주인이 건설사로, 건설 시설관리하는 분께 5월30일에 유선상으로 계약만료를 말했습니다. 7월에도 3번이나 보증금, 장기수선충당금에 대해 물었지만 명확한 답을 해주지 않았고 민원을 넣는다 하니까 연락이 왔습니다. 회사 유보금이 돌고, 공사진행중인게 있어 임차인이 구해져야 돈을 줄 수있다고 합니다. 양해를 해달라고하는데 저는 타지역으로 이사를 가기 때문에 더 신경을 쓰고 싶지 않습니다. 이번주에 내용증명을 보내고 임차권등기명령을 신청한다고 시설관리인께 말하면 될까요? 또, 1년씩 계약해서 총 3년 정도 있었는데 마지막 계약시 확정일자를 받지 못했습니다. 이게 문제가 될까요? 보증금은 동일하며, 월세 인상만 있었습니다.",provided_synthetic_consultations
CASE-0803,G09,강원,미상,1억~2억,계약종료,미상,압류·가압류,가입,기타·일반문의,상담·검토,2024년7월5일 1억 전세계약을 1년으로 명시하고 계약했습니다 임대사업자라 보증보험가입된상태입니다 (1년계약으로 명시해서 2개월전에 통보하지않고)2025년6월14일에 집내놓으셨는지 확인차 연락드렸습니다 그후 7월12일 집계약할 사람이 7월25일 입주가능하다고 해서 부동산에서 등기 확인하니 2024년7월3일 국세체납.2024년7월11일에 가압류가 되어있어 부동산에서 임대인께 연락을 하니 7월31일날 돈이 들어온다고 해서 전세 들어올 사람이 계약을 못하고 갔어요 그뒤로 임대인이 연락을 받지 않고 있습니다.정말 막막합니다 도움부탁드려요ㅠ,* 연락처 부정확,unknown,보증상품 보증상품 미확인 | 주택유형 미상 | 보증금구간 1억~2억 | 계약상태 계약종료 | 선순위권리 압류·가압류 | 반환보증 가입 | 분쟁유형 기타·일반문의 | 진행단계 상담·검토 | 상황 2024년7월5일 1억 전세계약을 1년으로 명시하고 계약했습니다 임대사업자라 보증보험가입된상태입니다 (1년계약으로 명시해서 2개월전에 통보하지않고)2025년6월14일에 집내놓으셨는지 확인차 연락드렸습니다 그후 7월12일 집계약할 사람이 7월25일 입주가능하다고 해서 부동산에서 등기 확인하니 2024년7월3일 국세체납.2024년7월11일에 가압류가 되어있어 부동산에서 임대인께 연락을 하니 7월31일날 돈이 들어온다고 해서 전세 들어올 사람이 계약을 못하고 갔어요 그뒤로 임대인이 연락을 받지 않고 있습니다.정말 막막합니다 도움부탁드려요ㅠ | 특이사항 * 연락처 부정확,provided_synthetic_consultations
CASE-0804,G09,광주,미상,3억 이상,계약종료,빌라,미상,가입,보증금미반환,소송제기,"간략히 사실관계 요약하자면 다음과 같습니다. 1. 2020년 9월 상도동 빌라 전세계약 (임대기간 2020-09~2022-09) 하였으며, 우리은행 통해 전세대출 진행 2. 2022년 9월 계약기간 만료일 전 내용증명과 문자 등을 통하여 집주인에게 계약종료 안내 3. 임대인은 전세금을 돌려줄 자금이 없으며, 세입자가 구해지기 전까지는 전세금을 돌려줄 수 없다는 의견 4. 전세금 반환이 진행되지 않음에 따라, 대출 연장 및 우선 상도동 전세집에 거주 5. 2022년 12월 년 4월 서울보증보험이 우리은행 전세자금 대출 대위변제 (회생시 전세자금대출은 별제권으로 처리됨) 6. \`23년 4월~5월 서울보증보험에게 집주인이 보증금을 돌려주지 않아 반환할 수 없으며, 월 3~4%의 미반환 이자 발생할 것을 유선으로 안내 받아 해당하는 금액을 매월 모으고 있었음 7. \`25년 3월 서울보증보험에서 집주인 상대로 지급명령 청구하였으며 요지는 다음과 같습니다: - 변제금을 갚을 때까지 연 4.13%의 지연손해금 지급 6. 2025년 5월 8일 서울보증보험에서 저와 집주인 공동피고인으로 구상금 제소 7. 소의 요지는 다음과 같습니다. - \""\""은 임대인에게 주택을 인도하고 \""과\"" 임대인은 공동하여 질권설정된 금액 (약 3.5억) 한도 내에서 서울보증보험에 지급하고 - \`23년 4월부터 발생한 이자를 지급해야 함 (%~7%, 소장 송달일부터 지급일까지 12%) 8. 소에 따라 \`25년 6월 8일 주택인도 관련하여 문의사항은 다음과 같습니다. 1. 소장대로 주택을 인도 했으나, 집주인이 서울보증보험에 지급하지 않는다면, 계속해서 이자가 부담될 텐데 저도 공동으로 부담할 의무가 있는 것인지? 2. 대출금 외 보증금 약 1.3억에 대한 청구 소송은 별도로 진행해야하는지? 2. 집주인에게 계속하여 보증금 반환 요청하였으나, 받지 못하여 이런 일이 발생했는데, 집주인에게 이자 청구 가능한 부분인지 또는 일부 부담하게 할 수 있는지? 전적으로 집주인의 전세금 미반환으로 생긴 일이므로 필요시 변호사님 선임하고 대책을 강구하고 싶습니다.",,unknown,"보증상품 보증상품 미확인 | 주택유형 빌라 | 보증금구간 3억 이상 | 계약상태 계약종료 | 선순위권리 미상 | 반환보증 가입 | 분쟁유형 보증금미반환 | 진행단계 소송제기 | 상황 간략히 사실관계 요약하자면 다음과 같습니다. 1. 2020년 9월 상도동 빌라 전세계약 (임대기간 2020-09~2022-09) 하였으며, 우리은행 통해 전세대출 진행 2. 2022년 9월 계약기간 만료일 전 내용증명과 문자 등을 통하여 집주인에게 계약종료 안내 3. 임대인은 전세금을 돌려줄 자금이 없으며, 세입자가 구해지기 전까지는 전세금을 돌려줄 수 없다는 의견 4. 전세금 반환이 진행되지 않음에 따라, 대출 연장 및 우선 상도동 전세집에 거주 5. 2022년 12월 년 4월 서울보증보험이 우리은행 전세자금 대출 대위변제 (회생시 전세자금대출은 별제권으로 처리됨) 6. \`23년 4월~5월 서울보증보험에게 집주인이 보증금을 돌려주지 않아 반환할 수 없으며, 월 3~4%의 미반환 이자 발생할 것을 유선으로 안내 받아 해당하는 금액을 매월 모으고 있었음 7. \`25년 3월 서울보증보험에서 집주인 상대로 지급명령 청구하였으며 요지는 다음과 같습니다: - 변제금을 갚을 때까지 연 4.13%의 지연손해금 지급 6. 2025년 5월 8일 서울보증보험에서 저와 집주인 공동피고인으로 구상금 제소 7. 소의 요지는 다음과 같습니다. - \""\""은 임대인에게 주택을 인도하고 \""과\"" 임대인은 공동하여 질권설정된 금액 (약 3.5억) 한도 내에서 서울보증보험에 지급하고 - \`23년 4월부터 발생한 이자를 지급해야 함 (%~7%, 소장 송달일부터 지급일까지 12%) 8. 소에 따라 \`25년 6월 8일 주택인도 관련하여 문의사항은 다음과 같습니다. 1. 소장대로 주택을 인도 했으나, 집주인이 서울보증보험에 지급하지 않는다면, 계속해서 이자가 부담될 텐데 저도 공동으로 부담할 의무가 있는 것인지? 2. 대출금 외 보증금 약 1.3억에 대한 청구 소송은 별도로 진행해야하는지? 2. 집주인에게 계속하여 보증금 반환 요청하였으나, 받지 못하여 이런 일이 발생했는데, 집주인에게 이자 청구 가능한 부분인지 또는 일부 부담하게 할 수 있는지? 전적으로 집주인의 전세금 미반환으로 생긴 일이므로 필요시 변호사님 선임하고 대책을 강구하고 싶습니다.",provided_synthetic_consultations
CASE-0805,G09,경북,구미시,1억 미만,계약중(종료예정),다가구주택,미상,미상,묵시적갱신분쟁,상담·검토,"2022년 12월 16일~ 2024년 12.16.까지가 원래계약 기간이었고, 제 돈2500만원, 농협 만원을 대출받았습니다. 계약기간 종료 전 2024년 11월경 전화로 구두상 좀 더 지내고싶습니다. 라고 집주인에게 말하고 집주인에게 \""그러세요\""라고 답변을 받았고 현재까지 지내고 있습니다. 25.5.7.에 결혼으로 전세금을 빼달라고 집주인에게 말씀드렸으나 집주인은 돈이 없다, 받고싶으면 저보고 세입자를 구하라고 하였습니다. 세입자를 구하기위해 노력을 하고있는 상황이고, 현재 제가 묵시적연장상태인걸까요? 5.7.에 퇴실을 요청했었는데 법적인효력이 있을까요?ㅠ",1. 다가구주택,unknown,"보증상품 보증상품 미확인 | 주택유형 다가구주택 | 보증금구간 1억 미만 | 계약상태 계약중(종료예정) | 선순위권리 미상 | 반환보증 미상 | 분쟁유형 묵시적갱신분쟁 | 진행단계 상담·검토 | 상황 2022년 12월 16일~ 2024년 12.16.까지가 원래계약 기간이었고, 제 돈2500만원, 농협 만원을 대출받았습니다. 계약기간 종료 전 2024년 11월경 전화로 구두상 좀 더 지내고싶습니다. 라고 집주인에게 말하고 집주인에게 \""그러세요\""라고 답변을 받았고 현재까지 지내고 있습니다. 25.5.7.에 결혼으로 전세금을 빼달라고 집주인에게 말씀드렸으나 집주인은 돈이 없다, 받고싶으면 저보고 세입자를 구하라고 하였습니다. 세입자를 구하기위해 노력을 하고있는 상황이고, 현재 제가 묵시적연장상태인걸까요? 5.7.에 퇴실을 요청했었는데 법적인효력이 있을까요?ㅠ | 특이사항 1. 다가구주택",provided_synthetic_consultations
CASE-0806,G09,대전,유성구,1억 미만,계약중(종료예정),미상,선순위존재,미상,경매·공매,임차권등기,"이미 전세 계약은 끝났지만 임대인이 돈을 주지않아 6개월 계약을 연장한 상황입니다. 그런데 이번 계약 만료일에도 돈을 받지 못할 거같은데 임차권등기설정과 경매, 선순위, 배당금 등에 관해 문의 하고 싶습니다",,unknown,"보증상품 보증상품 미확인 | 주택유형 미상 | 보증금구간 1억 미만 | 계약상태 계약중(종료예정) | 선순위권리 선순위존재 | 반환보증 미상 | 분쟁유형 경매·공매 | 진행단계 임차권등기 | 상황 이미 전세 계약은 끝났지만 임대인이 돈을 주지않아 6개월 계약을 연장한 상황입니다. 그런데 이번 계약 만료일에도 돈을 받지 못할 거같은데 임차권등기설정과 경매, 선순위, 배당금 등에 관해 문의 하고 싶습니다",provided_synthetic_consultations
CASE-0807,G09,부산,북구,1억~2억,계약중(종료예정),아파트,압류·가압류,미가입,경매·공매,내용증명·공시송달,"★1차계약 계약기간 : 2021.10.14-2023.10.13 보증금 : 175,000,000 확정일자 : 2021.09.24 보증보험 : 미가입 ★2차계약 계약기간 : 2023.10.14-2025.10.13 보증금 : 175,000,000 확정일자 : 없음(오늘 신청함) 보증보험 : 미가입 비고 : 은행 대출 연장을 위해 재계약서 작성(계약서에 \""재계약\""명시) 현재상황 1)2024년 초, 집주인 명의의 부동산 가압류 통지서 수령 2)집주인 개인회생 신청 -> 현재는 회생 및 가압류 해지 상태 3) 2025.3월 퇴거 희망 의사 전달->전세 및 매매 둘다 진행중이나 세입자 미확보 4) 보증금 반환 가능성 희박 -> 향후 경매 가능성 대비 필요 현재 경매 가능성 대비해서 검토할 부분에 대해 상담받고 싶습니다. 내용증명도 곧 보낼예정입니다 !",1. 아파트 / 대항력있음 / 깡통주택,unknown,"보증상품 보증상품 미확인 | 주택유형 아파트 | 보증금구간 1억~2억 | 계약상태 계약중(종료예정) | 선순위권리 압류·가압류 | 반환보증 미가입 | 분쟁유형 경매·공매 | 진행단계 내용증명·공시송달 | 상황 ★1차계약 계약기간 : 2021.10.14-2023.10.13 보증금 : 175,000,000 확정일자 : 2021.09.24 보증보험 : 미가입 ★2차계약 계약기간 : 2023.10.14-2025.10.13 보증금 : 175,000,000 확정일자 : 없음(오늘 신청함) 보증보험 : 미가입 비고 : 은행 대출 연장을 위해 재계약서 작성(계약서에 \""재계약\""명시) 현재상황 1)2024년 초, 집주인 명의의 부동산 가압류 통지서 수령 2)집주인 개인회생 신청 -> 현재는 회생 및 가압류 해지 상태 3) 2025.3월 퇴거 희망 의사 전달->전세 및 매매 둘다 진행중이나 세입자 미확보 4) 보증금 반환 가능성 희박 -> 향후 경매 가능성 대비 필요 현재 경매 가능성 대비해서 검토할 부분에 대해 상담받고 싶습니다. 내용증명도 곧 보낼예정입니다 ! | 특이사항 1. 아파트 / 대항력있음 / 깡통주택",provided_synthetic_consultations
CASE-0808,G09,울산,남구,2억~3억,계약중(종료예정),미상,미상,미상,보증금미반환,상담·검토,"11월 19일에 전세계약 만료로 이사 예정입니다. 원래는 12월 1일이었으나, 계약 만료 합의를 하였고 새로운 세입자가 있을 시 조율 가능하다는 조건 하에 임대인은 집을 내놓았고 매매가 되어 11월 19일 되었습니다. 매수자는 11월 19일에 4.1억을 매도자(현 임대인)에 지급하고(전세 끼고 매매 X) 매도자가 제 대출계좌(버팀목전세대출계좌)로 직접 송금하게 되는데, 반환 전에 매수자가 등기 접수를 하여 소유권 이전이 된다면 혹시 매도자가 보증금 반환 의무에서 벗어나게 되는 걸까요? 그럼 저는 매수자(새 임대인)에게 보증금 반환을 요청하게 되는데 매수자는 전세 보증금을 포함해서 지급했기 때문에 의무 이행을 하지 않을 수 있을 것 같습니다. 해당 부분에서 어떻게 하면 좋을지 의견",,unknown,"보증상품 보증상품 미확인 | 주택유형 미상 | 보증금구간 2억~3억 | 계약상태 계약중(종료예정) | 선순위권리 미상 | 반환보증 미상 | 분쟁유형 보증금미반환 | 진행단계 상담·검토 | 상황 11월 19일에 전세계약 만료로 이사 예정입니다. 원래는 12월 1일이었으나, 계약 만료 합의를 하였고 새로운 세입자가 있을 시 조율 가능하다는 조건 하에 임대인은 집을 내놓았고 매매가 되어 11월 19일 되었습니다. 매수자는 11월 19일에 4.1억을 매도자(현 임대인)에 지급하고(전세 끼고 매매 X) 매도자가 제 대출계좌(버팀목전세대출계좌)로 직접 송금하게 되는데, 반환 전에 매수자가 등기 접수를 하여 소유권 이전이 된다면 혹시 매도자가 보증금 반환 의무에서 벗어나게 되는 걸까요? 그럼 저는 매수자(새 임대인)에게 보증금 반환을 요청하게 되는데 매수자는 전세 보증금을 포함해서 지급했기 때문에 의무 이행을 하지 않을 수 있을 것 같습니다. 해당 부분에서 어떻게 하면 좋을지 의견",provided_synthetic_consultations
CASE-0809,G09,경기,수원시,2억~3억,계약중(종료예정),다가구주택,근저당설정,미상,전세사기,임차권등기,"임대차계약 종료전 묵시적 연장인 상태이며 1년반동안 보증금을 반환받지 못하고 있습니다 다가구 건물이며, 다른 선순위임차인이 임차권등기 설정후 이사를 나간 상태이며, 이 선순위임차인이 임대인에게 법적인절차를 진행한다는 의사를 밝혔고 머지않아 경매가 시작될것 같습니다. 그래서 전세사기피해자 신청을 하고싶은데 4호가 충족이 되려면 어느정도의 고의성과 사기를 입증해야 하는지 또 다른 개인사례를 보니 형사고소 없이도 4호가 충족되어 전세사기피해자가 되었던데 드문사례인지 임대인은 연락을 피하고 있지 않으며 다만 모든 소통은 남편이라 주장하는 타인과 하고 있으며(혼인신고X사실혼이라 주장)임대인 명의의 다른 건물2채에 근저당이 많음에도 제가 거주하는 다가구에 근저당이 임차보증금보다 더 많으며,모두 전세인점등 반복성 입증에 도움이 되는 사항인지",,unknown,"보증상품 보증상품 미확인 | 주택유형 다가구주택 | 보증금구간 2억~3억 | 계약상태 계약중(종료예정) | 선순위권리 근저당설정 | 반환보증 미상 | 분쟁유형 전세사기 | 진행단계 임차권등기 | 상황 임대차계약 종료전 묵시적 연장인 상태이며 1년반동안 보증금을 반환받지 못하고 있습니다 다가구 건물이며, 다른 선순위임차인이 임차권등기 설정후 이사를 나간 상태이며, 이 선순위임차인이 임대인에게 법적인절차를 진행한다는 의사를 밝혔고 머지않아 경매가 시작될것 같습니다. 그래서 전세사기피해자 신청을 하고싶은데 4호가 충족이 되려면 어느정도의 고의성과 사기를 입증해야 하는지 또 다른 개인사례를 보니 형사고소 없이도 4호가 충족되어 전세사기피해자가 되었던데 드문사례인지 임대인은 연락을 피하고 있지 않으며 다만 모든 소통은 남편이라 주장하는 타인과 하고 있으며(혼인신고X사실혼이라 주장)임대인 명의의 다른 건물2채에 근저당이 많음에도 제가 거주하는 다가구에 근저당이 임차보증금보다 더 많으며,모두 전세인점등 반복성 입증에 도움이 되는 사항인지",provided_synthetic_consultations
CASE-0810,G09,경기,파주시,3억 이상,계약중(종료예정),미상,미상,미상,기타·일반문의,상담·검토,"2026년 1월 15일이 전세 만기일입니다. 7월 15일이 딱 6개월 전이라 집주인한테 “재계약 할 마음 없다, 1월 15일날 이사 나갈 수 있게 준비해달라“ 문자 보냈더니 ”네 알겠습니다“ 라고 답장이 왔습니다. 그래서 저희는 집을 알아보러 다녔고, 마음에 드는 집이 있어서 계약 하기 전에 집주인한테 한번 더 문자 보냈습니다. “집 알아보러 다니고 있고, 마음에 드는 집 있어서 1월 15일 날짜로 계약하려 한다” 그랬더니 갑자기 “세입자 구해지기 전까지 돈 못준다, 계약하지 말아라, 우리는 책임 없다” 이런식으로 나오는데 저희는 새로운 세입자 구해지기 전까지 이대로 손 놓고 지켜봐야 되나요? 이 집이 대형평수인데 방은 3개라 세입자가 쉽게 구해질 것 같지 않습니다. 집주인은 방을 4개로 만들어 줄.",,unknown,"보증상품 보증상품 미확인 | 주택유형 미상 | 보증금구간 3억 이상 | 계약상태 계약중(종료예정) | 선순위권리 미상 | 반환보증 미상 | 분쟁유형 기타·일반문의 | 진행단계 상담·검토 | 상황 2026년 1월 15일이 전세 만기일입니다. 7월 15일이 딱 6개월 전이라 집주인한테 “재계약 할 마음 없다, 1월 15일날 이사 나갈 수 있게 준비해달라“ 문자 보냈더니 ”네 알겠습니다“ 라고 답장이 왔습니다. 그래서 저희는 집을 알아보러 다녔고, 마음에 드는 집이 있어서 계약 하기 전에 집주인한테 한번 더 문자 보냈습니다. “집 알아보러 다니고 있고, 마음에 드는 집 있어서 1월 15일 날짜로 계약하려 한다” 그랬더니 갑자기 “세입자 구해지기 전까지 돈 못준다, 계약하지 말아라, 우리는 책임 없다” 이런식으로 나오는데 저희는 새로운 세입자 구해지기 전까지 이대로 손 놓고 지켜봐야 되나요? 이 집이 대형평수인데 방은 3개라 세입자가 쉽게 구해질 것 같지 않습니다. 집주인은 방을 4개로 만들어 줄.",provided_synthetic_consultations
CASE-0811,G09,미상,미상,1억~2억,계약중(종료예정),미상,미상,미상,전세사기,임차권등기,궁금한게있어서 여쭤보려고합니다 제가 집주인분과 이번에 재계약을 했는데 (동일조건이라서 계약서없이 묵시적갱신) 계약연장을 한 후에 알게된 내용이 이 건물에 임차권등기가 설정되어잇다는거렸습니다 위 사실을 알게된 후에 바로 계약파기가 가능한가요?? 이럴때는 전세사기피해자 4호에 해당이 되나요?? 기망행위 ? 알려줄 의무가있는데 고의적으로 말을 안해준건가요!?,,unknown,보증상품 보증상품 미확인 | 주택유형 미상 | 보증금구간 1억~2억 | 계약상태 계약중(종료예정) | 선순위권리 미상 | 반환보증 미상 | 분쟁유형 전세사기 | 진행단계 임차권등기 | 상황 궁금한게있어서 여쭤보려고합니다 제가 집주인분과 이번에 재계약을 했는데 (동일조건이라서 계약서없이 묵시적갱신) 계약연장을 한 후에 알게된 내용이 이 건물에 임차권등기가 설정되어잇다는거렸습니다 위 사실을 알게된 후에 바로 계약파기가 가능한가요?? 이럴때는 전세사기피해자 4호에 해당이 되나요?? 기망행위 ? 알려줄 의무가있는데 고의적으로 말을 안해준건가요!?,provided_synthetic_consultations
CASE-0812,G09,서울,구로구,2억~3억,계약중(종료예정),미상,미상,미상,기타·일반문의,상담·검토,"저는 서울 구로구 지역에 거주하는 임대차 현재 반전세로 입주한 지 6일밖에 안 됐는데, 거실 화장실 천장에서 물이 계속 새고 있고, 아랫집도 이 집으로 인해 누수가 발생하고 있습니다. 저희 집은 누수공사 때문에 바닥이 뜯긴 상태로, 앞으로 한 달 동안 이 상태로 생활해야 하는 상황입니다. 게다가 한 방에는 전 세입자 짐을 빼고보니 거실 벽지,바닥에 곰팡이가 피었는데, 집주인 측에서는 저희가 직접 곰팡이 제거 스프레이를 뿌리고, 벽지를 붙이라고 하고 샷시 고정레버도 빠져있어서 말씀드리니 레버만 가져와서 또 저희보고 달라고 부품만 가져오셨습니다. 매우 곤란한 상황입니다. 저는 현재 출산을 50일 앞둔 임산부로, 이런 환경에서 생활하는 것이 건강상 매우 위험하다고 판단됩니다. 그래서 이 상황에서 제가 * 계약 해지나 손해배상 청구가 가능한지, * 임시 거처 비용 또는 이사비용도 집주인에게 청구할 수 있는지, * 앞으로 어떻게 대응하는 것이 법적으로 바람직한지 조언을 받고 싶어 전화드렸습니다.",1. 어떤주택인지 대항력은 있는지 안알려줌,unknown,"보증상품 보증상품 미확인 | 주택유형 미상 | 보증금구간 2억~3억 | 계약상태 계약중(종료예정) | 선순위권리 미상 | 반환보증 미상 | 분쟁유형 기타·일반문의 | 진행단계 상담·검토 | 상황 저는 서울 구로구 지역에 거주하는 임대차 현재 반전세로 입주한 지 6일밖에 안 됐는데, 거실 화장실 천장에서 물이 계속 새고 있고, 아랫집도 이 집으로 인해 누수가 발생하고 있습니다. 저희 집은 누수공사 때문에 바닥이 뜯긴 상태로, 앞으로 한 달 동안 이 상태로 생활해야 하는 상황입니다. 게다가 한 방에는 전 세입자 짐을 빼고보니 거실 벽지,바닥에 곰팡이가 피었는데, 집주인 측에서는 저희가 직접 곰팡이 제거 스프레이를 뿌리고, 벽지를 붙이라고 하고 샷시 고정레버도 빠져있어서 말씀드리니 레버만 가져와서 또 저희보고 달라고 부품만 가져오셨습니다. 매우 곤란한 상황입니다. 저는 현재 출산을 50일 앞둔 임산부로, 이런 환경에서 생활하는 것이 건강상 매우 위험하다고 판단됩니다. 그래서 이 상황에서 제가 * 계약 해지나 손해배상 청구가 가능한지, * 임시 거처 비용 또는 이사비용도 집주인에게 청구할 수 있는지, * 앞으로 어떻게 대응하는 것이 법적으로 바람직한지 조언을 받고 싶어 전화드렸습니다. | 특이사항 1. 어떤주택인지 대항력은 있는지 안알려줌",provided_synthetic_consultations
CASE-0813,G09,미상,미상,1억~2억,계약종료,미상,미상,미상,묵시적갱신분쟁,임차권등기,"1차 계약 2021.07.16~2023.07.16 묵시적갱신 2023.07.17~2025.07.16 묵시적갱신 기간 만료 전 2025.05.11에 임대인에 갱신 거절의사표시 문자를 발송하였고, 문자에 답변을 받아 2025.07.17에 임차권등기명령을 신청하였는데 기간 법원에서 중도해지와 동일하게 통지 후 3개월 경과한때 효력이 발생한다고 주장하고 있습니다. 상담","1. 법원에서 갱신계약이니 6~2개월전 갱신거절이 아닌, 3개월이 지나야 해지가 된다고 임차권등기 보정명령을 내리는중",unknown,"보증상품 보증상품 미확인 | 주택유형 미상 | 보증금구간 1억~2억 | 계약상태 계약종료 | 선순위권리 미상 | 반환보증 미상 | 분쟁유형 묵시적갱신분쟁 | 진행단계 임차권등기 | 상황 1차 계약 2021.07.16~2023.07.16 묵시적갱신 2023.07.17~2025.07.16 묵시적갱신 기간 만료 전 2025.05.11에 임대인에 갱신 거절의사표시 문자를 발송하였고, 문자에 답변을 받아 2025.07.17에 임차권등기명령을 신청하였는데 기간 법원에서 중도해지와 동일하게 통지 후 3개월 경과한때 효력이 발생한다고 주장하고 있습니다. 상담 | 특이사항 1. 법원에서 갱신계약이니 6~2개월전 갱신거절이 아닌, 3개월이 지나야 해지가 된다고 임차권등기 보정명령을 내리는중",provided_synthetic_consultations
CASE-0814,G09,서울,강동구,1억 미만,계약종료,미상,미상,가입,보증금미반환,판결·집행,"전세보증금 계약해지일에 돌려받지 못하여 이상황에 어떤 절차로 소송을 진행하는게 좋을지 자문 구합니다. [상황 전개] 전세계약을 2년전 진행 후 올초에 연장하여 반전세 재계약을 진행함 * 집 소유주는 할머니(모친)고 관리하고 연락하는 사람은 딸임 (버팀목 대출로 hug 보증보험 가입 필요로 재계약시 반전세로 보증금 감액함) 이 과정에서 감액된 보증금을 계약서 작성당일 임대인이 돈이 없다며 돌려받지 못하고 특약사항으로 약 한달가량 시간을 주고 얼마는 언제까지 이렇게 두번에 나누어서 받기로함 하지만 첫번째때 약속을 지키지 않아 두번째 약속일에 전액 다 받기로함 임대인이 연락을 잘안받고 계속 보증금 지급일을 미뤄 내용증명 발송함 (이때 약속한 날까지 또 못받을시 부동산 계약서 제7조에 따라 채무불이행으로 보고 법적조치하겠다고 함) 결국 약속날 돈을 못받고 이틀지나서 받음 > 제7조 내용 임대인의 채무불이행으로 계약해제로 보고 새로운 임차인 구해지면 잔금일에 보증금 다 받고 퇴실하겠다고 전화,문자함(문자기록내용 있음) 새로운 임차인 구해져서 계약 진행하기로 부동산에서 연락왔으나 그다음날 갑자기 임대인이 매매로 내놓겠다며, 새로운 매매인이 안들어와도 제가 이사집을 구하면 이사일에 맞춰서 보증금 전액 돌려줄 수 있다고 함 그래서 이사갈집을 구했고 임대인한테 이날에 이사 예정인데 이날 보증금 전액 정확하게 돌려받을 수 있는게 확실한지 물어보고 그렇다하여 계약금을 걸고 이사일 확정함(이사일까지 약 2개월10일 정도 시간이 있었음) 이사당일 아침10시까지 보증금 전액 돌려주기로 약속함 [사건발단] 지속적으로 보증금 전액 받는 부분에 대해서 확인차 연락함. 이사 전날, 이사 당일 아침까지도 정해진 시간까지 주겠다고 들었으나 가능하다고 했는데 이사 당일 정해진 시간에 돈을 안주어 법적조치 진행하겠다고 하였고 알겠다고함 (시간을 계속 미루다 결국 돈 오늘 못준다고 함) 결론적으로 이사를 못해서 계약금을 날렸고 아직 보증금을 못받아서 이거에 대해 소송을 진행하려고 합니다. (아직 전출 안했고 짐이랑 다 그 집에 월세 내고 있음) 소송상대는 소유주가 할머니라 할머니고 딸이랑 모든 대화를 주고 받음. 할머니는 전화통화 해보았을때 자기가 할머니인데 그런돈이 어디있냐 이런식입니다 지금 상황에서 아래 어떤 방향으로 소송을 진행하는게 저한테 가장 유리하고 돈을 빨리 받을 수 있는 방법인지 자문 구합니다. 소송으로는 [보증금 9600만원 + 이사예정이였던 집 계약금 600만원 + 보증금에대한 지연이자 + 변호사선임/소송비] 모두 받고싶습니다. 1. 임차권 등기명령 신청 후 확정된거 확인하고 전출하여 지연이자까지 모두 청구 소송 (지금까지 임대인과 연락해오면서 봤을때 법적인 조치를 가장 빠르게 진행해야할 것 같고, 강제집행까지 돈을 안줄것 같고해서 지연이자가 있어야 빨리 돈을 받을 수 있을 것 같음) 2. 지금 집에 전출 하지않고 월세내고 거주하면서 모두 청구 소송 진행 이때도 임차권 등기명령 신청과 지연이자를 받을 수 있나요? 3. 허그로 보증금 이행청구 신청하고 계약금과 지연이자 소송 진행 이 경우 지연이자 청구가 가능할지 그리고 보증금 이행청구 신청 결과를 보고 소송을 진행하는게 맞을까요? 그리고 허그 이행청구 신청 3개월정도 걸리는걸로 아는데 결과가 탈락으로 나올시 3개월뒤에 보증금+계약금+지연이자+변호사선임/소송비 모두 소송으로 진행해야 하는건가요? [추가질문] 1. 위 상황으로 보았을때 거의 100% 승소할 가능성이 높은거 맞을까요? 그리고 변호사선임/소송비용 모두 청구 가능한거 맞는거죠? 2. 위에서 어떤 선택이 되었든 우선 임차권 등기명령 신청을 먼저하고 소송 진행하면 될까요? 3. 허그나 임차권 등기명령 신청 시에 중도 해지합의서가 없어도 문자로 계약해제, 퇴실에 대한 내용이 있으면 이걸로 두가지 모두 가능한게 맞을까요? 빨리 돈 다 돌려받고 끝내고 싶은데 이런 상황에서 어떻게 하는게 가장 저한테 유리하고 돈을 빨리 받을지 답변 부탁드립니다 긴글 읽어주셔서",* 바쁘다 나중에 통화하자,unknown,"보증상품 보증상품 미확인 | 주택유형 미상 | 보증금구간 1억 미만 | 계약상태 계약종료 | 선순위권리 미상 | 반환보증 가입 | 분쟁유형 보증금미반환 | 진행단계 판결·집행 | 상황 전세보증금 계약해지일에 돌려받지 못하여 이상황에 어떤 절차로 소송을 진행하는게 좋을지 자문 구합니다. [상황 전개] 전세계약을 2년전 진행 후 올초에 연장하여 반전세 재계약을 진행함 * 집 소유주는 할머니(모친)고 관리하고 연락하는 사람은 딸임 (버팀목 대출로 hug 보증보험 가입 필요로 재계약시 반전세로 보증금 감액함) 이 과정에서 감액된 보증금을 계약서 작성당일 임대인이 돈이 없다며 돌려받지 못하고 특약사항으로 약 한달가량 시간을 주고 얼마는 언제까지 이렇게 두번에 나누어서 받기로함 하지만 첫번째때 약속을 지키지 않아 두번째 약속일에 전액 다 받기로함 임대인이 연락을 잘안받고 계속 보증금 지급일을 미뤄 내용증명 발송함 (이때 약속한 날까지 또 못받을시 부동산 계약서 제7조에 따라 채무불이행으로 보고 법적조치하겠다고 함) 결국 약속날 돈을 못받고 이틀지나서 받음 > 제7조 내용 임대인의 채무불이행으로 계약해제로 보고 새로운 임차인 구해지면 잔금일에 보증금 다 받고 퇴실하겠다고 전화,문자함(문자기록내용 있음) 새로운 임차인 구해져서 계약 진행하기로 부동산에서 연락왔으나 그다음날 갑자기 임대인이 매매로 내놓겠다며, 새로운 매매인이 안들어와도 제가 이사집을 구하면 이사일에 맞춰서 보증금 전액 돌려줄 수 있다고 함 그래서 이사갈집을 구했고 임대인한테 이날에 이사 예정인데 이날 보증금 전액 정확하게 돌려받을 수 있는게 확실한지 물어보고 그렇다하여 계약금을 걸고 이사일 확정함(이사일까지 약 2개월10일 정도 시간이 있었음) 이사당일 아침10시까지 보증금 전액 돌려주기로 약속함 [사건발단] 지속적으로 보증금 전액 받는 부분에 대해서 확인차 연락함. 이사 전날, 이사 당일 아침까지도 정해진 시간까지 주겠다고 들었으나 가능하다고 했는데 이사 당일 정해진 시간에 돈을 안주어 법적조치 진행하겠다고 하였고 알겠다고함 (시간을 계속 미루다 결국 돈 오늘 못준다고 함) 결론적으로 이사를 못해서 계약금을 날렸고 아직 보증금을 못받아서 이거에 대해 소송을 진행하려고 합니다. (아직 전출 안했고 짐이랑 다 그 집에 월세 내고 있음) 소송상대는 소유주가 할머니라 할머니고 딸이랑 모든 대화를 주고 받음. 할머니는 전화통화 해보았을때 자기가 할머니인데 그런돈이 어디있냐 이런식입니다 지금 상황에서 아래 어떤 방향으로 소송을 진행하는게 저한테 가장 유리하고 돈을 빨리 받을 수 있는 방법인지 자문 구합니다. 소송으로는 [보증금 9600만원 + 이사예정이였던 집 계약금 600만원 + 보증금에대한 지연이자 + 변호사선임/소송비] 모두 받고싶습니다. 1. 임차권 등기명령 신청 후 확정된거 확인하고 전출하여 지연이자까지 모두 청구 소송 (지금까지 임대인과 연락해오면서 봤을때 법적인 조치를 가장 빠르게 진행해야할 것 같고, 강제집행까지 돈을 안줄것 같고해서 지연이자가 있어야 빨리 돈을 받을 수 있을 것 같음) 2. 지금 집에 전출 하지않고 월세내고 거주하면서 모두 청구 소송 진행 이때도 임차권 등기명령 신청과 지연이자를 받을 수 있나요? 3. 허그로 보증금 이행청구 신청하고 계약금과 지연이자 소송 진행 이 경우 지연이자 청구가 가능할지 그리고 보증금 이행청구 신청 결과를 보고 소송을 진행하는게 맞을까요? 그리고 허그 이행청구 신청 3개월정도 걸리는걸로 아는데 결과가 탈락으로 나올시 3개월뒤에 보증금+계약금+지연이자+변호사선임/소송비 모두 소송으로 진행해야 하는건가요? [추가질문] 1. 위 상황으로 보았을때 거의 100% 승소할 가능성이 높은거 맞을까요? 그리고 변호사선임/소송비용 모두 청구 가능한거 맞는거죠? 2. 위에서 어떤 선택이 되었든 우선 임차권 등기명령 신청을 먼저하고 소송 진행하면 될까요? 3. 허그나 임차권 등기명령 신청 시에 중도 해지합의서가 없어도 문자로 계약해제, 퇴실에 대한 내용이 있으면 이걸로 두가지 모두 가능한게 맞을까요? 빨리 돈 다 돌려받고 끝내고 싶은데 이런 상황에서 어떻게 하는게 가장 저한테 유리하고 돈을 빨리 받을지 답변 부탁드립니다 긴글 읽어주셔서 | 특이사항 * 바쁘다 나중에 통화하자",provided_synthetic_consultations
CASE-0815,G09,미상,미상,미상,계약중(종료예정),오피스텔,미상,가입,기타·일반문의,상담·검토,이미 잔금 치르고 살고 있고 이후 보증보험 알아보니 계약-잔금치르는사이 부동산시세변동으로 계약조건을 변경해야하는데 집주인이 거부함. 특약으로 보증보험에 동의한다고 명시했으나 거부중,1. 부평에 있는 오피스텔 / 매매가격 09.억,unknown,보증상품 보증상품 미확인 | 주택유형 오피스텔 | 보증금구간 미상 | 계약상태 계약중(종료예정) | 선순위권리 미상 | 반환보증 가입 | 분쟁유형 기타·일반문의 | 진행단계 상담·검토 | 상황 이미 잔금 치르고 살고 있고 이후 보증보험 알아보니 계약-잔금치르는사이 부동산시세변동으로 계약조건을 변경해야하는데 집주인이 거부함. 특약으로 보증보험에 동의한다고 명시했으나 거부중 | 특이사항 1. 부평에 있는 오피스텔 / 매매가격 09.억,provided_synthetic_consultations
CASE-0816,G09,서울,광진구,2억~3억,계약중(종료예정),다세대주택,근저당설정,미상,기타·일반문의,상담·검토,"2021년 2월 입주후 23년 년 2월 만기예정이었습니다. 24년 11월에 24년 8월 구리세무소가 세금체납으로 압류 한 사실을 알고 집주인(광장건설)과 얘기시 세금이 7,8백이라며 24년 연말까지 해결하겠으나 돈을 당장 내주기 힘들다 하여 전세권 설정과 25년 11월 24일까지 재계약을 했습니다 그러나 지금까지 세금은 해결 안 되고 자기들도 이젠 금액을 오르겠다 얘기만 하고 있습니다 세금 외 근저당은 없습니다",1. 다세대주택 / 대항력있음,unknown,"보증상품 보증상품 미확인 | 주택유형 다세대주택 | 보증금구간 2억~3억 | 계약상태 계약중(종료예정) | 선순위권리 근저당설정 | 반환보증 미상 | 분쟁유형 기타·일반문의 | 진행단계 상담·검토 | 상황 2021년 2월 입주후 23년 년 2월 만기예정이었습니다. 24년 11월에 24년 8월 구리세무소가 세금체납으로 압류 한 사실을 알고 집주인(광장건설)과 얘기시 세금이 7,8백이라며 24년 연말까지 해결하겠으나 돈을 당장 내주기 힘들다 하여 전세권 설정과 25년 11월 24일까지 재계약을 했습니다 그러나 지금까지 세금은 해결 안 되고 자기들도 이젠 금액을 오르겠다 얘기만 하고 있습니다 세금 외 근저당은 없습니다 | 특이사항 1. 다세대주택 / 대항력있음",provided_synthetic_consultations
CASE-0817,G09,서울,양천구,3억 이상,계약종료,다세대주택,압류·가압류,미상,묵시적갱신분쟁,판결·집행,"현재 빌라 전세에 살고 있었고(보증금 3.1억원(전세대출 2.1억원 활용) 살던 중에 이 집이 위반건축물로 지정되었고, 저는 이번 계약 종료 끝나면 나갈테니 보증금 달라고 했지만 임대인이 어영부영하여 보증금을 받지 못한 상황이에요. \`25.1월말에 계약 종료되었습니다. 계약 종료시점에 묵시적갱신으로 은행대출은 연장은 해놨는데 1년만 해줬고요, 저는 2월초에 즉시 내용증명 보내서 계약 종료 및 퇴거 의사 전달했고, 아직 퇴거 하지 않은 상황입니다. 5월말에 임대인과 만났는데, 매매/월세를 매우 높게 내놨더라구요, 말도 안되게 (자기가 산 금액보다 높이 팔아야하고, 자기가 대출로 (전세-월세) 보증금 차이 메꾸는 이자비용보다 높게 해야된다면서) 그리고는 6월에 연락이 두절되었습니다. 문자도 안 받고 전화도 안 받고 하여 바로 실행에 옮겼습니다. - 7.14일, 임차권등기명령 완료 - 7.16일, 지급명령 송달 - 7.17일, 임대인에게 연락옴 - 하지만 10~12월중 실현 가능한 제안 제시할 수 있다고 말함 - 7.24일, 임대인이 지급명령에 이의제기 신청. 현재 이런 상황이고, 자동으로 민사 소송으로 전환될 것 같습니다. 여기서 몇몇 고민이 있는데요. 1. 소송 비용 임대인 전가 가능? - 소송에서 승소시 임대인에게 소송 비용 전가가 가능하다고 들었는데 맞나요? (민사소송법 제98조 : \""패소한 자는 소송비용을 부담한다.\"") 2. 변호사 선임 관련 - 변호사 선임 고민중인데, 어느 절차에서 선임이 좋을까요? (소장, 가압류는 제가 알아서 보내고 그 이후는 변호사를 선임하는게 좋을지) - 그리고 변호사 비용은 소송 승소후 임대인에게 부담시킬 수 있나요?= 3. 가압류 진행? - 통상 이런 경우에 가압류 바로 진행해야할까요? (집행권원은 확정판결 이후에 가능하다고 하나 가압류는 지금도 가능하다고 해서요) 4. 내가 지금 해야할 일은? - 조정기일이라는게 있던데 조정기일에는 뭘 준비해야하는지",1. 다세대주택 / 대항력있음,unknown,"보증상품 보증상품 미확인 | 주택유형 다세대주택 | 보증금구간 3억 이상 | 계약상태 계약종료 | 선순위권리 압류·가압류 | 반환보증 미상 | 분쟁유형 묵시적갱신분쟁 | 진행단계 판결·집행 | 상황 현재 빌라 전세에 살고 있었고(보증금 3.1억원(전세대출 2.1억원 활용) 살던 중에 이 집이 위반건축물로 지정되었고, 저는 이번 계약 종료 끝나면 나갈테니 보증금 달라고 했지만 임대인이 어영부영하여 보증금을 받지 못한 상황이에요. \`25.1월말에 계약 종료되었습니다. 계약 종료시점에 묵시적갱신으로 은행대출은 연장은 해놨는데 1년만 해줬고요, 저는 2월초에 즉시 내용증명 보내서 계약 종료 및 퇴거 의사 전달했고, 아직 퇴거 하지 않은 상황입니다. 5월말에 임대인과 만났는데, 매매/월세를 매우 높게 내놨더라구요, 말도 안되게 (자기가 산 금액보다 높이 팔아야하고, 자기가 대출로 (전세-월세) 보증금 차이 메꾸는 이자비용보다 높게 해야된다면서) 그리고는 6월에 연락이 두절되었습니다. 문자도 안 받고 전화도 안 받고 하여 바로 실행에 옮겼습니다. - 7.14일, 임차권등기명령 완료 - 7.16일, 지급명령 송달 - 7.17일, 임대인에게 연락옴 - 하지만 10~12월중 실현 가능한 제안 제시할 수 있다고 말함 - 7.24일, 임대인이 지급명령에 이의제기 신청. 현재 이런 상황이고, 자동으로 민사 소송으로 전환될 것 같습니다. 여기서 몇몇 고민이 있는데요. 1. 소송 비용 임대인 전가 가능? - 소송에서 승소시 임대인에게 소송 비용 전가가 가능하다고 들었는데 맞나요? (민사소송법 제98조 : \""패소한 자는 소송비용을 부담한다.\"") 2. 변호사 선임 관련 - 변호사 선임 고민중인데, 어느 절차에서 선임이 좋을까요? (소장, 가압류는 제가 알아서 보내고 그 이후는 변호사를 선임하는게 좋을지) - 그리고 변호사 비용은 소송 승소후 임대인에게 부담시킬 수 있나요?= 3. 가압류 진행? - 통상 이런 경우에 가압류 바로 진행해야할까요? (집행권원은 확정판결 이후에 가능하다고 하나 가압류는 지금도 가능하다고 해서요) 4. 내가 지금 해야할 일은? - 조정기일이라는게 있던데 조정기일에는 뭘 준비해야하는지 | 특이사항 1. 다세대주택 / 대항력있음",provided_synthetic_consultations
CASE-0818,G09,미상,남야주시,3억 이상,계약중(종료예정),다가구주택,미상,미상,전세사기,상담·검토,전세사기 피해자로 인정받기 형사고소,1. 다가구 / 대항력없음,unknown,보증상품 보증상품 미확인 | 주택유형 다가구주택 | 보증금구간 3억 이상 | 계약상태 계약중(종료예정) | 선순위권리 미상 | 반환보증 미상 | 분쟁유형 전세사기 | 진행단계 상담·검토 | 상황 전세사기 피해자로 인정받기 형사고소 | 특이사항 1. 다가구 / 대항력없음,provided_synthetic_consultations
CASE-0819,G09,서울,강서구,2억~3억,계약종료,미상,미상,가입,보증금미반환,소송제기,"전세 안심 대출이라서 보증보험이 가입되어 있습니다. 현재 상황이 어떤 방법이(소송/보증보험 청구) 유리할지 궁금합니다. 보증금 반환 소송시, 1. 보증보험 가입이 되어있으면 채권 양도 계약 때문에 소송이 불리한지 2. 소장 접수하자마자 임대인이 보증금 반환 하겠다고 연락이 오면 소송비용이나 이자, 관리비등 손해비용은 어떻게 처리 되는건지 보증보험 청구 이행시, 특별 손해 배상 청구하고 인정이 되는 항목들을 알고 싶어요.",,unknown,"보증상품 보증상품 미확인 | 주택유형 미상 | 보증금구간 2억~3억 | 계약상태 계약종료 | 선순위권리 미상 | 반환보증 가입 | 분쟁유형 보증금미반환 | 진행단계 소송제기 | 상황 전세 안심 대출이라서 보증보험이 가입되어 있습니다. 현재 상황이 어떤 방법이(소송/보증보험 청구) 유리할지 궁금합니다. 보증금 반환 소송시, 1. 보증보험 가입이 되어있으면 채권 양도 계약 때문에 소송이 불리한지 2. 소장 접수하자마자 임대인이 보증금 반환 하겠다고 연락이 오면 소송비용이나 이자, 관리비등 손해비용은 어떻게 처리 되는건지 보증보험 청구 이행시, 특별 손해 배상 청구하고 인정이 되는 항목들을 알고 싶어요.",provided_synthetic_consultations
CASE-0820,G09,미상,영등포구,1억~2억,계약중(종료예정),오피스텔,미상,가입,보증금미반환,상담·검토,"올해 8월 30일이 계약 만료로 만료 2개월쯤 퇴거 통보를 하였고 (구두로) 저는 9월1일 이사예정입니다. 이사갈 집 보증금은 현재 보증금을 돌려 받아야 되서 임대인에게 새로운 집 계약이 되어 보증금 반환 확정일자 요청을 드렸지만, \`지금 계약이 안되서 좀 그러네요 힘써서 노력해 볼게요\` 라는 애매한 답변을 받았습니다. 이럴때 제가 어떻게 대처해야할까요? 현재 임대인은 임대사업자셔서 보증보험 가입은 되어 있습니다(6천만원 가입)",1. 오피스텔 / 대항력있음,unknown,"보증상품 보증상품 미확인 | 주택유형 오피스텔 | 보증금구간 1억~2억 | 계약상태 계약중(종료예정) | 선순위권리 미상 | 반환보증 가입 | 분쟁유형 보증금미반환 | 진행단계 상담·검토 | 상황 올해 8월 30일이 계약 만료로 만료 2개월쯤 퇴거 통보를 하였고 (구두로) 저는 9월1일 이사예정입니다. 이사갈 집 보증금은 현재 보증금을 돌려 받아야 되서 임대인에게 새로운 집 계약이 되어 보증금 반환 확정일자 요청을 드렸지만, \`지금 계약이 안되서 좀 그러네요 힘써서 노력해 볼게요\` 라는 애매한 답변을 받았습니다. 이럴때 제가 어떻게 대처해야할까요? 현재 임대인은 임대사업자셔서 보증보험 가입은 되어 있습니다(6천만원 가입) | 특이사항 1. 오피스텔 / 대항력있음",provided_synthetic_consultations
CASE-0821,G09,대구,대구,1억 미만,계약중(종료예정),오피스텔,압류·가압류,미상,보증금미반환,상담·검토,"제가 이전집에 보증금을 전부 돌려받지 못해서 공증을 작성하고 전입신고를 유지중인 상태 입니다. 이사 오고나서 전세권 설정만 하고 지내고 있던 상황인데 임대인이 사업하시는 분인데 회생결정문이 중앙법원에서 우편으로 왔습니다. 2025년 5월 7일에 전세계약(보증금 67,500,000원) 2025년 5월 13일에 전세권 설정을 접수 2025년 5월 7일 전세권 설정계약으로 등기에 표기 2025년 5월 28일 지방법원의 가압류 결정(삼성카드 주식회사) 17,564,098원 2025년 7월 18일 지방법원의 가압류 결정(중소기업은행) 28,406,555원 부동산 등기에는 이렇게 표기 되어 있습니다. 이경우에 제가 보증금을 전부 받기 위해서는 어떻게 해야하는지 몰라",1. 오피스텔 / 대항력있음,unknown,"보증상품 보증상품 미확인 | 주택유형 오피스텔 | 보증금구간 1억 미만 | 계약상태 계약중(종료예정) | 선순위권리 압류·가압류 | 반환보증 미상 | 분쟁유형 보증금미반환 | 진행단계 상담·검토 | 상황 제가 이전집에 보증금을 전부 돌려받지 못해서 공증을 작성하고 전입신고를 유지중인 상태 입니다. 이사 오고나서 전세권 설정만 하고 지내고 있던 상황인데 임대인이 사업하시는 분인데 회생결정문이 중앙법원에서 우편으로 왔습니다. 2025년 5월 7일에 전세계약(보증금 67,500,000원) 2025년 5월 13일에 전세권 설정을 접수 2025년 5월 7일 전세권 설정계약으로 등기에 표기 2025년 5월 28일 지방법원의 가압류 결정(삼성카드 주식회사) 17,564,098원 2025년 7월 18일 지방법원의 가압류 결정(중소기업은행) 28,406,555원 부동산 등기에는 이렇게 표기 되어 있습니다. 이경우에 제가 보증금을 전부 받기 위해서는 어떻게 해야하는지 몰라 | 특이사항 1. 오피스텔 / 대항력있음",provided_synthetic_consultations
CASE-0822,G10,경기,화성시,1억 미만,계약중(종료예정),오피스텔,미상,가입,전세사기,HUG이행청구,임대인은 주택임대사업자로 보증보험 필수 가입자임. 계약 만기 3개월 전에 갱신 의사를 밝히고 재계약 하기로함 그런데 만기 1.5개월 전에 다시 알아보니 시세가 떨어져서 보증보험 가입이 불가능해서 800만원 낮춘 금액으로 재계약 해야할 것이라고 함. 그런데 임대인이 차액 800만원을 계약 만기일에 지급 못하겠다고 함 보증보험쪽 확인 결과 1. 이행청구 해서 전세금 전체를 받으려면 전세계약종료확인서를 임대인과 함께 작성 후 제출 해야한다고 함. (계약 종료 2개월 니내라서 그런다고 함) 2. 800만원 낮춘 금액에서 보증보험 재가입 및 전세 재계약시 전세 만료일에 차액 이체 내역증 필요 임대인이 전세계약종료확인서도 안써주고 800만원도 못준다고 할 것 같음. 현재 연락 회피중. 둘 다 임대인이 협조하지 않으면 보증보험쪽에서는 해줄수 있는게 없다고 함. 만약 이틀 이상 연락이 되지 않을 시 전세사기 대응으로 할 생각임. 그때 제가 법적으로 할 수 있는 것이 무엇인지,1. 오피스텔 깡통주택,unknown,보증상품 보증상품 미확인 | 주택유형 오피스텔 | 보증금구간 1억 미만 | 계약상태 계약중(종료예정) | 선순위권리 미상 | 반환보증 가입 | 분쟁유형 전세사기 | 진행단계 HUG이행청구 | 상황 임대인은 주택임대사업자로 보증보험 필수 가입자임. 계약 만기 3개월 전에 갱신 의사를 밝히고 재계약 하기로함 그런데 만기 1.5개월 전에 다시 알아보니 시세가 떨어져서 보증보험 가입이 불가능해서 800만원 낮춘 금액으로 재계약 해야할 것이라고 함. 그런데 임대인이 차액 800만원을 계약 만기일에 지급 못하겠다고 함 보증보험쪽 확인 결과 1. 이행청구 해서 전세금 전체를 받으려면 전세계약종료확인서를 임대인과 함께 작성 후 제출 해야한다고 함. (계약 종료 2개월 니내라서 그런다고 함) 2. 800만원 낮춘 금액에서 보증보험 재가입 및 전세 재계약시 전세 만료일에 차액 이체 내역증 필요 임대인이 전세계약종료확인서도 안써주고 800만원도 못준다고 할 것 같음. 현재 연락 회피중. 둘 다 임대인이 협조하지 않으면 보증보험쪽에서는 해줄수 있는게 없다고 함. 만약 이틀 이상 연락이 되지 않을 시 전세사기 대응으로 할 생각임. 그때 제가 법적으로 할 수 있는 것이 무엇인지 | 특이사항 1. 오피스텔 깡통주택,provided_synthetic_consultations
CASE-0823,G10,서울,광진구,1억~2억,계약종료,다가구주택,미상,미상,전세사기,소송제기,다가구주택이고 다른 임차인이 경매로 넘겨서 5차까지 유찰된 상태입니다. 평가액10억에서 3억까지 떨어졌고 세입자는 나간세입자 포함 9명정도 되는것 같아요 4~5순번 정도 되는것 같은데 전세금을 받을수 있을지 궁금합니다 임대인은 임대사업자로 저희 다가구주택이 4호집이고 12~ 다가구주택 까지 주택을 늘려서 이사태가 발생했어요 사기죄로 고소하고싶은데 형사고소와 지급명령 신청 수임료도 알고싶습니다.,,unknown,보증상품 보증상품 미확인 | 주택유형 다가구주택 | 보증금구간 1억~2억 | 계약상태 계약종료 | 선순위권리 미상 | 반환보증 미상 | 분쟁유형 전세사기 | 진행단계 소송제기 | 상황 다가구주택이고 다른 임차인이 경매로 넘겨서 5차까지 유찰된 상태입니다. 평가액10억에서 3억까지 떨어졌고 세입자는 나간세입자 포함 9명정도 되는것 같아요 4~5순번 정도 되는것 같은데 전세금을 받을수 있을지 궁금합니다 임대인은 임대사업자로 저희 다가구주택이 4호집이고 12~ 다가구주택 까지 주택을 늘려서 이사태가 발생했어요 사기죄로 고소하고싶은데 형사고소와 지급명령 신청 수임료도 알고싶습니다.,provided_synthetic_consultations
CASE-0824,G10,경기,수원시권선구,1억~2억,계약종료,다세대주택,미상,가입,전세사기,HUG이행청구,19년도 부터 25년도까지 연장해서 전세로 빌라에 거주중입니다. 초기 계약시 임대인은 부동산대표였고 공동대표라는 여승봉이라는 사람과 함께 계약했습니다. 계약금을 입금할때 천1백만원을 입금하고 그자리에서 임대인이 부동산에 대한 금액을 받았다는 간이영수증을 발급받았습니다.나머지는 전세대출과 임대인에게 직접 돈을 입금했습니다. 문제는 전세사기 피해를 입었고 허그에 이행청구진행중입니다. (허그 보증보험 금액은 1억7천으로 전액보증입니다.) 허그에서 보증보험을 받기위해선 중개인이 임대인에게 계약금을 보낸 입금확인내역을 가져오라 하셨는데 임대인은 사망했고 중개인은 폐업 신고 후 잠적했습니다. 허그측에서는 공인중개사에게 보낸 5천1백만원을 제외한 나머지금액만 보증받을수있다고 주장하는데 어찌해야 할까요,1. 다세대 / 공담설정상태에서 임대차계약 / 감정평가해서 보증보험가입,unknown,보증상품 보증상품 미확인 | 주택유형 다세대주택 | 보증금구간 1억~2억 | 계약상태 계약종료 | 선순위권리 미상 | 반환보증 가입 | 분쟁유형 전세사기 | 진행단계 HUG이행청구 | 상황 19년도 부터 25년도까지 연장해서 전세로 빌라에 거주중입니다. 초기 계약시 임대인은 부동산대표였고 공동대표라는 여승봉이라는 사람과 함께 계약했습니다. 계약금을 입금할때 천1백만원을 입금하고 그자리에서 임대인이 부동산에 대한 금액을 받았다는 간이영수증을 발급받았습니다.나머지는 전세대출과 임대인에게 직접 돈을 입금했습니다. 문제는 전세사기 피해를 입었고 허그에 이행청구진행중입니다. (허그 보증보험 금액은 1억7천으로 전액보증입니다.) 허그에서 보증보험을 받기위해선 중개인이 임대인에게 계약금을 보낸 입금확인내역을 가져오라 하셨는데 임대인은 사망했고 중개인은 폐업 신고 후 잠적했습니다. 허그측에서는 공인중개사에게 보낸 5천1백만원을 제외한 나머지금액만 보증받을수있다고 주장하는데 어찌해야 할까요 | 특이사항 1. 다세대 / 공담설정상태에서 임대차계약 / 감정평가해서 보증보험가입,provided_synthetic_consultations
CASE-0825,G10,경기,평택시,1억 미만,계약중(종료예정),미상,미상,미상,기타·일반문의,상담·검토,현재 저는 24년 12월 22일자로 재계약 후 개인적인 사정으로 중도 퇴실 요청을 하였습니다 (갱신 계약서 작성 안함) 임대인은 현재 돈이 하나도 없고 전세가 및 매매가격이 많이 떨어져 어렵다고 하는 상황입니다 (+개인적인 사정까지 이야기함) 그 후 연락은 되지 않고 있으며 중개하였던 중개사무소와도 연락이 원활하지 않습니다 문제는 전세금 (사건)만원을 제외한 7600만원은 카카오전세대출이라 임대인이 나중에 대출 만기시점까지 반환을 안하면 어떤 조치를 취해야하며 현재로서 가장 급선무로 제가 준비해야할 부분이 어떤게 있는지 조언해주시면 감사하겠습니다,,unknown,보증상품 보증상품 미확인 | 주택유형 미상 | 보증금구간 1억 미만 | 계약상태 계약중(종료예정) | 선순위권리 미상 | 반환보증 미상 | 분쟁유형 기타·일반문의 | 진행단계 상담·검토 | 상황 현재 저는 24년 12월 22일자로 재계약 후 개인적인 사정으로 중도 퇴실 요청을 하였습니다 (갱신 계약서 작성 안함) 임대인은 현재 돈이 하나도 없고 전세가 및 매매가격이 많이 떨어져 어렵다고 하는 상황입니다 (+개인적인 사정까지 이야기함) 그 후 연락은 되지 않고 있으며 중개하였던 중개사무소와도 연락이 원활하지 않습니다 문제는 전세금 (사건)만원을 제외한 7600만원은 카카오전세대출이라 임대인이 나중에 대출 만기시점까지 반환을 안하면 어떤 조치를 취해야하며 현재로서 가장 급선무로 제가 준비해야할 부분이 어떤게 있는지 조언해주시면 감사하겠습니다,provided_synthetic_consultations
CASE-0826,G10,충북,청주시,2억~3억,계약중(종료예정),미상,미상,가입,기타·일반문의,내용증명·공시송달,"임대인이 매도 의사를 전제로 계약갱신청구권 계약을 체결하게 해놓고, 실제 매매에 협조했는데 매수자 입주 시점과 맞지 않자 갑자기 매물을 취소하고 연락 끊었습니다. 계약금·지연이자·관리비 어떤 것도 지원하지 않겠다고 하며, 10월 잔금일에나 줄 수 있다고 합니다. 이 상황에서 8월 말에 전세금 반환을 청구하고 내용증명·허그 사고접수를 할 수 있는지, 혹은 손해배상 청구 근거까지 가능한지 알고 싶습니다. 자세한 저간의 사정은 첨부파일 참고해주시면 감사하겠습니다.",* 전원이 꺼져있음,unknown,"보증상품 보증상품 미확인 | 주택유형 미상 | 보증금구간 2억~3억 | 계약상태 계약중(종료예정) | 선순위권리 미상 | 반환보증 가입 | 분쟁유형 기타·일반문의 | 진행단계 내용증명·공시송달 | 상황 임대인이 매도 의사를 전제로 계약갱신청구권 계약을 체결하게 해놓고, 실제 매매에 협조했는데 매수자 입주 시점과 맞지 않자 갑자기 매물을 취소하고 연락 끊었습니다. 계약금·지연이자·관리비 어떤 것도 지원하지 않겠다고 하며, 10월 잔금일에나 줄 수 있다고 합니다. 이 상황에서 8월 말에 전세금 반환을 청구하고 내용증명·허그 사고접수를 할 수 있는지, 혹은 손해배상 청구 근거까지 가능한지 알고 싶습니다. 자세한 저간의 사정은 첨부파일 참고해주시면 감사하겠습니다. | 특이사항 * 전원이 꺼져있음",provided_synthetic_consultations
CASE-0827,G10,광주,미상,1억 미만,계약종료,미상,압류·가압류,미가입,경매·공매,판결·집행,"지금 현재 상황은 보증금반환소송,형사고소까지 한 상황입니다 경매로 넘어가자니 제가 후순위라 받을 금액이 없어 경매까지 생각을 못하고 있고 대위변제를 받고싶었는데 보증보험 미가입자라 대상이 아니라고 합니다 몇주뒤에 반환소송 판결이 나오는데 판결문 나오고 가압류등등 할수있는거 할거긴한데 재산을 빼돌렸다면 그것 또한 받을수 있는 금액이 없어 다른 방법이 또 있을까요?",,unknown,"보증상품 보증상품 미확인 | 주택유형 미상 | 보증금구간 1억 미만 | 계약상태 계약종료 | 선순위권리 압류·가압류 | 반환보증 미가입 | 분쟁유형 경매·공매 | 진행단계 판결·집행 | 상황 지금 현재 상황은 보증금반환소송,형사고소까지 한 상황입니다 경매로 넘어가자니 제가 후순위라 받을 금액이 없어 경매까지 생각을 못하고 있고 대위변제를 받고싶었는데 보증보험 미가입자라 대상이 아니라고 합니다 몇주뒤에 반환소송 판결이 나오는데 판결문 나오고 가압류등등 할수있는거 할거긴한데 재산을 빼돌렸다면 그것 또한 받을수 있는 금액이 없어 다른 방법이 또 있을까요?",provided_synthetic_consultations
CASE-0828,G10,경기,안산시,1억 미만,계약종료,미상,미상,미상,경매·공매,판결·집행,"임대인이 사망한 상황에서, 법률구조공단의 도움으로 **임대인의 형(상속인 중 한 명)**을 상대로 소송을 제기해 확정 판결을 받았고, 이를 통해 집행권원을 확보했습니다. 이후, 해당 형도 상속을 포기해서 결국 상속재산관리인이 법원에 의해 선임되었습니다. 이 경우, 상속재산관리인을 상대로 승계집행문을 부여받아 기존의 판결문으로 강제집행(예: 부동산 경매)을 진행할 수 있는지 알고 싶습니다. ① 승계집행문 신청이 가능한지 ② 신청 시 어떤 서류(예: 상속포기확인서, 선임결정문 등)가 필요한지 ③ 별도 절차나 주의사항이 있는지도 함께",,unknown,"보증상품 보증상품 미확인 | 주택유형 미상 | 보증금구간 1억 미만 | 계약상태 계약종료 | 선순위권리 미상 | 반환보증 미상 | 분쟁유형 경매·공매 | 진행단계 판결·집행 | 상황 임대인이 사망한 상황에서, 법률구조공단의 도움으로 **임대인의 형(상속인 중 한 명)**을 상대로 소송을 제기해 확정 판결을 받았고, 이를 통해 집행권원을 확보했습니다. 이후, 해당 형도 상속을 포기해서 결국 상속재산관리인이 법원에 의해 선임되었습니다. 이 경우, 상속재산관리인을 상대로 승계집행문을 부여받아 기존의 판결문으로 강제집행(예: 부동산 경매)을 진행할 수 있는지 알고 싶습니다. ① 승계집행문 신청이 가능한지 ② 신청 시 어떤 서류(예: 상속포기확인서, 선임결정문 등)가 필요한지 ③ 별도 절차나 주의사항이 있는지도 함께",provided_synthetic_consultations
CASE-0829,G10,충남,아산시,2억~3억,계약중(종료예정),오피스텔,압류·가압류,가입,경매·공매,내용증명·공시송달,계약만료는 27년1월 전세계약 후 25년 2월 이사 후 전세보증보험 가입 불가해서 전세권 설정함. 지금 집으로 집 주인 관련한 경매나 은행에서보낸 내용증명 찾아가라고 우체국에서 등기가 옴. 집주인보고 찾아가라고 연락 취했으나 계속 연락두절. 등기부등본 떼어보니 지금 전세로 살고 있는 집에 5월에 5천만원 가압류 된 상태.,1. 오피스텔 / 대항력있음 / 깡통주택,jeonse_return,보증상품 전세보증금반환보증 | 주택유형 오피스텔 | 보증금구간 2억~3억 | 계약상태 계약중(종료예정) | 선순위권리 압류·가압류 | 반환보증 가입 | 분쟁유형 경매·공매 | 진행단계 내용증명·공시송달 | 상황 계약만료는 27년1월 전세계약 후 25년 2월 이사 후 전세보증보험 가입 불가해서 전세권 설정함. 지금 집으로 집 주인 관련한 경매나 은행에서보낸 내용증명 찾아가라고 우체국에서 등기가 옴. 집주인보고 찾아가라고 연락 취했으나 계속 연락두절. 등기부등본 떼어보니 지금 전세로 살고 있는 집에 5월에 5천만원 가압류 된 상태. | 특이사항 1. 오피스텔 / 대항력있음 / 깡통주택,provided_synthetic_consultations
CASE-0830,G10,인천,서구,1억~2억,계약중(종료예정),미상,압류·가압류,가입,보증금미반환,상담·검토,"올해 8월 11일 전세계약 만기이고, 제 앞으로 버팀목 전세대출2건, 청년버팀목 1건해서 총 3건의 전세대출이 있습니다. 저는 재계약을 원해서 이번에 서류 준비하면서 보니 등기부등본 갑구에 가압류가 6700만원 가량 잡혀있더라구요. 집 보증금은 1억9천만원이고 청년버팀목 4700만원(25.8.11만기) 버팀목 7700만원(25.8.30만기) 버팀목 1400만원(26.8.30만기 보증보험은 가입된 상태이고 너무 갑작스럽게 가압류가 있는걸 알아버려서 급하게 알아보고 있는 상황인데, 어떻게 대비해야할지 모르겠습니다. 임대인 말로는 본인이 동업자5명과 사업을 하는데 재판중이고(가압류는 법원에서 나온 가압류) 1명의 재판이 밀린 상태고 8월달 안에 해결된다고는 함.(600-700만원 정도의 일이라는데 뭔지 자세히 모르겠음) 여기서 궁금한 점은 은행에서 가압류가 있어서 전세대출 연장과 보증보험 연장에는 무리가 없을지, 만약 연장이 된다면 이 계약을 갱신해도 좋을지요. 임대인은 은행에서 연장이 안된다고 하면 본인이 사업자대출을 내서라도 보증금 돌려주겠다고는 한 상황입니다. 그리고 현 시점에서 보증금 반환을 못받을 경우에는 어떤식으로 해나가야되는지도 궁금하네요ㅠㅠ",,unknown,"보증상품 보증상품 미확인 | 주택유형 미상 | 보증금구간 1억~2억 | 계약상태 계약중(종료예정) | 선순위권리 압류·가압류 | 반환보증 가입 | 분쟁유형 보증금미반환 | 진행단계 상담·검토 | 상황 올해 8월 11일 전세계약 만기이고, 제 앞으로 버팀목 전세대출2건, 청년버팀목 1건해서 총 3건의 전세대출이 있습니다. 저는 재계약을 원해서 이번에 서류 준비하면서 보니 등기부등본 갑구에 가압류가 6700만원 가량 잡혀있더라구요. 집 보증금은 1억9천만원이고 청년버팀목 4700만원(25.8.11만기) 버팀목 7700만원(25.8.30만기) 버팀목 1400만원(26.8.30만기 보증보험은 가입된 상태이고 너무 갑작스럽게 가압류가 있는걸 알아버려서 급하게 알아보고 있는 상황인데, 어떻게 대비해야할지 모르겠습니다. 임대인 말로는 본인이 동업자5명과 사업을 하는데 재판중이고(가압류는 법원에서 나온 가압류) 1명의 재판이 밀린 상태고 8월달 안에 해결된다고는 함.(600-700만원 정도의 일이라는데 뭔지 자세히 모르겠음) 여기서 궁금한 점은 은행에서 가압류가 있어서 전세대출 연장과 보증보험 연장에는 무리가 없을지, 만약 연장이 된다면 이 계약을 갱신해도 좋을지요. 임대인은 은행에서 연장이 안된다고 하면 본인이 사업자대출을 내서라도 보증금 돌려주겠다고는 한 상황입니다. 그리고 현 시점에서 보증금 반환을 못받을 경우에는 어떤식으로 해나가야되는지도 궁금하네요ㅠㅠ",provided_synthetic_consultations
CASE-0831,G10,서울,강서구,1억~2억,계약중(종료예정),미상,미상,미상,경매·공매,상담·검토,2022년 3월 11일에 1억 1천을 주고 전세계약을 했고 2024년 계약할 때 8천만원에 계약하고 집주인이 나머지 3천 반환 계획서를 작성했습니다 전 그게 문제의 시작인지 몰랐습니다 집주인이 그 돈을 기한에 맞춰 반환하지도 않고 (이자 200 원금 200만 반환했습니다) 그 뒤에는 돈을 못 준다고 하고 내년 3월 10일 계약 만료인데 돈 못준다고 경매로 넘기라고 합니다 중재원에 넣어서 돈 주는거 합의해도 집주인이 개인회생 신청해서 돈 받을 수 있을지 모르겠습니다 본인 말로는 자기가 가지고 있는 집들 경매가 넘어가야 줄 수 있다고 하는데요 미리 조치를 취하고 싶은데 계약기간 끝날 때까지 안 된다고 해서 이거 어떻게 해아되는지 집주인이 개인회생 신청 하려고 하는데 그 전에 조치를 취할 수 있는 방법이 있는지 알고 싶습니다 이미 역전세가 나서 어떻게 해야될지 고민입니다,"* 건방지게 바쁘니까 나중에 전화하겠다고 하길래, 내가 나중에 전화를 다시 해보던가 하겠다고 함",unknown,"보증상품 보증상품 미확인 | 주택유형 미상 | 보증금구간 1억~2억 | 계약상태 계약중(종료예정) | 선순위권리 미상 | 반환보증 미상 | 분쟁유형 경매·공매 | 진행단계 상담·검토 | 상황 2022년 3월 11일에 1억 1천을 주고 전세계약을 했고 2024년 계약할 때 8천만원에 계약하고 집주인이 나머지 3천 반환 계획서를 작성했습니다 전 그게 문제의 시작인지 몰랐습니다 집주인이 그 돈을 기한에 맞춰 반환하지도 않고 (이자 200 원금 200만 반환했습니다) 그 뒤에는 돈을 못 준다고 하고 내년 3월 10일 계약 만료인데 돈 못준다고 경매로 넘기라고 합니다 중재원에 넣어서 돈 주는거 합의해도 집주인이 개인회생 신청해서 돈 받을 수 있을지 모르겠습니다 본인 말로는 자기가 가지고 있는 집들 경매가 넘어가야 줄 수 있다고 하는데요 미리 조치를 취하고 싶은데 계약기간 끝날 때까지 안 된다고 해서 이거 어떻게 해아되는지 집주인이 개인회생 신청 하려고 하는데 그 전에 조치를 취할 수 있는 방법이 있는지 알고 싶습니다 이미 역전세가 나서 어떻게 해야될지 고민입니다 | 특이사항 * 건방지게 바쁘니까 나중에 전화하겠다고 하길래, 내가 나중에 전화를 다시 해보던가 하겠다고 함",provided_synthetic_consultations
CASE-0832,G10,부산,진구,1억~2억,계약중(종료예정),미상,미상,미상,기타·일반문의,임차권등기,2025.08.18일이 계약 종료일이고 종료와 동시에 대출만기일이기도 합니다. 보증사고로 인한 대출 연장을 하러 갔더니 임차권등기명령 했는데 이 경우 만기일날 바로 임차권등기명령 접수하고 은행 가서 대출 연장 절차 밟으면 될까요?,,unknown,보증상품 보증상품 미확인 | 주택유형 미상 | 보증금구간 1억~2억 | 계약상태 계약중(종료예정) | 선순위권리 미상 | 반환보증 미상 | 분쟁유형 기타·일반문의 | 진행단계 임차권등기 | 상황 2025.08.18일이 계약 종료일이고 종료와 동시에 대출만기일이기도 합니다. 보증사고로 인한 대출 연장을 하러 갔더니 임차권등기명령 했는데 이 경우 만기일날 바로 임차권등기명령 접수하고 은행 가서 대출 연장 절차 밟으면 될까요?,provided_synthetic_consultations
CASE-0833,G10,부산,기장군,1억~2억,계약중(종료예정),미상,미상,미상,묵시적갱신분쟁,내용증명·공시송달,"변호사님, 임대차 관련하여 법률 자문을 받고자 현재 임차인으로 거주 중이며, 임대차계약 갱신과 중도해지 가능 여부에 대한 법적 판단이 필요한 상황입니다. ○ 사실관계 - 2019년 3월 임대인(박준현)과 2년 전세계약 체결함. - 2021년 3월 2년 묵시적 갱신. - 2023년 3월 기존 임대인(박준현) 사망으로 상속인(부인, 김현주)과 2년 계약체결함.(보증금 등 조건동일) - 2025년 3월 전세대출 연장 관련하여 은행에서 묵시적갱신만으로 대출연장이 불가하다하여 기존 계약서(23.3.작성분)에 “동일 년 3월까지 계약기간 연장에 동의함” 이라는 문구를 수기로 작성 후 임대인, 임차인 날인 제출요청하여 그렇게 함. - 2025년 4월 22일 임대인에게 8월 3일~10일경 계약해지해야됨을 문자로 통보하고 “네”라는 답장을 받음. - 2025년 5월 7일 재차 문자로 부동산 광고 올려줄 것을 요청하고 임대인에게도 답장을 받음. - 2025년 6월 30일 월 5일 퇴거할 것을 알리고 7월 2일 문서 도달함. - 2025년 7월 15일 부동산 광고 시작함. - 2025년 8월 4일 새 세입자를 구했음에도 임대인이 이런저런 핑계를 대며 계약을 해주지않는 상황임. ○ 질의요지 - 현재 임대인은 2025년 3월 재계약서를 작성했다는 이유로 새로운 세입자를 구하는것에 소극적으로 행동하고 있으며, 보증금을 돌려줄생각이 전혀 없어보이는 상황입니다. 상기 사실관계는 문자, 전화(녹음), 내용증명 등 전부 증빙이 가능한상황입니다. - 궁금한 점은 2025년 3월에 작성한 계약서는 묵시적갱신이 아닌 명시적갱신이므로 중도퇴실이 불가능한것인지 궁금하구요. 2025년 4월 22일 임대인에게 계약해지 통보하고 임대인도 동의하였는데 이를 증거로하여 임대차등기명령이 가능한지, 그리고 향후에 법적 공방 시 제가 할수 있는 사항 및 절차들에 대해서 궁금합니다. 참고로 저는 8월 31일까지는 반드시 새로 이사갈집에 전입을 해야되는사항입니다.",,unknown,"보증상품 보증상품 미확인 | 주택유형 미상 | 보증금구간 1억~2억 | 계약상태 계약중(종료예정) | 선순위권리 미상 | 반환보증 미상 | 분쟁유형 묵시적갱신분쟁 | 진행단계 내용증명·공시송달 | 상황 변호사님, 임대차 관련하여 법률 자문을 받고자 현재 임차인으로 거주 중이며, 임대차계약 갱신과 중도해지 가능 여부에 대한 법적 판단이 필요한 상황입니다. ○ 사실관계 - 2019년 3월 임대인(박준현)과 2년 전세계약 체결함. - 2021년 3월 2년 묵시적 갱신. - 2023년 3월 기존 임대인(박준현) 사망으로 상속인(부인, 김현주)과 2년 계약체결함.(보증금 등 조건동일) - 2025년 3월 전세대출 연장 관련하여 은행에서 묵시적갱신만으로 대출연장이 불가하다하여 기존 계약서(23.3.작성분)에 “동일 년 3월까지 계약기간 연장에 동의함” 이라는 문구를 수기로 작성 후 임대인, 임차인 날인 제출요청하여 그렇게 함. - 2025년 4월 22일 임대인에게 8월 3일~10일경 계약해지해야됨을 문자로 통보하고 “네”라는 답장을 받음. - 2025년 5월 7일 재차 문자로 부동산 광고 올려줄 것을 요청하고 임대인에게도 답장을 받음. - 2025년 6월 30일 월 5일 퇴거할 것을 알리고 7월 2일 문서 도달함. - 2025년 7월 15일 부동산 광고 시작함. - 2025년 8월 4일 새 세입자를 구했음에도 임대인이 이런저런 핑계를 대며 계약을 해주지않는 상황임. ○ 질의요지 - 현재 임대인은 2025년 3월 재계약서를 작성했다는 이유로 새로운 세입자를 구하는것에 소극적으로 행동하고 있으며, 보증금을 돌려줄생각이 전혀 없어보이는 상황입니다. 상기 사실관계는 문자, 전화(녹음), 내용증명 등 전부 증빙이 가능한상황입니다. - 궁금한 점은 2025년 3월에 작성한 계약서는 묵시적갱신이 아닌 명시적갱신이므로 중도퇴실이 불가능한것인지 궁금하구요. 2025년 4월 22일 임대인에게 계약해지 통보하고 임대인도 동의하였는데 이를 증거로하여 임대차등기명령이 가능한지, 그리고 향후에 법적 공방 시 제가 할수 있는 사항 및 절차들에 대해서 궁금합니다. 참고로 저는 8월 31일까지는 반드시 새로 이사갈집에 전입을 해야되는사항입니다.",provided_synthetic_consultations
CASE-0834,G10,경기,수원시,2억~3억,계약종료,미상,미상,가입,보증금미반환,판결·집행,전세보증금반환민사소송 승소후에도 보증금회수가 안되어 형사소송도 진행하였는데 증거 부족 혐의 불송치 났습니다 결과통지서에는 임대인들끼리 작당하여 임차인을 속여 이득을 취한 행위가 맞다고 합니다 이의제기를 하고싶습니다,,unknown,보증상품 보증상품 미확인 | 주택유형 미상 | 보증금구간 2억~3억 | 계약상태 계약종료 | 선순위권리 미상 | 반환보증 가입 | 분쟁유형 보증금미반환 | 진행단계 판결·집행 | 상황 전세보증금반환민사소송 승소후에도 보증금회수가 안되어 형사소송도 진행하였는데 증거 부족 혐의 불송치 났습니다 결과통지서에는 임대인들끼리 작당하여 임차인을 속여 이득을 취한 행위가 맞다고 합니다 이의제기를 하고싶습니다,provided_synthetic_consultations
CASE-0835,G10,경기,부천시,3억 이상,계약중(종료예정),오피스텔,근저당설정,미가입,전세사기,판결·집행,"내용이 길수도있지만 잘 부탁드립니다. 2021년 이집에 들어와서 년 연장,또2년연장해서 올해 8월30일에 계약만료를 앞두고있습니다.3개월 전쯤 집주인이 연락와서 본인이 사기를 당해서 보증금 돌려주기힘들다고 하더군요.등기부등본을 떼보니 4군데 정도의 가압류가 잡혀있었어요. 보증보험은 가입이안되서 못들었고 확정일자,전입신고는 해놨습니다. 아시는분이 그나마 근저당없고 선순위라 다행이라고 하시던데 이럴경우 제가 할수있는건 계약종료되면 임차권등기명령신청,지급명령하고 그 판결문으로 강제경매신청해서 셀프낙찰이 최선일까요 깡통전세여서 경매신청도 안들어올거같고 낙찰받아도 많이 손해보긴합니다만 답이 없네요ㅜ돈이없어서 이사도 못가고있습니다ㅜ바쁘실텐데 조언 부탁드립니다ㅜ",1. 오피스텔 / 대항력있음 / 깡통주택,unknown,"보증상품 보증상품 미확인 | 주택유형 오피스텔 | 보증금구간 3억 이상 | 계약상태 계약중(종료예정) | 선순위권리 근저당설정 | 반환보증 미가입 | 분쟁유형 전세사기 | 진행단계 판결·집행 | 상황 내용이 길수도있지만 잘 부탁드립니다. 2021년 이집에 들어와서 년 연장,또2년연장해서 올해 8월30일에 계약만료를 앞두고있습니다.3개월 전쯤 집주인이 연락와서 본인이 사기를 당해서 보증금 돌려주기힘들다고 하더군요.등기부등본을 떼보니 4군데 정도의 가압류가 잡혀있었어요. 보증보험은 가입이안되서 못들었고 확정일자,전입신고는 해놨습니다. 아시는분이 그나마 근저당없고 선순위라 다행이라고 하시던데 이럴경우 제가 할수있는건 계약종료되면 임차권등기명령신청,지급명령하고 그 판결문으로 강제경매신청해서 셀프낙찰이 최선일까요 깡통전세여서 경매신청도 안들어올거같고 낙찰받아도 많이 손해보긴합니다만 답이 없네요ㅜ돈이없어서 이사도 못가고있습니다ㅜ바쁘실텐데 조언 부탁드립니다ㅜ | 특이사항 1. 오피스텔 / 대항력있음 / 깡통주택",provided_synthetic_consultations
CASE-0836,G10,미상,미상,2억~3억,계약중(종료예정),미상,미상,가입,기타·일반문의,상담·검토,"전세 계약 종료에 대한 내용을 문자로 통보하였는데 추후 hug나 임차권 등기 시 받아드려질 수 있는지 궁금합니다. 추가로 임대인이 직접 가입한 일부 가입 주택 보증 보험이라서 2달 후 청구가 가능한데, 이 경우 다음 세입자를 구한다는 전제 하에 임차권 등기를 2~3주 있다가 진행하는 것도 괜찮을까요?",* 임대인에게 반환받기로 했음,unknown,"보증상품 보증상품 미확인 | 주택유형 미상 | 보증금구간 2억~3억 | 계약상태 계약중(종료예정) | 선순위권리 미상 | 반환보증 가입 | 분쟁유형 기타·일반문의 | 진행단계 상담·검토 | 상황 전세 계약 종료에 대한 내용을 문자로 통보하였는데 추후 hug나 임차권 등기 시 받아드려질 수 있는지 궁금합니다. 추가로 임대인이 직접 가입한 일부 가입 주택 보증 보험이라서 2달 후 청구가 가능한데, 이 경우 다음 세입자를 구한다는 전제 하에 임차권 등기를 2~3주 있다가 진행하는 것도 괜찮을까요? | 특이사항 * 임대인에게 반환받기로 했음",provided_synthetic_consultations
CASE-0837,G10,경기,화성시,1억 미만,계약종료,미상,미상,가입,묵시적갱신분쟁,소송제기,묵시적갱신 주장 후 연락두절로 인한 전세보증금반환소송 계약종료날부터 2개월 이상 보증금 반환 이루어지지 않음,* 임대인에게 반환받기로 했음,unknown,보증상품 보증상품 미확인 | 주택유형 미상 | 보증금구간 1억 미만 | 계약상태 계약종료 | 선순위권리 미상 | 반환보증 가입 | 분쟁유형 묵시적갱신분쟁 | 진행단계 소송제기 | 상황 묵시적갱신 주장 후 연락두절로 인한 전세보증금반환소송 계약종료날부터 2개월 이상 보증금 반환 이루어지지 않음 | 특이사항 * 임대인에게 반환받기로 했음,provided_synthetic_consultations
CASE-0838,G10,경기,고양시,2억~3억,계약중(종료예정),미상,근저당설정,가입,기타·일반문의,임차권등기,2년전 근저당있는집(1억5천)에 허그가입해서 대출없이 2억3천에 들어왔고 이번에 5프로 증액재계약한후 전세대출신청하던중 대출과 허그가입 모두 거절되어 알아보니 임대인이 타주택 임차권등기명령되었다는것입니다. 궁금한건요 1.세입자에게 이사실을 숨기고 증액전세금만 받고 어쩔수없다는 임대인에게 할수있는 권리는 뭘까요? 전세대출만믿고 사업벌려 금전손실이 크고 근저당있는집 불안합니다. 문자로 해결기한(이집의 정상화)을 제시했고 전세증액금 일시반환을 요구했는데 잘한건가요? 2.허그에서는 전세종료계약확인서가 있어야 임차권등기신청이 된다는데 재계약연장후 터진일이라 어떻게 해야되나요? 참고로 문제가 해결되어 대출과 허그가입만 된다면 2년더 살고싶은 상황입니다.,,unknown,보증상품 보증상품 미확인 | 주택유형 미상 | 보증금구간 2억~3억 | 계약상태 계약중(종료예정) | 선순위권리 근저당설정 | 반환보증 가입 | 분쟁유형 기타·일반문의 | 진행단계 임차권등기 | 상황 2년전 근저당있는집(1억5천)에 허그가입해서 대출없이 2억3천에 들어왔고 이번에 5프로 증액재계약한후 전세대출신청하던중 대출과 허그가입 모두 거절되어 알아보니 임대인이 타주택 임차권등기명령되었다는것입니다. 궁금한건요 1.세입자에게 이사실을 숨기고 증액전세금만 받고 어쩔수없다는 임대인에게 할수있는 권리는 뭘까요? 전세대출만믿고 사업벌려 금전손실이 크고 근저당있는집 불안합니다. 문자로 해결기한(이집의 정상화)을 제시했고 전세증액금 일시반환을 요구했는데 잘한건가요? 2.허그에서는 전세종료계약확인서가 있어야 임차권등기신청이 된다는데 재계약연장후 터진일이라 어떻게 해야되나요? 참고로 문제가 해결되어 대출과 허그가입만 된다면 2년더 살고싶은 상황입니다.,provided_synthetic_consultations
CASE-0839,G10,서울,금천구,1억~2억,계약중(종료예정),다가구주택,선순위존재,미상,전세사기,판결·집행,"전세사기피해자 결정문을 받은 -보증금 반환금 승소 -소송비용확정액 진행 -재산명시진행중 -경매개시는 안된상황 으로 추후 공인중개사 과실 부분에서 손해배상청구를 하고싶습니다. >부동산 계약당시 중개사는 등기부등본 열람용으로 말소사항포함이아닌 현행중인 등본만 제공받았으며, 선순위금액 9억(임대인정보제공)으로 만 표기되어있습니다. 실제선순위는 약 11억정도입니다. 이러한 부분에서는 손해배상청구가 가능할까요? 중개사무소는 폐업상태입니다.",1. 다가구 / 18가구 / 대항력없음,unknown,"보증상품 보증상품 미확인 | 주택유형 다가구주택 | 보증금구간 1억~2억 | 계약상태 계약중(종료예정) | 선순위권리 선순위존재 | 반환보증 미상 | 분쟁유형 전세사기 | 진행단계 판결·집행 | 상황 전세사기피해자 결정문을 받은 -보증금 반환금 승소 -소송비용확정액 진행 -재산명시진행중 -경매개시는 안된상황 으로 추후 공인중개사 과실 부분에서 손해배상청구를 하고싶습니다. >부동산 계약당시 중개사는 등기부등본 열람용으로 말소사항포함이아닌 현행중인 등본만 제공받았으며, 선순위금액 9억(임대인정보제공)으로 만 표기되어있습니다. 실제선순위는 약 11억정도입니다. 이러한 부분에서는 손해배상청구가 가능할까요? 중개사무소는 폐업상태입니다. | 특이사항 1. 다가구 / 18가구 / 대항력없음",provided_synthetic_consultations
CASE-0840,G10,경북,구미시,1억 미만,계약종료,미상,미상,미상,보증금미반환,임차권등기,현재 집주인 개인회생신청중이라는 임대인쪽법무사대리인 연락을 받아서 보증금 반환에 문제가 생겼다는걸 알게되었고 집주인(임대인)과 연락하다보니 백만원 정도는 줄수있다고 하여 받았고 나머지 2900만원 보증금 반환을받아야되는상태입니다. 그이후는 줄방법이없다고하네요 셀프로 임차권등기명령신청까지 완료 후 접수대기상태입니다 이후 제가 해야할 방안이 궁금해서 연락드렸습니다.,,unknown,보증상품 보증상품 미확인 | 주택유형 미상 | 보증금구간 1억 미만 | 계약상태 계약종료 | 선순위권리 미상 | 반환보증 미상 | 분쟁유형 보증금미반환 | 진행단계 임차권등기 | 상황 현재 집주인 개인회생신청중이라는 임대인쪽법무사대리인 연락을 받아서 보증금 반환에 문제가 생겼다는걸 알게되었고 집주인(임대인)과 연락하다보니 백만원 정도는 줄수있다고 하여 받았고 나머지 2900만원 보증금 반환을받아야되는상태입니다. 그이후는 줄방법이없다고하네요 셀프로 임차권등기명령신청까지 완료 후 접수대기상태입니다 이후 제가 해야할 방안이 궁금해서 연락드렸습니다.,provided_synthetic_consultations
CASE-0841,G10,경기,용인시,3억 이상,계약종료,아파트,미상,미상,기타·일반문의,소송제기,계약갱신청구권 사용하여 전세계약 완료 기존 전세대출 연장(전세계약금 지급완료/ 계약금 변동으로 채권양도통지서 발송 중 임대인 수령 거부) 대출 기한 1주일 남은 상황에서 임대인 비협조로 대출 거부시 전세계약 파기 가능여부 및 민사소송,1. 아파트(어느 아파트인지는 비밀),unknown,보증상품 보증상품 미확인 | 주택유형 아파트 | 보증금구간 3억 이상 | 계약상태 계약종료 | 선순위권리 미상 | 반환보증 미상 | 분쟁유형 기타·일반문의 | 진행단계 소송제기 | 상황 계약갱신청구권 사용하여 전세계약 완료 기존 전세대출 연장(전세계약금 지급완료/ 계약금 변동으로 채권양도통지서 발송 중 임대인 수령 거부) 대출 기한 1주일 남은 상황에서 임대인 비협조로 대출 거부시 전세계약 파기 가능여부 및 민사소송 | 특이사항 1. 아파트(어느 아파트인지는 비밀),provided_synthetic_consultations
CASE-0842,G10,서울,중랑구,2억~3억,계약중(종료예정),미상,미상,미상,보증금미반환,소송제기,"만기 9/1 5/18일 대면 후 퇴거 의사 밝힘 임대인 현재 현금 없른 새계약자 나와야 돈 줄수 있다고 말하며 부동산에 집 올리겠다고 말함 5월 말 쯤 저희는 이사할 집을 알아보규 계약 전 마음에 드는 곳이 잇어 계약하려 한다 알림(통화 녹음) 6/10 새 매매계약 체결 8/2 임대인에데 잔금일 어떻게 할거냐 햤더니 집 나가야지 돈 줄 수있다고만 계속 말함 / 우리는 새 집을 계약했다 이거까지 문제가 생긴다 말함(전화 녹음) 8/3 카톡으로 만기 퇴거 다시한번 말하고 보증금 반환요청함 그리고 내용증명 보낸다고 통보 집주인 답장으로 급매로 내놓고 최대한 노력한다고함 8/4 내용증명 발송(이때 새 매매계약한 계약금 2900만원과 이사비 중개비 등 금전적 실손금액에 대해서 명시함) 8/4 카톡으로 다시한번 퇴거 의사 밝힘 보증금 반환 요청, 새집매매계약금에 대한 부분 전달 보증금 반환 계획에 대해서 회신 요청함 집주인 답장 없음 8/6 같은 내용으로 재요청 했지문 답장 없어서 전화 햇더니 같은말(집니 나가야 돈을 쥰다, 노력하고 있다/ 우리는 돈 만기일에 받아야한다 새집도 계약했다 그랬더니 원래는 이집이 나가고 나서 계약을 했어야 한다 말해서 우리는 이미 만기퇴거를 수차례 말햇으며 그게 5월부터 말햇다고 하고 통화 종료(자동녹음) 이후 카톡으로 통화내용 다시 정리해서 보증금 반환 계획 회신 요청 집주인 읽고 답장없음 현재까지늬 상황입니다. 이런 상황에서 소송 진행시 새 임대차계약금과 손해가 발생하는 부분까지 모두 청구 가능 한가요? 그리고 새임대차계약이 파기 될 경우 저희가 배상해야할 규모나 금액은 어느정도일까여 ? 매매체결한 계약서 첨부합니다",1. 임대인이 돈을 안줘서 대출한도가 줄어들었다? / 아무튼 별도의 신용대출을 받으면 이자도 받을 수 있나? 입증하기 나름이지만 가능할 수 있다.,unknown,"보증상품 보증상품 미확인 | 주택유형 미상 | 보증금구간 2억~3억 | 계약상태 계약중(종료예정) | 선순위권리 미상 | 반환보증 미상 | 분쟁유형 보증금미반환 | 진행단계 소송제기 | 상황 만기 9/1 5/18일 대면 후 퇴거 의사 밝힘 임대인 현재 현금 없른 새계약자 나와야 돈 줄수 있다고 말하며 부동산에 집 올리겠다고 말함 5월 말 쯤 저희는 이사할 집을 알아보규 계약 전 마음에 드는 곳이 잇어 계약하려 한다 알림(통화 녹음) 6/10 새 매매계약 체결 8/2 임대인에데 잔금일 어떻게 할거냐 햤더니 집 나가야지 돈 줄 수있다고만 계속 말함 / 우리는 새 집을 계약했다 이거까지 문제가 생긴다 말함(전화 녹음) 8/3 카톡으로 만기 퇴거 다시한번 말하고 보증금 반환요청함 그리고 내용증명 보낸다고 통보 집주인 답장으로 급매로 내놓고 최대한 노력한다고함 8/4 내용증명 발송(이때 새 매매계약한 계약금 2900만원과 이사비 중개비 등 금전적 실손금액에 대해서 명시함) 8/4 카톡으로 다시한번 퇴거 의사 밝힘 보증금 반환 요청, 새집매매계약금에 대한 부분 전달 보증금 반환 계획에 대해서 회신 요청함 집주인 답장 없음 8/6 같은 내용으로 재요청 했지문 답장 없어서 전화 햇더니 같은말(집니 나가야 돈을 쥰다, 노력하고 있다/ 우리는 돈 만기일에 받아야한다 새집도 계약했다 그랬더니 원래는 이집이 나가고 나서 계약을 했어야 한다 말해서 우리는 이미 만기퇴거를 수차례 말햇으며 그게 5월부터 말햇다고 하고 통화 종료(자동녹음) 이후 카톡으로 통화내용 다시 정리해서 보증금 반환 계획 회신 요청 집주인 읽고 답장없음 현재까지늬 상황입니다. 이런 상황에서 소송 진행시 새 임대차계약금과 손해가 발생하는 부분까지 모두 청구 가능 한가요? 그리고 새임대차계약이 파기 될 경우 저희가 배상해야할 규모나 금액은 어느정도일까여 ? 매매체결한 계약서 첨부합니다 | 특이사항 1. 임대인이 돈을 안줘서 대출한도가 줄어들었다? / 아무튼 별도의 신용대출을 받으면 이자도 받을 수 있나? 입증하기 나름이지만 가능할 수 있다.",provided_synthetic_consultations
CASE-0843,G10,경기,용인시,3억 이상,계약종료,미상,미상,가입,보증금미반환,임차권등기,4년전 3억5천만원에 전세계약함 2년전 3억2천만원에 전세재계약함 (3천만원 중 1천8백만원만 반환 받음) 만기일에 임대인 보증금 반환 못해 허그이행청구함 임차권등기에 임차보증금 3억3천2백만원 내용기재함. 허그에서는 3억2천만원으로 임차권등기 경청요청 요구함. 법원에 경청요청 가능 할까요?,,unknown,보증상품 보증상품 미확인 | 주택유형 미상 | 보증금구간 3억 이상 | 계약상태 계약종료 | 선순위권리 미상 | 반환보증 가입 | 분쟁유형 보증금미반환 | 진행단계 임차권등기 | 상황 4년전 3억5천만원에 전세계약함 2년전 3억2천만원에 전세재계약함 (3천만원 중 1천8백만원만 반환 받음) 만기일에 임대인 보증금 반환 못해 허그이행청구함 임차권등기에 임차보증금 3억3천2백만원 내용기재함. 허그에서는 3억2천만원으로 임차권등기 경청요청 요구함. 법원에 경청요청 가능 할까요?,provided_synthetic_consultations
CASE-0844,G10,서울,미상,1억~2억,계약중(종료예정),미상,미상,가입,보증금미반환,임차권등기,계약자는 상담자 년11월2일 전세 만기날로 이날 전후로 퇴거한다고 말하고 전화로 알겠다고 통보를 받고 녹음을 해두었습니다 그러던중 가계약하는 사람이 나와 10월24일에 이사를 나가라고하여 언니와 거주중으로 저는 23일 목요일에 언니는 24일 금요일에 나가는걸로 합으를 보았고 23일에는 보증금을 1300만원을 먼저 주기로하고 24일에는 나머지 비용을 주기로하였습니다 이로인해 저는 월세집을 계약하였고 이사준비를 하던도중 8월5일 임대인한테 가계약하는 사람이 취소를 했다면서 이사날짜를 다시 합의를 하자고하였습니다. 그래서 저는 월세를 계약을 했고 기존이랑 동일하게 10월23일에는 제가 나가고 24일에는 언니가 나가고 그때 돈을 다 받는걸로 전화를 마무리하고 녹음까지 해두었습니다. 제가 여기서 궁금한 부분은 임대인과는 10월24일에 최종적으로 나가는것으로 합의를 보았으니 이때까지 돈을 주지않으면 바로 임차권등기 설정을 할 수 있는걸까요? 현재 허그 보증보험 가입으로 전세집계약자가 저라 제가 이사가는곳에 전입신고 및 확정일자를 받지 않으면 우선 보증보험반환 거절사유에는 해당이되지않을까요? 만약 못받으면 언니는 그집에 거주하고있을 예정입니다 제가 앞으로 어떤 대처를 해야할지 몰라,,unknown,보증상품 보증상품 미확인 | 주택유형 미상 | 보증금구간 1억~2억 | 계약상태 계약중(종료예정) | 선순위권리 미상 | 반환보증 가입 | 분쟁유형 보증금미반환 | 진행단계 임차권등기 | 상황 계약자는 상담자 년11월2일 전세 만기날로 이날 전후로 퇴거한다고 말하고 전화로 알겠다고 통보를 받고 녹음을 해두었습니다 그러던중 가계약하는 사람이 나와 10월24일에 이사를 나가라고하여 언니와 거주중으로 저는 23일 목요일에 언니는 24일 금요일에 나가는걸로 합으를 보았고 23일에는 보증금을 1300만원을 먼저 주기로하고 24일에는 나머지 비용을 주기로하였습니다 이로인해 저는 월세집을 계약하였고 이사준비를 하던도중 8월5일 임대인한테 가계약하는 사람이 취소를 했다면서 이사날짜를 다시 합의를 하자고하였습니다. 그래서 저는 월세를 계약을 했고 기존이랑 동일하게 10월23일에는 제가 나가고 24일에는 언니가 나가고 그때 돈을 다 받는걸로 전화를 마무리하고 녹음까지 해두었습니다. 제가 여기서 궁금한 부분은 임대인과는 10월24일에 최종적으로 나가는것으로 합의를 보았으니 이때까지 돈을 주지않으면 바로 임차권등기 설정을 할 수 있는걸까요? 현재 허그 보증보험 가입으로 전세집계약자가 저라 제가 이사가는곳에 전입신고 및 확정일자를 받지 않으면 우선 보증보험반환 거절사유에는 해당이되지않을까요? 만약 못받으면 언니는 그집에 거주하고있을 예정입니다 제가 앞으로 어떤 대처를 해야할지 몰라,provided_synthetic_consultations
CASE-0845,G10,경기,고양시,2억~3억,미상,미상,근저당설정,가입,기타·일반문의,임차권등기,":) 근저당있는집에 2년전세만료(허그가입,대출은 안받음) 대출가능확답을 듣고 재계약체결했으나 집주인의 타주택 임차권등기로 대출과 보험불가됨. 계약내용위반을 알리고 정상화를 요구했으나 시세를 올려 새세입자를 받고싶다며 전세금반환해줄테니 나가라고 종용함. 재계약위반에 대해 세입자가 할수있는 권리는없나요? 피해받고 계획에도 없는 이사를 나가야될 형편입니다.",,unknown,"보증상품 보증상품 미확인 | 주택유형 미상 | 보증금구간 2억~3억 | 계약상태 미상 | 선순위권리 근저당설정 | 반환보증 가입 | 분쟁유형 기타·일반문의 | 진행단계 임차권등기 | 상황 :) 근저당있는집에 2년전세만료(허그가입,대출은 안받음) 대출가능확답을 듣고 재계약체결했으나 집주인의 타주택 임차권등기로 대출과 보험불가됨. 계약내용위반을 알리고 정상화를 요구했으나 시세를 올려 새세입자를 받고싶다며 전세금반환해줄테니 나가라고 종용함. 재계약위반에 대해 세입자가 할수있는 권리는없나요? 피해받고 계획에도 없는 이사를 나가야될 형편입니다.",provided_synthetic_consultations
CASE-0846,G10,대전,서구,1억 미만,계약중(종료예정),빌라,압류·가압류,미가입,경매·공매,소송제기,"현재 저는 년 계약이 끝난 상태이고 묵시적 년 더 거주 할 생각이었습니다. 보증금은 (사건)은 중기청 대출, 보증보험은 없는 상태입니다 중기청 대출은 내년 7월 만기입니다. 집주인은 빌라 2채를 소유하고 있었는데 한채는 이미 경매에 넘어간 상황이고 제가 살고 있는 빌라는 가압류 상태라고 하더라구요 집주인과 통화를 했고 현재 상황 모두 사실이며 가압류를 풀지 못 하는 상황이라 제가 살고있는 빌라도 경매에 넘어갈거라고 하셨습니다. 빌라 두 채 세입자 분들 약 20명 가량이 단체 카톡방에 모여있는 상황이고 이미 경매 넘어간 빌라 세입자분들은 고소고발, 소송, 배당신청, 임차권등기명령 등등 진행하고 계시더라고요. 저는 현재 상황도 너무 어렵고 복잡해서 하나도 모르겠어서 도움을 청하려고 글을 씁니다 1. 우선 저는 당장 1-2년 안에 이사를 할 생각이 없었는데 바로 계약 종료의사를 밝혀야한다고 하더라고요. 저는 이사 갈 계획이나 여력이 없어도 계약 종료 의사를 밝혀야하나요? 계약 종료와 동시에 중기청 대출을 갚아야한다고 하는데 저는 여유자금이 없어요 그래도 우선은 계약 종료 의사를 전달하는게 맞나요? 2. 집이 경매에 넘어가게 되면 제가 해야할 일이 뭘까요? 3. 임차권등기명령이 정확히 무엇인지 지금 제 상황에도 해야하는건지 궁금합니다 ㅠ 4. 현재로서 제가 돈을 돌려받을 수 있는 방법이 있는건가요? 받을 수 있는 확률이 얼마나 될까요ㅠ 혹시 몰라 최근 등기부등본 캡쳐본 첨부하겠습니다",,unknown,"보증상품 보증상품 미확인 | 주택유형 빌라 | 보증금구간 1억 미만 | 계약상태 계약중(종료예정) | 선순위권리 압류·가압류 | 반환보증 미가입 | 분쟁유형 경매·공매 | 진행단계 소송제기 | 상황 현재 저는 년 계약이 끝난 상태이고 묵시적 년 더 거주 할 생각이었습니다. 보증금은 (사건)은 중기청 대출, 보증보험은 없는 상태입니다 중기청 대출은 내년 7월 만기입니다. 집주인은 빌라 2채를 소유하고 있었는데 한채는 이미 경매에 넘어간 상황이고 제가 살고 있는 빌라는 가압류 상태라고 하더라구요 집주인과 통화를 했고 현재 상황 모두 사실이며 가압류를 풀지 못 하는 상황이라 제가 살고있는 빌라도 경매에 넘어갈거라고 하셨습니다. 빌라 두 채 세입자 분들 약 20명 가량이 단체 카톡방에 모여있는 상황이고 이미 경매 넘어간 빌라 세입자분들은 고소고발, 소송, 배당신청, 임차권등기명령 등등 진행하고 계시더라고요. 저는 현재 상황도 너무 어렵고 복잡해서 하나도 모르겠어서 도움을 청하려고 글을 씁니다 1. 우선 저는 당장 1-2년 안에 이사를 할 생각이 없었는데 바로 계약 종료의사를 밝혀야한다고 하더라고요. 저는 이사 갈 계획이나 여력이 없어도 계약 종료 의사를 밝혀야하나요? 계약 종료와 동시에 중기청 대출을 갚아야한다고 하는데 저는 여유자금이 없어요 그래도 우선은 계약 종료 의사를 전달하는게 맞나요? 2. 집이 경매에 넘어가게 되면 제가 해야할 일이 뭘까요? 3. 임차권등기명령이 정확히 무엇인지 지금 제 상황에도 해야하는건지 궁금합니다 ㅠ 4. 현재로서 제가 돈을 돌려받을 수 있는 방법이 있는건가요? 받을 수 있는 확률이 얼마나 될까요ㅠ 혹시 몰라 최근 등기부등본 캡쳐본 첨부하겠습니다",provided_synthetic_consultations
CASE-0847,G10,미상,송파구,2억~3억,계약중(종료예정),다세대주택,미상,미상,보증금미반환,내용증명·공시송달,21년 10월5부터 빌라 투룸 계약 후 4년 연장 하여 현재 25년 10월 5일 만기입니다 2년 더 연장하고 싶었으나 빌라 베란다 불법증축건으로 신고가 되어 대출이 불가하다하여 이사를 결정하였습니다 이사 결정은 6월 30일에 하였고 부동산에 통보하여 부동산이 집주인께 알렸습니다. 다음날 집앞에서 집주인을 만났을 때도 집주인이 퇴거를 인지하고 있었고 빨리 집을 구해서 나가도 된다고 하였습니다. 저희는 새로운 집을 구하여 계약했는데 금년 10월 5일은 추석 연휴 이기 때문에 평일에 서류이전 등을 하기 위하여 최대한 늦춰서 9월 30일 이사로 결정하였습니다. 집주인에게 통보하였는데 지금 살고있는집 세입자가 아직 구해지지 않은 상태라 돈이 없다는 식으로 나오고 있습니다 저희는 9월 30일에 이사를 가는 것으로 결정이 되어 나머지 잔금을 치뤄야하는데 집주인이 이삿날까지 돈을 안주게 될 경우 저희가 할수있는 법적인 조치가 무엇이 있을까요? 그리고 궁금한게 저희가 전세만기일인 10월 5일보다 일주일 앞당겨 나가는건데 이걸 집주인이 물고 늘어져서 10월 5일에만 돈을 줄수있다고 하면 9월 30일에는 보증금을 못받고 10월 5일까지 기다려야 하는건가요? 내용증명을 보내려고 하는데 저희는 이미 9월 30일 이사로 부동산과 집주인에게 통보했는데 9월 30일에 보증금을 모두 반환해달라고 요구해도 되는 상황일지 궁금합니다 많은 고견,1. 다세대주택 / 대항력있음,unknown,보증상품 보증상품 미확인 | 주택유형 다세대주택 | 보증금구간 2억~3억 | 계약상태 계약중(종료예정) | 선순위권리 미상 | 반환보증 미상 | 분쟁유형 보증금미반환 | 진행단계 내용증명·공시송달 | 상황 21년 10월5부터 빌라 투룸 계약 후 4년 연장 하여 현재 25년 10월 5일 만기입니다 2년 더 연장하고 싶었으나 빌라 베란다 불법증축건으로 신고가 되어 대출이 불가하다하여 이사를 결정하였습니다 이사 결정은 6월 30일에 하였고 부동산에 통보하여 부동산이 집주인께 알렸습니다. 다음날 집앞에서 집주인을 만났을 때도 집주인이 퇴거를 인지하고 있었고 빨리 집을 구해서 나가도 된다고 하였습니다. 저희는 새로운 집을 구하여 계약했는데 금년 10월 5일은 추석 연휴 이기 때문에 평일에 서류이전 등을 하기 위하여 최대한 늦춰서 9월 30일 이사로 결정하였습니다. 집주인에게 통보하였는데 지금 살고있는집 세입자가 아직 구해지지 않은 상태라 돈이 없다는 식으로 나오고 있습니다 저희는 9월 30일에 이사를 가는 것으로 결정이 되어 나머지 잔금을 치뤄야하는데 집주인이 이삿날까지 돈을 안주게 될 경우 저희가 할수있는 법적인 조치가 무엇이 있을까요? 그리고 궁금한게 저희가 전세만기일인 10월 5일보다 일주일 앞당겨 나가는건데 이걸 집주인이 물고 늘어져서 10월 5일에만 돈을 줄수있다고 하면 9월 30일에는 보증금을 못받고 10월 5일까지 기다려야 하는건가요? 내용증명을 보내려고 하는데 저희는 이미 9월 30일 이사로 부동산과 집주인에게 통보했는데 9월 30일에 보증금을 모두 반환해달라고 요구해도 되는 상황일지 궁금합니다 많은 고견 | 특이사항 1. 다세대주택 / 대항력있음,provided_synthetic_consultations
CASE-0848,G10,서울,강서구,1억~2억,계약종료,다세대주택,미상,가입,보증금미반환,임차권등기,"19.08.29~21.08.28 1억4천만원 계약 21.08.03~23.08.03 7백만원증액 (1억4천7백) 23.08.03~25.08.03 1천만원증액 (1억5천7백) 전세보증금 총 1억5천7백만원입니다. 처음계약할때 신혼부부버팀목대출 1억1천2백 대출 신랑이름으로 전세계약이었고 4개월전 전화로 집주인과 퇴거 사실을 알리고 매매중임을 전달했습니다.(녹음본있음) 저희는 5월에 매매계약을 했으며 집주인에게도 알림. 집주인이 시간이 없어서 계약기간이 당겨지긴 했으나 버팀목 상환날이 8월29일까지라 매매도 이날도 맞췄는데 생애최초디딤돌대출을 받은지라 버팀목이 상환이 되야 그날 잔금을 치룰수 있는데 집주인은 아직도 돈을 구하고 있다고만 합니다. 매매계약은 저의 이름으로 계약했습니다. 집주인이 처음엔 매매로만 내놓았는데 매매가 어렵자 7월중순쯤 전세도 내놓았고 저희도 여기저기 부동산에 매물을 내놓고 협조했는데 기간이 얼마남지 않아 8월3일 내용증명을 보냈고 전화로 신랑 저 꼭 29일까지 해주셔야 한다고 연락을 드리는데 만약 그날 집주인이 잔금을 치르지 못할시 매매계약금 2천6백만원,중개비 1백6만원,이사비2백만원이 공중에 날아가게 생겼습니다. 이렇게 되면 저희는 사실 갈곳이 없어 이곳에 거주해야 할것 같아서 임차권등기명령이 저희에게 꼭 필요한것지 보증금 미반환으로 인해 저희가 입은 피해는 특별손해배상 청구만 할수 있는지",1. 다세대주택 / 대항력있음,unknown,"보증상품 보증상품 미확인 | 주택유형 다세대주택 | 보증금구간 1억~2억 | 계약상태 계약종료 | 선순위권리 미상 | 반환보증 가입 | 분쟁유형 보증금미반환 | 진행단계 임차권등기 | 상황 19.08.29~21.08.28 1억4천만원 계약 21.08.03~23.08.03 7백만원증액 (1억4천7백) 23.08.03~25.08.03 1천만원증액 (1억5천7백) 전세보증금 총 1억5천7백만원입니다. 처음계약할때 신혼부부버팀목대출 1억1천2백 대출 신랑이름으로 전세계약이었고 4개월전 전화로 집주인과 퇴거 사실을 알리고 매매중임을 전달했습니다.(녹음본있음) 저희는 5월에 매매계약을 했으며 집주인에게도 알림. 집주인이 시간이 없어서 계약기간이 당겨지긴 했으나 버팀목 상환날이 8월29일까지라 매매도 이날도 맞췄는데 생애최초디딤돌대출을 받은지라 버팀목이 상환이 되야 그날 잔금을 치룰수 있는데 집주인은 아직도 돈을 구하고 있다고만 합니다. 매매계약은 저의 이름으로 계약했습니다. 집주인이 처음엔 매매로만 내놓았는데 매매가 어렵자 7월중순쯤 전세도 내놓았고 저희도 여기저기 부동산에 매물을 내놓고 협조했는데 기간이 얼마남지 않아 8월3일 내용증명을 보냈고 전화로 신랑 저 꼭 29일까지 해주셔야 한다고 연락을 드리는데 만약 그날 집주인이 잔금을 치르지 못할시 매매계약금 2천6백만원,중개비 1백6만원,이사비2백만원이 공중에 날아가게 생겼습니다. 이렇게 되면 저희는 사실 갈곳이 없어 이곳에 거주해야 할것 같아서 임차권등기명령이 저희에게 꼭 필요한것지 보증금 미반환으로 인해 저희가 입은 피해는 특별손해배상 청구만 할수 있는지 | 특이사항 1. 다세대주택 / 대항력있음",provided_synthetic_consultations
CASE-0849,G10,서울,강서구,3억 이상,계약중(종료예정),미상,미상,가입,보증금미반환,내용증명·공시송달,6개월전부터 임대인에게 퇴거 통보를 하였는데 시세를 제가 받았던 금액보다 2억을 올려서 몇달째 집을 보러 오는 사람이 없었습니다.(현 반환 되어야할 전세보증금 5억5천만원) 임대인에게는 내용증명 등 제가 할 수 있는 건 다 해둔 상태인데요. 저는 이미 이사갈집 이사 날짜가 9/5일 로 정해진 상태이고(제가 이사들어갈집 세입자가 이날 전세보증금 받고 이사 하는 날입니다.) 저희집에 이사 들어올 사람은 9월8일 이사가 가능한 상황입니다. 저희집으로 이사들어올 사람이 3억을 9/5일에 입금 해줄 수 있다 하고 나머지는 9/8일에 입금 가능한 상황입니다. 며칠 차이가 있어 제가 개인 대출을 받아서 9/5일 이사갈 집에 잔금 지불을 하려고 합니다. 집주인이 대출이 가능하다 아니다 확실한 답을 주고 있어 제가 할 수 없이 대출을 받게된 상황입니다. ㅠㅜ 현재로서는 저희집에 9/5일에 맞춰 이사들어올 사람을 구하기 어려운 상황이라 이사 날짜가 차이가 있더라도 이렇게라도 해야 하는데요 이경우 9/5~9/8일 사이에 발생한 대출 이자와 대출 상환 수수료를 임대인에게 청구 할 수 있는지,,unknown,보증상품 보증상품 미확인 | 주택유형 미상 | 보증금구간 3억 이상 | 계약상태 계약중(종료예정) | 선순위권리 미상 | 반환보증 가입 | 분쟁유형 보증금미반환 | 진행단계 내용증명·공시송달 | 상황 6개월전부터 임대인에게 퇴거 통보를 하였는데 시세를 제가 받았던 금액보다 2억을 올려서 몇달째 집을 보러 오는 사람이 없었습니다.(현 반환 되어야할 전세보증금 5억5천만원) 임대인에게는 내용증명 등 제가 할 수 있는 건 다 해둔 상태인데요. 저는 이미 이사갈집 이사 날짜가 9/5일 로 정해진 상태이고(제가 이사들어갈집 세입자가 이날 전세보증금 받고 이사 하는 날입니다.) 저희집에 이사 들어올 사람은 9월8일 이사가 가능한 상황입니다. 저희집으로 이사들어올 사람이 3억을 9/5일에 입금 해줄 수 있다 하고 나머지는 9/8일에 입금 가능한 상황입니다. 며칠 차이가 있어 제가 개인 대출을 받아서 9/5일 이사갈 집에 잔금 지불을 하려고 합니다. 집주인이 대출이 가능하다 아니다 확실한 답을 주고 있어 제가 할 수 없이 대출을 받게된 상황입니다. ㅠㅜ 현재로서는 저희집에 9/5일에 맞춰 이사들어올 사람을 구하기 어려운 상황이라 이사 날짜가 차이가 있더라도 이렇게라도 해야 하는데요 이경우 9/5~9/8일 사이에 발생한 대출 이자와 대출 상환 수수료를 임대인에게 청구 할 수 있는지,provided_synthetic_consultations
CASE-0850,G10,대전,중구,1억 미만,계약종료,미상,미상,미상,전세사기,상담·검토,"전세사기로 집이 경매에 넘어갔고 8/1 낙찰이 되어 새로운 집주인이 생겼습니다. 저는 전세사기피해자로 인정 받았고 최우선변제권자라 배당금을 받으려면 명도확인서, 낙찰자인감증명서가 필요해 8/14일에 이사하기로 했고 8/1~14일 월세는 제가 설치했던 에어컨을 두고가는걸로 협의가 되었습니다. 근데 먼저 퇴실한 사람의 말을 들어보니 집주인과관리업체가 퇴실하는 사람들에게 청소비를 요구하고 생활기스보수까지 하고 가라고 했다고 하며 그렇지 않으면 명도확인서와 인감증명서를 안주겠다고 했다고 합니다. 먼저 퇴실한 사람의 집 상태는 생활기스만 있는정도라고 알고 있습니다 일반전인 계약관계면 청소비를 주고 나가는게 맞지만 경매로 넘어간 집이라 전 집주인과 했던 계약내용은 이행하지 않아도 되는것으로 알고있는데 이런 경우엔 어떻게 대처해야하나요? 또 낙찰자가 과도한 요구를 하고 명도확인서와 인감증명서를 인질로 갑질하면 어떻게 대처해야하나요?",,unknown,"보증상품 보증상품 미확인 | 주택유형 미상 | 보증금구간 1억 미만 | 계약상태 계약종료 | 선순위권리 미상 | 반환보증 미상 | 분쟁유형 전세사기 | 진행단계 상담·검토 | 상황 전세사기로 집이 경매에 넘어갔고 8/1 낙찰이 되어 새로운 집주인이 생겼습니다. 저는 전세사기피해자로 인정 받았고 최우선변제권자라 배당금을 받으려면 명도확인서, 낙찰자인감증명서가 필요해 8/14일에 이사하기로 했고 8/1~14일 월세는 제가 설치했던 에어컨을 두고가는걸로 협의가 되었습니다. 근데 먼저 퇴실한 사람의 말을 들어보니 집주인과관리업체가 퇴실하는 사람들에게 청소비를 요구하고 생활기스보수까지 하고 가라고 했다고 하며 그렇지 않으면 명도확인서와 인감증명서를 안주겠다고 했다고 합니다. 먼저 퇴실한 사람의 집 상태는 생활기스만 있는정도라고 알고 있습니다 일반전인 계약관계면 청소비를 주고 나가는게 맞지만 경매로 넘어간 집이라 전 집주인과 했던 계약내용은 이행하지 않아도 되는것으로 알고있는데 이런 경우엔 어떻게 대처해야하나요? 또 낙찰자가 과도한 요구를 하고 명도확인서와 인감증명서를 인질로 갑질하면 어떻게 대처해야하나요?",provided_synthetic_consultations
CASE-0851,G10,경기,군포시,2억~3억,계약종료,다세대주택,미상,가입,경매·공매,판결·집행,"몇가지 여쭙고자 글을 작성합니다. 2025. 07. 31 전세기간이 만료되었습니다. 1. 2019년 07월 31일 전세가 1억 9천에 시작했습니다. 이 당시 농협에서 전세대출을 받았는데, 보증보험을 가입하는 조건이였습니다. 보증보험금 1억 9천으로 가입하였습니다. 2. 2년 뒤 2021년 07월 31일. 집주인이 전세금 1천만원을 올려달라고해서 새로운 전세계약서 작성 후 보유중인 돈으로 보내드렸습니다. 농협에 새로운 전세계약서를 보여주고, 증액된 전세금 1천만원은 개인돈으로 보냈음을 안내한 후 전세대출을 갱신(2년연장)하였습니다. 3. 2년 뒤 2023년 7월 31일. 집주인과 협의하여 전세금 증액 없이 2년 연장하고, 농협에도 동일 년 연장하였습니다. 4. 2년 뒤 2025년 7월 31일. 약 8개월전부터 집주인에게 전세계약만료시 퇴거를 통보하였습니다. 2025. 07월경 집주인이 새로운 세입자를 구하지 못하면 전세보증금을 돌려주지 못한다는 얘기를 듣고, 보증보험 확인을 위해 허그에 전화해보니, 제 보증보험금이 1억 9천으로 되어 있는 것을 확인하였습니다. 농협에 찾아가 문의해보니 2021년 전세대출시 보증보험 한도과 초과되어 1억 9천에서 더 이상 증액이 안된것이라는 설명을 들었습니다. 당시에 안내 했을것이다 라고 하는데, 오래전 일이라 저는 기억이 나지 않습니다. 현제 집주인은 60대 무직입니다. 경제능력이 없어 몇달전 핸드폰 요금을 내지 못하여 전화가 끊긴적이 있습니다. 집주인의 재산은 제가 살고 있는 전세집이 전부입니다. KB 부동산에 전세집의 시세를 조회해보니 2억 500만원입니다. 제가 받아야할 금액은 전세금(2억)과 보일러 교체비(98만원)를 받아야 합니다. 보일러 교체비는 작년 겨울에 보일러가 고장났는데 집주인이 돈이 없다고 먼저 저희가 교체하면 나중에 전세만기일에 준다고 했습니다. 여기서 제가 궁금한것은 ① 억 9천만원을 받고 다른 집으로 이사간 상태에서 이 집이 경매에 넘어가면, 받지 못한 1천만원과 보일러 교체비(98만원)을 제가 우선으로 받을 수 있나요? 아니면 Hug가 우선 받아가기 때문에 저는 아무것도 받지 못하나요? ② 받지 못한 1천만원과 98만원 때문에 변호사를 선임해서 법적대응을 해야될까요? 현제 집주인은 재산이 전세집밖에 없고, 무직이다보니 돈 나올 구멍이 없습니다. 민사로 승소해도 집주인에게 뺏어 올 수 있는 재산이 없으니, 하지 말아야 할까요?",1. 다세대 / 대항력있음,unknown,"보증상품 보증상품 미확인 | 주택유형 다세대주택 | 보증금구간 2억~3억 | 계약상태 계약종료 | 선순위권리 미상 | 반환보증 가입 | 분쟁유형 경매·공매 | 진행단계 판결·집행 | 상황 몇가지 여쭙고자 글을 작성합니다. 2025. 07. 31 전세기간이 만료되었습니다. 1. 2019년 07월 31일 전세가 1억 9천에 시작했습니다. 이 당시 농협에서 전세대출을 받았는데, 보증보험을 가입하는 조건이였습니다. 보증보험금 1억 9천으로 가입하였습니다. 2. 2년 뒤 2021년 07월 31일. 집주인이 전세금 1천만원을 올려달라고해서 새로운 전세계약서 작성 후 보유중인 돈으로 보내드렸습니다. 농협에 새로운 전세계약서를 보여주고, 증액된 전세금 1천만원은 개인돈으로 보냈음을 안내한 후 전세대출을 갱신(2년연장)하였습니다. 3. 2년 뒤 2023년 7월 31일. 집주인과 협의하여 전세금 증액 없이 2년 연장하고, 농협에도 동일 년 연장하였습니다. 4. 2년 뒤 2025년 7월 31일. 약 8개월전부터 집주인에게 전세계약만료시 퇴거를 통보하였습니다. 2025. 07월경 집주인이 새로운 세입자를 구하지 못하면 전세보증금을 돌려주지 못한다는 얘기를 듣고, 보증보험 확인을 위해 허그에 전화해보니, 제 보증보험금이 1억 9천으로 되어 있는 것을 확인하였습니다. 농협에 찾아가 문의해보니 2021년 전세대출시 보증보험 한도과 초과되어 1억 9천에서 더 이상 증액이 안된것이라는 설명을 들었습니다. 당시에 안내 했을것이다 라고 하는데, 오래전 일이라 저는 기억이 나지 않습니다. 현제 집주인은 60대 무직입니다. 경제능력이 없어 몇달전 핸드폰 요금을 내지 못하여 전화가 끊긴적이 있습니다. 집주인의 재산은 제가 살고 있는 전세집이 전부입니다. KB 부동산에 전세집의 시세를 조회해보니 2억 500만원입니다. 제가 받아야할 금액은 전세금(2억)과 보일러 교체비(98만원)를 받아야 합니다. 보일러 교체비는 작년 겨울에 보일러가 고장났는데 집주인이 돈이 없다고 먼저 저희가 교체하면 나중에 전세만기일에 준다고 했습니다. 여기서 제가 궁금한것은 ① 억 9천만원을 받고 다른 집으로 이사간 상태에서 이 집이 경매에 넘어가면, 받지 못한 1천만원과 보일러 교체비(98만원)을 제가 우선으로 받을 수 있나요? 아니면 Hug가 우선 받아가기 때문에 저는 아무것도 받지 못하나요? ② 받지 못한 1천만원과 98만원 때문에 변호사를 선임해서 법적대응을 해야될까요? 현제 집주인은 재산이 전세집밖에 없고, 무직이다보니 돈 나올 구멍이 없습니다. 민사로 승소해도 집주인에게 뺏어 올 수 있는 재산이 없으니, 하지 말아야 할까요? | 특이사항 1. 다세대 / 대항력있음",provided_synthetic_consultations
CASE-0852,G10,서울,송파구,2억~3억,계약종료,미상,미상,가입,보증금미반환,HUG이행청구,"계약만료일은 25.5.9입니다 다음 세입자 구해질때까지 돈없다고 미안하다며 계속 보증금 반환을 하고있지않고 보증보험에 일부금액 2억3천 가입이 되어있어서 서류 접수하여 심사진행을 들어가보려는데 계약서상 임대인은 김재돈, 실제로 관리하는 집주인은 이명순(며느리)입니다. 계약당시 위임장 작성을 안해서 보증보험 서류에도 위임장과 그들의 가족관계증명이 필요한데요. 요청하면 이명순이 협조할 거 같긴한데 계약당시 위임장 작성을 못했으면 현재와서 위임사실확인서 같은것을 작성하면 효력이 있나요?",* 이행청구 받기로 했다고 함,unknown,"보증상품 보증상품 미확인 | 주택유형 미상 | 보증금구간 2억~3억 | 계약상태 계약종료 | 선순위권리 미상 | 반환보증 가입 | 분쟁유형 보증금미반환 | 진행단계 HUG이행청구 | 상황 계약만료일은 25.5.9입니다 다음 세입자 구해질때까지 돈없다고 미안하다며 계속 보증금 반환을 하고있지않고 보증보험에 일부금액 2억3천 가입이 되어있어서 서류 접수하여 심사진행을 들어가보려는데 계약서상 임대인은 김재돈, 실제로 관리하는 집주인은 이명순(며느리)입니다. 계약당시 위임장 작성을 안해서 보증보험 서류에도 위임장과 그들의 가족관계증명이 필요한데요. 요청하면 이명순이 협조할 거 같긴한데 계약당시 위임장 작성을 못했으면 현재와서 위임사실확인서 같은것을 작성하면 효력이 있나요? | 특이사항 * 이행청구 받기로 했다고 함",provided_synthetic_consultations
CASE-0853,G10,서울,강서구,2억~3억,계약종료,오피스텔,미상,가입,기타·일반문의,임차권등기,"20년 12월 입주 이후 Hug 보증보험이 된 상태에서 2년간 살았습니다. 1. 2년 계약 만기가 와서 퇴실에 대한 내용을 집주인한테 얘기하음. 2. 세입자가 와야 퇴실이 된다고 하여 1년 더 살아보겠다고 한 뒤, 전세대출 연장진행 및 Hug 보증보험 연장을 시도 3. 집주인 HUG 보증보험 신고 건수가 2건 이상되어 보증보험 연장 불가하다고 함. 4. 집주인과 논의 하였는데 세입자를 구하고 있다고 하지만, 못구하여 전세금을 주지 못한다고 함. 5. 집주인이 임차권등기 신청이라도 하라고 하여 신청 및 등기 신청까지 완료 함. 6. 23년 11월 부터 집주인과 논의하에 이자의 50%을 집주인이 주기로 하였음. 7. 25년도 까지 총 4회 돈을 받았으며, 여러가지 사유로 계속 돈을 안주고 있는 상황 8. 25월 4월 7일에 7월 말쯤에 이사간다고 얘기하였음 9. 그 이후 6월 경에 통화할 때에도 전세금을 줄 수 없는 상황이라고 함. 추가적으로 금년도 말에 개인회생 신청을 할꺼라고 얘기도 하였음. 10. 아직 이사를 하고 있지 않은 상황이며, 법률상담 후에 어떻게 진행해야 할지 정할 예정입니다.",1. 오피스텔 / 대항력있음 / 깡통주택,unknown,"보증상품 보증상품 미확인 | 주택유형 오피스텔 | 보증금구간 2억~3억 | 계약상태 계약종료 | 선순위권리 미상 | 반환보증 가입 | 분쟁유형 기타·일반문의 | 진행단계 임차권등기 | 상황 20년 12월 입주 이후 Hug 보증보험이 된 상태에서 2년간 살았습니다. 1. 2년 계약 만기가 와서 퇴실에 대한 내용을 집주인한테 얘기하음. 2. 세입자가 와야 퇴실이 된다고 하여 1년 더 살아보겠다고 한 뒤, 전세대출 연장진행 및 Hug 보증보험 연장을 시도 3. 집주인 HUG 보증보험 신고 건수가 2건 이상되어 보증보험 연장 불가하다고 함. 4. 집주인과 논의 하였는데 세입자를 구하고 있다고 하지만, 못구하여 전세금을 주지 못한다고 함. 5. 집주인이 임차권등기 신청이라도 하라고 하여 신청 및 등기 신청까지 완료 함. 6. 23년 11월 부터 집주인과 논의하에 이자의 50%을 집주인이 주기로 하였음. 7. 25년도 까지 총 4회 돈을 받았으며, 여러가지 사유로 계속 돈을 안주고 있는 상황 8. 25월 4월 7일에 7월 말쯤에 이사간다고 얘기하였음 9. 그 이후 6월 경에 통화할 때에도 전세금을 줄 수 없는 상황이라고 함. 추가적으로 금년도 말에 개인회생 신청을 할꺼라고 얘기도 하였음. 10. 아직 이사를 하고 있지 않은 상황이며, 법률상담 후에 어떻게 진행해야 할지 정할 예정입니다. | 특이사항 1. 오피스텔 / 대항력있음 / 깡통주택",provided_synthetic_consultations
CASE-0854,G10,대구,대구,1억~2억,계약중(종료예정),미상,미상,미상,기타·일반문의,상담·검토,집주인이 저희 집 보증금 못 받을 거 같다고 법적으로 자기가 해줄 수 있는 거 다해준다던데 뭐부터 해야할 지 잘 모르겠어서 상담,,unknown,보증상품 보증상품 미확인 | 주택유형 미상 | 보증금구간 1억~2억 | 계약상태 계약중(종료예정) | 선순위권리 미상 | 반환보증 미상 | 분쟁유형 기타·일반문의 | 진행단계 상담·검토 | 상황 집주인이 저희 집 보증금 못 받을 거 같다고 법적으로 자기가 해줄 수 있는 거 다해준다던데 뭐부터 해야할 지 잘 모르겠어서 상담,provided_synthetic_consultations
CASE-0855,G10,서울,강남구,3억 이상,계약중(종료예정),미상,미상,미상,기타·일반문의,상담·검토,"집주인이 현재 미국에 거주하고 있어서 집주인 부모님과 부동산 대리갱신계약을 체결해야 하는 상황입니다. 영사관까지 가는것도 힘들다고 해서 영사관을 안가고 전자공증, 화상공증으로 위임장을 받을 수 있는 방법을 상세히 기재하여 위임장 양식과 함께 집주인에게 메일과 카톡으로 송부했습니다. 그러나 돌아오는 답변은 공동인증서가 없고 발급받을 수 없다는 답변밖에 없습니다. 이 경우 법적으로 임대인에게 취할 수 있는 조치가 뭐가 있을까요?",,unknown,"보증상품 보증상품 미확인 | 주택유형 미상 | 보증금구간 3억 이상 | 계약상태 계약중(종료예정) | 선순위권리 미상 | 반환보증 미상 | 분쟁유형 기타·일반문의 | 진행단계 상담·검토 | 상황 집주인이 현재 미국에 거주하고 있어서 집주인 부모님과 부동산 대리갱신계약을 체결해야 하는 상황입니다. 영사관까지 가는것도 힘들다고 해서 영사관을 안가고 전자공증, 화상공증으로 위임장을 받을 수 있는 방법을 상세히 기재하여 위임장 양식과 함께 집주인에게 메일과 카톡으로 송부했습니다. 그러나 돌아오는 답변은 공동인증서가 없고 발급받을 수 없다는 답변밖에 없습니다. 이 경우 법적으로 임대인에게 취할 수 있는 조치가 뭐가 있을까요?",provided_synthetic_consultations
CASE-0856,G10,미상,무안군,1억~2억,계약중(종료예정),아파트,미상,가입,기타·일반문의,HUG이행청구,22년 계약을 했습니다[기존 입주민과 승계 계약] 계약금 일부는 계약자에게 이체 일부는 계약자 남편에게 이체. 2달후 허그쪽으로 전세보증금 보험 신청을 하는데 서류 제출전 상담을 해보니 계약자의 남편인걸 증명하기 위해 가족관계증명서를 첨부하라고 합니다. 최초계약자에게 이 내용을 말하니 계약 끝난지도 오래됐고 비협조적 입니다. 어떤 방법이 있을까요,,unknown,보증상품 보증상품 미확인 | 주택유형 아파트 | 보증금구간 1억~2억 | 계약상태 계약중(종료예정) | 선순위권리 미상 | 반환보증 가입 | 분쟁유형 기타·일반문의 | 진행단계 HUG이행청구 | 상황 22년 계약을 했습니다[기존 입주민과 승계 계약] 계약금 일부는 계약자에게 이체 일부는 계약자 남편에게 이체. 2달후 허그쪽으로 전세보증금 보험 신청을 하는데 서류 제출전 상담을 해보니 계약자의 남편인걸 증명하기 위해 가족관계증명서를 첨부하라고 합니다. 최초계약자에게 이 내용을 말하니 계약 끝난지도 오래됐고 비협조적 입니다. 어떤 방법이 있을까요,provided_synthetic_consultations
CASE-0857,G10,서울,강남구,1억~2억,계약중(종료예정),미상,미상,가입,전세사기,내용증명·공시송달,23.10.28일경 로 이사왔고 처음 계약후 이사직전에 갑자기 집주인이 1천만원 인상을 요구했습니다 세탁기 화장실 등 리모델링 비용이라면서요 거기서부터 첫번째 기분이 상했습니다 그이후 이사왔더니 베란다 샷시및 창문들이 노후되서 제대로 안닫혀서 모기에 시달려 잠못자고 출근하는게 일상이였습니다 이후 샷시 교체를 요구했지만 아무대책없이 그대로였고 묵묵부답으로 무시하더라고요 여기서부터 1차피해였고 고통을 그리고 입주후 전세보증금에대해 보증보험들으려고했는데 해당건물 부채가많아 불가능하다는겁니다 그래서 그당시 전세사기 많은데 보증보험 들지도 못했습니다 분명 처음 가능하다고 중개인이 그래서 계약했는데 계속 말이다르더라고요 여기서2차피해고 다시묵묵부답이였습니다 그리고나서 참고사는데 1층상가에 술집/그옆에 꽃집 공사소리에 매일 잠도못자고 출근했고 주말에 쉬지못했습니다 지나고나면 밑층집 공사를 또하고 새로운 사람들나가고 들어올때마다 심각한 드릴 공사소리에 시달렸습니다 그에 더불어 구축이라 방음 하나도 안되고 말하는소리 다들릴정도인데 옆집에서 개를키워서 엄청짖어대는 개였습니다 작은소리 날때마다 짖어대고 새벽이고 저녁이고 아침이고 스트레스받고 매번 큰소리에 놀라서 탈모까지왓고 잠도못자고 결국퇴사까지해서 생계위협까지 받고있는상황입니다 집주인은 중재도안해주고 나몰라합니다 제가직접얘기하다 욕하고 때릴려고하길래 경찰까지 왓습니다 무례한 남자가 살더군요 저는 피해안주려고 슬리퍼신고 다니는데 윗집 아랫집 전부 쾅쾅발소리 심해서잠도 깨고 집자체가 심각합니다 저는피해자인데 협박당하고 있는상황입니다 여기선 살수가없고 최근에는 집주인이 물샌다고해서 한번 화장실비워주고 방수공사하고갔는데 다시또 물샌다면서 밑집피해라고 피해보상해달라며 내용증명까지 보냈더라고요 재공사한다면서 사람 함부로 아무때나 되는것처럼 시간뺏다가 아들이랑 할머니 계속 찾아오고 갑질하네요 3번이나 문 부술듯이 두드리며 협박합니다 주거침입으로 신고하고 싶은데 괜찮은가요 막무가내고 본인밖에 모르는것같습니다 2번이나 시간조율해서 집비워주면 그안에 해결해야하는데 주말에 시간만 빼먹고 조치도 안해취했습니다 제가 25년 10월만기라서 다음 또 공사는 안될거같다고 나가면 누수공사 하라했는데 막무가내로 물샌다며 내용증명 고소한다는데 방법있나요? 현재 옆집은 앞 공사장에 건물짓는사람들이 또 새로들어와서 100번정도 왓다갓다하고 시끄럽게 만들어놓고 바로집앞 건물새로짓는데 천둥소리처럼 철재떨어지는소리가 계속나서 놀라서 소음에 잠못자고 우울증까지걸렸습니다 지금6개월넘게 민원넣어도 그대로예요 80데시벨넘습니다 샷시때매 방음도 더안되고 저는 퇴거하고싶은데 나갈집을 아직 못구해서 막무가내로 시달리는데 저런 건물주 할머니를 정신차리게 중간에서 중재요청드립니다 정신적 피해 심각해서 친구집에서도 장기간지내다가 돌아왔는데 이번엔 누수공사로 스트레스 주니 일도 못가고 힘든상황 저렇게 협박만 하고 본인들이 피해준건 생각안하고 오히려 저보고 가해자 취급하면서 내용증명 보내는데 진짜 어이가없네요 소음들에 시달려서 2년동안 피눈물 흘리고산것 다 보상받고 싶어요 분쟁상담원합니다,,unknown,보증상품 보증상품 미확인 | 주택유형 미상 | 보증금구간 1억~2억 | 계약상태 계약중(종료예정) | 선순위권리 미상 | 반환보증 가입 | 분쟁유형 전세사기 | 진행단계 내용증명·공시송달 | 상황 23.10.28일경 로 이사왔고 처음 계약후 이사직전에 갑자기 집주인이 1천만원 인상을 요구했습니다 세탁기 화장실 등 리모델링 비용이라면서요 거기서부터 첫번째 기분이 상했습니다 그이후 이사왔더니 베란다 샷시및 창문들이 노후되서 제대로 안닫혀서 모기에 시달려 잠못자고 출근하는게 일상이였습니다 이후 샷시 교체를 요구했지만 아무대책없이 그대로였고 묵묵부답으로 무시하더라고요 여기서부터 1차피해였고 고통을 그리고 입주후 전세보증금에대해 보증보험들으려고했는데 해당건물 부채가많아 불가능하다는겁니다 그래서 그당시 전세사기 많은데 보증보험 들지도 못했습니다 분명 처음 가능하다고 중개인이 그래서 계약했는데 계속 말이다르더라고요 여기서2차피해고 다시묵묵부답이였습니다 그리고나서 참고사는데 1층상가에 술집/그옆에 꽃집 공사소리에 매일 잠도못자고 출근했고 주말에 쉬지못했습니다 지나고나면 밑층집 공사를 또하고 새로운 사람들나가고 들어올때마다 심각한 드릴 공사소리에 시달렸습니다 그에 더불어 구축이라 방음 하나도 안되고 말하는소리 다들릴정도인데 옆집에서 개를키워서 엄청짖어대는 개였습니다 작은소리 날때마다 짖어대고 새벽이고 저녁이고 아침이고 스트레스받고 매번 큰소리에 놀라서 탈모까지왓고 잠도못자고 결국퇴사까지해서 생계위협까지 받고있는상황입니다 집주인은 중재도안해주고 나몰라합니다 제가직접얘기하다 욕하고 때릴려고하길래 경찰까지 왓습니다 무례한 남자가 살더군요 저는 피해안주려고 슬리퍼신고 다니는데 윗집 아랫집 전부 쾅쾅발소리 심해서잠도 깨고 집자체가 심각합니다 저는피해자인데 협박당하고 있는상황입니다 여기선 살수가없고 최근에는 집주인이 물샌다고해서 한번 화장실비워주고 방수공사하고갔는데 다시또 물샌다면서 밑집피해라고 피해보상해달라며 내용증명까지 보냈더라고요 재공사한다면서 사람 함부로 아무때나 되는것처럼 시간뺏다가 아들이랑 할머니 계속 찾아오고 갑질하네요 3번이나 문 부술듯이 두드리며 협박합니다 주거침입으로 신고하고 싶은데 괜찮은가요 막무가내고 본인밖에 모르는것같습니다 2번이나 시간조율해서 집비워주면 그안에 해결해야하는데 주말에 시간만 빼먹고 조치도 안해취했습니다 제가 25년 10월만기라서 다음 또 공사는 안될거같다고 나가면 누수공사 하라했는데 막무가내로 물샌다며 내용증명 고소한다는데 방법있나요? 현재 옆집은 앞 공사장에 건물짓는사람들이 또 새로들어와서 100번정도 왓다갓다하고 시끄럽게 만들어놓고 바로집앞 건물새로짓는데 천둥소리처럼 철재떨어지는소리가 계속나서 놀라서 소음에 잠못자고 우울증까지걸렸습니다 지금6개월넘게 민원넣어도 그대로예요 80데시벨넘습니다 샷시때매 방음도 더안되고 저는 퇴거하고싶은데 나갈집을 아직 못구해서 막무가내로 시달리는데 저런 건물주 할머니를 정신차리게 중간에서 중재요청드립니다 정신적 피해 심각해서 친구집에서도 장기간지내다가 돌아왔는데 이번엔 누수공사로 스트레스 주니 일도 못가고 힘든상황 저렇게 협박만 하고 본인들이 피해준건 생각안하고 오히려 저보고 가해자 취급하면서 내용증명 보내는데 진짜 어이가없네요 소음들에 시달려서 2년동안 피눈물 흘리고산것 다 보상받고 싶어요 분쟁상담원합니다,provided_synthetic_consultations
CASE-0858,G10,인천,서구,1억 미만,계약중(종료예정),미상,미상,미상,기타·일반문의,소송제기,작년 12/21일에 월세 임대차 계약을 했습니다. 보증금 600에 월세 70 계약서 작성할때는 집주인이 보증금 1000만원으로 작성하고 600만원은 계좌이체 했습니다. 이거 큰일 나는거 아니냐 했더니 400은 현금으로 받았다고 하면 된다고 했고 계약서에는 1000/70으로 작성하였고 실질적인 계약은 600/70 입니다. 누수 문제로 집주인과 말다툼 중 보증금 1000 채우라고 지급명령 보내겠다하는데 1000만원을 채워야하나요?,,unknown,보증상품 보증상품 미확인 | 주택유형 미상 | 보증금구간 1억 미만 | 계약상태 계약중(종료예정) | 선순위권리 미상 | 반환보증 미상 | 분쟁유형 기타·일반문의 | 진행단계 소송제기 | 상황 작년 12/21일에 월세 임대차 계약을 했습니다. 보증금 600에 월세 70 계약서 작성할때는 집주인이 보증금 1000만원으로 작성하고 600만원은 계좌이체 했습니다. 이거 큰일 나는거 아니냐 했더니 400은 현금으로 받았다고 하면 된다고 했고 계약서에는 1000/70으로 작성하였고 실질적인 계약은 600/70 입니다. 누수 문제로 집주인과 말다툼 중 보증금 1000 채우라고 지급명령 보내겠다하는데 1000만원을 채워야하나요?,provided_synthetic_consultations
CASE-0859,G10,서울,동대문구,1억 미만,계약종료,다세대주택,미상,미상,보증금미반환,판결·집행,"현재 건물이 위반건축물이며, 도면 상 거주하고 있는 부분이 화장실에 해당합니다. 계약서 상에는 (내부호수)로 기재되어 있으나, 주민등록초본 상에는 까지만 기재되어 있습니다. 또한 101호로 전입신고 되어있는 사람이 본인 이외에도 있을 것으로 생각됩니다. 임차권등기 진행 시에는 도면 상 화장실로 되어 있다는 이유로 각하결정 되었습니다. 현재 보증금반환소송은 승소하였으나 돌려받지 못했고, 승소 내용을 토대로 재산명시와 채무불이행자명단등재를 진행하고 있습니다. 추후 전세피해자지원대출과 이사를 위해 임차권등기를 진행하고 싶은데 가능할지",1. 다세대 / 다세대쪼개기 / 대항력없음,unknown,"보증상품 보증상품 미확인 | 주택유형 다세대주택 | 보증금구간 1억 미만 | 계약상태 계약종료 | 선순위권리 미상 | 반환보증 미상 | 분쟁유형 보증금미반환 | 진행단계 판결·집행 | 상황 현재 건물이 위반건축물이며, 도면 상 거주하고 있는 부분이 화장실에 해당합니다. 계약서 상에는 (내부호수)로 기재되어 있으나, 주민등록초본 상에는 까지만 기재되어 있습니다. 또한 101호로 전입신고 되어있는 사람이 본인 이외에도 있을 것으로 생각됩니다. 임차권등기 진행 시에는 도면 상 화장실로 되어 있다는 이유로 각하결정 되었습니다. 현재 보증금반환소송은 승소하였으나 돌려받지 못했고, 승소 내용을 토대로 재산명시와 채무불이행자명단등재를 진행하고 있습니다. 추후 전세피해자지원대출과 이사를 위해 임차권등기를 진행하고 싶은데 가능할지 | 특이사항 1. 다세대 / 다세대쪼개기 / 대항력없음",provided_synthetic_consultations
CASE-0860,G10,전남,무안군,1억~2억,계약중(종료예정),미상,미상,가입,보증금미반환,상담·검토,"임대인 공동면의 2명 A, B A : 사망하여 대리하고 있는 법률사무소가 업무 위임 B : 전혀 아무 조치 취하지 않고 있음 이런 상황에서 제 전세 계약 일자가 8월20일인 상태인데요. 결론적으로 임대인 모두 전세보증금 돌려줄 수 없는 상황이라 A의 법무사에서는 전세보증금 보험청구로 받는 게 가장 빠르다고 하여 A와 B에게 전세계약종료합의서 받고 임차권 등기 설정 후 전세보증보험청구하려고 다 알아봐놨는데 B가 전세계약종료합의서 작성하는데 협조를 아예 안해주셔서 보증보험청구도 못 하게 생겼어요 ㅠㅠㅠ(B본인이 채무 다 떠안을까봐 협조 거부 한 상황) B가 이 상황에서 협조할 의무가 아예 없는 건지 너무 답답한 상황이라 어떻게하면 설득할 수 있을지",,jeonse_return,"보증상품 전세보증금반환보증 | 주택유형 미상 | 보증금구간 1억~2억 | 계약상태 계약중(종료예정) | 선순위권리 미상 | 반환보증 가입 | 분쟁유형 보증금미반환 | 진행단계 상담·검토 | 상황 임대인 공동면의 2명 A, B A : 사망하여 대리하고 있는 법률사무소가 업무 위임 B : 전혀 아무 조치 취하지 않고 있음 이런 상황에서 제 전세 계약 일자가 8월20일인 상태인데요. 결론적으로 임대인 모두 전세보증금 돌려줄 수 없는 상황이라 A의 법무사에서는 전세보증금 보험청구로 받는 게 가장 빠르다고 하여 A와 B에게 전세계약종료합의서 받고 임차권 등기 설정 후 전세보증보험청구하려고 다 알아봐놨는데 B가 전세계약종료합의서 작성하는데 협조를 아예 안해주셔서 보증보험청구도 못 하게 생겼어요 ㅠㅠㅠ(B본인이 채무 다 떠안을까봐 협조 거부 한 상황) B가 이 상황에서 협조할 의무가 아예 없는 건지 너무 답답한 상황이라 어떻게하면 설득할 수 있을지",provided_synthetic_consultations
CASE-0861,G10,경기,미상,1억~2억,계약종료,오피스텔,근저당설정,미가입,경매·공매,임차권등기,"오피스텔 전세 / 보증보험x,근저당x,전세권x,단독선순위 전세만기가 지난 상태입니다 (만기전 통보 및 내용증명2차 도달) 1.전세 계약 만기 이후 전세권 설정 가능 여부 문의 2.전세권 설정 조건으로 전세 재계약 (보험가입불가상태) 3.임차권등기 설정 후 이사 (법적절차 후 경매진행 예상) 어떤 선택이 차선책일까요 ? 여기저기 알아봐도 명확한건 없고 얕은 지식으로 올바르지 않은 선택을 하게 될까봐 계속 고민만 하고 있습니다",1. 오피스텔 / 대항력있음 / 실거래가 1.3억,unknown,"보증상품 보증상품 미확인 | 주택유형 오피스텔 | 보증금구간 1억~2억 | 계약상태 계약종료 | 선순위권리 근저당설정 | 반환보증 미가입 | 분쟁유형 경매·공매 | 진행단계 임차권등기 | 상황 오피스텔 전세 / 보증보험x,근저당x,전세권x,단독선순위 전세만기가 지난 상태입니다 (만기전 통보 및 내용증명2차 도달) 1.전세 계약 만기 이후 전세권 설정 가능 여부 문의 2.전세권 설정 조건으로 전세 재계약 (보험가입불가상태) 3.임차권등기 설정 후 이사 (법적절차 후 경매진행 예상) 어떤 선택이 차선책일까요 ? 여기저기 알아봐도 명확한건 없고 얕은 지식으로 올바르지 않은 선택을 하게 될까봐 계속 고민만 하고 있습니다 | 특이사항 1. 오피스텔 / 대항력있음 / 실거래가 1.3억",provided_synthetic_consultations
CASE-0862,G10,충남,아산시,2억~3억,계약중(종료예정),오피스텔,압류·가압류,미상,기타·일반문의,상담·검토,올해 3월 입주하고 거주중이나 3월 전세권을 설정하고 5월에 가압류가 잡힘,1. 오피스텔 / 대항력있음 / 매매가격 2.8억,unknown,보증상품 보증상품 미확인 | 주택유형 오피스텔 | 보증금구간 2억~3억 | 계약상태 계약중(종료예정) | 선순위권리 압류·가압류 | 반환보증 미상 | 분쟁유형 기타·일반문의 | 진행단계 상담·검토 | 상황 올해 3월 입주하고 거주중이나 3월 전세권을 설정하고 5월에 가압류가 잡힘 | 특이사항 1. 오피스텔 / 대항력있음 / 매매가격 2.8억,provided_synthetic_consultations
CASE-0863,G10,미상,미상,1억~2억,계약중(종료예정),오피스텔,미상,미상,기타·일반문의,상담·검토,"잔금일 : 8/31 계약금 포함 총 2천만원을 (선입금) 8/30에 입금 요청하였습니다.(임대인의 세금 및 기타이유로) 저도 계약을 위해 동의를 하였습니다. 하지만 임대차계약일날 임대차계약서에 중도금 표시도 안되어 있고,부동산 측에서는 입금내역이 은행거래내역에 있기에 영수증 발급도 굳이 안해도 된다고 하였습니다. 혹시, 이부분이 큰 문제가 될수도 있는 경우인지, 잔금완납으로 인정이 법정으로 가능한 부분인지",1. 임대인이 오피스텔 전체를 움켜쥐고 있는 아주 위험한 집,unknown,"보증상품 보증상품 미확인 | 주택유형 오피스텔 | 보증금구간 1억~2억 | 계약상태 계약중(종료예정) | 선순위권리 미상 | 반환보증 미상 | 분쟁유형 기타·일반문의 | 진행단계 상담·검토 | 상황 잔금일 : 8/31 계약금 포함 총 2천만원을 (선입금) 8/30에 입금 요청하였습니다.(임대인의 세금 및 기타이유로) 저도 계약을 위해 동의를 하였습니다. 하지만 임대차계약일날 임대차계약서에 중도금 표시도 안되어 있고,부동산 측에서는 입금내역이 은행거래내역에 있기에 영수증 발급도 굳이 안해도 된다고 하였습니다. 혹시, 이부분이 큰 문제가 될수도 있는 경우인지, 잔금완납으로 인정이 법정으로 가능한 부분인지 | 특이사항 1. 임대인이 오피스텔 전체를 움켜쥐고 있는 아주 위험한 집",provided_synthetic_consultations
CASE-0864,G10,대구,대구,1억~2억,계약중(종료예정),오피스텔,미상,미상,기타·일반문의,내용증명·공시송달,임차기간 중 임대인이 변경되었는데 변경된 임대인 연락처도 모르고 구 임대인도 연락이 두절되었습니다. 내용증명을 보냈는데 수취인 불명으로 반송되서 돌아왔어요 향후 제가 해야할 일이 뭐가 더 있을까요?,1. 오피스텔 / 대항력있음 / 깡통주택,unknown,보증상품 보증상품 미확인 | 주택유형 오피스텔 | 보증금구간 1억~2억 | 계약상태 계약중(종료예정) | 선순위권리 미상 | 반환보증 미상 | 분쟁유형 기타·일반문의 | 진행단계 내용증명·공시송달 | 상황 임차기간 중 임대인이 변경되었는데 변경된 임대인 연락처도 모르고 구 임대인도 연락이 두절되었습니다. 내용증명을 보냈는데 수취인 불명으로 반송되서 돌아왔어요 향후 제가 해야할 일이 뭐가 더 있을까요? | 특이사항 1. 오피스텔 / 대항력있음 / 깡통주택,provided_synthetic_consultations
CASE-0865,G10,부산,사상구,1억~2억,계약중(종료예정),미상,미상,가입,경매·공매,HUG이행청구,경매로 인한 배당금 수령후 부족한부분 이행청구 시 그 기간동안 명도에 관한부분,,unknown,보증상품 보증상품 미확인 | 주택유형 미상 | 보증금구간 1억~2억 | 계약상태 계약중(종료예정) | 선순위권리 미상 | 반환보증 가입 | 분쟁유형 경매·공매 | 진행단계 HUG이행청구 | 상황 경매로 인한 배당금 수령후 부족한부분 이행청구 시 그 기간동안 명도에 관한부분,provided_synthetic_consultations
CASE-0866,G10,경기,의왕시,3억 이상,계약중(종료예정),아파트,미상,가입,기타·일반문의,상담·검토,계약만료 전 임차궠등기명령 신청,1. 아파트 / 대항력있고 보증보험도 있음,unknown,보증상품 보증상품 미확인 | 주택유형 아파트 | 보증금구간 3억 이상 | 계약상태 계약중(종료예정) | 선순위권리 미상 | 반환보증 가입 | 분쟁유형 기타·일반문의 | 진행단계 상담·검토 | 상황 계약만료 전 임차궠등기명령 신청 | 특이사항 1. 아파트 / 대항력있고 보증보험도 있음,provided_synthetic_consultations
CASE-0867,G10,충북,청주시,2억~3억,계약종료,미상,미상,미상,기타·일반문의,내용증명·공시송달,"6/11 전세집 퇴거로 보증금 2억 7천 500만원 중 집주인 자금 억 5천 200만원만 우선 받고 잔금 2300만원에 대해서는 6월 말까지 이자포함하여 잔금받기로함(차용증 받음) 7월 중순 300만원 입금받고 남은 2천만원은 7월말까지 주겠다하여 기다렸으나 전화,문자 무시하며 연락두절상태로 다음주 중 내용증명 보낼예정입니다 이 상황에서 잔금을 받을수 있는 제가 할수있는 절차같은게",* 주소지 불명확,unknown,"보증상품 보증상품 미확인 | 주택유형 미상 | 보증금구간 2억~3억 | 계약상태 계약종료 | 선순위권리 미상 | 반환보증 미상 | 분쟁유형 기타·일반문의 | 진행단계 내용증명·공시송달 | 상황 6/11 전세집 퇴거로 보증금 2억 7천 500만원 중 집주인 자금 억 5천 200만원만 우선 받고 잔금 2300만원에 대해서는 6월 말까지 이자포함하여 잔금받기로함(차용증 받음) 7월 중순 300만원 입금받고 남은 2천만원은 7월말까지 주겠다하여 기다렸으나 전화,문자 무시하며 연락두절상태로 다음주 중 내용증명 보낼예정입니다 이 상황에서 잔금을 받을수 있는 제가 할수있는 절차같은게 | 특이사항 * 주소지 불명확",provided_synthetic_consultations
CASE-0868,G10,경기,미상,1억 미만,계약종료,미상,미상,미상,기타·일반문의,임차권등기,주인은 회생중이며 현제 2025.8.15일 부로 계약만료 상태 입니다 임차권등기명령을 신청하려다 거주중이라 하지않았는데 답답해서,* 실익없음,unknown,보증상품 보증상품 미확인 | 주택유형 미상 | 보증금구간 1억 미만 | 계약상태 계약종료 | 선순위권리 미상 | 반환보증 미상 | 분쟁유형 기타·일반문의 | 진행단계 임차권등기 | 상황 주인은 회생중이며 현제 2025.8.15일 부로 계약만료 상태 입니다 임차권등기명령을 신청하려다 거주중이라 하지않았는데 답답해서 | 특이사항 * 실익없음,provided_synthetic_consultations
CASE-0869,G10,미상,수원시권선구,1억 미만,계약중(종료예정),미상,미상,가입,묵시적갱신분쟁,HUG이행청구,나갈때가되어서 두달전에 퇴거통보했는데 대출규제등 핑계로 보증금을 못돌려준다고합니다. 세입자 구하면 나갈수있다는데 25년 9월29일 만기인데 7월 18일날 나간다고했고 답장은 없었습니다. 근데 7월28일날 관리비보낸거확인됐다고 문자가왔는데 이러한상황이면 퇴거 통보를 2개월전에 하게된걸까요 아니면,1. 허그보증보험가입 - 이행청구 중,unknown,보증상품 보증상품 미확인 | 주택유형 미상 | 보증금구간 1억 미만 | 계약상태 계약중(종료예정) | 선순위권리 미상 | 반환보증 가입 | 분쟁유형 묵시적갱신분쟁 | 진행단계 HUG이행청구 | 상황 나갈때가되어서 두달전에 퇴거통보했는데 대출규제등 핑계로 보증금을 못돌려준다고합니다. 세입자 구하면 나갈수있다는데 25년 9월29일 만기인데 7월 18일날 나간다고했고 답장은 없었습니다. 근데 7월28일날 관리비보낸거확인됐다고 문자가왔는데 이러한상황이면 퇴거 통보를 2개월전에 하게된걸까요 아니면 | 특이사항 1. 허그보증보험가입 - 이행청구 중,provided_synthetic_consultations
CASE-0870,G10,미상,미상,1억 미만,계약중(종료예정),미상,근저당설정,미상,경매·공매,임차권등기,"📌 사건 개요 정리 1. 전세계약 체결 • 계약일: 2023년 9월 14일 • 보증금: 6,500만 원 • 계약기간: 2023년 9월 14일 ~ 2025년 9월 13일 2. 확정일자 • 전입 및 확정일자: 계약 당시(입주 시) 확정일자 받아둠 3. 등기부 상황 • 계약 당시 이미 근저당권 약 9억 원 설정되어 있었음,내가 들어오고 근저당이 2번 더 잡힘 • 주변 시세 및 위치가 좋고, “소액임차인 최우선변제권이 가능하다”는 설명을 듣고 계약 진행함 4. 현재 상황 • 전세 만료일이 약 한 달도 채 남지 않음 (2025년 9월 13일 만료) • 집주인과 재계약을 준비 중이었으나, 최근 부동산 임의경매 안내문을 수령함 • 우선순위에서 불리한 상황이라도 소액임차인 범위 내에서 일정 금액은 보호받을 수 있다는 점을 알고 있음 5. 조치 계획 • 배당요구 종기일까지 배당요구 신청 예정 • 임차권등기명령 신청 준비 중 (계약일 종료에만 할 수있다고 들음) ✅ 변호사에게 확인받고 싶은 점 • 소액임차인의 범위 및 실제 내가 배당받을 수 있는 금액 규모 • 배당요구 신청 및 임차권등기명령 신청 절차와 주의할 점 • 경매가 진행될 경우 보증금 회수 가능성 및 대응 전략 • 집주인이 파산하였을 때 대응할 점 • 지금이라도 계약 취소라고 문자로 증거를 남겨야하는지(대리인/집주인)내용증명",,unknown,"보증상품 보증상품 미확인 | 주택유형 미상 | 보증금구간 1억 미만 | 계약상태 계약중(종료예정) | 선순위권리 근저당설정 | 반환보증 미상 | 분쟁유형 경매·공매 | 진행단계 임차권등기 | 상황 📌 사건 개요 정리 1. 전세계약 체결 • 계약일: 2023년 9월 14일 • 보증금: 6,500만 원 • 계약기간: 2023년 9월 14일 ~ 2025년 9월 13일 2. 확정일자 • 전입 및 확정일자: 계약 당시(입주 시) 확정일자 받아둠 3. 등기부 상황 • 계약 당시 이미 근저당권 약 9억 원 설정되어 있었음,내가 들어오고 근저당이 2번 더 잡힘 • 주변 시세 및 위치가 좋고, “소액임차인 최우선변제권이 가능하다”는 설명을 듣고 계약 진행함 4. 현재 상황 • 전세 만료일이 약 한 달도 채 남지 않음 (2025년 9월 13일 만료) • 집주인과 재계약을 준비 중이었으나, 최근 부동산 임의경매 안내문을 수령함 • 우선순위에서 불리한 상황이라도 소액임차인 범위 내에서 일정 금액은 보호받을 수 있다는 점을 알고 있음 5. 조치 계획 • 배당요구 종기일까지 배당요구 신청 예정 • 임차권등기명령 신청 준비 중 (계약일 종료에만 할 수있다고 들음) ✅ 변호사에게 확인받고 싶은 점 • 소액임차인의 범위 및 실제 내가 배당받을 수 있는 금액 규모 • 배당요구 신청 및 임차권등기명령 신청 절차와 주의할 점 • 경매가 진행될 경우 보증금 회수 가능성 및 대응 전략 • 집주인이 파산하였을 때 대응할 점 • 지금이라도 계약 취소라고 문자로 증거를 남겨야하는지(대리인/집주인)내용증명",provided_synthetic_consultations
CASE-0871,G10,부산,금정구,1억 미만,계약종료,다세대주택,압류·가압류,미상,경매·공매,판결·집행,2023년에 계약 종료되고 임차권등기신청하고 방뺐습니다. 집주인이 개인회생 신청했고 집이 경매로 넘어갔고 계속 유찰되다가 이번에 팔렸습니다. 8월 13일에 배당금 1750만원 가량 받았구요 집주인은 개인회생 진행하고 있는 상태입니다. 나머지 돈은 받기 위해서 제가 압류를 걸 수 있나요? 보증금 반환소송은 변호사 통해서 승소했었는데 지금 상황에서는 의미가 없네요 지금 제가 할 수 있는 법적 절차는 뭐가 있을까요?,1. 다세대 / 대항력없음 / 공동담보,unknown,보증상품 보증상품 미확인 | 주택유형 다세대주택 | 보증금구간 1억 미만 | 계약상태 계약종료 | 선순위권리 압류·가압류 | 반환보증 미상 | 분쟁유형 경매·공매 | 진행단계 판결·집행 | 상황 2023년에 계약 종료되고 임차권등기신청하고 방뺐습니다. 집주인이 개인회생 신청했고 집이 경매로 넘어갔고 계속 유찰되다가 이번에 팔렸습니다. 8월 13일에 배당금 1750만원 가량 받았구요 집주인은 개인회생 진행하고 있는 상태입니다. 나머지 돈은 받기 위해서 제가 압류를 걸 수 있나요? 보증금 반환소송은 변호사 통해서 승소했었는데 지금 상황에서는 의미가 없네요 지금 제가 할 수 있는 법적 절차는 뭐가 있을까요? | 특이사항 1. 다세대 / 대항력없음 / 공동담보,provided_synthetic_consultations
CASE-0872,G10,경기,화성시,1억 미만,계약종료,미상,미상,미상,기타·일반문의,상담·검토,"현집주인이 파산을 진행하여 현재 소유권 이전을 받은 상황입니다. 파산을 진행하였기에 재산목록을 조회 했습니다. 64채의 부동산을 소유하고 있었고, 해당 부동산의 등기부 등본을 조회 했습니다. 약 20채의 부동산이 제 전집주인과 현집주인의 명의로 돼있었습니다. 저는 이걸 가지고 사기죄로 고소를 하려고 하는 사항입니다. 이런 경우에는 계획적으로 사기를 치려고 하려는 사항으로 볼 수 있을까요?",* 실익없음,unknown,"보증상품 보증상품 미확인 | 주택유형 미상 | 보증금구간 1억 미만 | 계약상태 계약종료 | 선순위권리 미상 | 반환보증 미상 | 분쟁유형 기타·일반문의 | 진행단계 상담·검토 | 상황 현집주인이 파산을 진행하여 현재 소유권 이전을 받은 상황입니다. 파산을 진행하였기에 재산목록을 조회 했습니다. 64채의 부동산을 소유하고 있었고, 해당 부동산의 등기부 등본을 조회 했습니다. 약 20채의 부동산이 제 전집주인과 현집주인의 명의로 돼있었습니다. 저는 이걸 가지고 사기죄로 고소를 하려고 하는 사항입니다. 이런 경우에는 계획적으로 사기를 치려고 하려는 사항으로 볼 수 있을까요? | 특이사항 * 실익없음",provided_synthetic_consultations
CASE-0873,G10,서울,서초구,3억 이상,계약종료,미상,미상,미상,기타·일반문의,임차권등기,전세금을 반환받지 못하고 임차권등기한 상태입니다. 원금과 이자를 합의하는 중인데 합의금 전체를 다 받지 못해도 원금+이자 5%만 받으면 임차권등기는 해제해주어야 한다고 합니다. 거부할 경우 문제가 되나요?,* 실익없음,unknown,보증상품 보증상품 미확인 | 주택유형 미상 | 보증금구간 3억 이상 | 계약상태 계약종료 | 선순위권리 미상 | 반환보증 미상 | 분쟁유형 기타·일반문의 | 진행단계 임차권등기 | 상황 전세금을 반환받지 못하고 임차권등기한 상태입니다. 원금과 이자를 합의하는 중인데 합의금 전체를 다 받지 못해도 원금+이자 5%만 받으면 임차권등기는 해제해주어야 한다고 합니다. 거부할 경우 문제가 되나요? | 특이사항 * 실익없음,provided_synthetic_consultations
CASE-0874,G10,서울,강서구,2억~3억,계약종료,오피스텔,압류·가압류,가입,보증금미반환,소송제기,"25년 7월 28일자로 공식적인 계약이 끝난 상황이고, 임차권등기명령 신청해서 처리 완료됐습니다. 접수증으로 은행 대출 연장은 해둔 상태구요. 지금 집에 세입자가 들어오지 못하는 이유는 집에 가압류가 걸려있어요. 임대인이 소유한 부산 소재 집에도 임차인에게 돈을 돌려주지 못해서 허그에서 전세금을 돌려준 것 같고 그러면서 허그에서 가압류를 잡은 것 같습니다. 제가 지금 할 수 있는 게 지급명령이랑 보증금반환소송이라고 알고 있습니다. 이 부분을 진행하는게 최선일지, 또다른 방법이 있을지 알고 싶습니다. 변호사를 선임하는 것도 저에게는 큰 일이라서, 어떤 기준으로 변호인분들과 소통하고 고용해야 하는지도 궁금합니다. (전반적인 이야기 나누고 싶습니다)",1. 오피스텔 / 대항력있음,unknown,"보증상품 보증상품 미확인 | 주택유형 오피스텔 | 보증금구간 2억~3억 | 계약상태 계약종료 | 선순위권리 압류·가압류 | 반환보증 가입 | 분쟁유형 보증금미반환 | 진행단계 소송제기 | 상황 25년 7월 28일자로 공식적인 계약이 끝난 상황이고, 임차권등기명령 신청해서 처리 완료됐습니다. 접수증으로 은행 대출 연장은 해둔 상태구요. 지금 집에 세입자가 들어오지 못하는 이유는 집에 가압류가 걸려있어요. 임대인이 소유한 부산 소재 집에도 임차인에게 돈을 돌려주지 못해서 허그에서 전세금을 돌려준 것 같고 그러면서 허그에서 가압류를 잡은 것 같습니다. 제가 지금 할 수 있는 게 지급명령이랑 보증금반환소송이라고 알고 있습니다. 이 부분을 진행하는게 최선일지, 또다른 방법이 있을지 알고 싶습니다. 변호사를 선임하는 것도 저에게는 큰 일이라서, 어떤 기준으로 변호인분들과 소통하고 고용해야 하는지도 궁금합니다. (전반적인 이야기 나누고 싶습니다) | 특이사항 1. 오피스텔 / 대항력있음",provided_synthetic_consultations
CASE-0875,G10,서울,영등포구,1억~2억,계약중(종료예정),미상,미상,미상,경매·공매,상담·검토,"전세로 살고 있는 집이 강제경매로 넘어가게 되었습니다. 법원에서는 권리신고 및 배당요구를 신청하라고 하고, 집주인은 만나서 얘기를 하겠다고 합니다. 대처방안에 대해 얘기 나누고 싶습니다.",,unknown,"보증상품 보증상품 미확인 | 주택유형 미상 | 보증금구간 1억~2억 | 계약상태 계약중(종료예정) | 선순위권리 미상 | 반환보증 미상 | 분쟁유형 경매·공매 | 진행단계 상담·검토 | 상황 전세로 살고 있는 집이 강제경매로 넘어가게 되었습니다. 법원에서는 권리신고 및 배당요구를 신청하라고 하고, 집주인은 만나서 얘기를 하겠다고 합니다. 대처방안에 대해 얘기 나누고 싶습니다.",provided_synthetic_consultations
CASE-0876,G10,경기,용인시,1억~2억,계약종료,다세대주택,근저당설정,미상,경매·공매,소송제기,2022년 9월에 계약 종료(전세금1억7천) 2023년 9월즈음 전세피해자 결정문 받았음 집주인이 지급까지 돈을 안돌려주고 있음(다세대주택) 8월 19일 오늘 배당기일인데 받을 수 있는 돈이 13만원 1순위 근저당권 은행이 다 가져감 전세 계약서 쓸때 저희집 근저당권만 따로 말소시켜주겠다고 썼지만 계약 위반하고 근저당권 말소안해줘서 받을 수 있는 돈이 없음 현재 지금명령만 해둔상태 어떻게 하면 돈을 받을 수 있을까요? 더는 못기다릴것 같아서 형사든 소송이든 걸려고 하는데 집주인이 돈이 없으면 소송거는게 의미가 있을까요? 소송비용도 못받을것 같아서요 추가로 작년 12월에 경매 낙찰자가 잔금처리하고 임차권등기 설정해둔거 말소되었다고 당장 집빼라고 독촉했는데 법무사 상담 받아볼때는 절대로 집 빼면 안된다고 배당금 받을때까지 버텨야 한다고 했는데 압박에 못이겨 지난 4월에 집을 비웠습니다. 그런데 아직까지 명도 확인서 안써주고 4개월치 월세 200만원 내지 않으면 저랑 같이 살던 친구 이름으로 불법점유했다며 소송걸겠다고 합니다 어떻게 해야 할까요? 정말 살기가 어렵네요,1. 다세대 / 공동담보,unknown,보증상품 보증상품 미확인 | 주택유형 다세대주택 | 보증금구간 1억~2억 | 계약상태 계약종료 | 선순위권리 근저당설정 | 반환보증 미상 | 분쟁유형 경매·공매 | 진행단계 소송제기 | 상황 2022년 9월에 계약 종료(전세금1억7천) 2023년 9월즈음 전세피해자 결정문 받았음 집주인이 지급까지 돈을 안돌려주고 있음(다세대주택) 8월 19일 오늘 배당기일인데 받을 수 있는 돈이 13만원 1순위 근저당권 은행이 다 가져감 전세 계약서 쓸때 저희집 근저당권만 따로 말소시켜주겠다고 썼지만 계약 위반하고 근저당권 말소안해줘서 받을 수 있는 돈이 없음 현재 지금명령만 해둔상태 어떻게 하면 돈을 받을 수 있을까요? 더는 못기다릴것 같아서 형사든 소송이든 걸려고 하는데 집주인이 돈이 없으면 소송거는게 의미가 있을까요? 소송비용도 못받을것 같아서요 추가로 작년 12월에 경매 낙찰자가 잔금처리하고 임차권등기 설정해둔거 말소되었다고 당장 집빼라고 독촉했는데 법무사 상담 받아볼때는 절대로 집 빼면 안된다고 배당금 받을때까지 버텨야 한다고 했는데 압박에 못이겨 지난 4월에 집을 비웠습니다. 그런데 아직까지 명도 확인서 안써주고 4개월치 월세 200만원 내지 않으면 저랑 같이 살던 친구 이름으로 불법점유했다며 소송걸겠다고 합니다 어떻게 해야 할까요? 정말 살기가 어렵네요 | 특이사항 1. 다세대 / 공동담보,provided_synthetic_consultations
CASE-0877,G10,경기,화성시,1억~2억,계약중(종료예정),미상,미상,가입,보증금미반환,소송제기,"HUG 임대인보증보험 되어있는데 소송 진행하여 지연이자 받을 수 있는지, 임대인보증보험 반려시 지급명령 가능한지",1. 허그에 이행청구도 하고 임대인에게 지급명량으로 보증금반환도 받고 싶다 / 그럼 2억을 받을꺼냐? 안된다고 보험약관에 적혀있으니 확인하세요,rental_deposit,"보증상품 임대보증금보증 | 주택유형 미상 | 보증금구간 1억~2억 | 계약상태 계약중(종료예정) | 선순위권리 미상 | 반환보증 가입 | 분쟁유형 보증금미반환 | 진행단계 소송제기 | 상황 HUG 임대인보증보험 되어있는데 소송 진행하여 지연이자 받을 수 있는지, 임대인보증보험 반려시 지급명령 가능한지 | 특이사항 1. 허그에 이행청구도 하고 임대인에게 지급명량으로 보증금반환도 받고 싶다 / 그럼 2억을 받을꺼냐? 안된다고 보험약관에 적혀있으니 확인하세요",provided_synthetic_consultations
CASE-0878,G10,서울,관악구,미상,계약종료,미상,미상,미상,경매·공매,소송제기,"집주인이 돈을안줘서 지금소송이기고 경매진행하고있는데요 (요번년도말이나 내년에시) 우선변제권이있으면 그걸로 그집을사고 나머지돈은 어떻게해야하는건가요? 그리고 저희는지금 사실혼으로 그집을나와살고있고 계약자는 전남편으로 계약이되어있습니다 28,650,000원중 전남편대출14,300,000 제 보증금14,365,000이들어가 있는상태입니다 전남친이 저한테 집을양도한 계약서도 다해났는데 경매에가서 우서변제권을쓰고 저한테 돈을안줄수도 있는걸까요? 경매가가 31.500.000정도라고했는데 전 살생각이거든요 제가 양도계약서가있으니까 양도하고 우선변제권을 쓸순없을까요?",,unknown,"보증상품 보증상품 미확인 | 주택유형 미상 | 보증금구간 미상 | 계약상태 계약종료 | 선순위권리 미상 | 반환보증 미상 | 분쟁유형 경매·공매 | 진행단계 소송제기 | 상황 집주인이 돈을안줘서 지금소송이기고 경매진행하고있는데요 (요번년도말이나 내년에시) 우선변제권이있으면 그걸로 그집을사고 나머지돈은 어떻게해야하는건가요? 그리고 저희는지금 사실혼으로 그집을나와살고있고 계약자는 전남편으로 계약이되어있습니다 28,650,000원중 전남편대출14,300,000 제 보증금14,365,000이들어가 있는상태입니다 전남친이 저한테 집을양도한 계약서도 다해났는데 경매에가서 우서변제권을쓰고 저한테 돈을안줄수도 있는걸까요? 경매가가 31.500.000정도라고했는데 전 살생각이거든요 제가 양도계약서가있으니까 양도하고 우선변제권을 쓸순없을까요?",provided_synthetic_consultations
CASE-0879,G10,대구,대구달서구,1억~2억,계약종료,아파트,미상,가입,기타·일반문의,HUG이행청구,"7월9일계약종료. 8월11일 HUG에 보증보험이행청구는했고 대기중입니다. 대기기간만 2~3개월이라 안내받았고 대기기간 후에 심사~승인이 날것같습니다. 문제는 살고있는 아파트가 라, 10월13일~11월14일기간 엘레베이터 교체공사를 합니다. 옥상출입문이없어서 옥상을통해 옆동 간 이동도 불가능하답니다 저희집은 20층(꼭대기층)이고, 21개월 아기를 데리고 매일 어린이집 등하원을 합니다. 물론 배달이나 택배도 1층에서 받아오라는데,짐을들고 아기를데리고 20층까지 계단으로 오르락 내리락하는건 도저히 불가능할거같습니다. 관리사무소에서는 계단을사용하는 방법밖에는없고 안된다면 임시거처를마련하라는데, 이경우 집주인에게 임시거처마련에대한 비용을 청구할수있을까요.",,unknown,"보증상품 보증상품 미확인 | 주택유형 아파트 | 보증금구간 1억~2억 | 계약상태 계약종료 | 선순위권리 미상 | 반환보증 가입 | 분쟁유형 기타·일반문의 | 진행단계 HUG이행청구 | 상황 7월9일계약종료. 8월11일 HUG에 보증보험이행청구는했고 대기중입니다. 대기기간만 2~3개월이라 안내받았고 대기기간 후에 심사~승인이 날것같습니다. 문제는 살고있는 아파트가 라, 10월13일~11월14일기간 엘레베이터 교체공사를 합니다. 옥상출입문이없어서 옥상을통해 옆동 간 이동도 불가능하답니다 저희집은 20층(꼭대기층)이고, 21개월 아기를 데리고 매일 어린이집 등하원을 합니다. 물론 배달이나 택배도 1층에서 받아오라는데,짐을들고 아기를데리고 20층까지 계단으로 오르락 내리락하는건 도저히 불가능할거같습니다. 관리사무소에서는 계단을사용하는 방법밖에는없고 안된다면 임시거처를마련하라는데, 이경우 집주인에게 임시거처마련에대한 비용을 청구할수있을까요.",provided_synthetic_consultations
CASE-0880,G10,세종,미상,1억~2억,계약중(종료예정),아파트,미상,미상,기타·일반문의,내용증명·공시송달,"첫 전세계약 2년 만료 전 전세대출 연장을 위해 /19일 갱신계약을 진행하였습니다. 갱신계약 이후 이전에 신청했던 LH국민임대 당첨 문자가 8/1(금)에 전달되어 당일에 임대인분께 개인사정(임대주택 당첨이라고 말하면 취소하라고 할 것 같아서 회사 발령이라고 함)으로 중도 퇴거를 통보하였습니다. 하지만 임대인분께서는 연락두절로 무응답으로 대응하고 있습니다. 8/7(목)에 우체국을 통해 내용증명을 보냈으나, 폐문부재로 인해 8/11(월)에 부동산 공인중개사분과 함께 임대인 집으로 찾아가 현관문에 복사한 내용증명을 직접 부착하였으나 그 다음날에 공인중개사분께서 재확인결과 똑같이 부착되어 있었습니다. 우체국을 통해 발송한 내용증명 역시 반송되어 금일(8/20)에 우체국에 직접 반송된 내용증명을 받으러 갈 예정입니다. 중도 퇴거 통보일로부터 3개월간 새로운 세입자를 구해야하는데 임대인분께서 전혀 협조를 해주지 않고 있습니다. 3개월 동안 아무런 행동조차 못하고 있는 상황이 너무 답답한데 내용증명과 기다림 밖에 답에 없는건지 다른 대책들은 없는지 뭐라고 해서 빨리 새로운 세입자를 구하고 싶습니다.","1. 아파트 / 대항력있음 / 매매가격 1.8억, 전세 1.3억",unknown,"보증상품 보증상품 미확인 | 주택유형 아파트 | 보증금구간 1억~2억 | 계약상태 계약중(종료예정) | 선순위권리 미상 | 반환보증 미상 | 분쟁유형 기타·일반문의 | 진행단계 내용증명·공시송달 | 상황 첫 전세계약 2년 만료 전 전세대출 연장을 위해 /19일 갱신계약을 진행하였습니다. 갱신계약 이후 이전에 신청했던 LH국민임대 당첨 문자가 8/1(금)에 전달되어 당일에 임대인분께 개인사정(임대주택 당첨이라고 말하면 취소하라고 할 것 같아서 회사 발령이라고 함)으로 중도 퇴거를 통보하였습니다. 하지만 임대인분께서는 연락두절로 무응답으로 대응하고 있습니다. 8/7(목)에 우체국을 통해 내용증명을 보냈으나, 폐문부재로 인해 8/11(월)에 부동산 공인중개사분과 함께 임대인 집으로 찾아가 현관문에 복사한 내용증명을 직접 부착하였으나 그 다음날에 공인중개사분께서 재확인결과 똑같이 부착되어 있었습니다. 우체국을 통해 발송한 내용증명 역시 반송되어 금일(8/20)에 우체국에 직접 반송된 내용증명을 받으러 갈 예정입니다. 중도 퇴거 통보일로부터 3개월간 새로운 세입자를 구해야하는데 임대인분께서 전혀 협조를 해주지 않고 있습니다. 3개월 동안 아무런 행동조차 못하고 있는 상황이 너무 답답한데 내용증명과 기다림 밖에 답에 없는건지 다른 대책들은 없는지 뭐라고 해서 빨리 새로운 세입자를 구하고 싶습니다. | 특이사항 1. 아파트 / 대항력있음 / 매매가격 1.8억, 전세 1.3억",provided_synthetic_consultations
CASE-0881,G10,서울,마포구,1억~2억,계약종료,다가구주택,미상,미가입,경매·공매,상담·검토,임대차 계약 연장을 해서 올해 3월에 종료가 됐는데 지금 현재 경매중입니다 보증보험 든 게 없고 경매에 넘어가서 일단 법원에 서류 제출만 해둔 상태인데 어떤 걸 해야되는지 몰라서요 엄마는 경찰에 신고해야된다는데 하나도 몰라서 어떤식으로 대비해야되는지 알려주세요ㅠㅠ,"1. 다가구주택 / 대항력 X, 부모님이 최우선변제도 못받는다고 함",unknown,"보증상품 보증상품 미확인 | 주택유형 다가구주택 | 보증금구간 1억~2억 | 계약상태 계약종료 | 선순위권리 미상 | 반환보증 미가입 | 분쟁유형 경매·공매 | 진행단계 상담·검토 | 상황 임대차 계약 연장을 해서 올해 3월에 종료가 됐는데 지금 현재 경매중입니다 보증보험 든 게 없고 경매에 넘어가서 일단 법원에 서류 제출만 해둔 상태인데 어떤 걸 해야되는지 몰라서요 엄마는 경찰에 신고해야된다는데 하나도 몰라서 어떤식으로 대비해야되는지 알려주세요ㅠㅠ | 특이사항 1. 다가구주택 / 대항력 X, 부모님이 최우선변제도 못받는다고 함",provided_synthetic_consultations
CASE-0882,G10,충북,청주시,1억~2억,계약중(종료예정),아파트,압류·가압류,미상,경매·공매,상담·검토,"에서 22.06.30부터 거주중이고 2025.12.31계약 종료됩니다. 현재인대인은 23.5월 변경되었습니다. 12월 만료를 앞두고 전세금반환으로 연락했는데, 현금이 없는상태고 10월에 전세나 매매로 집을 내놓을생각이라고합니다.(현재는 시세가 안좋아서 못내놓는다고합니다) 불안한마음에 등기부를떼보니 2025.5.12로 국세압류가 걸려있습니다. 집주인에게 연락하니 금액이 얼마되지 않으니 곧 해결한다고만 얘기합니다 이런상황에 제가 지금 선제적으로 할게있을까요? 국세로 만기보다 먼저 경매넘어가는건아닌가 걱정이됩니다. 그리고 제가 임대차계약서와 체결 후 생긴 체납이라서 제가 우선이라고 알고있는데 맞나요? 그리고 2024년8월쯤에 대출 연장으로인해 은행에서 새 집주인과 임대차계약서 및 확정일자를 요구해서 계약서를 다시 작성했습니다.(2024.06.30~2025.12.31) 계약서에 전 계약서와 내용은 동일하고 기간만 연장한다고 적어놨는데 체납한것에 문제가 될까 걱정입니다",1. 아파트 / 깡통주택 / 대항력있음,unknown,"보증상품 보증상품 미확인 | 주택유형 아파트 | 보증금구간 1억~2억 | 계약상태 계약중(종료예정) | 선순위권리 압류·가압류 | 반환보증 미상 | 분쟁유형 경매·공매 | 진행단계 상담·검토 | 상황 에서 22.06.30부터 거주중이고 2025.12.31계약 종료됩니다. 현재인대인은 23.5월 변경되었습니다. 12월 만료를 앞두고 전세금반환으로 연락했는데, 현금이 없는상태고 10월에 전세나 매매로 집을 내놓을생각이라고합니다.(현재는 시세가 안좋아서 못내놓는다고합니다) 불안한마음에 등기부를떼보니 2025.5.12로 국세압류가 걸려있습니다. 집주인에게 연락하니 금액이 얼마되지 않으니 곧 해결한다고만 얘기합니다 이런상황에 제가 지금 선제적으로 할게있을까요? 국세로 만기보다 먼저 경매넘어가는건아닌가 걱정이됩니다. 그리고 제가 임대차계약서와 체결 후 생긴 체납이라서 제가 우선이라고 알고있는데 맞나요? 그리고 2024년8월쯤에 대출 연장으로인해 은행에서 새 집주인과 임대차계약서 및 확정일자를 요구해서 계약서를 다시 작성했습니다.(2024.06.30~2025.12.31) 계약서에 전 계약서와 내용은 동일하고 기간만 연장한다고 적어놨는데 체납한것에 문제가 될까 걱정입니다 | 특이사항 1. 아파트 / 깡통주택 / 대항력있음",provided_synthetic_consultations
CASE-0883,G10,대전,서구,1억~2억,계약종료,다세대주택,미상,미상,보증금미반환,임차권등기,"8월 17일자로 계약 만료 되어 집을 뺀 상태입니다. 임대인이 보증금 반환을 안해줘서 임차권등기명령신청을 해놓은 상태인데, 임차권등기 된 집에 단기임대(최소 1주일~3개월정도) 세입자를 구해도 될까요?",1. 다세대 / 깡통주택 / 대항력없음,unknown,"보증상품 보증상품 미확인 | 주택유형 다세대주택 | 보증금구간 1억~2억 | 계약상태 계약종료 | 선순위권리 미상 | 반환보증 미상 | 분쟁유형 보증금미반환 | 진행단계 임차권등기 | 상황 8월 17일자로 계약 만료 되어 집을 뺀 상태입니다. 임대인이 보증금 반환을 안해줘서 임차권등기명령신청을 해놓은 상태인데, 임차권등기 된 집에 단기임대(최소 1주일~3개월정도) 세입자를 구해도 될까요? | 특이사항 1. 다세대 / 깡통주택 / 대항력없음",provided_synthetic_consultations
CASE-0884,G10,경기,평택시,1억~2억,계약중(종료예정),미상,미상,미상,보증금미반환,임차권등기,기존 만기일에 집주인이 보증금을 못준다하여 3개월 연장을하고 8/19일자로 계약 만료일이였습니다. 지금까지 총7500만원은 받은상태이나 나머지 2500만원을 못받았는데 집주인이 차용증을 쓰자고하는데 차용증 써도될까요? 저도 이래저래 임차권 등기신청보다는 차용증을 편하게 쓰고 싶은데 쓰게되면 주의사항이 있을지 알려주시면 감사하겠습니다.,"* 기존에도 3번이나 우리한테 상담을 받았는데, 공증이 좋은지 임차권등기가 좋은지 공짜자문 받고 결정하려고 문의남겼다고 함.",unknown,"보증상품 보증상품 미확인 | 주택유형 미상 | 보증금구간 1억~2억 | 계약상태 계약중(종료예정) | 선순위권리 미상 | 반환보증 미상 | 분쟁유형 보증금미반환 | 진행단계 임차권등기 | 상황 기존 만기일에 집주인이 보증금을 못준다하여 3개월 연장을하고 8/19일자로 계약 만료일이였습니다. 지금까지 총7500만원은 받은상태이나 나머지 2500만원을 못받았는데 집주인이 차용증을 쓰자고하는데 차용증 써도될까요? 저도 이래저래 임차권 등기신청보다는 차용증을 편하게 쓰고 싶은데 쓰게되면 주의사항이 있을지 알려주시면 감사하겠습니다. | 특이사항 * 기존에도 3번이나 우리한테 상담을 받았는데, 공증이 좋은지 임차권등기가 좋은지 공짜자문 받고 결정하려고 문의남겼다고 함.",provided_synthetic_consultations
CASE-0885,G10,미상,미상,1억~2억,계약중(종료예정),다가구주택,미상,미상,기타·일반문의,상담·검토,https://naver.me/Fc5uoiFR 해당 카페내에 작성했습니다. 간절합니다. 도와주세요ㅠ,1. 다가구 / 6가구중 첫번째 세입자,unknown,보증상품 보증상품 미확인 | 주택유형 다가구주택 | 보증금구간 1억~2억 | 계약상태 계약중(종료예정) | 선순위권리 미상 | 반환보증 미상 | 분쟁유형 기타·일반문의 | 진행단계 상담·검토 | 상황 https://naver.me/Fc5uoiFR 해당 카페내에 작성했습니다. 간절합니다. 도와주세요ㅠ | 특이사항 1. 다가구 / 6가구중 첫번째 세입자,provided_synthetic_consultations
CASE-0886,G10,인천,서구,1억~2억,계약종료,아파트,미상,가입,기타·일반문의,임차권등기,전세만기가 10/4일입니다.아직 전세를 못빼고있어요 전세대출쓰고있고 보증보험은 가입했지만 전세대출이랑 보증보험은 만기가 11월3일이 만기일이네요 이번주 부랴부랴 내용증명 보냈는데 내용증명 주소 번 반송중이고 오늘 집주인주소 확인후 오늘 다시 발송은했습니다 보증보험에서는 만기반환안됬을경우임대차 계약기간인 10/4일이아니라 11/3일지나서 임차권등기가 가능하다안내를 해주셨는데 네이버검색을해보니 전세만기일에임차권등기가 가능하던데 전세만기일에맞춰서 등록가능한건지 궁금합니다.다른곳 입주예정입니다,1. 아파트 / 대항력있음,unknown,보증상품 보증상품 미확인 | 주택유형 아파트 | 보증금구간 1억~2억 | 계약상태 계약종료 | 선순위권리 미상 | 반환보증 가입 | 분쟁유형 기타·일반문의 | 진행단계 임차권등기 | 상황 전세만기가 10/4일입니다.아직 전세를 못빼고있어요 전세대출쓰고있고 보증보험은 가입했지만 전세대출이랑 보증보험은 만기가 11월3일이 만기일이네요 이번주 부랴부랴 내용증명 보냈는데 내용증명 주소 번 반송중이고 오늘 집주인주소 확인후 오늘 다시 발송은했습니다 보증보험에서는 만기반환안됬을경우임대차 계약기간인 10/4일이아니라 11/3일지나서 임차권등기가 가능하다안내를 해주셨는데 네이버검색을해보니 전세만기일에임차권등기가 가능하던데 전세만기일에맞춰서 등록가능한건지 궁금합니다.다른곳 입주예정입니다 | 특이사항 1. 아파트 / 대항력있음,provided_synthetic_consultations
CASE-0887,G10,서울,강동구,1억 미만,계약중(종료예정),오피스텔,근저당설정,가입,보증금미반환,임차권등기,"임대사업자법인이 관리하는 오피스텔에 2021년 9월 16일 부터 현재까지 거주중 (서울시 임차보증금 이자 지원 사업 통해 HF 대출 / 보증금 8000만원, 월세 37만원) - 2025년 9월 15일 만기 도래함에 따라 6월 27일 전세 계약 연장에 대한 구두 합의(문자) (월세액 5%이내 상한 요청하여 오케이함) - 8월 초, 대출 연장 준비 중 서울시임차보증금 이자지원 사업을 받을 수 없게 되어 일반 전세 대출로 대체를 고려하였음(소득요건이 넘어버려 혜택을 받을 수 없는 상황) - 8월 12일, 월세 특약 작성 겸 임대사무실 방문 일반대출로 새로이 받아야 할 것을 고지 임대인 대리인측 등기부등본 전달 - 7월 31일자로 임대인측 19억 2000만원 모든 세대 공동담보대출로 근저당 설정 - 은행에서 신규 대출로 전환 진행 시 근저당으로 인해 대출금 나오지 않는다고 함(은행 녹음본 있음) - 임대인측에 바로 상황 전달 및 9월 15일자 퇴거 해야할 것 같다고 1차 의견 전달 - 임대인측 은행 대출 알아본다며 시간 끌었음 (다른 하나은행에선 대출이 가능할 것 같다며 그럼에도 계약 안하시겠냐고 의사 확인) - 그럼에도 9/15 퇴거 보증금 전액 반환 요청하며 다시 한 번 의사 표현 - 임대인측 2개월 정도 시간 달라고 요청 - 다시 한 번 거절 - 이후 임대인쪽 어떠한 명확한 대답 없는 상황 - 8월 22일 은행 담당자쪽에서 다시 한 번 본사에서 대출 불가 확인, 은행 담당자가 임대인 대리인에게 대출 불가 상황 전달(신규 세입자부터 대출이 불가한 상황인 것 같았음) > 참고로 HUG 가입되어 있음 (HUG 확인 결과 이런 케이스는 계약해지확인서 받고 계약 만료 이후 이행청구 신청 가능할 것 같다는 답변 받았는데, 임대인쪽이서 안 써 줄 경우가 걱정) > 내용증명 발송하고자 하여 자체적으로 작성은 해둔 상황이나 전문가 확인 필요 > 은행 측 상환 어려울 경우 대비해 임차권등기명령 신청 후 상환 연장 신청 권유 > 확실하게 빨리 끝내고 싶은데 어떤 스텝으로 가야 할지 고민스럽고, 특히 표면적으로 보았을 시 계약 만료 1개월 전에 통보한 걸로 되어 임차권등기명령이나 hug이행청구 등에서 저의 현 상황을 반영해줄지가 걱정되어 변호사 선임도 고려하고 있음",,unknown,"보증상품 보증상품 미확인 | 주택유형 오피스텔 | 보증금구간 1억 미만 | 계약상태 계약중(종료예정) | 선순위권리 근저당설정 | 반환보증 가입 | 분쟁유형 보증금미반환 | 진행단계 임차권등기 | 상황 임대사업자법인이 관리하는 오피스텔에 2021년 9월 16일 부터 현재까지 거주중 (서울시 임차보증금 이자 지원 사업 통해 HF 대출 / 보증금 8000만원, 월세 37만원) - 2025년 9월 15일 만기 도래함에 따라 6월 27일 전세 계약 연장에 대한 구두 합의(문자) (월세액 5%이내 상한 요청하여 오케이함) - 8월 초, 대출 연장 준비 중 서울시임차보증금 이자지원 사업을 받을 수 없게 되어 일반 전세 대출로 대체를 고려하였음(소득요건이 넘어버려 혜택을 받을 수 없는 상황) - 8월 12일, 월세 특약 작성 겸 임대사무실 방문 일반대출로 새로이 받아야 할 것을 고지 임대인 대리인측 등기부등본 전달 - 7월 31일자로 임대인측 19억 2000만원 모든 세대 공동담보대출로 근저당 설정 - 은행에서 신규 대출로 전환 진행 시 근저당으로 인해 대출금 나오지 않는다고 함(은행 녹음본 있음) - 임대인측에 바로 상황 전달 및 9월 15일자 퇴거 해야할 것 같다고 1차 의견 전달 - 임대인측 은행 대출 알아본다며 시간 끌었음 (다른 하나은행에선 대출이 가능할 것 같다며 그럼에도 계약 안하시겠냐고 의사 확인) - 그럼에도 9/15 퇴거 보증금 전액 반환 요청하며 다시 한 번 의사 표현 - 임대인측 2개월 정도 시간 달라고 요청 - 다시 한 번 거절 - 이후 임대인쪽 어떠한 명확한 대답 없는 상황 - 8월 22일 은행 담당자쪽에서 다시 한 번 본사에서 대출 불가 확인, 은행 담당자가 임대인 대리인에게 대출 불가 상황 전달(신규 세입자부터 대출이 불가한 상황인 것 같았음) > 참고로 HUG 가입되어 있음 (HUG 확인 결과 이런 케이스는 계약해지확인서 받고 계약 만료 이후 이행청구 신청 가능할 것 같다는 답변 받았는데, 임대인쪽이서 안 써 줄 경우가 걱정) > 내용증명 발송하고자 하여 자체적으로 작성은 해둔 상황이나 전문가 확인 필요 > 은행 측 상환 어려울 경우 대비해 임차권등기명령 신청 후 상환 연장 신청 권유 > 확실하게 빨리 끝내고 싶은데 어떤 스텝으로 가야 할지 고민스럽고, 특히 표면적으로 보았을 시 계약 만료 1개월 전에 통보한 걸로 되어 임차권등기명령이나 hug이행청구 등에서 저의 현 상황을 반영해줄지가 걱정되어 변호사 선임도 고려하고 있음",provided_synthetic_consultations
CASE-0888,G10,서울,관악구,1억 미만,계약중(종료예정),다가구주택,미상,미상,기타·일반문의,임차권등기,"10월6일날 전세만료인데 그날이 추석당일이고 앞뒤로 빨간날인데 임차권등기명령을 미리 할수있는지가 궁금합니다 대출도 연장하려고 하는데 은행상담원이 임차권등기명령 접수증이있어야 연장이된다고 해서 그전에 접수하고 접수증을 받을수있는지와 아직 만료전이기는 하나 임차권등기명령을 걸어놓은 사람이 앞에7명이나 있어서 못돌려 받을 확률이 높아 저도 미리 준비를 하려고 하는데 지금 무엇을 할수있는지가 궁금합니다,",1. 다가구주택 / 대항력없음,unknown,"보증상품 보증상품 미확인 | 주택유형 다가구주택 | 보증금구간 1억 미만 | 계약상태 계약중(종료예정) | 선순위권리 미상 | 반환보증 미상 | 분쟁유형 기타·일반문의 | 진행단계 임차권등기 | 상황 10월6일날 전세만료인데 그날이 추석당일이고 앞뒤로 빨간날인데 임차권등기명령을 미리 할수있는지가 궁금합니다 대출도 연장하려고 하는데 은행상담원이 임차권등기명령 접수증이있어야 연장이된다고 해서 그전에 접수하고 접수증을 받을수있는지와 아직 만료전이기는 하나 임차권등기명령을 걸어놓은 사람이 앞에7명이나 있어서 못돌려 받을 확률이 높아 저도 미리 준비를 하려고 하는데 지금 무엇을 할수있는지가 궁금합니다, | 특이사항 1. 다가구주택 / 대항력없음",provided_synthetic_consultations
CASE-0889,G10,미상,미상,1억~2억,계약중(종료예정),오피스텔,미상,미상,기타·일반문의,상담·검토,법인 임대인이 법인 회사인데 법정관리에 들어간 상태라 궁금한 점이 많습니다.,1. 오피스텔 / 대항력있음 / 임대사업자,unknown,보증상품 보증상품 미확인 | 주택유형 오피스텔 | 보증금구간 1억~2억 | 계약상태 계약중(종료예정) | 선순위권리 미상 | 반환보증 미상 | 분쟁유형 기타·일반문의 | 진행단계 상담·검토 | 상황 법인 임대인이 법인 회사인데 법정관리에 들어간 상태라 궁금한 점이 많습니다. | 특이사항 1. 오피스텔 / 대항력있음 / 임대사업자,provided_synthetic_consultations
CASE-0890,G10,서울,은평구,1억~2억,계약중(종료예정),미상,미상,미상,경매·공매,판결·집행,세금반환소송이 9월 3일이면 판결나는데 그후 경매 신청을하거나 재산조회 신청을 하는 선택이 있는걸로 알고있습니다. 국토부에서 조회해보니 제 보증금과 매매금액이 동일 한거같은데 이럴경우 저는 경매 되기 어렵지않을까요 셀프 경매는 정말 너무 힘들거같아요 방법좀,,unknown,보증상품 보증상품 미확인 | 주택유형 미상 | 보증금구간 1억~2억 | 계약상태 계약중(종료예정) | 선순위권리 미상 | 반환보증 미상 | 분쟁유형 경매·공매 | 진행단계 판결·집행 | 상황 세금반환소송이 9월 3일이면 판결나는데 그후 경매 신청을하거나 재산조회 신청을 하는 선택이 있는걸로 알고있습니다. 국토부에서 조회해보니 제 보증금과 매매금액이 동일 한거같은데 이럴경우 저는 경매 되기 어렵지않을까요 셀프 경매는 정말 너무 힘들거같아요 방법좀,provided_synthetic_consultations
CASE-0891,G10,충남,당진시,1억 미만,계약중(종료예정),다가구주택,근저당설정,미가입,전세사기,소송제기,"계약 기간 2021년 11월 23일~ 2025년 11월 22일 (2년 재계약) 입주 시 확정일자 받은 상태 전세보증보험 미가입 현재 경매 진행 중 (입찰 진행은 12월에 예정) 경매로 인하여 임차인 등기 신청과 권리 신고 및 배당 요구 신청을 완료한 상태 계약 기간이 3개월 남은 시점에서 이제부터 본격적으로 준비 할려고 합니다. 임대인은 경매를 막아주신다고 기다려 달라고 하셨지만 연락이 잘 안 닿았고, 현재 등기만 떼봐도 다른 임차인분들께서 돈을 못 받은 경우가 많이 있고 현재 건축물 관리가 전혀 되고 있지 않아 소송 준비까지 대비를 해놔야할꺼 같습니다. 1. 현재 제가 할 수 있는 방법이 건축주한테 주기적으로 연락 요청(기록 남기기), 계약 만료 시 계약 종료와 함께 보증금 반환 요청 내용 증명 보내기 까지만 생각이 듭니다. 추가로 제가 뭘 더 할 수 있는지 여쭤봅니다. 2. 입찰 진행보다 계약 만기가 먼저인데 소송은 경매랑 별개로 진행이 되는건지 소송 중 낙찰이 된다면 돈을 못 받는건지 궁금합니다. 3. 경매가 진행되고 전세사기피해자 신청을 해놓는 기록을 남기면 좋다고 들어서 신청하고 당연히 아직 계약중이니 반려를 받았습니다. 계약이 만료가 되고 소송을 진행하면 전세사기피해자로 인정이 가능한지도 궁금합니다. 4. 계약서에 \`임차인은 위 부동산에 존재하는 선순위 권리(근저당권, 임차권 등)로 인하여 경매 등이 실행될 경우 임차 보증금의 전부 또는 일부를 반환 받지 못할 수도 있음을 확인한다.\` 라는 문구가 특약 사항에 적혀있는데 제 계약서를 확인한 부동산 하는 지인이 이걸로 부동산에 소송도 제기할 수 있다고 하는데 맞나요? 계약 당시 같이 등기를 확인하긴 했지만 경매 넘어가는 일이 드물고 건물 관리 사무소 소장님도 믿을만한 분이시라고 하셨어요 또한 계약당시 건축주분 대신해서 소장님이 오셔서 계약 진행을 했었습니다.",1. 다가구 / 대항력없음 / 12~15가구,jeonse_return,"보증상품 전세보증금반환보증 | 주택유형 다가구주택 | 보증금구간 1억 미만 | 계약상태 계약중(종료예정) | 선순위권리 근저당설정 | 반환보증 미가입 | 분쟁유형 전세사기 | 진행단계 소송제기 | 상황 계약 기간 2021년 11월 23일~ 2025년 11월 22일 (2년 재계약) 입주 시 확정일자 받은 상태 전세보증보험 미가입 현재 경매 진행 중 (입찰 진행은 12월에 예정) 경매로 인하여 임차인 등기 신청과 권리 신고 및 배당 요구 신청을 완료한 상태 계약 기간이 3개월 남은 시점에서 이제부터 본격적으로 준비 할려고 합니다. 임대인은 경매를 막아주신다고 기다려 달라고 하셨지만 연락이 잘 안 닿았고, 현재 등기만 떼봐도 다른 임차인분들께서 돈을 못 받은 경우가 많이 있고 현재 건축물 관리가 전혀 되고 있지 않아 소송 준비까지 대비를 해놔야할꺼 같습니다. 1. 현재 제가 할 수 있는 방법이 건축주한테 주기적으로 연락 요청(기록 남기기), 계약 만료 시 계약 종료와 함께 보증금 반환 요청 내용 증명 보내기 까지만 생각이 듭니다. 추가로 제가 뭘 더 할 수 있는지 여쭤봅니다. 2. 입찰 진행보다 계약 만기가 먼저인데 소송은 경매랑 별개로 진행이 되는건지 소송 중 낙찰이 된다면 돈을 못 받는건지 궁금합니다. 3. 경매가 진행되고 전세사기피해자 신청을 해놓는 기록을 남기면 좋다고 들어서 신청하고 당연히 아직 계약중이니 반려를 받았습니다. 계약이 만료가 되고 소송을 진행하면 전세사기피해자로 인정이 가능한지도 궁금합니다. 4. 계약서에 \`임차인은 위 부동산에 존재하는 선순위 권리(근저당권, 임차권 등)로 인하여 경매 등이 실행될 경우 임차 보증금의 전부 또는 일부를 반환 받지 못할 수도 있음을 확인한다.\` 라는 문구가 특약 사항에 적혀있는데 제 계약서를 확인한 부동산 하는 지인이 이걸로 부동산에 소송도 제기할 수 있다고 하는데 맞나요? 계약 당시 같이 등기를 확인하긴 했지만 경매 넘어가는 일이 드물고 건물 관리 사무소 소장님도 믿을만한 분이시라고 하셨어요 또한 계약당시 건축주분 대신해서 소장님이 오셔서 계약 진행을 했었습니다. | 특이사항 1. 다가구 / 대항력없음 / 12~15가구",provided_synthetic_consultations
CASE-0892,G10,경기,동구,1억~2억,계약종료,미상,미상,가입,기타·일반문의,상담·검토,재계약 하려 했으나 매매 시세가로 인해 거절당하여 집주인과 이야기하여 보증보험 신청해서 받으라고 하여 임차권 등기 명령 신청해여 하는데 …도움이 필요합니다,,unknown,보증상품 보증상품 미확인 | 주택유형 미상 | 보증금구간 1억~2억 | 계약상태 계약종료 | 선순위권리 미상 | 반환보증 가입 | 분쟁유형 기타·일반문의 | 진행단계 상담·검토 | 상황 재계약 하려 했으나 매매 시세가로 인해 거절당하여 집주인과 이야기하여 보증보험 신청해서 받으라고 하여 임차권 등기 명령 신청해여 하는데 …도움이 필요합니다,provided_synthetic_consultations
CASE-0893,G10,인천,인천남동구,1억 미만,계약종료,공공임대,미상,가입,보증금미반환,임차권등기,전세계약:7월28일 만기 (임대인 2명 공동임대). 계약 종료 후 보증금 반환을 받지 못함. 이미 임차권등기명령 신청 → 현재 보정명령 상태(임대인 1명에게 계약해지안했다는 이유로 내용증명 절차 진행 중). HUG 전세보증보험에 가입되어 있음. 은행 대출(중소기업청년대출) 8월28일 기준으로 대출상환은 6개월연장신청했습니다. 임대인과 연락 잘 안되고 부동산중개인 연락잘됩니다. 임차권등기가 되기까지 기간이 꽤 필요한데 허그보증보험 이행청구기간이 연장은 안되는지 궁금합니다. 대한법률공단 상담시 상관없다하셨는데 허그측은 아닌거 같아 걱정입니다. 지금 현재 일부짐은 새 거처 행복주택입주 lh측에는 상황 얘기후 전입신고 미룬상태입니다. 제가 또 준비할게 있을까요?,* 9/1 오후에 다시 전화주기로 함,jeonse_return,보증상품 전세보증금반환보증 | 주택유형 공공임대 | 보증금구간 1억 미만 | 계약상태 계약종료 | 선순위권리 미상 | 반환보증 가입 | 분쟁유형 보증금미반환 | 진행단계 임차권등기 | 상황 전세계약:7월28일 만기 (임대인 2명 공동임대). 계약 종료 후 보증금 반환을 받지 못함. 이미 임차권등기명령 신청 → 현재 보정명령 상태(임대인 1명에게 계약해지안했다는 이유로 내용증명 절차 진행 중). HUG 전세보증보험에 가입되어 있음. 은행 대출(중소기업청년대출) 8월28일 기준으로 대출상환은 6개월연장신청했습니다. 임대인과 연락 잘 안되고 부동산중개인 연락잘됩니다. 임차권등기가 되기까지 기간이 꽤 필요한데 허그보증보험 이행청구기간이 연장은 안되는지 궁금합니다. 대한법률공단 상담시 상관없다하셨는데 허그측은 아닌거 같아 걱정입니다. 지금 현재 일부짐은 새 거처 행복주택입주 lh측에는 상황 얘기후 전입신고 미룬상태입니다. 제가 또 준비할게 있을까요? | 특이사항 * 9/1 오후에 다시 전화주기로 함,provided_synthetic_consultations
CASE-0894,G10,서울,강서구,1억~2억,계약중(종료예정),아파트,미상,미상,경매·공매,소송제기,"전세집 계약기간은 2020년 10월부터 2022년 10월까지 2년간이었습니다. 제가 2023년12월경 입주 예정인 아파트가 있었어서 2024년 초까지는 거주할 계획으로 거주 중이었습니다. 2021년 봄 즈음에 집이 경매에 올라갔다는 통보를 받았어서 확인해보니 새 집주인(현 집주인)이 빚을 져서 올라갔었다고 했습니다. 다행히 확정일자는 제가 1순위라서 제가 우선이라고는 했으나, 불안한 상황이었고, 그 해 여름에 집주인과 만나 전세금은 돌려줄 수 있다는 확답을 받았습니다. 2022년 10월 경 대출 연장을 진행하기 위해 집주인과 연락을 시도했으나, 이 때부터 집주인과는 단 한 번도 연락되지 않은채, 일단은 대출은 연장되었고, 지금까지 계속해서 대출은 연장되고 있습니다. 아무튼, 2023년 12월에 입주 예정이 확정되어 9월부터 3차례 정도 내용증명을 보냈으나 반송되어 왔습니다. 현재도 여전히 연락이 안되고 있는 상황입니다. 직장으로 바뻐서 차일피일 미루고 있다가 최근 대출연장 조건이 \`임차권 등기 설정\`을 해야한다고 해서 부랴부랴 진행하는 과정에서 \`의사 공시 송달 신청\`인가 하는 걸 하고 나서 또 3개월이 지나야 임차권 등기 설정을 진행 할 수 있다는 법원의 보정등기를 받았습니다. 하나 하나 진행하는 과정에서 혼자 진행하는 것이 복잡하고 바빠서 변호사님의 도움을 받으면 어떨까 싶어 문의를 드려봅니다. 1. 전세금을 돌려받는 것 뿐 아니라 그동안 대출을 유지하면서 소모된 이자도 돌려받고 싶습니다. 가능한가요? 제가 어디까지 손해 없이 돌려받을 수 있는지 궁금합니다. 2. 수임료는 어떻게 되는지 궁금합니다. 현재 수입과 지출을 고려했을 때, 대출금 등등으로 여유가 별로 없어서 소송이 모두 끝나서 여유가 생긴 후에 한번에 비용 처리 같은 것이 가능한지도 궁금합니다. 3. 집 주소가 강서구인데, 직장이 도봉구라 남부법원보다 북부법원에서 진행하면 편리할 것 같은데, 그런게 가능한가요? 남부 법원에서 관할하게 되면, 그 근처 변호사님께 부탁드리는게 수임료 측면에서 저렴한가요? 긴 글 읽어주셔서",,unknown,"보증상품 보증상품 미확인 | 주택유형 아파트 | 보증금구간 1억~2억 | 계약상태 계약중(종료예정) | 선순위권리 미상 | 반환보증 미상 | 분쟁유형 경매·공매 | 진행단계 소송제기 | 상황 전세집 계약기간은 2020년 10월부터 2022년 10월까지 2년간이었습니다. 제가 2023년12월경 입주 예정인 아파트가 있었어서 2024년 초까지는 거주할 계획으로 거주 중이었습니다. 2021년 봄 즈음에 집이 경매에 올라갔다는 통보를 받았어서 확인해보니 새 집주인(현 집주인)이 빚을 져서 올라갔었다고 했습니다. 다행히 확정일자는 제가 1순위라서 제가 우선이라고는 했으나, 불안한 상황이었고, 그 해 여름에 집주인과 만나 전세금은 돌려줄 수 있다는 확답을 받았습니다. 2022년 10월 경 대출 연장을 진행하기 위해 집주인과 연락을 시도했으나, 이 때부터 집주인과는 단 한 번도 연락되지 않은채, 일단은 대출은 연장되었고, 지금까지 계속해서 대출은 연장되고 있습니다. 아무튼, 2023년 12월에 입주 예정이 확정되어 9월부터 3차례 정도 내용증명을 보냈으나 반송되어 왔습니다. 현재도 여전히 연락이 안되고 있는 상황입니다. 직장으로 바뻐서 차일피일 미루고 있다가 최근 대출연장 조건이 \`임차권 등기 설정\`을 해야한다고 해서 부랴부랴 진행하는 과정에서 \`의사 공시 송달 신청\`인가 하는 걸 하고 나서 또 3개월이 지나야 임차권 등기 설정을 진행 할 수 있다는 법원의 보정등기를 받았습니다. 하나 하나 진행하는 과정에서 혼자 진행하는 것이 복잡하고 바빠서 변호사님의 도움을 받으면 어떨까 싶어 문의를 드려봅니다. 1. 전세금을 돌려받는 것 뿐 아니라 그동안 대출을 유지하면서 소모된 이자도 돌려받고 싶습니다. 가능한가요? 제가 어디까지 손해 없이 돌려받을 수 있는지 궁금합니다. 2. 수임료는 어떻게 되는지 궁금합니다. 현재 수입과 지출을 고려했을 때, 대출금 등등으로 여유가 별로 없어서 소송이 모두 끝나서 여유가 생긴 후에 한번에 비용 처리 같은 것이 가능한지도 궁금합니다. 3. 집 주소가 강서구인데, 직장이 도봉구라 남부법원보다 북부법원에서 진행하면 편리할 것 같은데, 그런게 가능한가요? 남부 법원에서 관할하게 되면, 그 근처 변호사님께 부탁드리는게 수임료 측면에서 저렴한가요? 긴 글 읽어주셔서",provided_synthetic_consultations
CASE-0895,G10,인천,부평구,1억 미만,계약종료,원룸·도시형,미상,미상,기타·일반문의,소송제기,현재 부평 부개동 쪽에 원룸 전세 4500에 살고 있습니다 처음 계약일자는 2023년 2월 26일에 계약을 했고 2월 27일에 전입신고를 완료했습니다 계약 종료 날짜는 2025년 2월 25일입니다 종료 2달 전인 2024년 12월 19일에 갱신하지 않겠다는 의사를 밝혔습니다 집주인이 문자로 알겠다고 하고 부동산에 집을 내놓겠다고 문자를 주고받았습니다 근데 2월 25일 지나도 연락이 없어서 연락을 드렸으나 현재 부동산에서 집을 보러 오는 사람이 없다고 다음 세입자가 들어올 때까지 양해 좀 부탁드린다고 말을 하였습니다 계속 통화를 하면 부동산 부동산 좀만 기다려 달라는 이야기만 반복하였고 4월쯤에는 6월 말까지 방이 안 나가면 돈을 구해서라도 해결해 주겠다는 답변을 받았습니다. 그러나 6월 말이 되어서 연락을 했으나 돌아온 답변은 똑같은 부동산 이야기만 하고 9월까지 안 나가면 대출을 해서라도 지급을 한다고 이야기를 하여 최대한 빠른 시일 안에 해결해 달라고 하고 기다리고 있었습니다 중간에 4월 8일쯤에 내용증명은 한 번 보낸 상태입니다. 이런 상황에서는 어떤 거 먼저 해야 할까요 제가 지금 당장 이사가 급한 상황은 아니라서 임차권등기 명령 신청은 안 하고 있습니다 알아보니까 지급명령 신청을 하라고 하는데 9월 30일까지 기다렸다가 답이 없으면 10월 1일에 바로 지금 명령 신청 하는 게 나을까요? 통화녹음 내용도 있고 문자 내용도 다 있습니다,,unknown,보증상품 보증상품 미확인 | 주택유형 원룸·도시형 | 보증금구간 1억 미만 | 계약상태 계약종료 | 선순위권리 미상 | 반환보증 미상 | 분쟁유형 기타·일반문의 | 진행단계 소송제기 | 상황 현재 부평 부개동 쪽에 원룸 전세 4500에 살고 있습니다 처음 계약일자는 2023년 2월 26일에 계약을 했고 2월 27일에 전입신고를 완료했습니다 계약 종료 날짜는 2025년 2월 25일입니다 종료 2달 전인 2024년 12월 19일에 갱신하지 않겠다는 의사를 밝혔습니다 집주인이 문자로 알겠다고 하고 부동산에 집을 내놓겠다고 문자를 주고받았습니다 근데 2월 25일 지나도 연락이 없어서 연락을 드렸으나 현재 부동산에서 집을 보러 오는 사람이 없다고 다음 세입자가 들어올 때까지 양해 좀 부탁드린다고 말을 하였습니다 계속 통화를 하면 부동산 부동산 좀만 기다려 달라는 이야기만 반복하였고 4월쯤에는 6월 말까지 방이 안 나가면 돈을 구해서라도 해결해 주겠다는 답변을 받았습니다. 그러나 6월 말이 되어서 연락을 했으나 돌아온 답변은 똑같은 부동산 이야기만 하고 9월까지 안 나가면 대출을 해서라도 지급을 한다고 이야기를 하여 최대한 빠른 시일 안에 해결해 달라고 하고 기다리고 있었습니다 중간에 4월 8일쯤에 내용증명은 한 번 보낸 상태입니다. 이런 상황에서는 어떤 거 먼저 해야 할까요 제가 지금 당장 이사가 급한 상황은 아니라서 임차권등기 명령 신청은 안 하고 있습니다 알아보니까 지급명령 신청을 하라고 하는데 9월 30일까지 기다렸다가 답이 없으면 10월 1일에 바로 지금 명령 신청 하는 게 나을까요? 통화녹음 내용도 있고 문자 내용도 다 있습니다,provided_synthetic_consultations
CASE-0896,G10,광주,동구,1억~2억,계약중(종료예정),오피스텔,압류·가압류,미상,묵시적갱신분쟁,임차권등기,"1. 계약 개요 • 계약일: 2021.08.25. 곙임대인:효동건설 대표자 조재호 • 주소:, (오피스텔) • 보증금: 1억 6천만 원 (이 중 1억 원 은행 전세금대출) • 전입신고 + 확정일자: 2021.09.15. • 묵시적 갱신: 2023.09. ~ 2025.09.14. 2. 등기 관련 •전세권 설정: 계약 시 을구에 전세권 설정 완료 • 등기부 변동: • 2024.01.18. 가압류 등재 • 2024.07.17. 광주세무서 압류 등재 법인등기부등본에 법인회사 변경내역 효동건설 조재호->지성건설 유순석 3. 현재 상황 • 임대인(효동건설, 소유자 조재호->지성건설 유순석) 연락 두절 (전화·문자·주소 모두 불통) • 계약 종료 2025.09.14. 예정 • 보증금 반환 불투명 4. 진행한 조치 • 2025년 1~3월: 내용증명 3차 발송 (2·3층 주소지 조재호,, 유순석) • 현재까지 임대인 응답 없음 계약종료 시점 이후 임차권등기명령 신청 예정 입니다 현재 시점에서 추가로 조치해야할 부분이 있을지",1. 오피스텔 / 대항력있음 / 깡통주택,unknown,"보증상품 보증상품 미확인 | 주택유형 오피스텔 | 보증금구간 1억~2억 | 계약상태 계약중(종료예정) | 선순위권리 압류·가압류 | 반환보증 미상 | 분쟁유형 묵시적갱신분쟁 | 진행단계 임차권등기 | 상황 1. 계약 개요 • 계약일: 2021.08.25. 곙임대인:효동건설 대표자 조재호 • 주소:, (오피스텔) • 보증금: 1억 6천만 원 (이 중 1억 원 은행 전세금대출) • 전입신고 + 확정일자: 2021.09.15. • 묵시적 갱신: 2023.09. ~ 2025.09.14. 2. 등기 관련 •전세권 설정: 계약 시 을구에 전세권 설정 완료 • 등기부 변동: • 2024.01.18. 가압류 등재 • 2024.07.17. 광주세무서 압류 등재 법인등기부등본에 법인회사 변경내역 효동건설 조재호->지성건설 유순석 3. 현재 상황 • 임대인(효동건설, 소유자 조재호->지성건설 유순석) 연락 두절 (전화·문자·주소 모두 불통) • 계약 종료 2025.09.14. 예정 • 보증금 반환 불투명 4. 진행한 조치 • 2025년 1~3월: 내용증명 3차 발송 (2·3층 주소지 조재호,, 유순석) • 현재까지 임대인 응답 없음 계약종료 시점 이후 임차권등기명령 신청 예정 입니다 현재 시점에서 추가로 조치해야할 부분이 있을지 | 특이사항 1. 오피스텔 / 대항력있음 / 깡통주택",provided_synthetic_consultations
CASE-0897,G10,서울,광진구,1억~2억,계약종료,다가구주택,근저당설정,미상,묵시적갱신분쟁,임차권등기,"24년 4월 8일 계약 종료였으나, 집주인이 전세금을 돌려줄 수 없다고 하여 묵시적갱신 진행하였습니다. 제가 22년 4월 8일 입주한 이후 *22년 10월 20일, 집주인이 근저당권 1억 3천 설정 *24년 1월 23일, 1억 1550만원 임차권등기신청 / (확정일자 19년 11월 19일) *24년 12월 6일 세입자 1억 1800만원 임차권등기신청 / (확정일자 22년 9월 5일) 이러한 상황이 생겨있었고, 저도 늦게나마 임차권등기신청을 해서 25년 3월 27일에 승인을 받았습니다. 제 확정일자는 22년 3월 3일입니다. (입주는 22년 4월 8일) 위 내용은 25년 7월 등기부등본 확인했을 때의 상황이며, 이 외의 세입자들 확정일자는 모르는 상태입니다. 이러한 상황을 봤을 때, 집주인이 돈을 돌려줄 의지가 없다고 판단되는데 이후에 제가 진행해야 하는 과정들의 상담이 필요합니다.",1. 다가구주택 / 대항력있는 선순위임차인,unknown,"보증상품 보증상품 미확인 | 주택유형 다가구주택 | 보증금구간 1억~2억 | 계약상태 계약종료 | 선순위권리 근저당설정 | 반환보증 미상 | 분쟁유형 묵시적갱신분쟁 | 진행단계 임차권등기 | 상황 24년 4월 8일 계약 종료였으나, 집주인이 전세금을 돌려줄 수 없다고 하여 묵시적갱신 진행하였습니다. 제가 22년 4월 8일 입주한 이후 *22년 10월 20일, 집주인이 근저당권 1억 3천 설정 *24년 1월 23일, 1억 1550만원 임차권등기신청 / (확정일자 19년 11월 19일) *24년 12월 6일 세입자 1억 1800만원 임차권등기신청 / (확정일자 22년 9월 5일) 이러한 상황이 생겨있었고, 저도 늦게나마 임차권등기신청을 해서 25년 3월 27일에 승인을 받았습니다. 제 확정일자는 22년 3월 3일입니다. (입주는 22년 4월 8일) 위 내용은 25년 7월 등기부등본 확인했을 때의 상황이며, 이 외의 세입자들 확정일자는 모르는 상태입니다. 이러한 상황을 봤을 때, 집주인이 돈을 돌려줄 의지가 없다고 판단되는데 이후에 제가 진행해야 하는 과정들의 상담이 필요합니다. | 특이사항 1. 다가구주택 / 대항력있는 선순위임차인",provided_synthetic_consultations
CASE-0898,G10,서울,성북구,1억~2억,계약종료,미상,미상,가입,기타·일반문의,임차권등기,현재 임대인 구속중 계약종료 한달쯤이고 임차권등기 결정 완료되었습니다! 다음주에 공사에 방문하여 허그전세반환 이행청구를 하려고 하는데 보증보험 서류가 확인되지 않아서 ! 여러차례 임대인에게 가입여부 등 문의 하였지만 기억이 나지 않는다 등 비협조적 입니다. 참고-개인임대사업자로 임대인이 신청하였고 신청서를 사진으로 보내주어 보관하고 있습니다. 보증서 가입 여부를 임차인이 알 수 있는 방법이 있을까요?,,unknown,보증상품 보증상품 미확인 | 주택유형 미상 | 보증금구간 1억~2억 | 계약상태 계약종료 | 선순위권리 미상 | 반환보증 가입 | 분쟁유형 기타·일반문의 | 진행단계 임차권등기 | 상황 현재 임대인 구속중 계약종료 한달쯤이고 임차권등기 결정 완료되었습니다! 다음주에 공사에 방문하여 허그전세반환 이행청구를 하려고 하는데 보증보험 서류가 확인되지 않아서 ! 여러차례 임대인에게 가입여부 등 문의 하였지만 기억이 나지 않는다 등 비협조적 입니다. 참고-개인임대사업자로 임대인이 신청하였고 신청서를 사진으로 보내주어 보관하고 있습니다. 보증서 가입 여부를 임차인이 알 수 있는 방법이 있을까요?,provided_synthetic_consultations
CASE-0899,G11,미상,미상,1억~2억,계약종료,미상,미상,미상,보증금미반환,상담·검토,전세계약 종료 후 돈 없다고 보증금 안돌려주는 상황 이자는 주인이 내주고 있음,,unknown,보증상품 보증상품 미확인 | 주택유형 미상 | 보증금구간 1억~2억 | 계약상태 계약종료 | 선순위권리 미상 | 반환보증 미상 | 분쟁유형 보증금미반환 | 진행단계 상담·검토 | 상황 전세계약 종료 후 돈 없다고 보증금 안돌려주는 상황 이자는 주인이 내주고 있음,provided_synthetic_consultations
CASE-0900,G11,서울,관악구,1억~2억,계약중(종료예정),오피스텔,미상,미상,보증금미반환,상담·검토,25년 10월 6일에 계약만료일이고 집주인한테 5월13일에 계약종료 의사를 밝혔습니다. 현재시점으로 계약 만료가 한달 남았는데 집주인은 다음 세입자가 구해지면 제 보증금을 돌려주겠다고 합니다. 제 보증금을 못받을까봐 걱정이 되는데 지금 이 시점에서 어떻게 해야할지 모르겠어요 자세한 절차를 알고 싶습니다 도움,1. 오피스텔 / 대항력은 있으나 깡통주택,unknown,보증상품 보증상품 미확인 | 주택유형 오피스텔 | 보증금구간 1억~2억 | 계약상태 계약중(종료예정) | 선순위권리 미상 | 반환보증 미상 | 분쟁유형 보증금미반환 | 진행단계 상담·검토 | 상황 25년 10월 6일에 계약만료일이고 집주인한테 5월13일에 계약종료 의사를 밝혔습니다. 현재시점으로 계약 만료가 한달 남았는데 집주인은 다음 세입자가 구해지면 제 보증금을 돌려주겠다고 합니다. 제 보증금을 못받을까봐 걱정이 되는데 지금 이 시점에서 어떻게 해야할지 모르겠어요 자세한 절차를 알고 싶습니다 도움 | 특이사항 1. 오피스텔 / 대항력은 있으나 깡통주택,provided_synthetic_consultations
CASE-0901,G11,인천,서구,1억~2억,계약중(종료예정),다세대주택,압류·가압류,가입,경매·공매,내용증명·공시송달,"중기청 대출로 전세를 살고 있습니다. 오는 11월 24일에 계약이 만료되는데 등기를 떼어보니 집에 가압류가 잡혀있는게 확인되어서 일주일 전부터 갱신거절 통보를 하려고 했는데 연락두절입니다. 내용증명만 보내면 되는줄 알고 있었는데 알고보니 내용증명을 회피하면 공시송달로 기한 내 통보할 수가 없다는걸 이제야 깨달았네요. 묵시적 계약갱신이 예상되는 상황인데 보증보험도 무력화될거고 현재 이직 준비중으로 소득도 없어 막막한 상황입니다. 조건은 아래와 같은데 버팀목전세대출을 받을 수 있는건지, 이후에 어떻게 대응해야 하는건지 상담 부탁드립니다. 기존 전세금 : 156,000,000원(.4배) 현재 공시가 : 107,000,000원(수도권 빌라) 가압류 : 약 4천만원 지금까지 알아본 바로는 내일 내용증명 절차 시작하고 9월 15일 쯤 공시송달 신청한다고 치면 12월 중 효력이 생길거고 그럼 내년 3월에 계약종료 효력이 생기는 것 같습니다. 그러면 이번 계약 종료시점에 맞춰서 다른 대출로 일단 갈아타고 3월에 전세피해자대출로 전환해야 하는 것 같은데 이제 가압류 때문에 이 집이 보증보험 가입이 안 되는 집이 되어버려서 버팀목 대출이 가능한 것인지, 아니라면 기존 대출 만기시점부터 계약종료효력이 생길 때까지 대출을 어떻게 해야하는지 모르겠네요. 경매나 민사 등을 위한 법적절차도 언제부터, 어떻게 진행해야하는지 궁금합니다. 상담",1. 다세대 / 대항력도 있고 보증보험도 있음,unknown,"보증상품 보증상품 미확인 | 주택유형 다세대주택 | 보증금구간 1억~2억 | 계약상태 계약중(종료예정) | 선순위권리 압류·가압류 | 반환보증 가입 | 분쟁유형 경매·공매 | 진행단계 내용증명·공시송달 | 상황 중기청 대출로 전세를 살고 있습니다. 오는 11월 24일에 계약이 만료되는데 등기를 떼어보니 집에 가압류가 잡혀있는게 확인되어서 일주일 전부터 갱신거절 통보를 하려고 했는데 연락두절입니다. 내용증명만 보내면 되는줄 알고 있었는데 알고보니 내용증명을 회피하면 공시송달로 기한 내 통보할 수가 없다는걸 이제야 깨달았네요. 묵시적 계약갱신이 예상되는 상황인데 보증보험도 무력화될거고 현재 이직 준비중으로 소득도 없어 막막한 상황입니다. 조건은 아래와 같은데 버팀목전세대출을 받을 수 있는건지, 이후에 어떻게 대응해야 하는건지 상담 부탁드립니다. 기존 전세금 : 156,000,000원(.4배) 현재 공시가 : 107,000,000원(수도권 빌라) 가압류 : 약 4천만원 지금까지 알아본 바로는 내일 내용증명 절차 시작하고 9월 15일 쯤 공시송달 신청한다고 치면 12월 중 효력이 생길거고 그럼 내년 3월에 계약종료 효력이 생기는 것 같습니다. 그러면 이번 계약 종료시점에 맞춰서 다른 대출로 일단 갈아타고 3월에 전세피해자대출로 전환해야 하는 것 같은데 이제 가압류 때문에 이 집이 보증보험 가입이 안 되는 집이 되어버려서 버팀목 대출이 가능한 것인지, 아니라면 기존 대출 만기시점부터 계약종료효력이 생길 때까지 대출을 어떻게 해야하는지 모르겠네요. 경매나 민사 등을 위한 법적절차도 언제부터, 어떻게 진행해야하는지 궁금합니다. 상담 | 특이사항 1. 다세대 / 대항력도 있고 보증보험도 있음",provided_synthetic_consultations
CASE-0902,G11,서울,미상,1억~2억,계약중(종료예정),미상,근저당설정,미상,경매·공매,상담·검토,"현재 제 상황을 시간 순으로 기재하였습니다 이 상황에서 제가 해야 할 것이 무엇일까요 도와주세요 2022.07.29 중소기업취업청년 대출(hf 80%)로 1억 대출 받고 나머지 대출+억 3천 6백 5십만원에 전세 계약하고 입주(확정일자 및 전입신고 완료) 2024.07.29 계약 연장, 중기청 대출도 2026.07.29로 연장 2025.08.29 16:31 부천 중1동 주민센터 번호로 아래와 같은 문자가 옴 그 이후 등기부등본 확인함 [2025.08.29 의 주민등록표 등본을 서울서부지방법원집행관에게 발급(중1동)] 등기부등본 확인 결과 아래 두 개 내용을 확인함 25/08/26 강제경매개시결정 25/04/18 근저당권설정(특이사항: 근저당권자가 같은 건물 거주자로 되어 있음) 임대인이 거주하고 있는 건물에 거주 중이라서 해당 호수도 등기부등본을 확인한 결과 아래 내용을 확인함 2019년부터 네 차례의 압류가 있었고 앞선 세건은 압류등기말소 2025년 2월 5일 압류가 마지막인 상태",* 경매진행되면 다시 전화주기로 함,unknown,"보증상품 보증상품 미확인 | 주택유형 미상 | 보증금구간 1억~2억 | 계약상태 계약중(종료예정) | 선순위권리 근저당설정 | 반환보증 미상 | 분쟁유형 경매·공매 | 진행단계 상담·검토 | 상황 현재 제 상황을 시간 순으로 기재하였습니다 이 상황에서 제가 해야 할 것이 무엇일까요 도와주세요 2022.07.29 중소기업취업청년 대출(hf 80%)로 1억 대출 받고 나머지 대출+억 3천 6백 5십만원에 전세 계약하고 입주(확정일자 및 전입신고 완료) 2024.07.29 계약 연장, 중기청 대출도 2026.07.29로 연장 2025.08.29 16:31 부천 중1동 주민센터 번호로 아래와 같은 문자가 옴 그 이후 등기부등본 확인함 [2025.08.29 의 주민등록표 등본을 서울서부지방법원집행관에게 발급(중1동)] 등기부등본 확인 결과 아래 두 개 내용을 확인함 25/08/26 강제경매개시결정 25/04/18 근저당권설정(특이사항: 근저당권자가 같은 건물 거주자로 되어 있음) 임대인이 거주하고 있는 건물에 거주 중이라서 해당 호수도 등기부등본을 확인한 결과 아래 내용을 확인함 2019년부터 네 차례의 압류가 있었고 앞선 세건은 압류등기말소 2025년 2월 5일 압류가 마지막인 상태 | 특이사항 * 경매진행되면 다시 전화주기로 함",provided_synthetic_consultations
CASE-0903,G11,인천,부평구,1억 미만,계약종료,다세대주택,미상,미상,묵시적갱신분쟁,상담·검토,"2022-09 ~ 2024-10까지 전세계약이었고 현재 묵시적연장으로 거주중입니다. 2 문자메세지로 퇴거의사를 밝혔으며 임대인 역시 회신을 했습니다. 새 집에 대한 계약금 명목으로 보증금 일부를 반환 요청드렸고 임대인 또한 동의 했으며 2까지 보증금 전액 반환을 약속하였으나 현재까지 보증금 일체 반환을 하지 않고있으며, 제 연락처를 차단하여 연락을 받지 않고 있습니다.",1. 다세대 / 대항력있음,unknown,"보증상품 보증상품 미확인 | 주택유형 다세대주택 | 보증금구간 1억 미만 | 계약상태 계약종료 | 선순위권리 미상 | 반환보증 미상 | 분쟁유형 묵시적갱신분쟁 | 진행단계 상담·검토 | 상황 2022-09 ~ 2024-10까지 전세계약이었고 현재 묵시적연장으로 거주중입니다. 2 문자메세지로 퇴거의사를 밝혔으며 임대인 역시 회신을 했습니다. 새 집에 대한 계약금 명목으로 보증금 일부를 반환 요청드렸고 임대인 또한 동의 했으며 2까지 보증금 전액 반환을 약속하였으나 현재까지 보증금 일체 반환을 하지 않고있으며, 제 연락처를 차단하여 연락을 받지 않고 있습니다. | 특이사항 1. 다세대 / 대항력있음",provided_synthetic_consultations
CASE-0904,G11,서울,강서구,1억~2억,계약종료,오피스텔,미상,미상,경매·공매,소송제기,보증금 반환소송 선고기일이 9월 24일입니다. 강제경매를 진행하려고 하였으나 집주인의 파산선고 법원등기를 받았는데 이 경우 어떻게 진행되는지 알고싶습니다.,1. 오피스텔 / 대항력았음 / 깡통주택 매매가0.6억,unknown,보증상품 보증상품 미확인 | 주택유형 오피스텔 | 보증금구간 1억~2억 | 계약상태 계약종료 | 선순위권리 미상 | 반환보증 미상 | 분쟁유형 경매·공매 | 진행단계 소송제기 | 상황 보증금 반환소송 선고기일이 9월 24일입니다. 강제경매를 진행하려고 하였으나 집주인의 파산선고 법원등기를 받았는데 이 경우 어떻게 진행되는지 알고싶습니다. | 특이사항 1. 오피스텔 / 대항력았음 / 깡통주택 매매가0.6억,provided_synthetic_consultations
CASE-0905,G11,서울,중랑구,1억 미만,계약종료,미상,근저당설정,가입,전세사기,소송제기,"전세 묵시적갱신으로 살고있는중에 2024/6/11 경매개시, 6/19 임차인권리신고 및 배당요구서 신고완료 (서울북부지방법원 경매8계 (경매사건) 집주인 연락두절상태 경매 2회차 2025.08.26 매각(857,000,000원) 2025.9.2 매각결정기일 저는 현재까지 거주하고 있는데 낙찰금이 근저당+세입자들 보증금합친것보다 적어서 최소변제금만 겨우 받을수 있을 상황인데 전세보증금 반환소송, 전세사기피해자 신청도 해야될꺼같아서 알아보는데 주택임대자등기명령이 거의 필수인거 같아 이제늦게라도 신청을 해야할까요? 낙찰자가 낙찰금 납부하면 의미없어진다는 얘기도 들었는데 모든 신청에 걸림돌이 되고 있는 상태입니다 전세보증금 반환소송을 할려면 내용증명부터 보내야한다고 그전에 집주인 재산빼돌리기전에 가압류부터 해야한다 전세사기피해자 신청도 해야되는데 여러가지 찾아보니 뭐부터 시작해야 될지 막막합니다 상담 신청합니다 연락 기다리겠습니다. 현재 묵시적갱신으로 거주중이며 작년에 주인한테 전화했는데 연락 받지않아서 그 뒤로 연락은 취하지 않은 상태입니다 계약종료한다는 문자나 전화 증거 확보는 못한 상태입니다.",1. 10가구 중 첫번째 세입자(18년도),unknown,"보증상품 보증상품 미확인 | 주택유형 미상 | 보증금구간 1억 미만 | 계약상태 계약종료 | 선순위권리 근저당설정 | 반환보증 가입 | 분쟁유형 전세사기 | 진행단계 소송제기 | 상황 전세 묵시적갱신으로 살고있는중에 2024/6/11 경매개시, 6/19 임차인권리신고 및 배당요구서 신고완료 (서울북부지방법원 경매8계 (경매사건) 집주인 연락두절상태 경매 2회차 2025.08.26 매각(857,000,000원) 2025.9.2 매각결정기일 저는 현재까지 거주하고 있는데 낙찰금이 근저당+세입자들 보증금합친것보다 적어서 최소변제금만 겨우 받을수 있을 상황인데 전세보증금 반환소송, 전세사기피해자 신청도 해야될꺼같아서 알아보는데 주택임대자등기명령이 거의 필수인거 같아 이제늦게라도 신청을 해야할까요? 낙찰자가 낙찰금 납부하면 의미없어진다는 얘기도 들었는데 모든 신청에 걸림돌이 되고 있는 상태입니다 전세보증금 반환소송을 할려면 내용증명부터 보내야한다고 그전에 집주인 재산빼돌리기전에 가압류부터 해야한다 전세사기피해자 신청도 해야되는데 여러가지 찾아보니 뭐부터 시작해야 될지 막막합니다 상담 신청합니다 연락 기다리겠습니다. 현재 묵시적갱신으로 거주중이며 작년에 주인한테 전화했는데 연락 받지않아서 그 뒤로 연락은 취하지 않은 상태입니다 계약종료한다는 문자나 전화 증거 확보는 못한 상태입니다. | 특이사항 1. 10가구 중 첫번째 세입자(18년도)",provided_synthetic_consultations
CASE-0906,G11,경남,창원시,1억~2억,계약종료,아파트,미상,미상,묵시적갱신분쟁,상담·검토,"묵시적계약 연장상태에서 7월 31에 ‘안녕하세요~ 아파트 입주일이 다가와서 미리 말씀드리려고 문자드려요! 이사일 11/6 목요일로 잡힐것 같은데 혹시 변경되면 말씀드릴게요!’ 이렇게 보냈지만 답변을 받지 못하였습니다. 그리고 2/1에 ‘안녕하세요~ 전에 말씀드린 입주날짜 11/6 목요일로 확정돼서 공유드립니다. 즐거운 하루 보내세요 ’ 라고 보냈습니다. 하지만 그날 집주인의 답변은 11/6 이사날짜를 인정 할수 없고, 돈이없다며 그날짜에 줄수없다는 입장입니다 혹시 저희가 11월 6일에 예정대로 이사를 밀어 붙였지만 전세금을 못받았다면 7월 31에 보낸 문자를 3개월전으로 보아 임차권 등기 설정이 가능할까요?",,unknown,"보증상품 보증상품 미확인 | 주택유형 아파트 | 보증금구간 1억~2억 | 계약상태 계약종료 | 선순위권리 미상 | 반환보증 미상 | 분쟁유형 묵시적갱신분쟁 | 진행단계 상담·검토 | 상황 묵시적계약 연장상태에서 7월 31에 ‘안녕하세요~ 아파트 입주일이 다가와서 미리 말씀드리려고 문자드려요! 이사일 11/6 목요일로 잡힐것 같은데 혹시 변경되면 말씀드릴게요!’ 이렇게 보냈지만 답변을 받지 못하였습니다. 그리고 2/1에 ‘안녕하세요~ 전에 말씀드린 입주날짜 11/6 목요일로 확정돼서 공유드립니다. 즐거운 하루 보내세요 ’ 라고 보냈습니다. 하지만 그날 집주인의 답변은 11/6 이사날짜를 인정 할수 없고, 돈이없다며 그날짜에 줄수없다는 입장입니다 혹시 저희가 11월 6일에 예정대로 이사를 밀어 붙였지만 전세금을 못받았다면 7월 31에 보낸 문자를 3개월전으로 보아 임차권 등기 설정이 가능할까요?",provided_synthetic_consultations
CASE-0907,G11,미상,미상,1억~2억,계약중(종료예정),다가구주택,미상,미상,경매·공매,임차권등기,건물이 임의경매 들어간다는 안내문이 날아왔어요 권리신고 서류 작성할 예정인데 지금 집 방빼겠다고 하면 보증금 돌려주실수있나요?? 보증금 안주시면 임차권등기 올릴수있나요??,1. 다가구 19가구 / 대항력없음,unknown,보증상품 보증상품 미확인 | 주택유형 다가구주택 | 보증금구간 1억~2억 | 계약상태 계약중(종료예정) | 선순위권리 미상 | 반환보증 미상 | 분쟁유형 경매·공매 | 진행단계 임차권등기 | 상황 건물이 임의경매 들어간다는 안내문이 날아왔어요 권리신고 서류 작성할 예정인데 지금 집 방빼겠다고 하면 보증금 돌려주실수있나요?? 보증금 안주시면 임차권등기 올릴수있나요?? | 특이사항 1. 다가구 19가구 / 대항력없음,provided_synthetic_consultations
CASE-0908,G11,서울,성북구,미상,계약종료,오피스텔,미상,미가입,기타·일반문의,소송제기,"현재 계약종료(25.7,30) 개인임대사업자(현재구속중) 전세보증보험은 최초 계약당시(21년) 이후 2차 계약시에는 연장하지 않은 것으로 확인 되었어요 그래서 보증금이행청구를 할 수 없는 상황이고 소송을 해야 할 것 같아서 ㅠㅠ 임차권 설정은 하였습니다!",1. 오피스텔 / 대항력있음,jeonse_return,"보증상품 전세보증금반환보증 | 주택유형 오피스텔 | 보증금구간 미상 | 계약상태 계약종료 | 선순위권리 미상 | 반환보증 미가입 | 분쟁유형 기타·일반문의 | 진행단계 소송제기 | 상황 현재 계약종료(25.7,30) 개인임대사업자(현재구속중) 전세보증보험은 최초 계약당시(21년) 이후 2차 계약시에는 연장하지 않은 것으로 확인 되었어요 그래서 보증금이행청구를 할 수 없는 상황이고 소송을 해야 할 것 같아서 ㅠㅠ 임차권 설정은 하였습니다! | 특이사항 1. 오피스텔 / 대항력있음",provided_synthetic_consultations
CASE-0909,G11,경기,수원시,1억 미만,계약중(종료예정),오피스텔,근저당설정,미상,경매·공매,내용증명·공시송달,"등기부등본에 임의경매새시결정 으로 확인되고 있고, 임대인(시설업체)이 은행의 근저당 채무로 인해 경매로 넘어갔습니다. 피해자는 임대인이 가지고 있는 오피스텔 98세대 이구요 임대인은 현재 연락이 되지 않고 있는 상태입니다. 저는 2025년 9월 27일 계약 만료일이고, 매년 1년 혹은 2년 단위로 문자로 통해 계약연장을 진행했습니다. (최초 계약 2018년) 확정일자, 전입신고, 실거주 등 대항력은 갖춘 상태로 일단 법원에서 경매관련 배당신청을 하라는 고지를 받았습니다. 경매 배당신청을 할 예정이며, 일단 증거자료를 위해 업체에 내용증명을 보낼 예정입니다. 제가 궁금한 점은 이번 계약은 임대인의 경매관련 월말쯤 문자를 통한 계약을 진행하지 못한 상황인데 이 경우 묵시적계약연장으로 보면 될지? 혹은 임대차등기신고를 해야할지요? 아니면 해당 오피스텔은 담당하는 중계업체가 건물 1층에 위치해 있고 임대인은 잠수타기 전에 중계업체에 물어봐라 하며 나몰라라 된 상태입니다. 계약연장 관련하여 중계업체와 진행해도 되는 부분일지요?",* 최우선변제 받을 수 있을것으로 예상,unknown,"보증상품 보증상품 미확인 | 주택유형 오피스텔 | 보증금구간 1억 미만 | 계약상태 계약중(종료예정) | 선순위권리 근저당설정 | 반환보증 미상 | 분쟁유형 경매·공매 | 진행단계 내용증명·공시송달 | 상황 등기부등본에 임의경매새시결정 으로 확인되고 있고, 임대인(시설업체)이 은행의 근저당 채무로 인해 경매로 넘어갔습니다. 피해자는 임대인이 가지고 있는 오피스텔 98세대 이구요 임대인은 현재 연락이 되지 않고 있는 상태입니다. 저는 2025년 9월 27일 계약 만료일이고, 매년 1년 혹은 2년 단위로 문자로 통해 계약연장을 진행했습니다. (최초 계약 2018년) 확정일자, 전입신고, 실거주 등 대항력은 갖춘 상태로 일단 법원에서 경매관련 배당신청을 하라는 고지를 받았습니다. 경매 배당신청을 할 예정이며, 일단 증거자료를 위해 업체에 내용증명을 보낼 예정입니다. 제가 궁금한 점은 이번 계약은 임대인의 경매관련 월말쯤 문자를 통한 계약을 진행하지 못한 상황인데 이 경우 묵시적계약연장으로 보면 될지? 혹은 임대차등기신고를 해야할지요? 아니면 해당 오피스텔은 담당하는 중계업체가 건물 1층에 위치해 있고 임대인은 잠수타기 전에 중계업체에 물어봐라 하며 나몰라라 된 상태입니다. 계약연장 관련하여 중계업체와 진행해도 되는 부분일지요? | 특이사항 * 최우선변제 받을 수 있을것으로 예상",provided_synthetic_consultations
CASE-0910,G11,광주,서구,1억 미만,계약중(종료예정),다가구주택,압류·가압류,가입,전세사기,임차권등기,"23.12.09~25.12.09전세 계약이고 전세권,보증보험은 안되어있습니다. 25.03.31일에 개인사정으로인해 계약만료전 이사간다고 연락드렸고 알겠다고 하셨는데 25.04.01에 은행으로 가압류 500만원정도 잡혀서 이사를 못가게 되어 연락했더니 그뒤로 전화,문자 두절입니다. 그리고 총6가구중에 2가구가 임차권등기를 해놓았습니다. 지금 관리비에 포함되는 수도세는 안낸지 8개월이 넘은상태이고, 인터넷도 1달정도 미납 상태입니다. 그래서 전세사기가 의심되는 상황이라서 앞으로 어떻게 해야할지 궁굼합니다! 1. 내용증명으로 계약연장 안하겠다고 보내야되는건지, 계약서상 관리비에 포함된 의무를 지키지못하여서 해지하겠다고 해야하는건지 궁굼합니다! 현재 계약기간이 3개월이상 남았는데 내용증명을 먼저 보내도되는걸까요? 2. 임차권등기는 언제 설정할수있나요? 내용증명 보낸뒤에 바로 설정할수있나요? 3. 전세사기피해자 신청을 하려면 계약기간이 끝나고 해야되나요 아니면 임차권 등기후에 하면되나요? 4. 경매로 넘어간것도 아닌데 전세사기 피해자 신청이 가능할까요?",1. 다가구주택 / 6가구 중 3번째 임차인,unknown,"보증상품 보증상품 미확인 | 주택유형 다가구주택 | 보증금구간 1억 미만 | 계약상태 계약중(종료예정) | 선순위권리 압류·가압류 | 반환보증 가입 | 분쟁유형 전세사기 | 진행단계 임차권등기 | 상황 23.12.09~25.12.09전세 계약이고 전세권,보증보험은 안되어있습니다. 25.03.31일에 개인사정으로인해 계약만료전 이사간다고 연락드렸고 알겠다고 하셨는데 25.04.01에 은행으로 가압류 500만원정도 잡혀서 이사를 못가게 되어 연락했더니 그뒤로 전화,문자 두절입니다. 그리고 총6가구중에 2가구가 임차권등기를 해놓았습니다. 지금 관리비에 포함되는 수도세는 안낸지 8개월이 넘은상태이고, 인터넷도 1달정도 미납 상태입니다. 그래서 전세사기가 의심되는 상황이라서 앞으로 어떻게 해야할지 궁굼합니다! 1. 내용증명으로 계약연장 안하겠다고 보내야되는건지, 계약서상 관리비에 포함된 의무를 지키지못하여서 해지하겠다고 해야하는건지 궁굼합니다! 현재 계약기간이 3개월이상 남았는데 내용증명을 먼저 보내도되는걸까요? 2. 임차권등기는 언제 설정할수있나요? 내용증명 보낸뒤에 바로 설정할수있나요? 3. 전세사기피해자 신청을 하려면 계약기간이 끝나고 해야되나요 아니면 임차권 등기후에 하면되나요? 4. 경매로 넘어간것도 아닌데 전세사기 피해자 신청이 가능할까요? | 특이사항 1. 다가구주택 / 6가구 중 3번째 임차인",provided_synthetic_consultations
CASE-0911,G11,서울,강서구,1억 미만,계약종료,미상,미상,미상,기타·일반문의,내용증명·공시송달,"8/31 퇴거여서 보증금을 받았어야 했는데 8/29일 8/31까지 보증금을 못준다고 연락이 왔고 8/29에 내용증명을 보내고 9/1일에 임차권 등기를 신청했습니다. 9/2에 임대인과 통화 시, 9/12까지 돈을 마련할 테니 임차권 등기 신청 취소해달라는데, 어떻게 대응해야할지",,unknown,"보증상품 보증상품 미확인 | 주택유형 미상 | 보증금구간 1억 미만 | 계약상태 계약종료 | 선순위권리 미상 | 반환보증 미상 | 분쟁유형 기타·일반문의 | 진행단계 내용증명·공시송달 | 상황 8/31 퇴거여서 보증금을 받았어야 했는데 8/29일 8/31까지 보증금을 못준다고 연락이 왔고 8/29에 내용증명을 보내고 9/1일에 임차권 등기를 신청했습니다. 9/2에 임대인과 통화 시, 9/12까지 돈을 마련할 테니 임차권 등기 신청 취소해달라는데, 어떻게 대응해야할지",provided_synthetic_consultations
CASE-0912,G11,인천,부평구,2억~3억,계약중(종료예정),아파트,압류·가압류,미상,보증금미반환,소송제기,"1. 기본 상황 거주지: 인천 부평구 ○○아파트 임대차계약: 2024.01.25 ~ 2026.01.25 (보증금 2억 5천만원) 현재 계약은 2026년 1월 25일 종료 예정 임대인이 2025년 9월 초 내용증명을 보내옴 2. 임대인이 보낸 내용증명의 주요 내용 본인이 대우건설·하나신탁 등을 상대로 소송을 제기했고, 이에 따라 임대인의 명의 부동산(현 아파트 포함)이 가처분·가압류될 수 있다는 법률 자문을 받았다고 함 따라서 임차인에게 미리 통보한다는 취지 아울러 2026년 1월 25일 종료되는 계약의 갱신 여부를 알려달라고 요구 - 갱신할 경우: 보증금 5% 인상 조건 제시 - 퇴거할 경우: 새로운 임차인을 구할 예정이라고 통보 3. 임차인(본인)의 입장 계약갱신요구권을 행사하여 2년 더 거주하고 싶음 다만, 임대인의 개인 소송 문제로 인해 보증금 반환이 위험해지지 않을까 우려 특히 임대인이 실제로 소송을 진행 중인지, 가압류 가능성이 현실적으로 보증금에 영향을 미칠 수 있는지 궁금함 4. 상담 시 구체적으로 묻고 싶은 질문 임대인이 개인 소송으로 가압류·가처분을 당한다 해도, 임차인의 보증금 반환 청구권은 법적으로 안전한지? (주택임대차보호법 제3조, 제8조 관련) 제가 계약갱신요구권을 행사하면, 임대인이 소송이나 재정 문제를 이유로 이를 거절할 수 있는지? 실제로 보증금 안전을 강화하려면 전세권 설정 등기가 최선인지, 아니면 다른 방법(가압류 예방, 추가 특약 등)이 있는지? 임대인이 “소송을 하고 있다”고 주장하는데, 제가 사건번호를 요구해서 확인할 권리가 있는지? 만약 알려주지 않으면 어떻게 확인할 수 있는지? 변호사님이라면 이 상황에서 제가 가장 안전하게 대응할 수 있는 방법(갱신/퇴거/등기/소송 대비)을 어떻게 권하시겠는지?",1. 아파트 / 대항력있음 / 시세5억,unknown,"보증상품 보증상품 미확인 | 주택유형 아파트 | 보증금구간 2억~3억 | 계약상태 계약중(종료예정) | 선순위권리 압류·가압류 | 반환보증 미상 | 분쟁유형 보증금미반환 | 진행단계 소송제기 | 상황 1. 기본 상황 거주지: 인천 부평구 ○○아파트 임대차계약: 2024.01.25 ~ 2026.01.25 (보증금 2억 5천만원) 현재 계약은 2026년 1월 25일 종료 예정 임대인이 2025년 9월 초 내용증명을 보내옴 2. 임대인이 보낸 내용증명의 주요 내용 본인이 대우건설·하나신탁 등을 상대로 소송을 제기했고, 이에 따라 임대인의 명의 부동산(현 아파트 포함)이 가처분·가압류될 수 있다는 법률 자문을 받았다고 함 따라서 임차인에게 미리 통보한다는 취지 아울러 2026년 1월 25일 종료되는 계약의 갱신 여부를 알려달라고 요구 - 갱신할 경우: 보증금 5% 인상 조건 제시 - 퇴거할 경우: 새로운 임차인을 구할 예정이라고 통보 3. 임차인(본인)의 입장 계약갱신요구권을 행사하여 2년 더 거주하고 싶음 다만, 임대인의 개인 소송 문제로 인해 보증금 반환이 위험해지지 않을까 우려 특히 임대인이 실제로 소송을 진행 중인지, 가압류 가능성이 현실적으로 보증금에 영향을 미칠 수 있는지 궁금함 4. 상담 시 구체적으로 묻고 싶은 질문 임대인이 개인 소송으로 가압류·가처분을 당한다 해도, 임차인의 보증금 반환 청구권은 법적으로 안전한지? (주택임대차보호법 제3조, 제8조 관련) 제가 계약갱신요구권을 행사하면, 임대인이 소송이나 재정 문제를 이유로 이를 거절할 수 있는지? 실제로 보증금 안전을 강화하려면 전세권 설정 등기가 최선인지, 아니면 다른 방법(가압류 예방, 추가 특약 등)이 있는지? 임대인이 “소송을 하고 있다”고 주장하는데, 제가 사건번호를 요구해서 확인할 권리가 있는지? 만약 알려주지 않으면 어떻게 확인할 수 있는지? 변호사님이라면 이 상황에서 제가 가장 안전하게 대응할 수 있는 방법(갱신/퇴거/등기/소송 대비)을 어떻게 권하시겠는지? | 특이사항 1. 아파트 / 대항력있음 / 시세5억",provided_synthetic_consultations
CASE-0913,G11,서울,미상,1억 미만,계약종료,미상,근저당설정,미상,경매·공매,임차권등기,23년도 4월에 1년 계약하고 4개월전에 나간다 통보드리고 나가려하는데 보증금마련을 못해서 조금만 기다려 달라해서 월세는 안내도 된다와 함께 살다가 이사해야할일이 생겨 임차권등기를 등록하고 집을 나와 다른집으로 전입신고까지 마친상황입니다 그 후로도 계속 받지를 못해서 1년반넘게 못받고 있구요 건물은 근저당권이 걸려있고 저 또한 못받아서 임차권등기등록 되어 있는 사람이 더있습니다 주인분이 돈이 없는상황인데 최근에 임의경매개시결정이 났는데 배당요구를 따로 신청을 해야 하는건가요 임차권등기가 등록 되어 있어서 안해도 되는건가요 보증금중 제일 낮아서 우선적으로는 받을수 있다는데 무조건 받을 수 있는건가요? 가만히 있어야 하나요 어떻게 해야하는지 궁금해서,,unknown,보증상품 보증상품 미확인 | 주택유형 미상 | 보증금구간 1억 미만 | 계약상태 계약종료 | 선순위권리 근저당설정 | 반환보증 미상 | 분쟁유형 경매·공매 | 진행단계 임차권등기 | 상황 23년도 4월에 1년 계약하고 4개월전에 나간다 통보드리고 나가려하는데 보증금마련을 못해서 조금만 기다려 달라해서 월세는 안내도 된다와 함께 살다가 이사해야할일이 생겨 임차권등기를 등록하고 집을 나와 다른집으로 전입신고까지 마친상황입니다 그 후로도 계속 받지를 못해서 1년반넘게 못받고 있구요 건물은 근저당권이 걸려있고 저 또한 못받아서 임차권등기등록 되어 있는 사람이 더있습니다 주인분이 돈이 없는상황인데 최근에 임의경매개시결정이 났는데 배당요구를 따로 신청을 해야 하는건가요 임차권등기가 등록 되어 있어서 안해도 되는건가요 보증금중 제일 낮아서 우선적으로는 받을수 있다는데 무조건 받을 수 있는건가요? 가만히 있어야 하나요 어떻게 해야하는지 궁금해서,provided_synthetic_consultations
CASE-0914,G11,인천,서구,1억 미만,계약중(종료예정),미상,미상,미상,기타·일반문의,상담·검토,집주인이 보즘금을 돌려주지못한다고 합니다. 계약만료가 9월10일입니다.,* 9/5 3~4시에 통화희망,unknown,보증상품 보증상품 미확인 | 주택유형 미상 | 보증금구간 1억 미만 | 계약상태 계약중(종료예정) | 선순위권리 미상 | 반환보증 미상 | 분쟁유형 기타·일반문의 | 진행단계 상담·검토 | 상황 집주인이 보즘금을 돌려주지못한다고 합니다. 계약만료가 9월10일입니다. | 특이사항 * 9/5 3~4시에 통화희망,provided_synthetic_consultations
CASE-0915,G11,서울,광진구,2억~3억,계약중(종료예정),미상,미상,가입,묵시적갱신분쟁,상담·검토,2022년입주 2024년4월16일 전세만기 후 집주인이 24년4월7일에 재계약서 연락와서 4월22일 보증금동일 연장재계약서 썼습니다. 건물에 위반건축물 고지도없어고 개인사정으로 이사가야하는상황에 부동산을 통해서 알게되었습니다. 집주인 6월달에 부동산에 전세 내놓았는데 위반건축물 푸분으로 계약이 안되는 상황입니다. 연장계약서도 계약 만기이후 작성했고 위반건축물또한 속였습니다. 집주인 3개월안에 전세보증금 반환해주는것과 계약무효 아닌지 궁금합니다. 묵시전연장으로 볼수있는건지 및 위반사실이 맞다면 변호사님 통해서 대응하고 싶습니다. 빠른연락,1. 상가주택 / 대항력없음 / 깡통은 아니라고 함,unknown,보증상품 보증상품 미확인 | 주택유형 미상 | 보증금구간 2억~3억 | 계약상태 계약중(종료예정) | 선순위권리 미상 | 반환보증 가입 | 분쟁유형 묵시적갱신분쟁 | 진행단계 상담·검토 | 상황 2022년입주 2024년4월16일 전세만기 후 집주인이 24년4월7일에 재계약서 연락와서 4월22일 보증금동일 연장재계약서 썼습니다. 건물에 위반건축물 고지도없어고 개인사정으로 이사가야하는상황에 부동산을 통해서 알게되었습니다. 집주인 6월달에 부동산에 전세 내놓았는데 위반건축물 푸분으로 계약이 안되는 상황입니다. 연장계약서도 계약 만기이후 작성했고 위반건축물또한 속였습니다. 집주인 3개월안에 전세보증금 반환해주는것과 계약무효 아닌지 궁금합니다. 묵시전연장으로 볼수있는건지 및 위반사실이 맞다면 변호사님 통해서 대응하고 싶습니다. 빠른연락 | 특이사항 1. 상가주택 / 대항력없음 / 깡통은 아니라고 함,provided_synthetic_consultations
CASE-0916,G11,대구,대구,1억 미만,계약종료,오피스텔,압류·가압류,미상,경매·공매,소송제기,"계약 만료 시기인 5월 전에 연락했더니 집주인이 9월에 돈을 줄수 있다고 하여 우선 임차권등기명령 신청을 완료했습니다. 9월이 되어 다시 연락을 하니 계속 연락두절로 보증금을 받을 수 없을 것으로 보입니다. 현재 같은 집주인의 임차인이 저의 집으로 가압류를 걸어둔 상태이며 이제는 저도 소송을 준비해야하는지 고민입니다. 소송을 하게되면 절차는 어떻게 되며, 경매로 넘어갔을때 보증금의 일부만 받게되면 남은 금액은 어떻게 되는지, 소송비용은 얼마가 드는지 등이",1. 오피스텔 / 깡통주택 / 0.55억,unknown,"보증상품 보증상품 미확인 | 주택유형 오피스텔 | 보증금구간 1억 미만 | 계약상태 계약종료 | 선순위권리 압류·가압류 | 반환보증 미상 | 분쟁유형 경매·공매 | 진행단계 소송제기 | 상황 계약 만료 시기인 5월 전에 연락했더니 집주인이 9월에 돈을 줄수 있다고 하여 우선 임차권등기명령 신청을 완료했습니다. 9월이 되어 다시 연락을 하니 계속 연락두절로 보증금을 받을 수 없을 것으로 보입니다. 현재 같은 집주인의 임차인이 저의 집으로 가압류를 걸어둔 상태이며 이제는 저도 소송을 준비해야하는지 고민입니다. 소송을 하게되면 절차는 어떻게 되며, 경매로 넘어갔을때 보증금의 일부만 받게되면 남은 금액은 어떻게 되는지, 소송비용은 얼마가 드는지 등이 | 특이사항 1. 오피스텔 / 깡통주택 / 0.55억",provided_synthetic_consultations
CASE-0917,G11,서울,관악구,1억~2억,계약중(종료예정),미상,미상,미가입,보증금미반환,상담·검토,"이번달 9월 19일 계약 만료 예정입니다. 3달 전에 퇴거 의사 밝혔고, 계약서상 다음 세입자가 없어도 보증금 반환되어야 한다는 문구가 있지만 집주인은 새로운 세입자가 와야 돈 돌려줄 수 있고 적어도 11월 말까진 보증금 돌려주겠다고 통보하였습니다. 보증금 1억 2천 중 대출을 받지 않은 2천은 9/19일에 미리 돌려주고, 나머지 1억에 대한 대출이자 및 관리비는 본인이 부담하겠다고 했습니다. 또한, 집이 빨리 빠지려면 공실 상태여야 한다고 하며 만료일에 짐 빼달라고 요청하였습니다. - 케이뱅크 청년 전세대출 이용 - 보증보험 미가입 집주인에게 전화를 해도 매번 똑같은 소리만 반복해서 (11월까진 주겠다는 말) 어떻게 해야할지 의견 여쭙고자 합니다",,unknown,"보증상품 보증상품 미확인 | 주택유형 미상 | 보증금구간 1억~2억 | 계약상태 계약중(종료예정) | 선순위권리 미상 | 반환보증 미가입 | 분쟁유형 보증금미반환 | 진행단계 상담·검토 | 상황 이번달 9월 19일 계약 만료 예정입니다. 3달 전에 퇴거 의사 밝혔고, 계약서상 다음 세입자가 없어도 보증금 반환되어야 한다는 문구가 있지만 집주인은 새로운 세입자가 와야 돈 돌려줄 수 있고 적어도 11월 말까진 보증금 돌려주겠다고 통보하였습니다. 보증금 1억 2천 중 대출을 받지 않은 2천은 9/19일에 미리 돌려주고, 나머지 1억에 대한 대출이자 및 관리비는 본인이 부담하겠다고 했습니다. 또한, 집이 빨리 빠지려면 공실 상태여야 한다고 하며 만료일에 짐 빼달라고 요청하였습니다. - 케이뱅크 청년 전세대출 이용 - 보증보험 미가입 집주인에게 전화를 해도 매번 똑같은 소리만 반복해서 (11월까진 주겠다는 말) 어떻게 해야할지 의견 여쭙고자 합니다",provided_synthetic_consultations
CASE-0918,G11,전북,익산시,1억 미만,계약중(종료예정),아파트,미상,가입,묵시적갱신분쟁,HUG이행청구,묵시적 갱신으로 전세 계약은 연장돼었고 매매가 하락으로 보증연장 불가돼 대출연장 막히고 임대인은 사라졌고 이행청구는 거절당했습니다.,1. 아파트 / 깡통아파트,unknown,보증상품 보증상품 미확인 | 주택유형 아파트 | 보증금구간 1억 미만 | 계약상태 계약중(종료예정) | 선순위권리 미상 | 반환보증 가입 | 분쟁유형 묵시적갱신분쟁 | 진행단계 HUG이행청구 | 상황 묵시적 갱신으로 전세 계약은 연장돼었고 매매가 하락으로 보증연장 불가돼 대출연장 막히고 임대인은 사라졌고 이행청구는 거절당했습니다. | 특이사항 1. 아파트 / 깡통아파트,provided_synthetic_consultations
CASE-0919,G11,미상,완주군,1억~2억,계약중(종료예정),미상,미상,미상,기타·일반문의,상담·검토,보증금을 이미줬다라고 주장합니다 어떤대응 해야될까요,,unknown,보증상품 보증상품 미확인 | 주택유형 미상 | 보증금구간 1억~2억 | 계약상태 계약중(종료예정) | 선순위권리 미상 | 반환보증 미상 | 분쟁유형 기타·일반문의 | 진행단계 상담·검토 | 상황 보증금을 이미줬다라고 주장합니다 어떤대응 해야될까요,provided_synthetic_consultations
CASE-0920,G11,인천,연수구,1억~2억,계약종료,미상,미상,미상,경매·공매,판결·집행,"집주인 잠수 중이고, 임차권 등기 해놓고 전 지금 나와있습니다. 지급명령은 신청했는데 공시송달이 안되니까 보증금 반환소송으로 가야할 것 같습니다. 반환소송과 이후 채권추심 및 경매 등에 대해 변호사에게 일임하면 가능할 지",* 나중에 다시 통화하자,unknown,"보증상품 보증상품 미확인 | 주택유형 미상 | 보증금구간 1억~2억 | 계약상태 계약종료 | 선순위권리 미상 | 반환보증 미상 | 분쟁유형 경매·공매 | 진행단계 판결·집행 | 상황 집주인 잠수 중이고, 임차권 등기 해놓고 전 지금 나와있습니다. 지급명령은 신청했는데 공시송달이 안되니까 보증금 반환소송으로 가야할 것 같습니다. 반환소송과 이후 채권추심 및 경매 등에 대해 변호사에게 일임하면 가능할 지 | 특이사항 * 나중에 다시 통화하자",provided_synthetic_consultations
CASE-0921,G11,경기,남양주시,1억~2억,계약종료,다가구주택,압류·가압류,미상,전세사기,판결·집행,"신탁전세사기 피해자입니다. 임차보증금반환청구 소송하여 승소판결문 있고 신탁부동산이라서 신탁수익권에 대한 앚류를 걸려고 합니다. 아래 첨부는 집주인이 작년8월에 보낸 우편물입니다. 그당시에는 채무가 50억정도라고 들어서 실익이 없을거라 판단해 압류 안했는데 이제라도 하려합니다 1,2번 차이점이 무엇인지 저에게 유리한 게 무엇일지 궁금하고, 비용",1. 다가구주택 / 신탁사 동의X,unknown,"보증상품 보증상품 미확인 | 주택유형 다가구주택 | 보증금구간 1억~2억 | 계약상태 계약종료 | 선순위권리 압류·가압류 | 반환보증 미상 | 분쟁유형 전세사기 | 진행단계 판결·집행 | 상황 신탁전세사기 피해자입니다. 임차보증금반환청구 소송하여 승소판결문 있고 신탁부동산이라서 신탁수익권에 대한 앚류를 걸려고 합니다. 아래 첨부는 집주인이 작년8월에 보낸 우편물입니다. 그당시에는 채무가 50억정도라고 들어서 실익이 없을거라 판단해 압류 안했는데 이제라도 하려합니다 1,2번 차이점이 무엇인지 저에게 유리한 게 무엇일지 궁금하고, 비용 | 특이사항 1. 다가구주택 / 신탁사 동의X",provided_synthetic_consultations
CASE-0922,G11,전북,정읍시,1억 미만,계약종료,빌라,미상,미상,보증금미반환,판결·집행,"신탁회사가 껴있는 법인(지화자주식회사)과 부동산없이 법인회사 대리인과 2021.11월 1년계약 후 1년 연장 (확정일자 받았음) *법인회사 대표(아들),대리인(엄마) 2023.11월 이사 나오면서 보증금 미반환으로 임차권등기명령설정 후 타지로 전입 대리인과 만나서 공증 작성 (계약내용은 2024.04 다 갚는걸로 작성했지만 현재 미수금2300만) 초반 대리인 아파서 일못한다는 번 지급 후 6개월간 미지급했고 대표(아들)와 통화 후 대리인(엄마)에게 매달 100만원씩 갚기로 했고 받은달. 못받은달 있었음 대표(아들)얘기하면 주는경우가 많았고 2025년 1월 법인대표(아들) 부안에서 타지로 이사 및 번호 변경 고지없었고 그 월까지 미지급 7월달 아들얘기하니 300만원 이체 여전히 대표 연락처는 모른상태 2023.11부터 현재까지 23개월간 총 5000만원에서 2700갚았음 법인회사는 폐업했음(2022년쯤 거주하고있을당시 폐업한사실을 이사 후 확인함) 법인은 폐업 했지만 현재까지 대리인은 그 빌라의 집 몇채를 가지고있고 세입자를 구하고 이사도 보내고 하며 지냄 사람이 구해지면 1~200만 보내는 식으로 보증금을 갚아나갔었음 공증은 매월 천만원변제, 연5%이자 및 지체된 금액의 연 12% 지연손해금 지급으로 작성했음 1. 남은 보증금 2300만원을 받기 위해서 어떤 소송을 걸어야하나요? 민사,형사 같이 들어가야하나요? 2. 고소장 작성시 대표, 대리인 둘다에게 가능한가요? 3. 법인과 계약했고 이미 폐업하며 재산정리를 다 한것같습니다, 작년 대표(아들)과 통화시 개인회생 중이라 아무것도 없다 하였고 리스로 카니발 운행(현재는 확인불가), 전도사로 근무하며 월급받으며 생활 중인데 강제집행을 진행할수가 있을까요? 살던 빌라의 집들도 모두 그대로 소유 중인것 같습니다. (작년에 부동산등기 확인해보니 지****** 라고 적힌걸로 유추함) 제일 중요한 건 보증금 전액 회수이기 때문에 할수있는 방안을 알고싶습니다",1. 빌라 / 대항력없음,unknown,"보증상품 보증상품 미확인 | 주택유형 빌라 | 보증금구간 1억 미만 | 계약상태 계약종료 | 선순위권리 미상 | 반환보증 미상 | 분쟁유형 보증금미반환 | 진행단계 판결·집행 | 상황 신탁회사가 껴있는 법인(지화자주식회사)과 부동산없이 법인회사 대리인과 2021.11월 1년계약 후 1년 연장 (확정일자 받았음) *법인회사 대표(아들),대리인(엄마) 2023.11월 이사 나오면서 보증금 미반환으로 임차권등기명령설정 후 타지로 전입 대리인과 만나서 공증 작성 (계약내용은 2024.04 다 갚는걸로 작성했지만 현재 미수금2300만) 초반 대리인 아파서 일못한다는 번 지급 후 6개월간 미지급했고 대표(아들)와 통화 후 대리인(엄마)에게 매달 100만원씩 갚기로 했고 받은달. 못받은달 있었음 대표(아들)얘기하면 주는경우가 많았고 2025년 1월 법인대표(아들) 부안에서 타지로 이사 및 번호 변경 고지없었고 그 월까지 미지급 7월달 아들얘기하니 300만원 이체 여전히 대표 연락처는 모른상태 2023.11부터 현재까지 23개월간 총 5000만원에서 2700갚았음 법인회사는 폐업했음(2022년쯤 거주하고있을당시 폐업한사실을 이사 후 확인함) 법인은 폐업 했지만 현재까지 대리인은 그 빌라의 집 몇채를 가지고있고 세입자를 구하고 이사도 보내고 하며 지냄 사람이 구해지면 1~200만 보내는 식으로 보증금을 갚아나갔었음 공증은 매월 천만원변제, 연5%이자 및 지체된 금액의 연 12% 지연손해금 지급으로 작성했음 1. 남은 보증금 2300만원을 받기 위해서 어떤 소송을 걸어야하나요? 민사,형사 같이 들어가야하나요? 2. 고소장 작성시 대표, 대리인 둘다에게 가능한가요? 3. 법인과 계약했고 이미 폐업하며 재산정리를 다 한것같습니다, 작년 대표(아들)과 통화시 개인회생 중이라 아무것도 없다 하였고 리스로 카니발 운행(현재는 확인불가), 전도사로 근무하며 월급받으며 생활 중인데 강제집행을 진행할수가 있을까요? 살던 빌라의 집들도 모두 그대로 소유 중인것 같습니다. (작년에 부동산등기 확인해보니 지****** 라고 적힌걸로 유추함) 제일 중요한 건 보증금 전액 회수이기 때문에 할수있는 방안을 알고싶습니다 | 특이사항 1. 빌라 / 대항력없음",provided_synthetic_consultations
CASE-0923,G11,경기,화성시,1억~2억,계약중(종료예정),미상,미상,미상,기타·일반문의,소송제기,2025년 10월 1일 계약만료 4개월 전 문자로 임대인에게 계약 종료 의사를 알림. 4개월 동안 임차인이 구하지지 않음. 8월 말에 임대인이 돈이 없다고 임차인이 구해지지 않으면 돈을 줄 수 없다고 말함 걱정되는점 1. 현재 연락하고 있는 임대인은 임대인의 부인이었고 현재 옆집에 임대인과 함께 살고 있습니다. 그러나 제가 임대인에게 직접 문자를 보내지 않았기 때문에 이것때문에 제게 불이익이 갈까 염려됩니다. 2. 2개월 전에 내용 증명을 보내지 않았고 이사실을 깨닫고 9월 8일날 종료의사 내용증명을 보냈습니다. 3. 현재 제가 할 수 있는 최선의 방안은 무엇일까요? 임차인이 구해지기를 그냥 기다리고 있으면 되나요? 최악으로 소송까지 생각하고 있습니다.,1. 상가주택 / 대항력없음 / 상가는 보증금 500만원 수준이라고 함,unknown,보증상품 보증상품 미확인 | 주택유형 미상 | 보증금구간 1억~2억 | 계약상태 계약중(종료예정) | 선순위권리 미상 | 반환보증 미상 | 분쟁유형 기타·일반문의 | 진행단계 소송제기 | 상황 2025년 10월 1일 계약만료 4개월 전 문자로 임대인에게 계약 종료 의사를 알림. 4개월 동안 임차인이 구하지지 않음. 8월 말에 임대인이 돈이 없다고 임차인이 구해지지 않으면 돈을 줄 수 없다고 말함 걱정되는점 1. 현재 연락하고 있는 임대인은 임대인의 부인이었고 현재 옆집에 임대인과 함께 살고 있습니다. 그러나 제가 임대인에게 직접 문자를 보내지 않았기 때문에 이것때문에 제게 불이익이 갈까 염려됩니다. 2. 2개월 전에 내용 증명을 보내지 않았고 이사실을 깨닫고 9월 8일날 종료의사 내용증명을 보냈습니다. 3. 현재 제가 할 수 있는 최선의 방안은 무엇일까요? 임차인이 구해지기를 그냥 기다리고 있으면 되나요? 최악으로 소송까지 생각하고 있습니다. | 특이사항 1. 상가주택 / 대항력없음 / 상가는 보증금 500만원 수준이라고 함,provided_synthetic_consultations
CASE-0924,G11,서울,성동구,1억~2억,계약중(종료예정),오피스텔,근저당설정,미가입,전세사기,소송제기,"전세 관련하여 궁금한 점이 있어 집 종류: 오피스텔 계약 만료일: 2025년 12월 2일 보증금: 1억 5천만 원 전입신고 : O 확정일자 : O 보증보험 : X (계약 당시, 역전세로 인하여 가입 불가) 계약 당시 전입신고와 확정일자는 모두 완료된 상태입니다. 현재 등기부등본을 확인해보니 해당 오피스텔에는 근저당권이나 압류가 전혀 없는 깨끗한 상태입니다. 임대인은 최근 “불법건축물 사기” 관련 소송에서 패소했고, 임대인이 소유한 다른 건물들은 압류가 걸렸다고 주장합니다. 그러면서 현재 보증금 반환이 어렵다며 소유권 이전, 경매 외에는 방법이 없다는 입장입니다. 저는 계약 만료일인 12월 2일에 퇴거할 예정이며, 이후 임차권등기명령을 신청해 전세 보증금 반환 권리를 법적으로 확보할 계획입니다. 계약 당시에는 역전세 상황이라 보증보험 가입이 불가능했습니다. 내일 내용증명을 보낼 예정이며, 이후 법적 대응(임차권등기명령, 보증금 반환 소송 등)을 준비하고 있습니다. 이 상황에서 제가 반드시 챙겨야 할 법적 절차나 주의할 점이 있을까요? 임대인이 주장하는 소송과 압류가 사실인지 확인할 방법은 무엇인지, 그리고 보증금 회수 가능성을 최대한 높이기 위해 어떤 준비를 해야 할지 조언",1. 소유권이전 준비중,unknown,"보증상품 보증상품 미확인 | 주택유형 오피스텔 | 보증금구간 1억~2억 | 계약상태 계약중(종료예정) | 선순위권리 근저당설정 | 반환보증 미가입 | 분쟁유형 전세사기 | 진행단계 소송제기 | 상황 전세 관련하여 궁금한 점이 있어 집 종류: 오피스텔 계약 만료일: 2025년 12월 2일 보증금: 1억 5천만 원 전입신고 : O 확정일자 : O 보증보험 : X (계약 당시, 역전세로 인하여 가입 불가) 계약 당시 전입신고와 확정일자는 모두 완료된 상태입니다. 현재 등기부등본을 확인해보니 해당 오피스텔에는 근저당권이나 압류가 전혀 없는 깨끗한 상태입니다. 임대인은 최근 “불법건축물 사기” 관련 소송에서 패소했고, 임대인이 소유한 다른 건물들은 압류가 걸렸다고 주장합니다. 그러면서 현재 보증금 반환이 어렵다며 소유권 이전, 경매 외에는 방법이 없다는 입장입니다. 저는 계약 만료일인 12월 2일에 퇴거할 예정이며, 이후 임차권등기명령을 신청해 전세 보증금 반환 권리를 법적으로 확보할 계획입니다. 계약 당시에는 역전세 상황이라 보증보험 가입이 불가능했습니다. 내일 내용증명을 보낼 예정이며, 이후 법적 대응(임차권등기명령, 보증금 반환 소송 등)을 준비하고 있습니다. 이 상황에서 제가 반드시 챙겨야 할 법적 절차나 주의할 점이 있을까요? 임대인이 주장하는 소송과 압류가 사실인지 확인할 방법은 무엇인지, 그리고 보증금 회수 가능성을 최대한 높이기 위해 어떤 준비를 해야 할지 조언 | 특이사항 1. 소유권이전 준비중",provided_synthetic_consultations
CASE-0925,G11,부산,부산진구,1억 미만,계약중(종료예정),오피스텔,압류·가압류,가입,묵시적갱신분쟁,내용증명·공시송달,"25.9.26일 허그보증보험 만기 25.10.8일 전세만기 25.3.21일 건물 가압류 되기 시작 25.8.7일 내용증명 시작 25.9.5일 공시송달 시작 현 지금까지 진행 상황입니다. 허그 문의 하니 가압류가 시작되어 보증보험 연장이 안될거라 하고, 제가 전세 만기 2개월 전까지 공시공달이 완료 되지 않아 묵시적 갱신이 3개월이 되어진다고 하는데, 그렇게 되면 보증보험 연장이 되지 않기 때문에 전세금을 못받는지 답이 듣고 싶어",1. 오피스텔 / 대항력 있음 / 깡통아닌것 같음 / 임대인연락두절,unknown,"보증상품 보증상품 미확인 | 주택유형 오피스텔 | 보증금구간 1억 미만 | 계약상태 계약중(종료예정) | 선순위권리 압류·가압류 | 반환보증 가입 | 분쟁유형 묵시적갱신분쟁 | 진행단계 내용증명·공시송달 | 상황 25.9.26일 허그보증보험 만기 25.10.8일 전세만기 25.3.21일 건물 가압류 되기 시작 25.8.7일 내용증명 시작 25.9.5일 공시송달 시작 현 지금까지 진행 상황입니다. 허그 문의 하니 가압류가 시작되어 보증보험 연장이 안될거라 하고, 제가 전세 만기 2개월 전까지 공시공달이 완료 되지 않아 묵시적 갱신이 3개월이 되어진다고 하는데, 그렇게 되면 보증보험 연장이 되지 않기 때문에 전세금을 못받는지 답이 듣고 싶어 | 특이사항 1. 오피스텔 / 대항력 있음 / 깡통아닌것 같음 / 임대인연락두절",provided_synthetic_consultations
CASE-0926,G11,부산,부산진구,1억~2억,계약종료,오피스텔,미상,미상,전세사기,소송제기,"24년 11월 21일 부로 계약은 종료되었고, 현재 보증금 반환되지 않고 있어 임차권등기명령신청 하였고, 전세사기피해자지원관리시스템에 신청한 상태입니다. 이후 저의 행보를 어떻게 해야하는지 무슨 소송을 진행을 해야하는건지","1. 오피스텔 / 깡통 / 공동담보(호실별로 계산한 내역이 있음 6,500)",unknown,"보증상품 보증상품 미확인 | 주택유형 오피스텔 | 보증금구간 1억~2억 | 계약상태 계약종료 | 선순위권리 미상 | 반환보증 미상 | 분쟁유형 전세사기 | 진행단계 소송제기 | 상황 24년 11월 21일 부로 계약은 종료되었고, 현재 보증금 반환되지 않고 있어 임차권등기명령신청 하였고, 전세사기피해자지원관리시스템에 신청한 상태입니다. 이후 저의 행보를 어떻게 해야하는지 무슨 소송을 진행을 해야하는건지 | 특이사항 1. 오피스텔 / 깡통 / 공동담보(호실별로 계산한 내역이 있음 6,500)",provided_synthetic_consultations
CASE-0927,G11,서울,관악구,1억~2억,계약중(종료예정),다가구주택,근저당설정,미상,전세사기,내용증명·공시송달,"계약기간 : 2023년 11월 1일 ~ 2025년 10월 31일 보증금 : 1억원 (中 9천만원 카카오대출, 만기 시 일시상환) 위 계약 체결 후 현재 거주중입니다. 집주인에게 계약 갱신 의지가 없음을 6월부터 문자/전화를 통해 이미 여러번 알렸고, 집주인도 상황을 인지하고 있습니다. 그러나 \`요즘 전세사기 때문에 세입자가 구해지지 않아서 돈이 없다. 아직 계약 기간이 조금 남았으니 기다려봐라.\` 라는 답변만 했고 (6월부터 8월22일까지) 8월 29일, 계약서상 집주인 주소로 \`전세계약 연장 계획이 없으며 계약만료 전까지 보증금을 마련 방안 촉구, 이후 미반환 시 법적 조치를 취하겠다\`는 내용의 내용증명도 보냈고, 집주인의 배우자가 수령했습니다. 거주 중인 건물의 등기부등본 상 4억 5천 가량의 근저당 설정, 2025년 2월부터 7월까지 총 6건의 임차권설정 (총 금액 6억원 가량) 이 되어있는 상황입니다. 현재 제가 어떤 조치를 취할 수 있나요?",1. 다가구 / 대항력 있음,unknown,"보증상품 보증상품 미확인 | 주택유형 다가구주택 | 보증금구간 1억~2억 | 계약상태 계약중(종료예정) | 선순위권리 근저당설정 | 반환보증 미상 | 분쟁유형 전세사기 | 진행단계 내용증명·공시송달 | 상황 계약기간 : 2023년 11월 1일 ~ 2025년 10월 31일 보증금 : 1억원 (中 9천만원 카카오대출, 만기 시 일시상환) 위 계약 체결 후 현재 거주중입니다. 집주인에게 계약 갱신 의지가 없음을 6월부터 문자/전화를 통해 이미 여러번 알렸고, 집주인도 상황을 인지하고 있습니다. 그러나 \`요즘 전세사기 때문에 세입자가 구해지지 않아서 돈이 없다. 아직 계약 기간이 조금 남았으니 기다려봐라.\` 라는 답변만 했고 (6월부터 8월22일까지) 8월 29일, 계약서상 집주인 주소로 \`전세계약 연장 계획이 없으며 계약만료 전까지 보증금을 마련 방안 촉구, 이후 미반환 시 법적 조치를 취하겠다\`는 내용의 내용증명도 보냈고, 집주인의 배우자가 수령했습니다. 거주 중인 건물의 등기부등본 상 4억 5천 가량의 근저당 설정, 2025년 2월부터 7월까지 총 6건의 임차권설정 (총 금액 6억원 가량) 이 되어있는 상황입니다. 현재 제가 어떤 조치를 취할 수 있나요? | 특이사항 1. 다가구 / 대항력 있음",provided_synthetic_consultations
CASE-0928,G11,서울,미상,1억~2억,계약중(종료예정),오피스텔,미상,가입,보증금미반환,상담·검토,"상담상담내용: 전세 갱신계약서를 써버린 상태(9월6일 1억2천), 9월10일경 은행에서 이 매물의 시세하락으로 인해 보증보험이 안되어서 대출불가 판정 받음 (현시세의 90%인 7300으로 맞춰야한다고 함). 집주인에게 연락해서 보증금 감액 요구, 7300계약서는 써줄수있는데 당장 4700의 돈은 없음. 이런 상황입니다. 문제는 제가 갱신계약서에 싸인을 했다는 점입니다ㅠㅠ그리고 저 4700의 돈을 계약만기(2년후)라도 꼭 돌려받을수있는 장치는 없을까요",1. 오피스텔 / 대항력있음 / 깡통주택 0.8억,unknown,"보증상품 보증상품 미확인 | 주택유형 오피스텔 | 보증금구간 1억~2억 | 계약상태 계약중(종료예정) | 선순위권리 미상 | 반환보증 가입 | 분쟁유형 보증금미반환 | 진행단계 상담·검토 | 상황 상담상담내용: 전세 갱신계약서를 써버린 상태(9월6일 1억2천), 9월10일경 은행에서 이 매물의 시세하락으로 인해 보증보험이 안되어서 대출불가 판정 받음 (현시세의 90%인 7300으로 맞춰야한다고 함). 집주인에게 연락해서 보증금 감액 요구, 7300계약서는 써줄수있는데 당장 4700의 돈은 없음. 이런 상황입니다. 문제는 제가 갱신계약서에 싸인을 했다는 점입니다ㅠㅠ그리고 저 4700의 돈을 계약만기(2년후)라도 꼭 돌려받을수있는 장치는 없을까요 | 특이사항 1. 오피스텔 / 대항력있음 / 깡통주택 0.8억",provided_synthetic_consultations
CASE-0929,G11,경기,화성시,1억~2억,계약종료,다가구주택,근저당설정,가입,보증금미반환,임차권등기,"23년 9월 9일에 집 계약을 했습니다. 집이 지어진지 얼마안된 시점이였고 그러다보니 계약할 당시에도 근저당 23억이 잡혀있는 상태였습니다. 집주인분이 근처에서 식당을 운영하고있고, 부동산에서 건물 금액자체가 근저당보다 훨씬 높아서 계약끝날때 돈 못돌려받을일 없을거라해서 믿고 계약했습니다. 근저당 금액이 높다보니 보증보험 가입을 못했습니다. 계약 종료 3개월전에 연락해서 퇴거 예정이라고 밝혔고 보증금 반환에 대해서 알겠다고 연락도 받았습니다. 그런데 계약종료 3주정도전에 등기부등본 변동이 있다해서 확인해보니 다른호수에 사는 사람이 임차권등기명령 신청을 했다고해서 확인해보니 보증금 3천만원중 1천만원을 돌려받지못해 등록해둔 상태였습니다. 급하게 집주인에게 연락해서 보증금 반환 되는지 확인해보니 어렵다고 죄송하다고 대출도 안나오고 안된다는 답변만 받았습니다. 현재 저도 임차권등기명령 신청을 해둔상태이고, (아직 검토중으로 확정이되진않았습니다) 집주인에게 다른 대출들 이자를 내야하니 지연보상이자 12%를 요청했더니 100만원 송금해주는걸 받았습니다. 지금 해당집으로 되어있는 전세대출을 다른 신용대출로 갚고, 곧 결혼을 앞두고 있어 결혼준비, 이사, 만기일이 다가오는 신용대출 등등 걸려있는게 너무 많아서 빠른 시일내에 돈을 돌려받아야합니다 제가 어떻게 해야지 최대한 빨리 받을수있을까요 집주인분이 한다는 가게는 그분꺼가 아니라 다른사람 명의이고 투자식으로 이곳저곳 가게에 투자해서 돈을 벌고있는거같습니다.",1. 다가구주택 / 28가구 추정 / 대항력없음,unknown,"보증상품 보증상품 미확인 | 주택유형 다가구주택 | 보증금구간 1억~2억 | 계약상태 계약종료 | 선순위권리 근저당설정 | 반환보증 가입 | 분쟁유형 보증금미반환 | 진행단계 임차권등기 | 상황 23년 9월 9일에 집 계약을 했습니다. 집이 지어진지 얼마안된 시점이였고 그러다보니 계약할 당시에도 근저당 23억이 잡혀있는 상태였습니다. 집주인분이 근처에서 식당을 운영하고있고, 부동산에서 건물 금액자체가 근저당보다 훨씬 높아서 계약끝날때 돈 못돌려받을일 없을거라해서 믿고 계약했습니다. 근저당 금액이 높다보니 보증보험 가입을 못했습니다. 계약 종료 3개월전에 연락해서 퇴거 예정이라고 밝혔고 보증금 반환에 대해서 알겠다고 연락도 받았습니다. 그런데 계약종료 3주정도전에 등기부등본 변동이 있다해서 확인해보니 다른호수에 사는 사람이 임차권등기명령 신청을 했다고해서 확인해보니 보증금 3천만원중 1천만원을 돌려받지못해 등록해둔 상태였습니다. 급하게 집주인에게 연락해서 보증금 반환 되는지 확인해보니 어렵다고 죄송하다고 대출도 안나오고 안된다는 답변만 받았습니다. 현재 저도 임차권등기명령 신청을 해둔상태이고, (아직 검토중으로 확정이되진않았습니다) 집주인에게 다른 대출들 이자를 내야하니 지연보상이자 12%를 요청했더니 100만원 송금해주는걸 받았습니다. 지금 해당집으로 되어있는 전세대출을 다른 신용대출로 갚고, 곧 결혼을 앞두고 있어 결혼준비, 이사, 만기일이 다가오는 신용대출 등등 걸려있는게 너무 많아서 빠른 시일내에 돈을 돌려받아야합니다 제가 어떻게 해야지 최대한 빨리 받을수있을까요 집주인분이 한다는 가게는 그분꺼가 아니라 다른사람 명의이고 투자식으로 이곳저곳 가게에 투자해서 돈을 벌고있는거같습니다. | 특이사항 1. 다가구주택 / 28가구 추정 / 대항력없음",provided_synthetic_consultations
CASE-0930,G11,서울,마포구,1억 미만,계약종료,다가구주택,근저당설정,미가입,전세사기,소송제기,"2020.7.29 망원동 다가구 빌라를 반전세(보증금 7000만원, 월세 20만원)로 계약하고 묵시적갱신을 통해 4년 넘게 살았습니다. 2024년 2월 제가 사는 빌라가 임의경매 개시가 되었다는 사실을 알게 되었습니다. 세입자가 보증금을 받지 못하자 임의경매를 개시한 것이었고, 이 사실을 알게 된 저는 같은 해 2월 8일 계약 종료 의사를 밝혔습니다. 이후 집주인과 세입자들 땅을 팔아서 준다며 계속 시간을 끌고 있고, 수도세나 복도 청소비를 내지 않는 등 집 관리를 전혀 하지 않고 있습니다. 그때부터 저도 월세와 관리비를 지급하지 않았습니다. 2024년 6월, 저는 결혼을 하게 되면서 임차권등기 설정을 하고 전입을 옮기게 되었습니다.(임차권등기는 2024년 2월쯤 하였습니다) 제가 그 집에 전입신고를 할 당시 근저당이 설정되어 있었으며 같은 다가구 내 세입자들 중에서는 세번째로 선순위입니다. 경매는 이후 한 번 유찰되었고, 집주인과 경매개시자가 무슨 거래를 한 것인지 알 수 없으나 경매개시자가 경매개시를 머춰놓은 상태입니다. 경매는 언제까지 멈춰 있을 수 있나요? 그때는 경매가 개시되면 돈을 받을 수 있을 줄 알았지만 시간이 지나자 저도 초조해집니다. 또한 다른 임차인들에 비해 보증금이 낮아서 그런지 \`전세사기 피해자\`로 인정도 받지 못했습니다. 2025년 9월 내용증명을 다시 보낼 예정이며 형사나 민사소송도 고려하고 있습니다. 어떻게 하는 게 현명한 방법일까요? (저희 다가구는 불법건축물이며 그래서 보증보험도 가입하지 못했습니다. 대출은 없습니다)",1. 다가구 / 대항력없음 / 30가구 중 3번째 임차인,unknown,"보증상품 보증상품 미확인 | 주택유형 다가구주택 | 보증금구간 1억 미만 | 계약상태 계약종료 | 선순위권리 근저당설정 | 반환보증 미가입 | 분쟁유형 전세사기 | 진행단계 소송제기 | 상황 2020.7.29 망원동 다가구 빌라를 반전세(보증금 7000만원, 월세 20만원)로 계약하고 묵시적갱신을 통해 4년 넘게 살았습니다. 2024년 2월 제가 사는 빌라가 임의경매 개시가 되었다는 사실을 알게 되었습니다. 세입자가 보증금을 받지 못하자 임의경매를 개시한 것이었고, 이 사실을 알게 된 저는 같은 해 2월 8일 계약 종료 의사를 밝혔습니다. 이후 집주인과 세입자들 땅을 팔아서 준다며 계속 시간을 끌고 있고, 수도세나 복도 청소비를 내지 않는 등 집 관리를 전혀 하지 않고 있습니다. 그때부터 저도 월세와 관리비를 지급하지 않았습니다. 2024년 6월, 저는 결혼을 하게 되면서 임차권등기 설정을 하고 전입을 옮기게 되었습니다.(임차권등기는 2024년 2월쯤 하였습니다) 제가 그 집에 전입신고를 할 당시 근저당이 설정되어 있었으며 같은 다가구 내 세입자들 중에서는 세번째로 선순위입니다. 경매는 이후 한 번 유찰되었고, 집주인과 경매개시자가 무슨 거래를 한 것인지 알 수 없으나 경매개시자가 경매개시를 머춰놓은 상태입니다. 경매는 언제까지 멈춰 있을 수 있나요? 그때는 경매가 개시되면 돈을 받을 수 있을 줄 알았지만 시간이 지나자 저도 초조해집니다. 또한 다른 임차인들에 비해 보증금이 낮아서 그런지 \`전세사기 피해자\`로 인정도 받지 못했습니다. 2025년 9월 내용증명을 다시 보낼 예정이며 형사나 민사소송도 고려하고 있습니다. 어떻게 하는 게 현명한 방법일까요? (저희 다가구는 불법건축물이며 그래서 보증보험도 가입하지 못했습니다. 대출은 없습니다) | 특이사항 1. 다가구 / 대항력없음 / 30가구 중 3번째 임차인",provided_synthetic_consultations
CASE-0931,G11,경기,화성시,1억~2억,계약종료,오피스텔,압류·가압류,미상,보증금미반환,소송제기,임대인분 통장 압류 및 본인 사채 우선변제로 인해 보증금을 못받은 상황으로 임차권등기 신청후에 임대인분께서 채무변제증서 작성하여 보내주셨는데 그마저도 금액을 일부만 지불하였는데 소송으로 가야하는지 궁금합니다 (9/10일 기준 2천만원만 받은 상황),1. 오피스텔 / 대항력있었으나 지금은 상실 / 깡통주택,unknown,보증상품 보증상품 미확인 | 주택유형 오피스텔 | 보증금구간 1억~2억 | 계약상태 계약종료 | 선순위권리 압류·가압류 | 반환보증 미상 | 분쟁유형 보증금미반환 | 진행단계 소송제기 | 상황 임대인분 통장 압류 및 본인 사채 우선변제로 인해 보증금을 못받은 상황으로 임차권등기 신청후에 임대인분께서 채무변제증서 작성하여 보내주셨는데 그마저도 금액을 일부만 지불하였는데 소송으로 가야하는지 궁금합니다 (9/10일 기준 2천만원만 받은 상황) | 특이사항 1. 오피스텔 / 대항력있었으나 지금은 상실 / 깡통주택,provided_synthetic_consultations
CASE-0932,G11,서울,동대문구,2억~3억,계약중(종료예정),미상,근저당설정,가입,기타·일반문의,내용증명·공시송달,보증보험 가입이 안되서 전세권설정한뒤 집에 들어와 살고 있습니다. 집에서 산지 4개월정도? 지났는데 갑자기 돈을 못 준다면서 근저당 설정을 해버렸어요 계속 연락해서 어떻게 된 일인지 물어보고 하려해도 연락은 닿지도 않고 내용증명 4차 까지 보내도 주소만 계속 바뀌고 연락은 받지도 않습니다 전세계약 2주정도밖에 안남았는데 도대체 어떻게 해야될지 모르겠어요,,unknown,보증상품 보증상품 미확인 | 주택유형 미상 | 보증금구간 2억~3억 | 계약상태 계약중(종료예정) | 선순위권리 근저당설정 | 반환보증 가입 | 분쟁유형 기타·일반문의 | 진행단계 내용증명·공시송달 | 상황 보증보험 가입이 안되서 전세권설정한뒤 집에 들어와 살고 있습니다. 집에서 산지 4개월정도? 지났는데 갑자기 돈을 못 준다면서 근저당 설정을 해버렸어요 계속 연락해서 어떻게 된 일인지 물어보고 하려해도 연락은 닿지도 않고 내용증명 4차 까지 보내도 주소만 계속 바뀌고 연락은 받지도 않습니다 전세계약 2주정도밖에 안남았는데 도대체 어떻게 해야될지 모르겠어요,provided_synthetic_consultations
CASE-0933,G11,미상,미상,1억~2억,계약중(종료예정),빌라,압류·가압류,미상,경매·공매,소송제기,"임대인입니다. 법인이구요. 빌라를 다른 법인과 공동계약을 했는데, 공동명의의 다른법인대표가 사망을 했어요. 세입자는 퇴거를 원하는데 공동명의의법인은 1인법이며, 상속받을사람도 없는상황이며, 빌라등기부에 국세압류가되었습니다. (공동법인반지분에) 세입자에게 보증금반은 주고, 반지분만 보증금반환소송을 하라고하고, 반지분을 제가 경매로 받으려고하는데 제가 받으면, 낙찰금액으로 세입자 보증금을 주고 남지않으면 국세는 소멸되나요? 아니면 낙찰자가 인수하나요?",1. 집주소비밀 / 사건번호비밀,unknown,"보증상품 보증상품 미확인 | 주택유형 빌라 | 보증금구간 1억~2억 | 계약상태 계약중(종료예정) | 선순위권리 압류·가압류 | 반환보증 미상 | 분쟁유형 경매·공매 | 진행단계 소송제기 | 상황 임대인입니다. 법인이구요. 빌라를 다른 법인과 공동계약을 했는데, 공동명의의 다른법인대표가 사망을 했어요. 세입자는 퇴거를 원하는데 공동명의의법인은 1인법이며, 상속받을사람도 없는상황이며, 빌라등기부에 국세압류가되었습니다. (공동법인반지분에) 세입자에게 보증금반은 주고, 반지분만 보증금반환소송을 하라고하고, 반지분을 제가 경매로 받으려고하는데 제가 받으면, 낙찰금액으로 세입자 보증금을 주고 남지않으면 국세는 소멸되나요? 아니면 낙찰자가 인수하나요? | 특이사항 1. 집주소비밀 / 사건번호비밀",provided_synthetic_consultations
CASE-0934,G11,경기,경기도고양시일산동구,미상,계약종료,미상,미상,가입,전세사기,판결·집행,"24년1월 더이상 재계약은 없다.대출이자가 너무 감당하기 힘들어서 이번계약을 끝으로 퇴실하겠습니다.세입자 빨리 구해보세요. 집 보러오시면 제가 브리핑 잘해서 잘보여드리겠습니다~ 24년 5월 임차권등기명령신청 접수하고 결정문받고 등기부 임차권설정했어요.임대인한테 임차권등기명령결정문 우편으로 보내줬는데 문자로 고맙다고 하더라구요.그래서 아무의심도 못했습니다.임대인이 문자로 계속 허그보증금반환이행신정을 하라고 자기세입자들 한테 단체로 문자를 막 돌리는데 지금 나라법이 이상하게 돌아간다.00동사는 세입자는 신청늦게 했다가 보증보험 받지도 못하고 탈락됐다.그거 못받으면 방법이 없다.지금 국토부에 그렇게 얘기한다.보증보험 못받으면,경매 진행~낙찰한테 조금이라도 받던가 2 경매참여해서 집을 사던가 방법은 두가지뿐이라고 국토부도 그러네요~미친법 주인도 피눈물~세입자도 피눌문 주인들 줄줄 자살~ 절대 보증금 반환해줄 생각이 없는 사람입니다. 지금까지 보증금 보증보험에서 임차인이 받아갔을겁니다.이렇게 보증보험으로 전세사기쳐서 상습체무불이행으로 공개되있는걸 3일전에 발견하고 정말 충격과 공포를 느꼈습니다ㅠㅠ사람에게 또 속은 내가 다시 무너지는 내가 너무 허탈하고 참 바닥으로 쑥꺼져버리는 기분입니다 난역시 안되는건가?그렇게 확인하고?또 확인했는데 그게 전세사기 였어?문제는 임대인은 보증금을 줄 생각이 없다는겁니다.대출은 종료됐고,이자는 계속 불어나서 신용불량자는 곧 될거 같구요.허그보증보험은 연장을 부탁했지만 계속 안된다고 하시고 집주인은 보증보험에 받으라고 하는데 허그에서만 재연장 해주면 제일 베스트인데 솔직히 임대인이 용서가 안됩니다.꼭 법적처벌받게 하고 싶어요!저런인반은 사회에서 격리 시켜야 어렵게 사는 소시민들이 피해를 안보고 살수있습니다.그래서 제가 궁굼한점은. 보증금을 받으려면 어떤 방향이 좋을까요? 1 허그에서 연장된다면? 2안된다면? 3.임대인과 반환금소송을 진행했을 때 승소 가능성은 있을까요?",,unknown,"보증상품 보증상품 미확인 | 주택유형 미상 | 보증금구간 미상 | 계약상태 계약종료 | 선순위권리 미상 | 반환보증 가입 | 분쟁유형 전세사기 | 진행단계 판결·집행 | 상황 24년1월 더이상 재계약은 없다.대출이자가 너무 감당하기 힘들어서 이번계약을 끝으로 퇴실하겠습니다.세입자 빨리 구해보세요. 집 보러오시면 제가 브리핑 잘해서 잘보여드리겠습니다~ 24년 5월 임차권등기명령신청 접수하고 결정문받고 등기부 임차권설정했어요.임대인한테 임차권등기명령결정문 우편으로 보내줬는데 문자로 고맙다고 하더라구요.그래서 아무의심도 못했습니다.임대인이 문자로 계속 허그보증금반환이행신정을 하라고 자기세입자들 한테 단체로 문자를 막 돌리는데 지금 나라법이 이상하게 돌아간다.00동사는 세입자는 신청늦게 했다가 보증보험 받지도 못하고 탈락됐다.그거 못받으면 방법이 없다.지금 국토부에 그렇게 얘기한다.보증보험 못받으면,경매 진행~낙찰한테 조금이라도 받던가 2 경매참여해서 집을 사던가 방법은 두가지뿐이라고 국토부도 그러네요~미친법 주인도 피눈물~세입자도 피눌문 주인들 줄줄 자살~ 절대 보증금 반환해줄 생각이 없는 사람입니다. 지금까지 보증금 보증보험에서 임차인이 받아갔을겁니다.이렇게 보증보험으로 전세사기쳐서 상습체무불이행으로 공개되있는걸 3일전에 발견하고 정말 충격과 공포를 느꼈습니다ㅠㅠ사람에게 또 속은 내가 다시 무너지는 내가 너무 허탈하고 참 바닥으로 쑥꺼져버리는 기분입니다 난역시 안되는건가?그렇게 확인하고?또 확인했는데 그게 전세사기 였어?문제는 임대인은 보증금을 줄 생각이 없다는겁니다.대출은 종료됐고,이자는 계속 불어나서 신용불량자는 곧 될거 같구요.허그보증보험은 연장을 부탁했지만 계속 안된다고 하시고 집주인은 보증보험에 받으라고 하는데 허그에서만 재연장 해주면 제일 베스트인데 솔직히 임대인이 용서가 안됩니다.꼭 법적처벌받게 하고 싶어요!저런인반은 사회에서 격리 시켜야 어렵게 사는 소시민들이 피해를 안보고 살수있습니다.그래서 제가 궁굼한점은. 보증금을 받으려면 어떤 방향이 좋을까요? 1 허그에서 연장된다면? 2안된다면? 3.임대인과 반환금소송을 진행했을 때 승소 가능성은 있을까요?",provided_synthetic_consultations
CASE-0935,G11,미상,미상,1억~2억,계약중(종료예정),미상,미상,미상,기타·일반문의,임차권등기,10/2 만기일이고 3개월전 만기후 재계약 하지 않겠다고 통 보했고 부동산에 집을 내놓겠다는 답변을 받았습니다 한달 전 쯤 연락했을때는 집주인이 세입자가 구해질때까 지 기다려달라고 해서 저도 전세대출이 껴있어서 어려울 거 같으니 만기일까지 맞춰달라고 요청을 드렸습니다 지난주에 다시 한번 만기일 지켜달라고 문자 보냈더니 계 속 만나서 얘기하자고 해서 만났더니 본인이 지금 당장 자금이 없어서 계약을 1년만 연장해주면 내년에는 세입자가 안들어와도 계약금을 무조건 돌려주겠 다며 공증도 해주겠다고 합니다 (내년에 본인이 하고 있 는일 때문에 무조건 돈이 생긴다고) 공증받으면 내년에 나갈때는 문제가 없이 나갈 수 있을까요? 아니면 이번 계약 종료하자마자 임차권등기하는게 나을까요,* 4시 이후 통화가능,unknown,보증상품 보증상품 미확인 | 주택유형 미상 | 보증금구간 1억~2억 | 계약상태 계약중(종료예정) | 선순위권리 미상 | 반환보증 미상 | 분쟁유형 기타·일반문의 | 진행단계 임차권등기 | 상황 10/2 만기일이고 3개월전 만기후 재계약 하지 않겠다고 통 보했고 부동산에 집을 내놓겠다는 답변을 받았습니다 한달 전 쯤 연락했을때는 집주인이 세입자가 구해질때까 지 기다려달라고 해서 저도 전세대출이 껴있어서 어려울 거 같으니 만기일까지 맞춰달라고 요청을 드렸습니다 지난주에 다시 한번 만기일 지켜달라고 문자 보냈더니 계 속 만나서 얘기하자고 해서 만났더니 본인이 지금 당장 자금이 없어서 계약을 1년만 연장해주면 내년에는 세입자가 안들어와도 계약금을 무조건 돌려주겠 다며 공증도 해주겠다고 합니다 (내년에 본인이 하고 있 는일 때문에 무조건 돈이 생긴다고) 공증받으면 내년에 나갈때는 문제가 없이 나갈 수 있을까요? 아니면 이번 계약 종료하자마자 임차권등기하는게 나을까요 | 특이사항 * 4시 이후 통화가능,provided_synthetic_consultations
CASE-0936,G11,부산,남구,3억 이상,계약중(종료예정),미상,미상,미상,기타·일반문의,소송제기,명도소송 관련 상담입니다.,,unknown,보증상품 보증상품 미확인 | 주택유형 미상 | 보증금구간 3억 이상 | 계약상태 계약중(종료예정) | 선순위권리 미상 | 반환보증 미상 | 분쟁유형 기타·일반문의 | 진행단계 소송제기 | 상황 명도소송 관련 상담입니다.,provided_synthetic_consultations
CASE-0937,G11,서울,영등포구,1억~2억,계약중(종료예정),다가구주택,압류·가압류,미가입,전세사기,임차권등기,"변호사님. 저는 현재 전입신고,임차권등기없이 미래 배우자집에 거주중입니다.오랜만에 거주지에 가보니 법원에서 온 안내문이 있었습니다. 배당요구신청하라는 이미 종기가 지난 상태였구요. 배당요구종기연장신청도 두번이나 해봤는데 불허 난 상태이구요, 임대인이 가지고 있는 부동산이 총 3개인데 은 강제경매 들어간 상태이고 나머지 두곳은 임의경매가 들어간 상태입니다. 임차권등기X 버팀목전세대출 보증보험X 전세사기특별법신청 25.9.8 신청. 1. 봉천동 노블레스에 가압류를 걸어도 되는지. 2.배당종기연장신청서시 전세사기특별법 사유로 연장 진행해봐도 가능성이 있는지. 변호사님, 도움이 필요합니다.",1. 다가구 / 대항력없는 후순위임차인이었는데 대항력을 완전 상실 / 임차권등기o,unknown,"보증상품 보증상품 미확인 | 주택유형 다가구주택 | 보증금구간 1억~2억 | 계약상태 계약중(종료예정) | 선순위권리 압류·가압류 | 반환보증 미가입 | 분쟁유형 전세사기 | 진행단계 임차권등기 | 상황 변호사님. 저는 현재 전입신고,임차권등기없이 미래 배우자집에 거주중입니다.오랜만에 거주지에 가보니 법원에서 온 안내문이 있었습니다. 배당요구신청하라는 이미 종기가 지난 상태였구요. 배당요구종기연장신청도 두번이나 해봤는데 불허 난 상태이구요, 임대인이 가지고 있는 부동산이 총 3개인데 은 강제경매 들어간 상태이고 나머지 두곳은 임의경매가 들어간 상태입니다. 임차권등기X 버팀목전세대출 보증보험X 전세사기특별법신청 25.9.8 신청. 1. 봉천동 노블레스에 가압류를 걸어도 되는지. 2.배당종기연장신청서시 전세사기특별법 사유로 연장 진행해봐도 가능성이 있는지. 변호사님, 도움이 필요합니다. | 특이사항 1. 다가구 / 대항력없는 후순위임차인이었는데 대항력을 완전 상실 / 임차권등기o",provided_synthetic_consultations
CASE-0938,G11,서울,관악구,1억~2억,계약중(종료예정),다가구주택,근저당설정,미상,경매·공매,소송제기,"2025년 03월 30일에 만기를 앞두고 2025년 03월 08일에 전세계약 연장하고 싶다고 이야기 한 뒤, 대출연장도 무사히 된 상태에서 지내고 있던 중에 2025년 09월 11일 법원에서 해당 건물에 부동산임의(강제)경매 관련 안내문이 날라왔습니다 등기부등본을 확인하니 2025년 03월 10일부터 임차권등기가 차례대로 임차인들의 설정이 되어있는 상태이며, 해당건물에는 2021년 02월 18일에 13억 2천의 근저당이 설정되어 있는 상태입니다. 배당요구 종기일은 2025년 11월 14일입니다. 1. 전세대출기한이 남은 상태에서 퇴거의사를 즉시 밝히고, 임차권등기명령을 한 후, 전세금반환소송을 들어가야 하나요? 2. 이사할 당시(2023.03.31) 주민센터에 방문하여 전입신고와 확정일자를 신청하러 왔다고 말하고, 담당공무원으로부터 주택임대차신고계약필증을 받았습니다. 주택임대차신고계약필증을 받으면 확정일자는 자동으로 부여가 된다고 했는데, 제 계약서에서는 확정일자 번호가 적혀있지 않습니다. 주민센터에 방문하여 전체 건물에 대해 확정일자 부여현황을 열람해보니, 제 확정일자는 안보이는 것 같습니다. 제 주택임대차신고계약필증은 확정일자와 동일한 효력을 가질 수 있는건가요? 3. 현재 제 상황에서 권리신고 및 배당요구 신청서를 법원에 제출이 가능한가요? 4. 경매와 전세금반환소송 이외에 제가 할 수 있는 것들이 어떤 것들이 있을까요?",1. 다가구주택 / 25가구 중 5번째 추정,unknown,"보증상품 보증상품 미확인 | 주택유형 다가구주택 | 보증금구간 1억~2억 | 계약상태 계약중(종료예정) | 선순위권리 근저당설정 | 반환보증 미상 | 분쟁유형 경매·공매 | 진행단계 소송제기 | 상황 2025년 03월 30일에 만기를 앞두고 2025년 03월 08일에 전세계약 연장하고 싶다고 이야기 한 뒤, 대출연장도 무사히 된 상태에서 지내고 있던 중에 2025년 09월 11일 법원에서 해당 건물에 부동산임의(강제)경매 관련 안내문이 날라왔습니다 등기부등본을 확인하니 2025년 03월 10일부터 임차권등기가 차례대로 임차인들의 설정이 되어있는 상태이며, 해당건물에는 2021년 02월 18일에 13억 2천의 근저당이 설정되어 있는 상태입니다. 배당요구 종기일은 2025년 11월 14일입니다. 1. 전세대출기한이 남은 상태에서 퇴거의사를 즉시 밝히고, 임차권등기명령을 한 후, 전세금반환소송을 들어가야 하나요? 2. 이사할 당시(2023.03.31) 주민센터에 방문하여 전입신고와 확정일자를 신청하러 왔다고 말하고, 담당공무원으로부터 주택임대차신고계약필증을 받았습니다. 주택임대차신고계약필증을 받으면 확정일자는 자동으로 부여가 된다고 했는데, 제 계약서에서는 확정일자 번호가 적혀있지 않습니다. 주민센터에 방문하여 전체 건물에 대해 확정일자 부여현황을 열람해보니, 제 확정일자는 안보이는 것 같습니다. 제 주택임대차신고계약필증은 확정일자와 동일한 효력을 가질 수 있는건가요? 3. 현재 제 상황에서 권리신고 및 배당요구 신청서를 법원에 제출이 가능한가요? 4. 경매와 전세금반환소송 이외에 제가 할 수 있는 것들이 어떤 것들이 있을까요? | 특이사항 1. 다가구주택 / 25가구 중 5번째 추정",provided_synthetic_consultations
